variant,state,iterations,expanded,candidates,p_reads,o_reads,face_starts,saves,restores
stage2,12345672121232,8,49870,299213,299213,299213,0,0,0
o-first,12345672121232,8,49870,299213,106118,299213,99742,49862,49852
stage2,12345672123212,8,47805,286816,286816,286816,0,0,0
o-first,12345672123212,8,47805,286816,102010,286816,95609,47797,47787
stage2,12345672321212,8,50192,301135,301135,301135,0,0,0
o-first,12345672321212,8,50192,301135,106833,301135,100382,50184,50174
stage2,12345673131323,8,48471,290816,290816,290816,0,0,0
o-first,12345673131323,8,48471,290816,103196,290816,96943,48463,48453
stage2,12345673132313,8,57359,344148,344148,344148,0,0,0
o-first,12345673132313,8,57359,344148,122679,344148,114719,57351,57341
stage2,12345673231313,8,55745,334461,334461,334461,0,0,0
o-first,12345673231313,8,55745,334461,118517,334461,111490,55737,55727
stage2,12345761111111,5,33633,201786,201786,201786,0,0,0
o-first,12345761111111,5,33633,201786,85145,201786,67266,33628,33618
stage2,12346571111231,5,24869,149195,149195,149195,0,0,0
o-first,12346571111231,5,24869,149195,59294,149195,49735,24864,24854
stage2,12346751113133,6,34645,207852,207852,207852,0,0,0
o-first,12346751113133,6,34645,207852,81925,207852,69289,34639,34629
stage2,12347561112212,6,31708,190232,190232,190232,0,0,0
o-first,12347561112212,6,31708,190232,74280,190232,63415,31702,31692
stage2,12347651111111,6,52653,315906,315906,315906,0,0,0
o-first,12347651111111,6,52653,315906,136161,315906,105306,52647,52637
stage2,12347651122112,6,32550,195285,195285,195285,0,0,0
o-first,12347651122112,6,32550,195285,78062,195285,65099,32544,32534
stage2,12347651133311,6,29674,178021,178021,178021,0,0,0
o-first,12347651133311,6,29674,178021,72949,178021,59345,29668,29658
stage2,12347652111221,6,26734,160388,160388,160388,0,0,0
o-first,12347652111221,6,26734,160388,64072,160388,53466,26728,26718
stage2,12347652123233,6,31639,189813,189813,189813,0,0,0
o-first,12347652123233,6,31639,189813,77336,189813,63275,31633,31623
stage2,12347652123332,6,38989,233922,233922,233922,0,0,0
o-first,12347652123332,6,38989,233922,95181,233922,77978,38983,38973
stage2,12347652223232,6,29512,177051,177051,177051,0,0,0
o-first,12347652223232,6,29512,177051,70833,177051,59021,29506,29496
stage2,12347653111133,6,31510,189049,189049,189049,0,0,0
o-first,12347653111133,6,31510,189049,79307,189049,63021,31504,31494
stage2,12347653132223,6,26937,161610,161610,161610,0,0,0
o-first,12347653132223,6,26937,161610,64940,161610,53874,26931,26921
stage2,12347653132322,6,26324,157922,157922,157922,0,0,0
o-first,12347653132322,6,26324,157922,63786,157922,52646,26318,26308
stage2,12347653332323,6,29665,177972,177972,177972,0,0,0
o-first,12347653332323,6,29665,177972,71329,177972,59328,29659,29649
stage2,12354671111111,5,37127,222744,222744,222744,0,0,0
o-first,12354671111111,5,37127,222744,94499,222744,74252,37122,37112
stage2,12354761112323,7,49124,294728,294728,294728,0,0,0
o-first,12354761112323,7,49124,294728,119791,294728,98247,49117,49107
stage2,12354762121112,7,34972,209813,209813,209813,0,0,0
o-first,12354762121112,7,34972,209813,83427,209813,69942,34965,34955
stage2,12354762121211,7,38004,228017,228017,228017,0,0,0
o-first,12354762121211,7,38004,228017,90421,228017,76010,37997,37987
stage2,12354762311123,7,28550,171287,171287,171287,0,0,0
o-first,12354762311123,7,28550,171287,67944,171287,57100,28543,28533
stage2,12354763131131,7,31810,190839,190839,190839,0,0,0
o-first,12354763131131,7,31810,190839,74944,190839,63618,31803,31793
stage2,12354763133111,7,28905,173419,173419,173419,0,0,0
o-first,12354763133111,7,28905,173419,68628,173419,57810,28898,28888
stage2,12354763211123,7,33855,203117,203117,203117,0,0,0
o-first,12354763211123,7,33855,203117,82749,203117,67710,33848,33838
stage2,12356471113133,6,30580,183468,183468,183468,0,0,0
o-first,12356471113133,6,30580,183468,71389,183468,61161,30574,30564
stage2,12356741133131,8,41427,248551,248551,248551,0,0,0
o-first,12356741133131,8,41427,248551,87284,248551,82855,41419,41409
stage2,12356741313131,8,43142,258840,258840,258840,0,0,0
o-first,12356741313131,8,43142,258840,93080,258840,86284,43134,43124
stage2,12356743113131,8,43387,260316,260316,260316,0,0,0
o-first,12356743113131,8,43387,260316,91260,260316,86776,43379,43369
stage2,12357461111222,6,33528,201158,201158,201158,0,0,0
o-first,12357461111222,6,33528,201158,79416,201158,67056,33522,33512
stage2,12357461113331,6,32261,193553,193553,193553,0,0,0
o-first,12357461113331,6,32261,193553,76794,193553,64521,32255,32245
stage2,12357462211112,6,33235,199389,199389,199389,0,0,0
o-first,12357462211112,6,33235,199389,79752,199389,66467,33229,33219
stage2,12357641113331,6,31308,187830,187830,187830,0,0,0
o-first,12357641113331,6,31308,187830,74413,187830,62615,31302,31292
stage2,12364571112212,6,34906,209422,209422,209422,0,0,0
o-first,12364571112212,6,34906,209422,82858,209422,69811,34900,34890
stage2,12364751112212,6,29912,179460,179460,179460,0,0,0
o-first,12364751112212,6,29912,179460,71085,179460,59824,29906,29896
stage2,12364751113133,6,31454,188706,188706,188706,0,0,0
o-first,12364751113133,6,31454,188706,75096,188706,62906,31448,31438
stage2,12364753311131,6,30197,181159,181159,181159,0,0,0
o-first,12364753311131,6,30197,181159,72720,181159,60391,30191,30181
stage2,12365471111111,6,37099,222578,222578,222578,0,0,0
o-first,12365471111111,6,37099,222578,97352,222578,74196,37093,37083
stage2,12365471211122,6,31409,188440,188440,188440,0,0,0
o-first,12365471211122,6,31409,188440,77549,188440,62818,31403,31393
stage2,12365471313113,6,26004,156004,156004,156004,0,0,0
o-first,12365471313113,6,26004,156004,62653,156004,52006,25998,25988
stage2,12365472223232,6,29108,174632,174632,174632,0,0,0
o-first,12365472223232,6,29108,174632,70145,174632,58216,29102,29092
stage2,12365472321233,6,33613,201669,201669,201669,0,0,0
o-first,12365472321233,6,33613,201669,81480,201669,67227,33607,33597
stage2,12365473232312,6,26446,158657,158657,158657,0,0,0
o-first,12365473232312,6,26446,158657,62985,158657,52891,26440,26430
stage2,12365473332323,6,26545,159255,159255,159255,0,0,0
o-first,12365473332323,6,26545,159255,64416,159255,53089,26539,26529
stage2,12365741113331,6,31626,189740,189740,189740,0,0,0
o-first,12365741113331,6,31626,189740,74588,189740,63251,31620,31610
stage2,12367451123333,7,46606,279617,279617,279617,0,0,0
o-first,12367451123333,7,46606,279617,99204,279617,93210,46599,46589
stage2,12367451132222,7,42453,254702,254702,254702,0,0,0
o-first,12367451132222,7,42453,254702,87900,254702,84905,42446,42436
stage2,12367451213333,7,45188,271112,271112,271112,0,0,0
o-first,12367451213333,7,45188,271112,93098,271112,90375,45181,45171
stage2,12367451312222,7,55278,331661,331661,331661,0,0,0
o-first,12367451312222,7,55278,331661,118125,331661,110558,55271,55261
stage2,12367452113333,7,49980,299866,299866,299866,0,0,0
o-first,12367452113333,7,49980,299866,106685,299866,99959,49973,49963
stage2,12367453112222,7,45039,270216,270216,270216,0,0,0
o-first,12367453112222,7,45039,270216,93383,270216,90075,45032,45022
stage2,12367541112212,6,39122,234725,234725,234725,0,0,0
o-first,12367541112212,6,39122,234725,91088,234725,78245,39116,39106
stage2,12367541113331,6,44837,269010,269010,269010,0,0,0
o-first,12367541113331,6,44837,269010,104784,269010,89674,44831,44821
stage2,12367541331131,6,28705,172221,172221,172221,0,0,0
o-first,12367541331131,6,28705,172221,66886,172221,57411,28699,28689
stage2,12374561121212,8,43242,259433,259433,259433,0,0,0
o-first,12374561121212,8,43242,259433,93562,259433,86483,43234,43224
stage2,12374561211212,8,42564,255370,255370,255370,0,0,0
o-first,12374561211212,8,42564,255370,89440,255370,85128,42556,42546
stage2,12374562111212,8,50546,303264,303264,303264,0,0,0
o-first,12374562111212,8,50546,303264,109793,303264,101092,50538,50528
stage2,12374651111222,6,35044,210245,210245,210245,0,0,0
o-first,12374651111222,6,35044,210245,81038,210245,70086,35038,35028
stage2,12375461111222,6,33879,203255,203255,203255,0,0,0
o-first,12375461111222,6,33879,203255,80325,203255,67756,33873,33863
stage2,12375641113112,5,31997,191966,191966,191966,0,0,0
o-first,12375641113112,5,31997,191966,75463,191966,63992,31992,31982
stage2,12376451111222,6,35672,214015,214015,214015,0,0,0
o-first,12376451111222,6,35672,214015,84339,214015,71343,35666,35656
stage2,12376451113133,6,34064,204375,204375,204375,0,0,0
o-first,12376451113133,6,34064,204375,80803,204375,68129,34058,34048
stage2,12376451221211,6,29369,176195,176195,176195,0,0,0
o-first,12376451221211,6,29369,176195,68812,176195,58735,29363,29353
stage2,12376541112323,7,35519,213102,213102,213102,0,0,0
o-first,12376541112323,7,35519,213102,88013,213102,71037,35512,35502
stage2,12376541232233,7,42032,252186,252186,252186,0,0,0
o-first,12376541232233,7,42032,252186,99449,252186,84065,42025,42015
stage2,12376541322233,7,29126,174745,174745,174745,0,0,0
o-first,12376541322233,7,29126,174745,69378,174745,58252,29119,29109
stage2,12376542121232,7,32429,194553,194553,194553,0,0,0
o-first,12376542121232,7,32429,194553,77094,194553,64856,32422,32412
stage2,12376542123212,7,29908,179432,179432,179432,0,0,0
o-first,12376542123212,7,29908,179432,71014,179432,59815,29901,29891
stage2,12376543133132,6,26121,156715,156715,156715,0,0,0
o-first,12376543133132,6,26121,156715,58746,156715,52242,26115,26105
stage2,12376543133231,6,25973,155817,155817,155817,0,0,0
o-first,12376543133231,6,25973,155817,58634,155817,51944,25967,25957
stage2,12456731132321,6,47383,284280,284280,284280,0,0,0
o-first,12456731132321,6,47383,284280,111629,284280,94763,47377,47367
stage2,12456731233223,6,28126,168743,168743,168743,0,0,0
o-first,12456731233223,6,28126,168743,66214,168743,56252,28120,28110
stage2,12456733223321,6,28312,169861,169861,169861,0,0,0
o-first,12456733223321,6,28312,169861,67032,169861,56624,28306,28296
stage2,12463751231231,6,29886,179294,179294,179294,0,0,0
o-first,12463751231231,6,29886,179294,65074,179294,59769,29880,29870
stage2,12467351131121,6,29941,179623,179623,179623,0,0,0
o-first,12467351131121,6,29941,179623,71113,179623,59879,29935,29925
stage2,12467351231321,6,25934,155581,155581,155581,0,0,0
o-first,12467351231321,6,25934,155581,61160,155581,51865,25928,25918
stage2,12473561132123,6,28499,170985,170985,170985,0,0,0
o-first,12473561132123,6,28499,170985,67923,170985,56998,28493,28483
stage2,12536741112323,6,30719,184301,184301,184301,0,0,0
o-first,12536741112323,6,30719,184301,77532,184301,61438,30713,30703
stage2,12537461332112,6,28567,171383,171383,171383,0,0,0
o-first,12537461332112,6,28567,171383,63595,171383,57132,28561,28551
stage2,12543671111111,6,38150,228890,228890,228890,0,0,0
o-first,12543671111111,6,38150,228890,100110,228890,76300,38144,38134
stage2,12543671211212,6,29707,178222,178222,178222,0,0,0
o-first,12543671211212,6,29707,178222,70652,178222,59412,29701,29691
stage2,12543671331113,6,27256,163516,163516,163516,0,0,0
o-first,12543671331113,6,27256,163516,64875,163516,54510,27250,27240
stage2,12543672121121,6,27828,166954,166954,166954,0,0,0
o-first,12543672121121,6,27828,166954,66418,166954,55656,27822,27812
stage2,12543672321332,6,28760,172544,172544,172544,0,0,0
o-first,12543672321332,6,28760,172544,68023,172544,57518,28754,28744
stage2,12543672322232,6,27875,167235,167235,167235,0,0,0
o-first,12543672322232,6,27875,167235,67500,167235,55749,27869,27859
stage2,12543672331232,6,26428,158546,158546,158546,0,0,0
o-first,12543672331232,6,26428,158546,62440,158546,52854,26422,26412
stage2,12543673111331,6,27156,162916,162916,162916,0,0,0
o-first,12543673111331,6,27156,162916,64912,162916,54310,27150,27140
stage2,12543673221323,6,28465,170770,170770,170770,0,0,0
o-first,12543673221323,6,28465,170770,67013,170770,56928,28459,28449
stage2,12543673231223,6,27248,163471,163471,163471,0,0,0
o-first,12543673231223,6,27248,163471,64459,163471,54495,27242,27232
stage2,12543673233323,6,34604,207607,207607,207607,0,0,0
o-first,12543673233323,6,34604,207607,83200,207607,69207,34598,34588
stage2,12546371221331,6,28362,170158,170158,170158,0,0,0
o-first,12546371221331,6,28362,170158,63685,170158,56723,28356,28346
stage2,12563472131213,6,35295,211752,211752,211752,0,0,0
o-first,12563472131213,6,35295,211752,82727,211752,70587,35289,35279
stage2,12563473131212,6,33078,198448,198448,198448,0,0,0
o-first,12563473131212,6,33078,198448,77423,198448,66153,33072,33062
stage2,12564733323122,6,27144,162842,162842,162842,0,0,0
o-first,12564733323122,6,27144,162842,60566,162842,54285,27138,27128
stage2,12567433232333,7,28231,169363,169363,169363,0,0,0
o-first,12567433232333,7,28231,169363,67664,169363,56459,28224,28214
stage2,12576343212221,7,34771,208613,208613,208613,0,0,0
o-first,12576343212221,7,34771,208613,77456,208613,69541,34764,34754
stage2,12637451132111,6,33391,200332,200332,200332,0,0,0
o-first,12637451132111,6,33391,200332,79002,200332,66782,33385,33375
stage2,12637451332112,6,25061,150338,150338,150338,0,0,0
o-first,12637451332112,6,25061,150338,57432,150338,50118,25055,25045
stage2,12643571321321,6,27549,165273,165273,165273,0,0,0
o-first,12643571321321,6,27549,165273,60628,165273,55096,27543,27533
stage2,12645371131121,5,30934,185580,185580,185580,0,0,0
o-first,12645371131121,5,30934,185580,72995,185580,61864,30929,30919
stage2,12673542331133,7,38174,229032,229032,229032,0,0,0
o-first,12673542331133,7,38174,229032,85353,229032,76348,38167,38157
stage2,12734561112323,6,30547,183266,183266,183266,0,0,0
o-first,12734561112323,6,30547,183266,77769,183266,61093,30541,30531
stage2,12734561322233,6,26919,161497,161497,161497,0,0,0
o-first,12734561322233,6,26919,161497,64064,161497,53836,26913,26903
stage2,12734562313223,6,25804,154804,154804,154804,0,0,0
o-first,12734562313223,6,25804,154804,61536,154804,51607,25798,25788
stage2,12745631111111,6,90278,541652,541652,541652,0,0,0
o-first,12745631111111,6,90278,541652,225861,541652,180554,90272,90262
stage2,12745632111122,6,29693,178137,178137,178137,0,0,0
o-first,12745632111122,6,29693,178137,73351,178137,59383,29687,29677
stage2,12745632212213,6,35028,210154,210154,210154,0,0,0
o-first,12745632212213,6,35028,210154,84206,210154,70056,35022,35012
stage2,12745632222221,6,28464,170763,170763,170763,0,0,0
o-first,12745632222221,6,28464,170763,68003,170763,56925,28458,28448
stage2,12745632232211,6,33851,203083,203083,203083,0,0,0
o-first,12745632232211,6,33851,203083,81657,203083,67699,33845,33835
stage2,12745633131131,6,31720,190309,190309,190309,0,0,0
o-first,12745633131131,6,31720,190309,74934,190309,63441,31714,31704
stage2,12745633313312,6,27762,166555,166555,166555,0,0,0
o-first,12745633313312,6,27762,166555,65439,166555,55523,27756,27746
stage2,12745633313333,6,29603,177605,177605,177605,0,0,0
o-first,12745633313333,6,29603,177605,72493,177605,59205,29597,29587
stage2,12745633323311,6,28123,168721,168721,168721,0,0,0
o-first,12745633323311,6,28123,168721,66460,168721,56245,28117,28107
stage2,12753462231323,8,31707,190230,190230,190230,0,0,0
o-first,12753462231323,8,31707,190230,73373,190230,63415,31699,31689
stage2,12763452322232,7,28629,171760,171760,171760,0,0,0
o-first,12763452322232,7,28629,171760,68793,171760,57258,28622,28612
stage2,12765432121313,7,32177,193054,193054,193054,0,0,0
o-first,12765432121313,7,32177,193054,74933,193054,64355,32170,32160
stage2,12765432222212,7,48688,292119,292119,292119,0,0,0
o-first,12765432222212,7,48688,292119,111677,292119,97378,48681,48671
stage2,12765433121213,7,36504,219011,219011,219011,0,0,0
o-first,12765433121213,7,36504,219011,85343,219011,73008,36497,36487
stage2,12765433331333,7,33357,200137,200137,200137,0,0,0
o-first,12765433331333,7,33357,200137,76948,200137,66716,33350,33340
stage2,13245671321111,5,32256,193520,193520,193520,0,0,0
o-first,13245671321111,5,32256,193520,76140,193520,64510,32251,32241
stage2,13246571111111,7,40813,244866,244866,244866,0,0,0
o-first,13246571111111,7,40813,244866,105345,244866,81625,40806,40796
stage2,13246571112233,7,27446,164662,164662,164662,0,0,0
o-first,13246571112233,7,27446,164662,65191,164662,54891,27439,27429
stage2,13246571113232,7,42551,255300,255300,255300,0,0,0
o-first,13246571113232,7,42551,255300,101219,255300,85103,42544,42534
stage2,13246572321332,7,32236,193396,193396,193396,0,0,0
o-first,13246572321332,7,32236,193396,75040,193396,64471,32229,32219
stage2,13246572331232,7,29131,174766,174766,174766,0,0,0
o-first,13246572331232,7,29131,174766,68042,174766,58261,29124,29114
stage2,13246573221233,7,30119,180685,180685,180685,0,0,0
o-first,13246573221233,7,30119,180685,68266,180685,60234,30112,30102
stage2,13246573321223,7,30701,184190,184190,184190,0,0,0
o-first,13246573321223,7,30701,184190,69814,184190,61401,30694,30684
stage2,13246752133211,7,37415,224484,224484,224484,0,0,0
o-first,13246752133211,7,37415,224484,84257,224484,74832,37408,37398
stage2,13247563212131,7,33355,200123,200123,200123,0,0,0
o-first,13247563212131,7,33355,200123,74364,200123,66711,33348,33338
stage2,13254761322233,7,31752,190504,190504,190504,0,0,0
o-first,13254761322233,7,31752,190504,75235,190504,63504,31745,31735
stage2,13254761323322,7,27273,163617,163617,163617,0,0,0
o-first,13254761323322,7,27273,163617,63316,163617,54543,27266,27256
stage2,13254762321233,7,37732,226383,226383,226383,0,0,0
o-first,13254762321233,7,37732,226383,89817,226383,75465,37725,37715
stage2,13254763323122,6,32272,193619,193619,193619,0,0,0
o-first,13254763323122,6,32272,193619,73943,193619,64543,32266,32256
stage2,13257641112233,7,27722,166322,166322,166322,0,0,0
o-first,13257641112233,7,27722,166322,64528,166322,55444,27715,27705
stage2,13265741112323,7,45839,275023,275023,275023,0,0,0
o-first,13265741112323,7,45839,275023,111077,275023,91679,45832,45822
stage2,13265742131312,7,39152,234895,234895,234895,0,0,0
o-first,13265742131312,7,39152,234895,91926,234895,78303,39145,39135
stage2,13267451122211,6,34056,204323,204323,204323,0,0,0
o-first,13267451122211,6,34056,204323,81682,204323,68111,34050,34040
stage2,13267451311133,6,28558,171328,171328,171328,0,0,0
o-first,13267451311133,6,28558,171328,68247,171328,57114,28552,28542
stage2,13267541111132,7,36322,217914,217914,217914,0,0,0
o-first,13267541111132,7,36322,217914,80783,217914,72641,36315,36305
stage2,13267541232212,7,33134,198790,198790,198790,0,0,0
o-first,13267541232212,7,33134,198790,72899,198790,66269,33127,33117
stage2,13274651112323,7,40467,242792,242792,242792,0,0,0
o-first,13274651112323,7,40467,242792,99401,242792,80934,40460,40450
stage2,13275461112233,7,30514,183066,183066,183066,0,0,0
o-first,13275461112233,7,30514,183066,71164,183066,61026,30507,30497
stage2,13275463213211,7,30169,181001,181001,181001,0,0,0
o-first,13275463213211,7,30169,181001,70106,181001,60337,30162,30152
stage2,13275641112233,7,36850,221077,221077,221077,0,0,0
o-first,13275641112233,7,36850,221077,82305,221077,73696,36843,36833
stage2,13275641112323,7,45862,275152,275152,275152,0,0,0
o-first,13275641112323,7,45862,275152,110517,275152,91721,45855,45845
stage2,13275642131333,7,34757,208531,208531,208531,0,0,0
o-first,13275642131333,7,34757,208531,77554,208531,69514,34750,34740
stage2,13275643212221,7,37215,223273,223273,223273,0,0,0
o-first,13275643212221,7,37215,223273,82086,223273,74428,37208,37198
stage2,13276451113211,7,40029,240157,240157,240157,0,0,0
o-first,13276451113211,7,40029,240157,88812,240157,80056,40022,40012
stage2,13276451233133,7,39832,238972,238972,238972,0,0,0
o-first,13276451233133,7,39832,238972,87330,238972,79661,39825,39815
stage2,13276541133122,6,29583,177478,177478,177478,0,0,0
o-first,13276541133122,6,29583,177478,69291,177478,59164,29577,29567
stage2,13276541213312,6,39744,238443,238443,238443,0,0,0
o-first,13276541213312,6,39744,238443,92870,238443,79485,39738,39728
stage2,13276541321123,6,29674,178024,178024,178024,0,0,0
o-first,13276541321123,6,29674,178024,69330,178024,59346,29668,29658
stage2,13276541322311,6,38203,229195,229195,229195,0,0,0
o-first,13276541322311,6,38203,229195,89239,229195,76403,38197,38187
stage2,13276541323112,6,24961,149746,149746,149746,0,0,0
o-first,13276541323112,6,24961,149746,57864,149746,49920,24955,24945
stage2,13276541323322,6,26045,156253,156253,156253,0,0,0
o-first,13276541323322,6,26045,156253,60769,156253,52089,26039,26029
stage2,13276542323312,6,29733,178382,178382,178382,0,0,0
o-first,13276542323312,6,29733,178382,70348,178382,59464,29727,29717
stage2,13276543323122,6,28741,172433,172433,172433,0,0,0
o-first,13276543323122,6,28741,172433,66756,172433,57481,28735,28725
stage2,13462571111111,6,32095,192554,192554,192554,0,0,0
o-first,13462571111111,6,32095,192554,83664,192554,64189,32089,32079
stage2,13462572213311,6,26694,160156,160156,160156,0,0,0
o-first,13462572213311,6,26694,160156,63233,160156,53389,26688,26678
stage2,13527461211113,6,31837,191007,191007,191007,0,0,0
o-first,13527461211113,6,31837,191007,75207,191007,63673,31831,31821
stage2,13542671231231,6,25442,152633,152633,152633,0,0,0
o-first,13542671231231,6,25442,152633,56836,152633,50882,25436,25426
stage2,13546271213213,6,28463,170763,170763,170763,0,0,0
o-first,13546271213213,6,28463,170763,64838,170763,56925,28457,28447
stage2,13546271231231,6,36671,220005,220005,220005,0,0,0
o-first,13546271231231,6,36671,220005,80915,220005,73339,36665,36655
stage2,13546271321321,6,31518,189092,189092,189092,0,0,0
o-first,13546271321321,6,31518,189092,69771,189092,63034,31512,31502
stage2,13572641122133,7,40501,242995,242995,242995,0,0,0
o-first,13572641122133,7,40501,242995,95689,242995,81003,40494,40484
stage2,13576241312213,7,39484,236898,236898,236898,0,0,0
o-first,13576241312213,7,39484,236898,89136,236898,78969,39477,39467
stage2,13576241321321,6,31659,189935,189935,189935,0,0,0
o-first,13576241321321,6,31659,189935,67783,189935,63316,31653,31643
stage2,13627451332112,6,28233,169386,169386,169386,0,0,0
o-first,13627451332112,6,28233,169386,62353,169386,56465,28227,28217
stage2,13642571221223,6,37504,225009,225009,225009,0,0,0
o-first,13642571221223,6,37504,225009,75940,225009,75007,37498,37488
stage2,13642571223221,6,37434,224584,224584,224584,0,0,0
o-first,13642571223221,6,37434,224584,75972,224584,74864,37428,37418
stage2,13642573221221,6,42429,254559,254559,254559,0,0,0
o-first,13642573221221,6,42429,254559,87102,254559,84857,42423,42413
stage2,13645271221331,6,26372,158214,158214,158214,0,0,0
o-first,13645271221331,6,26372,158214,59271,158214,52743,26366,26356
stage2,13647521111111,6,30950,185678,185678,185678,0,0,0
o-first,13647521111111,6,30950,185678,79215,185678,61897,30944,30934
stage2,13675241112323,7,33856,203123,203123,203123,0,0,0
o-first,13675241112323,7,33856,203123,81347,203123,67711,33849,33839
stage2,13675242331313,7,30445,182655,182655,182655,0,0,0
o-first,13675242331313,7,30445,182655,70600,182655,60889,30438,30428
stage2,13725642332132,5,31321,187911,187911,187911,0,0,0
o-first,13725642332132,5,31321,187911,73710,187911,62641,31316,31306
stage2,13754262123323,7,60326,361942,361942,361942,0,0,0
o-first,13754262123323,7,60326,361942,132308,361942,120651,60319,60309
stage2,13762451321321,6,26398,158367,158367,158367,0,0,0
o-first,13762451321321,6,26398,158367,58212,158367,52794,26392,26382
stage2,13764251211311,6,24285,145683,145683,145683,0,0,0
o-first,13764251211311,6,24285,145683,57634,145683,48565,24279,24269
stage2,13764252323231,6,28110,168643,168643,168643,0,0,0
o-first,13764252323231,6,28110,168643,66288,168643,56219,28104,28094
stage2,13765422121211,8,37619,225702,225702,225702,0,0,0
o-first,13765422121211,8,37619,225702,84769,225702,75240,37611,37601
stage2,14263751131121,6,28355,170118,170118,170118,0,0,0
o-first,14263751131121,6,28355,170118,67633,170118,56710,28349,28339
stage2,14267351321321,6,28663,171959,171959,171959,0,0,0
o-first,14267351321321,6,28663,171959,62551,171959,57324,28657,28647
stage2,14275633323122,5,30575,183432,183432,183432,0,0,0
o-first,14275633323122,5,30575,183432,71610,183432,61148,30570,30560
stage2,14325671111111,6,104821,628911,628911,628911,0,0,0
o-first,14325671111111,6,104821,628911,263469,628911,209641,104815,104805
stage2,14325672112121,6,27796,166764,166764,166764,0,0,0
o-first,14325672112121,6,27796,166764,66862,166764,55592,27790,27780
stage2,14325672231323,6,28772,172621,172621,172621,0,0,0
o-first,14325672231323,6,28772,172621,70163,172621,57545,28766,28756
stage2,14325672323222,6,28073,168419,168419,168419,0,0,0
o-first,14325672323222,6,28073,168419,68155,168419,56145,28067,28057
stage2,14325673123232,6,28693,172143,172143,172143,0,0,0
o-first,14325673123232,6,28693,172143,68341,172143,57385,28687,28677
stage2,14325673232333,6,26958,161724,161724,161724,0,0,0
o-first,14325673232333,6,26958,161724,65020,161724,53912,26952,26942
stage2,14325673311131,6,32666,195985,195985,195985,0,0,0
o-first,14325673311131,6,32666,195985,80206,195985,65333,32660,32650
stage2,14327652131213,6,31261,187553,187553,187553,0,0,0
o-first,14327652131213,6,31261,187553,73563,187553,62522,31255,31245
stage2,14327653121213,6,33240,199432,199432,199432,0,0,0
o-first,14327653121213,6,33240,199432,78249,199432,66481,33234,33224
stage2,14352672212111,6,29939,179615,179615,179615,0,0,0
o-first,14352672212111,6,29939,179615,70219,179615,59876,29933,29923
stage2,14356721112323,6,31151,186893,186893,186893,0,0,0
o-first,14356721112323,6,31151,186893,80052,186893,62302,31145,31135
stage2,14356721322233,6,36403,218405,218405,218405,0,0,0
o-first,14356721322233,6,36403,218405,86755,218405,72806,36397,36387
stage2,14367252322232,7,28818,172890,172890,172890,0,0,0
o-first,14367252322232,7,28818,172890,69458,172890,57634,28811,28801
stage2,14367523311113,7,50627,303752,303752,303752,0,0,0
o-first,14367523311113,7,50627,303752,117031,303752,101253,50620,50610
stage2,14523672121313,6,32130,192766,192766,192766,0,0,0
o-first,14523672121313,6,32130,192766,74397,192766,64259,32124,32114
stage2,14523673121312,6,38762,232567,232567,232567,0,0,0
o-first,14523673121312,6,38762,232567,89937,232567,77526,38756,38746
stage2,14527631121311,6,29826,178938,178938,178938,0,0,0
o-first,14527631121311,6,29826,178938,72082,178938,59650,29820,29810
stage2,14527631131211,6,28733,172381,172381,172381,0,0,0
o-first,14527631131211,6,28733,172381,69349,172381,57465,28727,28717
stage2,14527631133311,6,27762,166541,166541,166541,0,0,0
o-first,14527631133311,6,27762,166541,68215,166541,55519,27756,27746
stage2,14527631211131,6,31395,188357,188357,188357,0,0,0
o-first,14527631211131,6,31395,188357,75871,188357,62789,31389,31379
stage2,14527631311121,6,30966,185775,185775,185775,0,0,0
o-first,14527631311121,6,30966,185775,74673,185775,61929,30960,30950
stage2,14527632122213,6,31265,187571,187571,187571,0,0,0
o-first,14527632122213,6,31265,187571,77108,187571,62529,31259,31249
stage2,14527632212111,6,31768,190591,190591,190591,0,0,0
o-first,14527632212111,6,31768,190591,76945,190591,63535,31762,31752
stage2,14527632333332,6,37385,224298,224298,224298,0,0,0
o-first,14527632333332,6,37385,224298,88936,224298,74770,37379,37369
stage2,14527633132322,6,28999,173977,173977,173977,0,0,0
o-first,14527633132322,6,28999,173977,69331,173977,57997,28993,28983
stage2,14527633312133,6,29895,179352,179352,179352,0,0,0
o-first,14527633312133,6,29895,179352,71815,179352,59788,29889,29879
stage2,14536273311311,7,33411,200454,200454,200454,0,0,0
o-first,14536273311311,7,33411,200454,77365,200454,66823,33404,33394
stage2,14537622231323,8,29490,176925,176925,176925,0,0,0
o-first,14537622231323,8,29490,176925,69773,176925,58980,29482,29472
stage2,14563272323222,7,27221,163311,163311,163311,0,0,0
o-first,14563272323222,7,27221,163311,65238,163311,54441,27214,27204
stage2,14567231312213,7,39529,237164,237164,237164,0,0,0
o-first,14567231312213,7,39529,237164,92887,237164,79059,39522,39512
stage2,14567231321123,7,33744,202451,202451,202451,0,0,0
o-first,14567231321123,7,33744,202451,75884,202451,67488,33737,33727
stage2,14573261333111,7,32210,193244,193244,193244,0,0,0
o-first,14573261333111,7,32210,193244,75017,193244,64419,32203,32193
stage2,14625731111111,6,40303,241801,241801,241801,0,0,0
o-first,14625731111111,6,40303,241801,103572,241801,80605,40297,40287
stage2,14625731131121,6,31980,191864,191864,191864,0,0,0
o-first,14625731131121,6,31980,191864,74794,191864,63958,31974,31964
stage2,14625731322233,6,28829,172950,172950,172950,0,0,0
o-first,14625731322233,6,28829,172950,68104,172950,57654,28823,28813
stage2,14625732112121,6,30287,181708,181708,181708,0,0,0
o-first,14625732112121,6,30287,181708,71169,181708,60572,30281,30271
stage2,14625732113321,6,33787,202710,202710,202710,0,0,0
o-first,14625732113321,6,33787,202710,80868,202710,67574,33781,33771
stage2,14625732213323,6,28514,171063,171063,171063,0,0,0
o-first,14625732213323,6,28514,171063,68465,171063,57025,28508,28498
stage2,14625732233111,6,31370,188201,188201,188201,0,0,0
o-first,14625732233111,6,31370,188201,74817,188201,62739,31364,31354
stage2,14625733133111,6,28242,169435,169435,169435,0,0,0
o-first,14625733133111,6,28242,169435,66467,169435,56483,28236,28226
stage2,14632571111111,6,49327,295947,295947,295947,0,0,0
o-first,14632571111111,6,49327,295947,121710,295947,98652,49321,49311
stage2,14632571321132,6,29097,174568,174568,174568,0,0,0
o-first,14632571321132,6,29097,174568,68858,174568,58193,29091,29081
stage2,14652733321331,7,31413,188460,188460,188460,0,0,0
o-first,14652733321331,7,31413,188460,68324,188460,62825,31406,31396
stage2,14673251111111,6,39320,235905,235905,235905,0,0,0
o-first,14673251111111,6,39320,235905,101166,235905,78639,39314,39304
stage2,14723651111213,6,28480,170868,170868,170868,0,0,0
o-first,14723651111213,6,28480,170868,68951,170868,56960,28474,28464
stage2,14723651111312,6,36215,217281,217281,217281,0,0,0
o-first,14723651111312,6,36215,217281,86769,217281,72431,36209,36199
stage2,14723651112131,6,28704,172215,172215,172215,0,0,0
o-first,14723651112131,6,28704,172215,69453,172215,57409,28698,28688
stage2,14723651113121,6,27518,165090,165090,165090,0,0,0
o-first,14723651113121,6,27518,165090,66429,165090,55034,27512,27502
stage2,14723651211212,6,26192,157133,157133,157133,0,0,0
o-first,14723651211212,6,26192,157133,62612,157133,52383,26186,26176
stage2,14723652322121,6,24411,146448,146448,146448,0,0,0
o-first,14723652322121,6,24411,146448,56845,146448,48820,24405,24395
stage2,14723652331232,6,30120,180703,180703,180703,0,0,0
o-first,14723652331232,6,30120,180703,71628,180703,60239,30114,30104
stage2,14723653232222,6,27364,164167,164167,164167,0,0,0
o-first,14723653232222,6,27364,164167,64716,164167,54727,27358,27348
stage2,14723653313111,6,28385,170289,170289,170289,0,0,0
o-first,14723653313111,6,28385,170289,69015,170289,56767,28379,28369
stage2,14723653321313,6,34725,208340,208340,208340,0,0,0
o-first,14723653321313,6,34725,208340,83121,208340,69452,34719,34709
stage2,14725361111111,6,32603,195604,195604,195604,0,0,0
o-first,14725361111111,6,32603,195604,82639,195604,65206,32597,32587
stage2,14725361111123,6,28379,170260,170260,170260,0,0,0
o-first,14725361111123,6,28379,170260,66156,170260,56758,28373,28363
stage2,14725361322332,6,30459,182738,182738,182738,0,0,0
o-first,14725361322332,6,30459,182738,70660,182738,60916,30453,30443
stage2,14725362211121,6,35278,211653,211653,211653,0,0,0
o-first,14725362211121,6,35278,211653,83388,211653,70555,35272,35262
stage2,14725363211213,6,27551,165291,165291,165291,0,0,0
o-first,14725363211213,6,27551,165291,64203,165291,55101,27545,27535
stage2,14725363213121,6,26707,160221,160221,160221,0,0,0
o-first,14725363213121,6,26707,160221,62466,160221,53411,26701,26691
stage2,14725363223213,6,28080,168464,168464,168464,0,0,0
o-first,14725363223213,6,28080,168464,63684,168464,56158,28074,28064
stage2,14725363311113,6,35939,215608,215608,215608,0,0,0
o-first,14725363311113,6,35939,215608,84931,215608,71874,35933,35923
stage2,14726531223122,6,31280,187667,187667,187667,0,0,0
o-first,14726531223122,6,31280,187667,72350,187667,62559,31274,31264
stage2,14726531232122,6,31334,187991,187991,187991,0,0,0
o-first,14726531232122,6,31334,187991,74351,187991,62667,31328,31318
stage2,14726531233313,6,27907,167430,167430,167430,0,0,0
o-first,14726531233313,6,27907,167430,65744,167430,55814,27901,27891
stage2,14726531333312,6,25966,155784,155784,155784,0,0,0
o-first,14726531333312,6,25966,155784,59314,155784,51932,25960,25950
stage2,14726532232313,6,32274,193633,193633,193633,0,0,0
o-first,14726532232313,6,32274,193633,77275,193633,64549,32268,32258
stage2,14726533323122,6,27289,163714,163714,163714,0,0,0
o-first,14726533323122,6,27289,163714,62663,163714,54576,27283,27273
stage2,14735621221112,6,28173,169025,169025,169025,0,0,0
o-first,14735621221112,6,28173,169025,66254,169025,56345,28167,28157
stage2,14735621223113,6,25995,155954,155954,155954,0,0,0
o-first,14735621223113,6,25995,155954,58898,155954,51988,25989,25979
stage2,14735621223332,6,41158,246936,246936,246936,0,0,0
o-first,14735621223332,6,41158,246936,95244,246936,82316,41152,41142
stage2,14735621233112,6,34636,207796,207796,207796,0,0,0
o-first,14735621233112,6,34636,207796,80208,207796,69270,34630,34620
stage2,14735621323112,6,32965,197770,197770,197770,0,0,0
o-first,14735621323112,6,32965,197770,76118,197770,65928,32959,32949
stage2,14735621332112,6,25533,153176,153176,153176,0,0,0
o-first,14735621332112,6,25533,153176,57823,153176,51064,25527,25517
stage2,14735621333111,6,27251,163484,163484,163484,0,0,0
o-first,14735621333111,6,27251,163484,64155,163484,54500,27245,27235
stage2,14735621333222,6,25531,153169,153169,153169,0,0,0
o-first,14735621333222,6,25531,153169,59046,153169,51061,25525,25515
stage2,14736251111132,7,30511,183051,183051,183051,0,0,0
o-first,14736251111132,7,30511,183051,70758,183051,61021,30504,30494
stage2,14736251112332,7,28083,168484,168484,168484,0,0,0
o-first,14736251112332,7,28083,168484,64435,168484,56166,28076,28066
stage2,14736253222223,7,28444,170660,170660,170660,0,0,0
o-first,14736253222223,7,28444,170660,67037,170660,56890,28437,28427
stage2,14736521132222,7,30822,184909,184909,184909,0,0,0
o-first,14736521132222,7,30822,184909,70109,184909,61642,30815,30805
stage2,14736521133131,7,30398,182370,182370,182370,0,0,0
o-first,14736521133131,7,30398,182370,70982,182370,60795,30391,30381
stage2,14736521211212,7,29144,174847,174847,174847,0,0,0
o-first,14736521211212,7,29144,174847,68287,174847,58288,29137,29127
stage2,14736521213333,7,29828,178947,178947,178947,0,0,0
o-first,14736521213333,7,29828,178947,68161,178947,59654,29821,29811
stage2,14736521221313,7,30843,185050,185050,185050,0,0,0
o-first,14736521221313,7,30843,185050,70515,185050,61687,30836,30826
stage2,14736521321231,7,41758,250545,250545,250545,0,0,0
o-first,14736521321231,7,41758,250545,98621,250545,83518,41751,41741
stage2,14736521322233,7,27844,167050,167050,167050,0,0,0
o-first,14736521322233,7,27844,167050,66403,167050,55687,27837,27827
stage2,14736521332121,7,35065,210375,210375,210375,0,0,0
o-first,14736521332121,7,35065,210375,80712,210375,70130,35058,35048
stage2,14736523112222,7,30988,185912,185912,185912,0,0,0
o-first,14736523112222,7,30988,185912,70551,185912,61975,30981,30971
stage2,14736523113131,7,29215,175271,175271,175271,0,0,0
o-first,14736523113131,7,29215,175271,68275,175271,58428,29208,29198
stage2,14752363222121,7,26842,161034,161034,161034,0,0,0
o-first,14752363222121,7,26842,161034,61528,161034,53683,26835,26825
stage2,14752363232222,7,34563,207358,207358,207358,0,0,0
o-first,14752363232222,7,34563,207358,80854,207358,69123,34556,34546
stage2,14752363233131,7,30762,184545,184545,184545,0,0,0
o-first,14752363233131,7,30762,184545,69439,184545,61520,30755,30745
stage2,14752631111111,6,38187,229109,229109,229109,0,0,0
o-first,14752631111111,6,38187,229109,96493,229109,76373,38181,38171
stage2,14752631112311,6,31667,189982,189982,189982,0,0,0
o-first,14752631112311,6,31667,189982,74365,189982,63332,31661,31651
stage2,14752631323223,6,28067,168381,168381,168381,0,0,0
o-first,14752631323223,6,28067,168381,66591,168381,56131,28061,28051
stage2,14752632332132,6,27122,162714,162714,162714,0,0,0
o-first,14752632332132,6,27122,162714,62544,162714,54242,27116,27106
stage2,14752633213223,6,27626,165744,165744,165744,0,0,0
o-first,14752633213223,6,27626,165744,64100,165744,55252,27620,27610
stage2,14752633222223,6,29467,176787,176787,176787,0,0,0
o-first,14752633222223,6,29467,176787,69880,176787,58933,29461,29451
stage2,14752633223123,6,28518,171090,171090,171090,0,0,0
o-first,14752633223123,6,28518,171090,65248,171090,57034,28512,28502
stage2,14752633223231,6,30947,185664,185664,185664,0,0,0
o-first,14752633223231,6,30947,185664,71848,185664,61892,30941,30931
stage2,14753261221112,6,27926,167538,167538,167538,0,0,0
o-first,14753261221112,6,27926,167538,64975,167538,55850,27920,27910
stage2,14753261323112,6,34644,207855,207855,207855,0,0,0
o-first,14753261323112,6,34644,207855,79761,207855,69289,34638,34628
stage2,14753261333111,6,27983,167879,167879,167879,0,0,0
o-first,14753261333111,6,27983,167879,65242,167879,55963,27977,27967
stage2,14762351221331,6,32088,192513,192513,192513,0,0,0
o-first,14762351221331,6,32088,192513,72223,192513,64175,32082,32072
stage2,14762351321231,6,34446,206665,206665,206665,0,0,0
o-first,14762351321231,6,34446,206665,80108,206665,68891,34440,34430
stage2,14762351331221,6,26304,157798,157798,157798,0,0,0
o-first,14762351331221,6,26304,157798,59314,157798,52604,26298,26288
stage2,14763251221223,6,49254,295508,295508,295508,0,0,0
o-first,14763251221223,6,49254,295508,100384,295508,98507,49248,49238
stage2,14763251222312,6,45754,274506,274506,274506,0,0,0
o-first,14763251222312,6,45754,274506,93248,274506,91505,45748,45738
stage2,14763251332331,6,43187,259105,259105,259105,0,0,0
o-first,14763251332331,6,43187,259105,86615,259105,86372,43181,43171
stage2,14763251333123,6,40805,244814,244814,244814,0,0,0
o-first,14763251333123,6,40805,244814,81901,244814,81609,40799,40789
stage2,14763252322121,6,39570,237397,237397,237397,0,0,0
o-first,14763252322121,6,39570,237397,79746,237397,79136,39564,39554
stage2,14763253132232,6,38870,233203,233203,233203,0,0,0
o-first,14763253132232,6,38870,233203,77792,233203,77738,38864,38854
stage2,14763253133132,6,38836,232995,232995,232995,0,0,0
o-first,14763253133132,6,38836,232995,78178,232995,77670,38830,38820
stage2,14763253133222,6,42095,252559,252559,252559,0,0,0
o-first,14763253133222,6,42095,252559,84751,252559,84190,42089,42079
stage2,14763253133231,6,40730,244356,244356,244356,0,0,0
o-first,14763253133231,6,40730,244356,82400,244356,81457,40724,40714
stage2,14763253221221,6,39170,235001,235001,235001,0,0,0
o-first,14763253221221,6,39170,235001,78687,235001,78338,39164,39154
stage2,14763253222112,6,44923,269524,269524,269524,0,0,0
o-first,14763253222112,6,44923,269524,91271,269524,89845,44917,44907
stage2,14763521113211,7,31005,186009,186009,186009,0,0,0
o-first,14763521113211,7,31005,186009,71036,186009,62007,30998,30988
stage2,14763521113223,7,28338,170015,170015,170015,0,0,0
o-first,14763521113223,7,28338,170015,64989,170015,56675,28331,28321
stage2,14763523222331,6,23901,143386,143386,143386,0,0,0
o-first,14763523222331,6,23901,143386,53937,143386,47800,23895,23885
stage2,14765231111213,6,30686,184095,184095,184095,0,0,0
o-first,14765231111213,6,30686,184095,74313,184095,61369,30680,30670
stage2,14765231111312,6,32004,192007,192007,192007,0,0,0
o-first,14765231111312,6,32004,192007,76864,192007,64007,31998,31988
stage2,14765231112131,6,29901,179388,179388,179388,0,0,0
o-first,14765231112131,6,29901,179388,72549,179388,59800,29895,29885
stage2,14765231113121,6,27350,164080,164080,164080,0,0,0
o-first,14765231113121,6,27350,164080,66397,164080,54698,27344,27334
stage2,14765231133131,6,27627,165740,165740,165740,0,0,0
o-first,14765231133131,6,27627,165740,65661,165740,55252,27621,27611
stage2,14765232211211,6,28192,169138,169138,169138,0,0,0
o-first,14765232211211,6,28192,169138,68446,169138,56384,28186,28176
stage2,14765232232322,6,27960,167740,167740,167740,0,0,0
o-first,14765232232322,6,27960,167740,68129,167740,55918,27954,27944
stage2,14765232331313,6,28008,168028,168028,168028,0,0,0
o-first,14765232331313,6,28008,168028,67324,168028,56014,28002,27992
stage2,14765233113131,6,26417,158479,158479,158479,0,0,0
o-first,14765233113131,6,26417,158479,62551,158479,52831,26411,26401
stage2,14765233323332,6,28198,169184,169184,169184,0,0,0
o-first,14765233323332,6,28198,169184,67322,169184,56398,28192,28182
stage2,15236471111111,6,36244,217449,217449,217449,0,0,0
o-first,15236471111111,6,36244,217449,92208,217449,72486,36238,36228
stage2,15236473231121,6,25242,151439,151439,151439,0,0,0
o-first,15236473231121,6,25242,151439,59887,151439,50484,25236,25226
stage2,15243671331221,6,28332,169973,169973,169973,0,0,0
o-first,15243671331221,6,28332,169973,63442,169973,56662,28326,28316
stage2,15246371331332,6,38993,233941,233941,233941,0,0,0
o-first,15246371331332,6,38993,233941,79638,233941,77985,38987,38977
stage2,15246371332331,6,37734,226384,226384,226384,0,0,0
o-first,15246371332331,6,37734,226384,76566,226384,75466,37728,37718
stage2,15246372331331,6,37279,223657,223657,223657,0,0,0
o-first,15246372331331,6,37279,223657,75470,223657,74557,37273,37263
stage2,15267431223113,6,28438,170606,170606,170606,0,0,0
o-first,15267431223113,6,28438,170606,63016,170606,56873,28432,28422
stage2,15273641112323,7,35372,212211,212211,212211,0,0,0
o-first,15273641112323,7,35372,212211,85277,212211,70741,35365,35355
stage2,15324673113311,6,48621,291714,291714,291714,0,0,0
o-first,15324673113311,6,48621,291714,115028,291714,97241,48615,48605
stage2,15342671211311,5,24279,145647,145647,145647,0,0,0
o-first,15342671211311,5,24279,145647,57543,145647,48553,24274,24264
stage2,15346271321321,6,26004,156005,156005,156005,0,0,0
o-first,15346271321321,6,26004,156005,57803,156005,52006,25998,25988
stage2,15367421211113,6,34516,207085,207085,207085,0,0,0
o-first,15367421211113,6,34516,207085,82245,207085,69033,34510,34500
stage2,15367421223113,6,25732,154373,154373,154373,0,0,0
o-first,15367421223113,6,25732,154373,59277,154373,51463,25726,25716
stage2,15367423211123,6,29862,179152,179152,179152,0,0,0
o-first,15367423211123,6,29862,179152,73168,179152,59722,29856,29846
stage2,15426371111111,6,32112,192656,192656,192656,0,0,0
o-first,15426371111111,6,32112,192656,83685,192656,64223,32106,32096
stage2,15426371112233,6,28293,169747,169747,169747,0,0,0
o-first,15426371112233,6,28293,169747,66995,169747,56586,28287,28277
stage2,15463271313113,7,31459,188738,188738,188738,0,0,0
o-first,15463271313113,7,31459,188738,72709,188738,62917,31452,31442
stage2,15624732123212,7,38404,230414,230414,230414,0,0,0
o-first,15624732123212,7,38404,230414,91642,230414,76809,38397,38387
stage2,15624732133313,7,32002,191990,191990,191990,0,0,0
o-first,15624732133313,7,32002,191990,75457,191990,64001,31995,31985
stage2,15624732333332,7,30052,180297,180297,180297,0,0,0
o-first,15624732333332,7,30052,180297,70764,180297,60104,30045,30035
stage2,15627431223113,6,25726,154337,154337,154337,0,0,0
o-first,15627431223113,6,25726,154337,58174,154337,51449,25720,25710
stage2,15627431322113,6,35283,211680,211680,211680,0,0,0
o-first,15627431322113,6,35283,211680,80930,211680,70564,35277,35267
stage2,15627431332112,6,26225,157332,157332,157332,0,0,0
o-first,15627431332112,6,26225,157332,59601,157332,52448,26219,26209
stage2,15634722123332,7,40826,244943,244943,244943,0,0,0
o-first,15634722123332,7,40826,244943,97462,244943,81651,40819,40809
stage2,15634722321233,7,29620,177708,177708,177708,0,0,0
o-first,15634722321233,7,29620,177708,70597,177708,59240,29613,29603
stage2,15637423211123,8,33297,199772,199772,199772,0,0,0
o-first,15637423211123,8,33297,199772,80053,199772,66595,33289,33279
stage2,15642371111111,7,68037,408215,408215,408215,0,0,0
o-first,15642371111111,7,68037,408215,169733,408215,136076,68030,68020
stage2,15642372213311,7,29148,174869,174869,174869,0,0,0
o-first,15642372213311,7,29148,174869,68880,174869,58294,29141,29131
stage2,15642372231332,7,30038,180207,180207,180207,0,0,0
o-first,15642372231332,7,30038,180207,68203,180207,60074,30031,30021
stage2,15642372331322,7,27972,167814,167814,167814,0,0,0
o-first,15642372331322,7,27972,167814,63574,167814,55943,27965,27955
stage2,15642373212311,7,28573,171427,171427,171427,0,0,0
o-first,15642373212311,7,28573,171427,68600,171427,57146,28566,28556
stage2,15642373221323,7,30308,181839,181839,181839,0,0,0
o-first,15642373221323,7,30308,181839,70504,181839,60618,30301,30291
stage2,15642373231223,7,34287,205711,205711,205711,0,0,0
o-first,15642373231223,7,34287,205711,80071,205711,68574,34280,34270
stage2,15643271221331,6,27586,165503,165503,165503,0,0,0
o-first,15643271221331,6,27586,165503,62133,165503,55171,27580,27570
stage2,15643271331221,6,29275,175637,175637,175637,0,0,0
o-first,15643271331221,6,29275,175637,66282,175637,58549,29269,29259
stage2,15643273223111,6,25947,155659,155659,155659,0,0,0
o-first,15643273223111,6,25947,155659,59670,155659,51891,25941,25931
stage2,15647233213232,6,25895,155354,155354,155354,0,0,0
o-first,15647233213232,6,25895,155354,57516,155354,51789,25889,25879
stage2,15672341113232,7,33480,200869,200869,200869,0,0,0
o-first,15672341113232,7,33480,200869,78116,200869,66959,33473,33463
stage2,15672341323112,7,26538,159219,159219,159219,0,0,0
o-first,15672341323112,7,26538,159219,61418,159219,53077,26531,26521
stage2,15672342323312,7,30545,183256,183256,183256,0,0,0
o-first,15672342323312,7,30545,183256,71509,183256,61088,30538,30528
stage2,15672343213232,6,25925,155524,155524,155524,0,0,0
o-first,15672343213232,6,25925,155524,59008,155524,51846,25919,25909
stage2,15672433312133,7,36595,219555,219555,219555,0,0,0
o-first,15672433312133,7,36595,219555,80501,219555,73190,36588,36578
stage2,15724362212132,7,35348,212078,212078,212078,0,0,0
o-first,15724362212132,7,35348,212078,77899,212078,70697,35341,35331
stage2,15724631111111,6,33216,199273,199273,199273,0,0,0
o-first,15724631111111,6,33216,199273,86748,199273,66429,33210,33200
stage2,15724631211311,6,27021,162115,162115,162115,0,0,0
o-first,15724631211311,6,27021,162115,63397,162115,54043,27015,27005
stage2,15724631322233,6,30530,183164,183164,183164,0,0,0
o-first,15724631322233,6,30530,183164,71417,183164,61058,30524,30514
stage2,15724632123233,6,38199,229183,229183,229183,0,0,0
o-first,15724632123233,6,38199,229183,91261,229183,76399,38193,38183
stage2,15724632313223,6,28247,169474,169474,169474,0,0,0
o-first,15724632313223,6,28247,169474,65940,169474,56494,28241,28231
stage2,15724632323231,6,31346,188056,188056,188056,0,0,0
o-first,15724632323231,6,31346,188056,73361,188056,62690,31340,31330
stage2,15724632323333,6,31136,186798,186798,186798,0,0,0
o-first,15724632323333,6,31136,186798,74159,186798,62270,31130,31120
stage2,15724633132322,6,26178,157047,157047,157047,0,0,0
o-first,15724633132322,6,26178,157047,62253,157047,52353,26172,26162
stage2,15734622331223,7,31274,187621,187621,187621,0,0,0
o-first,15734622331223,7,31274,187621,68087,187621,62546,31267,31257
stage2,15746321111111,6,41848,251070,251070,251070,0,0,0
o-first,15746321111111,6,41848,251070,104151,251070,83695,41842,41832
stage2,15746321323211,6,25008,150030,150030,150030,0,0,0
o-first,15746321323211,6,25008,150030,59300,150030,50015,25002,24992
stage2,15746322313112,6,23485,140895,140895,140895,0,0,0
o-first,15746322313112,6,23485,140895,56229,140895,46970,23479,23469
stage2,15762342122213,7,43510,261044,261044,261044,0,0,0
o-first,15762342122213,7,43510,261044,95925,261044,87019,43503,43493
stage2,15763241111111,6,37166,222981,222981,222981,0,0,0
o-first,15763241111111,6,37166,222981,96231,222981,74331,37160,37150
stage2,15763242323132,6,26596,159555,159555,159555,0,0,0
o-first,15763242323132,6,26596,159555,62923,159555,53189,26590,26580
stage2,16243571132132,6,26485,158894,158894,158894,0,0,0
o-first,16243571132132,6,26485,158894,60967,158894,52968,26479,26469
stage2,16243571231231,6,28577,171433,171433,171433,0,0,0
o-first,16243571231231,6,28577,171433,64097,171433,57149,28571,28561
stage2,16243571321321,6,27386,164304,164304,164304,0,0,0
o-first,16243571321321,6,27386,164304,61837,164304,54772,27380,27370
stage2,16245371231231,6,29610,177644,177644,177644,0,0,0
o-first,16245371231231,6,29610,177644,65280,177644,59219,29604,29594
stage2,16254733312223,7,51220,307304,307304,307304,0,0,0
o-first,16254733312223,7,51220,307304,118933,307304,102439,51213,51203
stage2,16257431132111,6,30166,180975,180975,180975,0,0,0
o-first,16257431132111,6,30166,180975,71714,180975,60329,30160,30150
stage2,16257433223123,6,25562,153363,153363,153363,0,0,0
o-first,16257433223123,6,25562,153363,59432,153363,51125,25556,25546
stage2,16273541122133,7,43293,259737,259737,259737,0,0,0
o-first,16273541122133,7,43293,259737,96947,259737,86584,43286,43276
stage2,16273541321321,6,38238,229408,229408,229408,0,0,0
o-first,16273541321321,6,38238,229408,81808,229408,76473,38232,38222
stage2,16275341312213,7,36077,216455,216455,216455,0,0,0
o-first,16275341312213,7,36077,216455,85806,216455,72155,36070,36060
stage2,16275343122221,7,29537,177209,177209,177209,0,0,0
o-first,16275343122221,7,29537,177209,66893,177209,59073,29530,29520
stage2,16327453232333,7,27742,166436,166436,166436,0,0,0
o-first,16327453232333,7,27742,166436,66546,166436,55482,27735,27725
stage2,16342571331221,6,29291,175734,175734,175734,0,0,0
o-first,16342571331221,6,29291,175734,65302,175734,58583,29285,29275
stage2,16345271111111,6,63463,380766,380766,380766,0,0,0
o-first,16345271111111,6,63463,380766,163359,380766,126926,63457,63447
stage2,16345271133131,6,28569,171394,171394,171394,0,0,0
o-first,16345271133131,6,28569,171394,68448,171394,57136,28563,28553
stage2,16345271222111,6,31180,187068,187068,187068,0,0,0
o-first,16345271222111,6,31180,187068,74918,187068,62360,31174,31164
stage2,16345272322232,6,30125,180738,180738,180738,0,0,0
o-first,16345272322232,6,30125,180738,73162,180738,60250,30119,30109
stage2,16345272333212,6,27426,164542,164542,164542,0,0,0
o-first,16345272333212,6,27426,164542,67219,164542,54852,27420,27410
stage2,16345273122323,6,33444,200646,200646,200646,0,0,0
o-first,16345273122323,6,33444,200646,81732,200646,66886,33438,33428
stage2,16345273233323,6,35880,215264,215264,215264,0,0,0
o-first,16345273233323,6,35880,215264,86652,215264,71758,35874,35864
stage2,16347252131312,6,40451,242685,242685,242685,0,0,0
o-first,16347252131312,6,40451,242685,93562,242685,80900,40445,40435
stage2,16347253121312,6,38277,229644,229644,229644,0,0,0
o-first,16347253121312,6,38277,229644,88550,229644,76553,38271,38261
stage2,16357421223113,6,29540,177234,177234,177234,0,0,0
o-first,16357421223113,6,29540,177234,65213,177234,59081,29534,29524
stage2,16374521112323,6,31308,187838,187838,187838,0,0,0
o-first,16374521112323,6,31308,187838,79519,187838,62617,31302,31292
stage2,16374523211123,6,27864,167163,167163,167163,0,0,0
o-first,16374523211123,6,27864,167163,68405,167163,55724,27858,27848
stage2,16423572112121,7,33176,199041,199041,199041,0,0,0
o-first,16423572112121,7,33176,199041,76598,199041,66352,33169,33159
stage2,16427531211311,7,26630,159763,159763,159763,0,0,0
o-first,16427531211311,7,26630,159763,62165,159763,53259,26623,26613
stage2,16427531231321,7,29386,176304,176304,176304,0,0,0
o-first,16427531231321,7,29386,176304,68480,176304,58772,29379,29369
stage2,16427532333233,7,48429,290557,290557,290557,0,0,0
o-first,16427532333233,7,48429,290557,113855,290557,96857,48422,48412
stage2,16453271111111,6,40223,241315,241315,241315,0,0,0
o-first,16453271111111,6,40223,241315,102728,241315,80443,40217,40207
stage2,16453271211113,6,26854,161099,161099,161099,0,0,0
o-first,16453271211113,6,26854,161099,63552,161099,53705,26848,26838
stage2,16453272111131,6,27154,162901,162901,162901,0,0,0
o-first,16453272111131,6,27154,162901,64363,162901,54305,27148,27138
stage2,16475233132313,8,40007,240031,240031,240031,0,0,0
o-first,16475233132313,8,40007,240031,89803,240031,80013,39999,39989
stage2,16523473332323,7,27550,165286,165286,165286,0,0,0
o-first,16523473332323,7,27550,165286,65917,165286,55100,27543,27533
stage2,16523741112212,7,32255,193511,193511,193511,0,0,0
o-first,16523741112212,7,32255,193511,74171,193511,64508,32248,32238
stage2,16524731112212,6,37271,223617,223617,223617,0,0,0
o-first,16524731112212,6,37271,223617,87825,223617,74543,37265,37255
stage2,16524731112233,6,32018,192097,192097,192097,0,0,0
o-first,16524731112233,6,32018,192097,75342,192097,64035,32012,32002
stage2,16524731113133,6,31692,190132,190132,190132,0,0,0
o-first,16524731113133,6,31692,190132,74989,190132,63382,31686,31676
stage2,16527341111111,6,31501,188985,188985,188985,0,0,0
o-first,16527341111111,6,31501,188985,80290,188985,63001,31495,31485
stage2,16527431123333,7,46643,279844,279844,279844,0,0,0
o-first,16527431123333,7,46643,279844,98554,279844,93285,46636,46626
stage2,16527431222132,7,48473,290824,290824,290824,0,0,0
o-first,16527431222132,7,48473,290824,100738,290824,96945,48466,48456
stage2,16527431312222,7,52605,315611,315611,315611,0,0,0
o-first,16527431312222,7,52605,315611,112177,315611,105208,52598,52588
stage2,16527431333213,7,41630,249761,249761,249761,0,0,0
o-first,16527431333213,7,41630,249761,85712,249761,83258,41623,41613
stage2,16527432113333,7,42258,253533,253533,253533,0,0,0
o-first,16527432113333,7,42258,253533,88983,253533,84516,42251,42241
stage2,16527432211322,7,48769,292592,292592,292592,0,0,0
o-first,16527432211322,7,48769,292592,103131,292592,97535,48762,48752
stage2,16527432231122,7,43842,263041,263041,263041,0,0,0
o-first,16527432231122,7,43842,263041,92259,263041,87684,43835,43825
stage2,16527432231332,7,41834,250986,250986,250986,0,0,0
o-first,16527432231332,7,41834,250986,85974,250986,83667,41827,41817
stage2,16527432331322,7,44703,268200,268200,268200,0,0,0
o-first,16527432331322,7,44703,268200,92244,268200,89405,44696,44686
stage2,16527432333113,7,43518,261086,261086,261086,0,0,0
o-first,16527432333113,7,43518,261086,89552,261086,87033,43511,43501
stage2,16527433312133,7,42710,256236,256236,256236,0,0,0
o-first,16527433312133,7,42710,256236,89645,256236,85417,42703,42693
stage2,16532471111222,7,35740,214421,214421,214421,0,0,0
o-first,16532471111222,7,35740,214421,81859,214421,71478,35733,35723
stage2,16534271111111,6,35353,212101,212101,212101,0,0,0
o-first,16534271111111,6,35353,212101,90551,212101,70705,35347,35337
stage2,16534271111132,6,26372,158206,158206,158206,0,0,0
o-first,16534271111132,6,26372,158206,62557,158206,52740,26366,26356
stage2,16534273211111,6,33136,198805,198805,198805,0,0,0
o-first,16534273211111,6,33136,198805,78818,198805,66273,33130,33120
stage2,16534723211123,8,43298,259779,259779,259779,0,0,0
o-first,16534723211123,8,43298,259779,103761,259779,86598,43290,43280
stage2,16537421111222,6,29212,175248,175248,175248,0,0,0
o-first,16537421111222,6,29212,175248,69255,175248,58420,29206,29196
stage2,16537421113322,6,29475,176833,176833,176833,0,0,0
o-first,16537421113322,6,29475,176833,68804,176833,58949,29469,29459
stage2,16537421113331,6,31028,186152,186152,186152,0,0,0
o-first,16537421113331,6,31028,186152,73757,186152,62056,31022,31012
stage2,16537421223113,6,25727,154341,154341,154341,0,0,0
o-first,16537421223113,6,25727,154341,58200,154341,51451,25721,25711
stage2,16537421233112,6,36197,217167,217167,217167,0,0,0
o-first,16537421233112,6,36197,217167,83080,217167,72393,36191,36181
stage2,16537421332112,6,26067,156377,156377,156377,0,0,0
o-first,16537421332112,6,26067,156377,58608,156377,52129,26061,26051
stage2,16542371221331,6,24520,147099,147099,147099,0,0,0
o-first,16542371221331,6,24520,147099,55019,147099,49037,24514,24504
stage2,16542371331221,6,27172,163014,163014,163014,0,0,0
o-first,16542371331221,6,27172,163014,61218,163014,54342,27166,27156
stage2,16542372112331,6,37846,227061,227061,227061,0,0,0
o-first,16542372112331,6,37846,227061,87269,227061,75691,37840,37830
stage2,16543271221223,6,51710,310235,310235,310235,0,0,0
o-first,16543271221223,6,51710,310235,105674,310235,103416,51704,51694
stage2,16543271223221,6,38504,231008,231008,231008,0,0,0
o-first,16543271223221,6,38504,231008,77515,231008,77007,38498,38488
stage2,16543271331332,6,41733,250382,250382,250382,0,0,0
o-first,16543271331332,6,41733,250382,84427,250382,83465,41727,41717
stage2,16543271332331,6,42146,252857,252857,252857,0,0,0
o-first,16543271332331,6,42146,252857,85279,252857,84290,42140,42130
stage2,16543272331331,6,39019,234086,234086,234086,0,0,0
o-first,16543272331331,6,39019,234086,78554,234086,78033,39013,39003
stage2,16543273221221,6,41608,249626,249626,249626,0,0,0
o-first,16543273221221,6,41608,249626,84354,249626,83213,41602,41592
stage2,16543721111111,6,32277,193642,193642,193642,0,0,0
o-first,16543721111111,6,32277,193642,81832,193642,64552,32271,32261
stage2,16543721113211,6,26442,158634,158634,158634,0,0,0
o-first,16543721113211,6,26442,158634,62878,158634,52882,26436,26426
stage2,16547233332323,7,30422,182520,182520,182520,0,0,0
o-first,16547233332323,7,30422,182520,72541,182520,60844,30415,30405
stage2,16547321113331,7,38071,228415,228415,228415,0,0,0
o-first,16547321113331,7,38071,228415,86584,228415,76142,38064,38054
stage2,16572431111111,6,36523,219126,219126,219126,0,0,0
o-first,16572431111111,6,36523,219126,92512,219126,73046,36517,36507
stage2,16572433213223,6,26254,157502,157502,157502,0,0,0
o-first,16572433213223,6,26254,157502,60945,157502,52506,26248,26238
stage2,16573241123123,6,30690,184119,184119,184119,0,0,0
o-first,16573241123123,6,30690,184119,70232,184119,61377,30684,30674
stage2,16573241312312,6,27619,165691,165691,165691,0,0,0
o-first,16573241312312,6,27619,165691,62869,165691,55235,27613,27603
stage2,16574231113133,7,32410,194450,194450,194450,0,0,0
o-first,16574231113133,7,32410,194450,74649,194450,64821,32403,32393
stage2,16723451122133,7,32509,195043,195043,195043,0,0,0
o-first,16723451122133,7,32509,195043,75473,195043,65018,32502,32492
stage2,16723451322311,7,28784,172693,172693,172693,0,0,0
o-first,16723451322311,7,28784,172693,63755,172693,57568,28777,28767
stage2,16725431121311,6,27541,165228,165228,165228,0,0,0
o-first,16725431121311,6,27541,165228,66511,165228,55080,27535,27525
stage2,16725431131211,6,28423,170523,170523,170523,0,0,0
o-first,16725431131211,6,28423,170523,68707,170523,56845,28417,28407
stage2,16725431211122,6,28676,172049,172049,172049,0,0,0
o-first,16725431211122,6,28676,172049,69895,172049,57353,28670,28660
stage2,16725431211131,6,35260,211545,211545,211545,0,0,0
o-first,16725431211131,6,35260,211545,84801,211545,70519,35254,35244
stage2,16725431311121,6,26655,159909,159909,159909,0,0,0
o-first,16725431311121,6,26655,159909,64608,159909,53307,26649,26639
stage2,16725432211121,6,31559,189338,189338,189338,0,0,0
o-first,16725432211121,6,31559,189338,77177,189338,63116,31553,31543
stage2,16725432232223,6,27709,166234,166234,166234,0,0,0
o-first,16725432232223,6,27709,166234,68260,166234,55416,27703,27693
stage2,16725433113311,6,28399,170375,170375,170375,0,0,0
o-first,16725433113311,6,28399,170375,68736,170375,56797,28393,28383
stage2,16725433122212,6,26814,160868,160868,160868,0,0,0
o-first,16725433122212,6,26814,160868,64463,160868,53626,26808,26798
stage2,16725433333232,6,25509,153034,153034,153034,0,0,0
o-first,16725433333232,6,25509,153034,61093,153034,51016,25503,25493
stage2,16735242122213,8,38338,230013,230013,230013,0,0,0
o-first,16735242122213,8,38338,230013,85919,230013,76675,38330,38320
stage2,16742352232313,8,34175,205037,205037,205037,0,0,0
o-first,16742352232313,8,34175,205037,80369,205037,68350,34167,34157
stage2,16743252323222,7,27975,167831,167831,167831,0,0,0
o-first,16743252323222,7,27975,167831,66742,167831,55949,27968,27958
stage2,16745232121313,7,32735,196402,196402,196402,0,0,0
o-first,16745232121313,7,32735,196402,76322,196402,65471,32728,32718
stage2,16745232122222,7,30430,182562,182562,182562,0,0,0
o-first,16745232122222,7,30430,182562,71224,182562,60859,30423,30413
stage2,16745233121213,7,30060,180342,180342,180342,0,0,0
o-first,16745233121213,7,30060,180342,70600,180342,60119,30053,30043
stage2,16745233333313,7,43566,261390,261390,261390,0,0,0
o-first,16745233333313,7,43566,261390,103785,261390,87133,43559,43549
stage2,16753241221112,7,33180,199068,199068,199068,0,0,0
o-first,16753241221112,7,33180,199068,77218,199068,66359,33173,33163
stage2,17246351111111,6,31384,188282,188282,188282,0,0,0
o-first,17246351111111,6,31384,188282,81954,188282,62765,31378,31368
stage2,17265433111313,8,47692,286134,286134,286134,0,0,0
o-first,17265433111313,8,47692,286134,107510,286134,95382,47684,47674
stage2,17324561211323,6,32975,197829,197829,197829,0,0,0
o-first,17324561211323,6,32975,197829,77095,197829,65948,32969,32959
stage2,17324561232332,6,24023,144123,144123,144123,0,0,0
o-first,17324561232332,6,24023,144123,56193,144123,48046,24017,24007
stage2,17326452212111,7,50692,304137,304137,304137,0,0,0
o-first,17326452212111,7,50692,304137,118613,304137,101382,50685,50675
stage2,17356241212313,6,24434,146579,146579,146579,0,0,0
o-first,17356241212313,6,24434,146579,58309,146579,48864,24428,24418
stage2,17356242211331,6,38727,232340,232340,232340,0,0,0
o-first,17356242211331,6,38727,232340,90361,232340,77451,38721,38711
stage2,17362451211311,6,23992,143938,143938,143938,0,0,0
o-first,17362451211311,6,23992,143938,57347,143938,47984,23986,23976
stage2,17362451231321,6,26968,161796,161796,161796,0,0,0
o-first,17362451231321,6,26968,161796,62683,161796,53936,26962,26952
stage2,17362452213311,6,41477,248848,248848,248848,0,0,0
o-first,17362452213311,6,41477,248848,97264,248848,82954,41471,41461
stage2,17364251231231,6,32158,192934,192934,192934,0,0,0
o-first,17364251231231,6,32158,192934,69736,192934,64315,32152,32142
stage2,17423653213232,6,27278,163649,163649,163649,0,0,0
o-first,17423653213232,6,27278,163649,61597,163649,54554,27272,27262
stage2,17425631122112,6,29314,175865,175865,175865,0,0,0
o-first,17425631122112,6,29314,175865,68683,175865,58625,29308,29298
stage2,17425631223113,6,26285,157694,157694,157694,0,0,0
o-first,17425631223113,6,26285,157694,59967,157694,52570,26279,26269
stage2,17425631313113,6,28522,171113,171113,171113,0,0,0
o-first,17425631313113,6,28522,171113,67085,171113,57043,28516,28506
stage2,17425631322113,6,33556,201316,201316,201316,0,0,0
o-first,17425631322113,6,33556,201316,77197,201316,67110,33550,33540
stage2,17425631322332,6,39437,236602,236602,236602,0,0,0
o-first,17425631322332,6,39437,236602,91663,236602,78872,39431,39421
stage2,17425631323112,6,33939,203620,203620,203620,0,0,0
o-first,17425631323112,6,33939,203620,78751,203620,67878,33933,33923
stage2,17425631323223,6,27620,165706,165706,165706,0,0,0
o-first,17425631323223,6,27620,165706,64947,165706,55240,27614,27604
stage2,17425631332112,6,26950,161678,161678,161678,0,0,0
o-first,17425631332112,6,26950,161678,61298,161678,53896,26944,26934
stage2,17426531112233,7,29280,175672,175672,175672,0,0,0
o-first,17426531112233,7,29280,175672,69484,175672,58561,29273,29263
stage2,17426531121212,7,33001,197991,197991,197991,0,0,0
o-first,17426531121212,7,33001,197991,78174,197991,66002,32994,32984
stage2,17426531132312,7,32296,193759,193759,193759,0,0,0
o-first,17426531132312,7,32296,193759,75478,193759,64590,32289,32279
stage2,17426531213123,7,35189,211119,211119,211119,0,0,0
o-first,17426531213123,7,35189,211119,81978,211119,70378,35182,35172
stage2,17426531223221,6,25902,155382,155382,155382,0,0,0
o-first,17426531223221,6,25902,155382,58295,155382,51799,25896,25886
stage2,17426531232233,7,41160,246948,246948,246948,0,0,0
o-first,17426531232233,7,41160,246948,97169,246948,82319,41153,41143
stage2,17426531313131,7,33121,198709,198709,198709,0,0,0
o-first,17426531313131,7,33121,198709,78338,198709,66242,33114,33104
stage2,17426531331332,6,27170,163006,163006,163006,0,0,0
o-first,17426531331332,6,27170,163006,61128,163006,54339,27164,27154
stage2,17426532121211,7,30123,180716,180716,180716,0,0,0
o-first,17426532121211,7,30123,180716,71938,180716,60243,30116,30106
stage2,17426532331331,6,29820,178891,178891,178891,0,0,0
o-first,17426532331331,6,29820,178891,67008,178891,59636,29814,29804
stage2,17435622211133,7,39503,237006,237006,237006,0,0,0
o-first,17435622211133,7,39503,237006,88054,237006,79007,39496,39486
stage2,17435623211123,7,42562,255360,255360,255360,0,0,0
o-first,17435623211123,7,42562,255360,97811,255360,85125,42555,42545
stage2,17436521323232,7,25977,155855,155855,155855,0,0,0
o-first,17436521323232,7,25977,155855,61237,155855,51955,25970,25960
stage2,17452363213232,6,26192,157134,157134,157134,0,0,0
o-first,17452363213232,6,26192,157134,59466,157134,52382,26186,26176
stage2,17452363322132,7,26384,158281,158281,158281,0,0,0
o-first,17452363322132,7,26384,158281,61059,158281,52765,26377,26367
stage2,17452633213232,6,33814,202876,202876,202876,0,0,0
o-first,17452633213232,6,33814,202876,72352,202876,67629,33808,33798
stage2,17453262211133,7,30050,180278,180278,180278,0,0,0
o-first,17453262211133,7,30050,180278,70022,180278,60097,30043,30033
stage2,17462352213311,7,31241,187425,187425,187425,0,0,0
o-first,17462352213311,7,31241,187425,72116,187425,62480,31234,31224
stage2,17463251122112,6,28947,173664,173664,173664,0,0,0
o-first,17463251122112,6,28947,173664,67507,173664,57892,28941,28931
stage2,17463251221331,6,24399,146372,146372,146372,0,0,0
o-first,17463251221331,6,24399,146372,54858,146372,48796,24393,24383
stage2,17463251313113,6,28104,168602,168602,168602,0,0,0
o-first,17463251313113,6,28104,168602,65617,168602,56204,28098,28088
stage2,17463251321231,6,30353,182098,182098,182098,0,0,0
o-first,17463251321231,6,30353,182098,70368,182098,60704,30347,30337
stage2,17463251323112,6,34627,207750,207750,207750,0,0,0
o-first,17463251323112,6,34627,207750,79793,207750,69254,34621,34611
stage2,17463251331221,6,25915,155472,155472,155472,0,0,0
o-first,17463251331221,6,25915,155472,58249,155472,51828,25909,25899
stage2,17526431131121,7,29113,174674,174674,174674,0,0,0
o-first,17526431131121,7,29113,174674,66494,174674,58228,29106,29096
stage2,17526431231321,7,30671,184008,184008,184008,0,0,0
o-first,17526431231321,7,30671,184008,70379,184008,61340,30664,30654
stage2,17526432123233,7,40595,243564,243564,243564,0,0,0
o-first,17526432123233,7,40595,243564,95265,243564,81192,40588,40578
stage2,17543261111111,6,41440,248620,248620,248620,0,0,0
o-first,17543261111111,6,41440,248620,105565,248620,82878,41434,41424
stage2,17543261132111,6,26374,158219,158219,158219,0,0,0
o-first,17543261132111,6,26374,158219,61814,158219,52745,26368,26358
stage2,17642531111111,6,31286,187694,187694,187694,0,0,0
o-first,17642531111111,6,31286,187694,81795,187694,62569,31280,31270
stage2,17642531112233,6,37534,225188,225188,225188,0,0,0
o-first,17642531112233,6,37534,225188,88831,225188,75067,37528,37518
stage2,17642533312211,6,26713,160264,160264,160264,0,0,0
o-first,17642533312211,6,26713,160264,63648,160264,53425,26707,26697
stage2,17643251122112,7,31628,189756,189756,189756,0,0,0
o-first,17643251122112,7,31628,189756,73461,189756,63255,31621,31611
stage2,21345671111111,5,38998,233961,233961,233961,0,0,0
o-first,21345671111111,5,38998,233961,98227,233961,77991,38993,38983
stage2,21345762223322,7,46576,279445,279445,279445,0,0,0
o-first,21345762223322,7,46576,279445,104369,279445,93152,46569,46559
stage2,21345762312323,7,36797,220769,220769,220769,0,0,0
o-first,21345762312323,7,36797,220769,83095,220769,73594,36790,36780
stage2,21345762313223,7,33083,198482,198482,198482,0,0,0
o-first,21345762313223,7,33083,198482,74688,198482,66165,33076,33066
stage2,21345763332233,7,35499,212978,212978,212978,0,0,0
o-first,21345763332233,7,35499,212978,79565,212978,70997,35492,35482
stage2,21346752313322,7,39613,237665,237665,237665,0,0,0
o-first,21346752313322,7,39613,237665,93898,237665,79225,39606,39596
stage2,21347562312323,7,49559,297337,297337,297337,0,0,0
o-first,21347562312323,7,49559,297337,115322,297337,99117,49552,49542
stage2,21354671122112,7,28924,173521,173521,173521,0,0,0
o-first,21354671122112,7,28924,173521,68482,173521,57846,28917,28907
stage2,21354671131313,7,35650,213894,213894,213894,0,0,0
o-first,21354671131313,7,35650,213894,85474,213894,71301,35643,35633
stage2,21354671221112,7,29417,176488,176488,176488,0,0,0
o-first,21354671221112,7,29417,176488,69609,176488,58835,29410,29400
stage2,21354672311123,7,32594,195559,195559,195559,0,0,0
o-first,21354672311123,7,32594,195559,77867,195559,65190,32587,32577
stage2,21354672311132,7,35739,214421,214421,214421,0,0,0
o-first,21354672311132,7,35739,214421,88075,214421,71478,35732,35722
stage2,21354672313211,7,101180,607070,607070,607070,0,0,0
o-first,21354672313211,7,101180,607070,252139,607070,202361,101173,101163
stage2,21354673131113,7,35469,212798,212798,212798,0,0,0
o-first,21354673131113,7,35469,212798,84923,212798,70937,35462,35452
stage2,21354761112233,6,30241,181424,181424,181424,0,0,0
o-first,21354761112233,6,30241,181424,71348,181424,60478,30235,30225
stage2,21354761112311,6,28223,169321,169321,169321,0,0,0
o-first,21354761112311,6,28223,169321,66302,169321,56445,28217,28207
stage2,21354761113211,6,31309,187837,187837,187837,0,0,0
o-first,21354761113211,6,31309,187837,73359,187837,62617,31303,31293
stage2,21354761113322,6,28658,171930,171930,171930,0,0,0
o-first,21354761113322,6,28658,171930,67050,171930,57314,28652,28642
stage2,21354761122211,6,37592,225532,225532,225532,0,0,0
o-first,21354761122211,6,37592,225532,89245,225532,75182,37586,37576
stage2,21354761133311,6,31543,189239,189239,189239,0,0,0
o-first,21354761133311,6,31543,189239,75060,189239,63083,31537,31527
stage2,21354762213311,6,26399,158374,158374,158374,0,0,0
o-first,21354762213311,6,26399,158374,62429,158374,52796,26393,26383
stage2,21354763312211,6,28200,169183,169183,169183,0,0,0
o-first,21354763312211,6,28200,169183,65887,169183,56397,28194,28184
stage2,21357462311111,7,39042,234234,234234,234234,0,0,0
o-first,21357462311111,7,39042,234234,87146,234234,78083,39035,39025
stage2,21357463213331,7,36115,216673,216673,216673,0,0,0
o-first,21357463213331,7,36115,216673,78236,216673,72228,36108,36098
stage2,21357642221132,7,37659,225940,225940,225940,0,0,0
o-first,21357642221132,7,37659,225940,86702,225940,75318,37652,37642
stage2,21364752311111,7,33791,202735,202735,202735,0,0,0
o-first,21364752311111,7,33791,202735,75262,202735,67582,33784,33774
stage2,21364753212212,7,31815,190870,190870,190870,0,0,0
o-first,21364753212212,7,31815,190870,69359,190870,63629,31808,31798
stage2,21365742221312,7,27602,165597,165597,165597,0,0,0
o-first,21365742221312,7,27602,165597,63876,165597,55203,27595,27585
stage2,21365742312323,7,33401,200396,200396,200396,0,0,0
o-first,21365742312323,7,33401,200396,78954,200396,66802,33394,33384
stage2,21367451311331,6,28639,171815,171815,171815,0,0,0
o-first,21367451311331,6,28639,171815,66738,171815,57277,28633,28623
stage2,21367452112112,6,28128,168746,168746,168746,0,0,0
o-first,21367452112112,6,28128,168746,65563,168746,56252,28122,28112
stage2,21374653333121,7,31308,187833,187833,187833,0,0,0
o-first,21374653333121,7,31308,187833,69077,187833,62615,31301,31291
stage2,21375462312233,7,30707,184230,184230,184230,0,0,0
o-first,21375462312233,7,30707,184230,73375,184230,61414,30700,30690
stage2,21375463333211,7,33295,199760,199760,199760,0,0,0
o-first,21375463333211,7,33295,199760,76775,199760,66590,33288,33278
stage2,21376541111123,7,30043,180238,180238,180238,0,0,0
o-first,21376541111123,7,30043,180238,69212,180238,60084,30036,30026
stage2,21376541112311,7,29007,174030,174030,174030,0,0,0
o-first,21376541112311,7,29007,174030,67739,174030,58014,29000,28990
stage2,21376541122211,7,39455,236715,236715,236715,0,0,0
o-first,21376541122211,7,39455,236715,92271,236715,78909,39448,39438
stage2,21376541131133,7,30720,184300,184300,184300,0,0,0
o-first,21376541131133,7,30720,184300,72676,184300,61438,30713,30703
stage2,21457631321123,6,40954,245711,245711,245711,0,0,0
o-first,21457631321123,6,40954,245711,95792,245711,81908,40948,40938
stage2,21473563331312,8,36589,219531,219531,219531,0,0,0
o-first,21473563331312,8,36589,219531,79956,219531,73181,36581,36571
stage2,21536742222131,7,36055,216318,216318,216318,0,0,0
o-first,21536742222131,7,36055,216318,79468,216318,72110,36048,36038
stage2,21654372231323,7,31738,190424,190424,190424,0,0,0
o-first,21654372231323,7,31738,190424,75684,190424,63478,31731,31721
stage2,21654372233321,7,28976,173847,173847,173847,0,0,0
o-first,21654372233321,7,28976,173847,68299,173847,57953,28969,28959
stage2,21654373332122,6,28515,171066,171066,171066,0,0,0
o-first,21654373332122,6,28515,171066,65432,171066,57026,28509,28499
stage2,21654373332221,7,28308,169835,169835,169835,0,0,0
o-first,21654373332221,7,28308,169835,65713,169835,56615,28301,28291
stage2,21734652123131,6,27833,166978,166978,166978,0,0,0
o-first,21734652123131,6,27833,166978,67704,166978,55665,27827,27817
stage2,23147562123131,8,40273,241632,241632,241632,0,0,0
o-first,23147562123131,8,40273,241632,96407,241632,80549,40265,40255
stage2,23147651112323,7,33238,199417,199417,199417,0,0,0
o-first,23147651112323,7,33238,199417,81813,199417,66477,33231,33221
stage2,23147652312323,7,28959,173736,173736,173736,0,0,0
o-first,23147652312323,7,28959,173736,67973,173736,57916,28952,28942
stage2,23156471222132,7,31144,186844,186844,186844,0,0,0
o-first,23156471222132,7,31144,186844,71363,186844,62285,31137,31127
stage2,23156471333132,7,26384,158280,158280,158280,0,0,0
o-first,23156471333132,7,26384,158280,60607,158280,52765,26377,26367
stage2,23156473323332,7,29289,175720,175720,175720,0,0,0
o-first,23156473323332,7,29289,175720,68717,175720,58577,29282,29272
stage2,23157461231333,7,33020,198105,198105,198105,0,0,0
o-first,23157461231333,7,33020,198105,73607,198105,66039,33013,33003
stage2,23157462131123,7,41196,247164,247164,247164,0,0,0
o-first,23157462131123,7,41196,247164,92119,247164,82392,41189,41179
stage2,23164573213133,7,33006,198010,198010,198010,0,0,0
o-first,23164573213133,7,33006,198010,72436,198010,66009,32999,32989
stage2,23164752131312,7,31524,189133,189133,189133,0,0,0
o-first,23164752131312,7,31524,189133,74580,189133,63049,31517,31507
stage2,23164753333313,7,30682,184074,184074,184074,0,0,0
o-first,23164753333313,7,30682,184074,72382,184074,61362,30675,30665
stage2,23165471111111,6,33358,200127,200127,200127,0,0,0
o-first,23165471111111,6,33358,200127,84553,200127,66713,33352,33342
stage2,23165471311133,6,30134,180784,180784,180784,0,0,0
o-first,23165471311133,6,30134,180784,72414,180784,60266,30128,30118
stage2,23165471312132,6,28030,168161,168161,168161,0,0,0
o-first,23165471312132,6,28030,168161,65705,168161,56059,28024,28014
stage2,23165472111122,6,31455,188718,188718,188718,0,0,0
o-first,23165472111122,6,31455,188718,75662,188718,62910,31449,31439
stage2,23165472111332,6,26904,161400,161400,161400,0,0,0
o-first,23165472111332,6,26904,161400,62905,161400,53806,26898,26888
stage2,23165472132332,6,30947,185658,185658,185658,0,0,0
o-first,23165472132332,6,30947,185658,70960,185658,61890,30941,30931
stage2,23165472311111,6,28808,172834,172834,172834,0,0,0
o-first,23165472311111,6,28808,172834,67480,172834,57616,28802,28792
stage2,23165473233221,6,34094,204547,204547,204547,0,0,0
o-first,23165473233221,6,34094,204547,79266,204547,68187,34088,34078
stage2,23165741112323,9,41799,250787,250787,250787,0,0,0
o-first,23165741112323,9,41799,250787,101684,250787,83600,41790,41780
stage2,23165741231312,8,38005,228022,228022,228022,0,0,0
o-first,23165741231312,8,38005,228022,84242,228022,76011,37997,37987
stage2,23165742123131,9,37715,226287,226287,226287,0,0,0
o-first,23165742123131,9,37715,226287,87772,226287,75434,37706,37696
stage2,23165742131321,8,46464,278776,278776,278776,0,0,0
o-first,23165742131321,8,46464,278776,103063,278776,92929,46456,46446
stage2,23165742131333,8,54348,326085,326085,326085,0,0,0
o-first,23165742131333,8,54348,326085,121482,326085,108698,54340,54330
stage2,23165742312323,7,37609,225629,225629,225629,0,0,0
o-first,23165742312323,7,37609,225629,84712,225629,75214,37602,37592
stage2,23165743331312,8,54495,326964,326964,326964,0,0,0
o-first,23165743331312,8,54495,326964,122042,326964,108991,54487,54477
stage2,23167541233322,7,31622,189725,189725,189725,0,0,0
o-first,23167541233322,7,31622,189725,73121,189725,63245,31615,31605
stage2,23167542131222,7,31285,187697,187697,187697,0,0,0
o-first,23167542131222,7,31285,187697,73138,187697,62569,31278,31268
stage2,23174652123131,8,32743,196444,196444,196444,0,0,0
o-first,23174652123131,8,32743,196444,78741,196444,65485,32735,32725
stage2,23175463211222,7,34167,204994,204994,204994,0,0,0
o-first,23175463211222,7,34167,204994,75003,204994,68335,34160,34150
stage2,23176452132221,7,31463,188758,188758,188758,0,0,0
o-first,23176452132221,7,31463,188758,69965,188758,62924,31456,31446
stage2,23176453332233,7,33491,200932,200932,200932,0,0,0
o-first,23176453332233,7,33491,200932,76485,200932,66982,33484,33474
stage2,23416752121211,8,42329,253968,253968,253968,0,0,0
o-first,23416752121211,8,42329,253968,95279,253968,84660,42321,42311
stage2,23417563232123,6,27978,167853,167853,167853,0,0,0
o-first,23417563232123,6,27978,167853,66029,167853,55955,27972,27962
stage2,23456173212332,6,24339,146021,146021,146021,0,0,0
o-first,23456173212332,6,24339,146021,55115,146021,48677,24333,24323
stage2,23456173233122,7,31085,186496,186496,186496,0,0,0
o-first,23456173233122,7,31085,186496,72092,186496,62170,31078,31068
stage2,23456713212332,6,25310,151835,151835,151835,0,0,0
o-first,23456713212332,6,25310,151835,56471,151835,50616,25304,25294
stage2,23475162121112,8,39640,237822,237822,237822,0,0,0
o-first,23475162121112,8,39640,237822,87496,237822,79278,39632,39622
stage2,23517462131333,8,42664,255977,255977,255977,0,0,0
o-first,23517462131333,8,42664,255977,93398,255977,85330,42656,42646
stage2,23576412233321,6,28263,169562,169562,169562,0,0,0
o-first,23576412233321,6,28263,169562,67003,169562,56525,28257,28247
stage2,23576412312323,6,27132,162773,162773,162773,0,0,0
o-first,23576412312323,6,27132,162773,64122,162773,54262,27126,27116
stage2,23657142121112,8,42967,257788,257788,257788,0,0,0
o-first,23657142121112,8,42967,257788,96828,257788,85934,42959,42949
stage2,23671452122333,7,59120,354709,354709,354709,0,0,0
o-first,23671452122333,7,59120,354709,129675,354709,118240,59113,59103
stage2,23674153232321,6,25605,153608,153608,153608,0,0,0
o-first,23674153232321,6,25605,153608,60436,153608,51206,25599,25589
stage2,23751461132123,6,24457,146720,146720,146720,0,0,0
o-first,23751461132123,6,24457,146720,58453,146720,48911,24451,24441
stage2,23751463112321,6,24730,148359,148359,148359,0,0,0
o-first,23751463112321,6,24730,148359,58899,148359,49458,24724,24714
stage2,23756143222331,6,30859,185147,185147,185147,0,0,0
o-first,23756143222331,6,30859,185147,68675,185147,61720,30853,30843
stage2,23756411222312,6,38126,228732,228732,228732,0,0,0
o-first,23756411222312,6,38126,228732,77002,228732,76248,38120,38110
stage2,23756413222112,6,39856,239118,239118,239118,0,0,0
o-first,23756413222112,6,39856,239118,80626,239118,79710,39850,39840
stage2,23756413223312,6,38219,229293,229293,229293,0,0,0
o-first,23756413223312,6,38219,229293,77384,229293,76435,38213,38203
stage2,23756413322312,6,40021,240111,240111,240111,0,0,0
o-first,23756413322312,6,40021,240111,80852,240111,80041,40015,40005
stage2,24153672321233,8,31346,188063,188063,188063,0,0,0
o-first,24153672321233,8,31346,188063,72427,188063,62692,31338,31328
stage2,24157361313212,6,28605,171612,171612,171612,0,0,0
o-first,24157361313212,6,28605,171612,67156,171612,57209,28599,28589
stage2,24157362323111,6,28189,169121,169121,169121,0,0,0
o-first,24157362323111,6,28189,169121,66383,169121,56378,28183,28173
stage2,24167353132232,6,41375,248241,248241,248241,0,0,0
o-first,24167353132232,6,41375,248241,88838,248241,82751,41369,41359
stage2,24173652323231,6,26105,156612,156612,156612,0,0,0
o-first,24173652323231,6,26105,156612,62052,156612,52208,26099,26089
stage2,24315673311311,6,49483,296892,296892,296892,0,0,0
o-first,24315673311311,6,49483,296892,117386,296892,98967,49477,49467
stage2,24315761122322,7,34399,206384,206384,206384,0,0,0
o-first,24315761122322,7,34399,206384,79643,206384,68798,34392,34382
stage2,24315762213323,7,31406,188419,188419,188419,0,0,0
o-first,24315762213323,7,31406,188419,75022,188419,62811,31399,31389
stage2,24351671212211,6,39410,236453,236453,236453,0,0,0
o-first,24351671212211,6,39410,236453,92784,236453,78821,39404,39394
stage2,24351673111133,6,40110,240655,240655,240655,0,0,0
o-first,24351673111133,6,40110,240655,95854,240655,80223,40104,40094
stage2,24351673311311,6,46433,278583,278583,278583,0,0,0
o-first,24351673311311,6,46433,278583,109817,278583,92865,46427,46417
stage2,24351761111123,7,47500,284986,284986,284986,0,0,0
o-first,24351761111123,7,47500,284986,108574,284986,94999,47493,47483
stage2,24351761212232,7,33511,201057,201057,201057,0,0,0
o-first,24351761212232,7,33511,201057,73493,201057,67022,33504,33494
stage2,24367511323112,6,35069,210401,210401,210401,0,0,0
o-first,24367511323112,6,35069,210401,82570,210401,70137,35063,35053
stage2,24367513111121,6,26234,157383,157383,157383,0,0,0
o-first,24367513111121,6,26234,157383,62744,157383,52465,26228,26218
stage2,24376512222122,7,43018,258095,258095,258095,0,0,0
o-first,24376512222122,7,43018,258095,94405,258095,86036,43011,43001
stage2,24516732233111,7,32041,192228,192228,192228,0,0,0
o-first,24516732233111,7,32041,192228,76242,192228,64080,32034,32024
stage2,24531673123121,6,35831,214973,214973,214973,0,0,0
o-first,24531673123121,6,35831,214973,79606,214973,71662,35825,35815
stage2,24536713231232,7,31903,191406,191406,191406,0,0,0
o-first,24536713231232,7,31903,191406,69211,191406,63807,31896,31886
stage2,24537613231322,7,41501,248991,248991,248991,0,0,0
o-first,24537613231322,7,41501,248991,96118,248991,83001,41494,41484
stage2,24561372111131,6,31292,187732,187732,187732,0,0,0
o-first,24561372111131,6,31292,187732,73745,187732,62582,31286,31276
stage2,24563711121212,8,39736,238407,238407,238407,0,0,0
o-first,24563711121212,8,39736,238407,87872,238407,79473,39728,39718
stage2,24563712121232,8,40051,240297,240297,240297,0,0,0
o-first,24563712121232,8,40051,240297,88810,240297,80103,40043,40033
stage2,24563713121222,8,51354,308118,308118,308118,0,0,0
o-first,24563713121222,8,51354,308118,111824,308118,102710,51346,51336
stage2,24571362221213,8,37036,222197,222197,222197,0,0,0
o-first,24571362221213,8,37036,222197,80617,222197,74070,37028,37018
stage2,24571631121212,8,36935,221592,221592,221592,0,0,0
o-first,24571631121212,8,36935,221592,83361,221592,73868,36927,36917
stage2,24615371112332,7,29673,178023,178023,178023,0,0,0
o-first,24615371112332,7,29673,178023,68347,178023,59345,29666,29656
stage2,24615372213311,7,56247,337469,337469,337469,0,0,0
o-first,24615372213311,7,56247,337469,127465,337469,112495,56240,56230
stage2,24615731122313,7,39033,234193,234193,234193,0,0,0
o-first,24615731122313,7,39033,234193,87265,234193,78068,39026,39016
stage2,24615731132333,7,53480,320875,320875,320875,0,0,0
o-first,24615731132333,7,53480,320875,120521,320875,106962,53473,53463
stage2,24615732111323,7,47199,283192,283192,283192,0,0,0
o-first,24615732111323,7,47199,283192,105269,283192,94401,47192,47182
stage2,24615732213311,7,32208,193232,193232,193232,0,0,0
o-first,24615732213311,7,32208,193232,72480,193232,64415,32201,32191
stage2,24615732233321,7,38285,229697,229697,229697,0,0,0
o-first,24615732233321,7,38285,229697,85995,229697,76570,38278,38268
stage2,24615733113323,7,55016,330088,330088,330088,0,0,0
o-first,24615733113323,7,55016,330088,123859,330088,110033,55009,54999
stage2,24615733311122,7,33594,201549,201549,201549,0,0,0
o-first,24615733311122,7,33594,201549,76200,201549,67188,33587,33577
stage2,24617532233321,7,42746,256453,256453,256453,0,0,0
o-first,24617532233321,7,42746,256453,100507,256453,85489,42739,42729
stage2,24637512311132,8,40058,240330,240330,240330,0,0,0
o-first,24637512311132,8,40058,240330,96101,240330,80115,40050,40040
stage2,24651731113223,7,31260,187553,187553,187553,0,0,0
o-first,24651731113223,7,31260,187553,71601,187553,62523,31253,31243
stage2,24651731333333,7,28150,168891,168891,168891,0,0,0
o-first,24651731333333,7,28150,168891,64810,168891,56301,28143,28133
stage2,24715363311332,7,33702,202203,202203,202203,0,0,0
o-first,24715363311332,7,33702,202203,74297,202203,67404,33695,33685
stage2,24715631111111,6,35610,213652,213652,213652,0,0,0
o-first,24715631111111,6,35610,213652,91941,213652,71222,35604,35594
stage2,24715631122121,6,35341,212025,212025,212025,0,0,0
o-first,24715631122121,6,35341,212025,82129,212025,70679,35335,35325
stage2,24715631122133,6,28464,170763,170763,170763,0,0,0
o-first,24715631122133,6,28464,170763,68576,170763,56925,28458,28448
stage2,24715632313223,6,25801,154785,154785,154785,0,0,0
o-first,24715632313223,6,25801,154785,60832,154785,51599,25795,25785
stage2,24715633112111,6,25387,152302,152302,152302,0,0,0
o-first,24715633112111,6,25387,152302,59648,152302,50772,25381,25371
stage2,24715633131131,6,34439,206614,206614,206614,0,0,0
o-first,24715633131131,6,34439,206614,80057,206614,68876,34433,34423
stage2,24716532323231,7,39965,239773,239773,239773,0,0,0
o-first,24716532323231,7,39965,239773,88472,239773,79928,39958,39948
stage2,24731561111111,6,49751,298494,298494,298494,0,0,0
o-first,24731561111111,6,49751,298494,122754,298494,99501,49745,49735
stage2,24731562311231,6,28945,173654,173654,173654,0,0,0
o-first,24731562311231,6,28945,173654,67919,173654,57889,28939,28929
stage2,24736512222332,7,41596,249564,249564,249564,0,0,0
o-first,24736512222332,7,41596,249564,92881,249564,83192,41589,41579
stage2,24751362221231,7,51471,308811,308811,308811,0,0,0
o-first,24751362221231,7,51471,308811,113999,308811,102941,51464,51454
stage2,24751362321113,7,62024,372129,372129,372129,0,0,0
o-first,24751362321113,7,62024,372129,138100,372129,124047,62017,62007
stage2,24761531221223,6,40236,241401,241401,241401,0,0,0
o-first,24761531221223,6,40236,241401,86687,241401,80471,40230,40220
stage2,24763151111111,6,33234,199386,199386,199386,0,0,0
o-first,24763151111111,6,33234,199386,86047,199386,66466,33228,33218
stage2,24765313222112,6,33902,203392,203392,203392,0,0,0
o-first,24765313222112,6,33902,203392,71652,203392,67802,33896,33886
stage2,25134672233321,6,28022,168111,168111,168111,0,0,0
o-first,25134672233321,6,28022,168111,66916,168111,56042,28016,28006
stage2,25134672312323,6,26913,161463,161463,161463,0,0,0
o-first,25134672312323,6,26913,161463,64141,161463,53826,26907,26897
stage2,25134672313211,6,36089,216521,216521,216521,0,0,0
o-first,25134672313211,6,36089,216521,92373,216521,72178,36083,36073
stage2,25137461111111,6,36280,217662,217662,217662,0,0,0
o-first,25137461111111,6,36280,217662,92292,217662,72557,36274,36264
stage2,25137461211323,6,24963,149751,149751,149751,0,0,0
o-first,25137461211323,6,24963,149751,59189,149751,49922,24957,24947
stage2,25163741112323,7,33013,198057,198057,198057,0,0,0
o-first,25163741112323,7,33013,198057,79259,198057,66023,33006,32996
stage2,25314673111313,8,67246,403459,403459,403459,0,0,0
o-first,25314673111313,8,67246,403459,144455,403459,134491,67238,67228
stage2,25314673111331,8,64232,385381,385381,385381,0,0,0
o-first,25314673111331,8,64232,385381,134189,385381,128465,64224,64214
stage2,25314673131311,8,66424,398536,398536,398536,0,0,0
o-first,25314673131311,8,66424,398536,142451,398536,132850,66416,66406
stage2,25341673113311,6,55556,333324,333324,333324,0,0,0
o-first,25341673113311,6,55556,333324,130035,333324,111111,55550,55540
stage2,25341762313223,7,46967,281785,281785,281785,0,0,0
o-first,25341762313223,7,46967,281785,106915,281785,93933,46960,46950
stage2,25364172311231,6,51264,307568,307568,307568,0,0,0
o-first,25364172311231,6,51264,307568,121938,307568,102527,51258,51248
stage2,25364173223231,6,24248,145466,145466,145466,0,0,0
o-first,25364173223231,6,24248,145466,56744,145466,48493,24242,24232
stage2,25367411211122,7,34302,205791,205791,205791,0,0,0
o-first,25367411211122,7,34302,205791,79957,205791,68602,34295,34285
stage2,25413672323111,6,51618,309695,309695,309695,0,0,0
o-first,25413672323111,6,51618,309695,122441,309695,103236,51612,51602
stage2,25413763121222,8,35858,215132,215132,215132,0,0,0
o-first,25413763121222,8,35858,215132,78422,215132,71716,35850,35840
stage2,25436711311313,5,30326,181938,181938,181938,0,0,0
o-first,25436711311313,5,30326,181938,71240,181938,60650,30321,30311
stage2,25436712123122,5,28207,169224,169224,169224,0,0,0
o-first,25436712123122,5,28207,169224,66421,169224,56414,28202,28192
stage2,25436712123332,5,31249,187470,187470,187470,0,0,0
o-first,25436712123332,5,31249,187470,75248,187470,62494,31244,31234
stage2,25436712132122,5,30900,185387,185387,185387,0,0,0
o-first,25436712132122,5,30900,185387,71261,185387,61799,30895,30885
stage2,25436712323231,5,28183,169075,169075,169075,0,0,0
o-first,25436712323231,5,28183,169075,65840,169075,56363,28178,28168
stage2,25436713232321,5,30306,181811,181811,181811,0,0,0
o-first,25436713232321,5,30306,181811,71725,181811,60607,30301,30291
stage2,25436713332122,5,28739,172420,172420,172420,0,0,0
o-first,25436713332122,5,28739,172420,66166,172420,57476,28734,28724
stage2,25463713212332,6,31808,190833,190833,190833,0,0,0
o-first,25463713212332,6,31808,190833,67640,190833,63614,31802,31792
stage2,25471362323132,6,30044,180247,180247,180247,0,0,0
o-first,25471362323132,6,30044,180247,71105,180247,60087,30038,30028
stage2,25471631312213,8,45196,271165,271165,271165,0,0,0
o-first,25471631312213,8,45196,271165,102339,271165,90392,45188,45178
stage2,25631741212121,8,55392,332340,332340,332340,0,0,0
o-first,25631741212121,8,55392,332340,123734,332340,110784,55384,55374
stage2,25634713321232,8,34921,209510,209510,209510,0,0,0
o-first,25634713321232,8,34921,209510,81113,209510,69841,34913,34903
stage2,25641371213132,7,33704,202212,202212,202212,0,0,0
o-first,25641371213132,7,33704,202212,75309,202212,67408,33697,33687
stage2,25714632123131,7,35980,215864,215864,215864,0,0,0
o-first,25714632123131,7,35980,215864,88400,215864,71959,35973,35963
stage2,25714632223331,7,31914,191473,191473,191473,0,0,0
o-first,25714632223331,7,31914,191473,75820,191473,63828,31907,31897
stage2,25714632313211,7,89280,535671,535671,535671,0,0,0
o-first,25714632313211,7,89280,535671,223268,535671,178560,89273,89263
stage2,25714633121333,7,34885,209296,209296,209296,0,0,0
o-first,25714633121333,7,34885,209296,83736,209296,69769,34878,34868
stage2,25716431212223,7,33580,201466,201466,201466,0,0,0
o-first,25716431212223,7,33580,201466,76673,201466,67160,33573,33563
stage2,25716433223213,7,31683,190078,190078,190078,0,0,0
o-first,25716433223213,7,31683,190078,70291,190078,63364,31676,31666
stage2,25731642232211,7,55753,334499,334499,334499,0,0,0
o-first,25731642232211,7,55753,334499,124354,334499,111504,55746,55736
stage2,25734162221111,7,31640,189819,189819,189819,0,0,0
o-first,25734162221111,7,31640,189819,72892,189819,63278,31633,31623
stage2,25734613113323,7,42854,257115,257115,257115,0,0,0
o-first,25734613113323,7,42854,257115,97930,257115,85709,42847,42837
stage2,25736141111123,6,38051,228293,228293,228293,0,0,0
o-first,25736141111123,6,38051,228293,87231,228293,76101,38045,38035
stage2,25736141233232,6,36044,216257,216257,216257,0,0,0
o-first,25736141233232,6,36044,216257,80371,216257,72089,36038,36028
stage2,25736411133113,7,34389,206318,206318,206318,0,0,0
o-first,25736411133113,7,34389,206318,80438,206318,68777,34382,34372
stage2,25736411231321,7,31037,186216,186216,186216,0,0,0
o-first,25736411231321,7,31037,186216,74821,186216,62075,31030,31020
stage2,25736411321312,7,26459,158736,158736,158736,0,0,0
o-first,25736411321312,7,26459,158736,60779,158736,52917,26452,26442
stage2,25736411331113,7,32853,197102,197102,197102,0,0,0
o-first,25736411331113,7,32853,197102,76996,197102,65705,32846,32836
stage2,25736413123112,7,27574,165432,165432,165432,0,0,0
o-first,25736413123112,7,27574,165432,63722,165432,55149,27567,27557
stage2,25741361232113,8,38124,228734,228734,228734,0,0,0
o-first,25741361232113,8,38124,228734,91830,228734,76249,38116,38106
stage2,25741632222323,7,32186,193106,193106,193106,0,0,0
o-first,25741632222323,7,32186,193106,76488,193106,64372,32179,32169
stage2,25741632312323,7,29031,174177,174177,174177,0,0,0
o-first,25741632312323,7,29031,174177,68219,174177,58063,29024,29014
stage2,25743611233232,6,30036,180200,180200,180200,0,0,0
o-first,25743611233232,6,30036,180200,65082,180200,60071,30030,30020
stage2,25763142223133,7,36569,219400,219400,219400,0,0,0
o-first,25763142223133,7,36569,219400,84759,219400,73137,36562,36552
stage2,25763411332322,7,27753,166504,166504,166504,0,0,0
o-first,25763411332322,7,27753,166504,64070,166504,55506,27746,27736
stage2,26135742132221,7,34692,208148,208148,208148,0,0,0
o-first,26135742132221,7,34692,208148,78895,208148,69386,34685,34675
stage2,26135742213323,7,31987,191899,191899,191899,0,0,0
o-first,26135742213323,7,31987,191899,75783,191899,63971,31980,31970
stage2,26135742332312,7,33065,198374,198374,198374,0,0,0
o-first,26135742332312,7,33065,198374,75312,198374,66128,33058,33048
stage2,26153471122121,6,32566,195378,195378,195378,0,0,0
o-first,26153471122121,6,32566,195378,75533,195378,65130,32560,32550
stage2,26153473131131,6,29563,177359,177359,177359,0,0,0
o-first,26153473131131,6,29563,177359,68578,177359,59125,29557,29547
stage2,26153473132121,6,28829,172949,172949,172949,0,0,0
o-first,26153473132121,6,28829,172949,65903,172949,57653,28823,28813
stage2,26154372332213,7,64044,384249,384249,384249,0,0,0
o-first,26154372332213,7,64044,384249,141540,384249,128086,64037,64027
stage2,26175432331133,7,35343,212043,212043,212043,0,0,0
o-first,26175432331133,7,35343,212043,78184,212043,70685,35336,35326
stage2,26317451212211,7,51326,307950,307950,307950,0,0,0
o-first,26317451212211,7,51326,307950,120745,307950,102653,51319,51309
stage2,26345711223113,5,23929,143550,143550,143550,0,0,0
o-first,26345711223113,5,23929,143550,55837,143550,47854,23924,23914
stage2,26371453112111,6,28183,169082,169082,169082,0,0,0
o-first,26371453112111,6,28183,169082,66454,169082,56364,28177,28167
stage2,26415731322323,7,27761,166554,166554,166554,0,0,0
o-first,26415731322323,7,27761,166554,64221,166554,55522,27754,27744
stage2,26415732121223,7,27639,165825,165825,165825,0,0,0
o-first,26415732121223,7,27639,165825,64304,165825,55279,27632,27622
stage2,26415732233321,7,34267,205586,205586,205586,0,0,0
o-first,26415732233321,7,34267,205586,80032,205586,68532,34260,34250
stage2,26435712222122,8,50631,303775,303775,303775,0,0,0
o-first,26435712222122,8,50631,303775,112649,303775,101262,50623,50613
stage2,26435712233321,7,37420,224507,224507,224507,0,0,0
o-first,26435712233321,7,37420,224507,84171,224507,74840,37413,37403
stage2,26435712311132,9,35716,214281,214281,214281,0,0,0
o-first,26435712311132,9,35716,214281,83463,214281,71432,35707,35697
stage2,26435712322322,8,47118,282703,282703,282703,0,0,0
o-first,26435712322322,8,47118,282703,103961,282703,94238,47110,47100
stage2,26435713311122,7,35265,211572,211572,211572,0,0,0
o-first,26435713311122,7,35265,211572,79882,211572,70529,35258,35248
stage2,26435713333133,8,42884,257291,257291,257291,0,0,0
o-first,26435713333133,8,42884,257291,95614,257291,85768,42876,42866
stage2,26437512122312,7,31488,188918,188918,188918,0,0,0
o-first,26437512122312,7,31488,188918,73400,188918,62976,31481,31471
stage2,26453172211133,7,34837,209008,209008,209008,0,0,0
o-first,26453172211133,7,34837,209008,81257,209008,69673,34830,34820
stage2,26453711333333,7,31358,188131,188131,188131,0,0,0
o-first,26453711333333,7,31358,188131,71951,188131,62715,31351,31341
stage2,26513471122121,7,33223,199323,199323,199323,0,0,0
o-first,26513471122121,7,33223,199323,77473,199323,66444,33216,33206
stage2,26517343333313,8,40442,242636,242636,242636,0,0,0
o-first,26517343333313,8,40442,242636,89190,242636,80883,40434,40424
stage2,26534713333313,7,43429,260555,260555,260555,0,0,0
o-first,26534713333313,7,43429,260555,102435,260555,86855,43422,43412
stage2,26543171111111,6,32898,197365,197365,197365,0,0,0
o-first,26543171111111,6,32898,197365,84823,197365,65793,32892,32882
stage2,26543171123111,6,26679,160047,160047,160047,0,0,0
o-first,26543171123111,6,26679,160047,62381,160047,53353,26673,26663
stage2,26547313131323,8,43324,259938,259938,259938,0,0,0
o-first,26547313131323,8,43324,259938,97719,259938,86650,43316,43306
stage2,26573413331312,8,35782,214669,214669,214669,0,0,0
o-first,26573413331312,8,35782,214669,78301,214669,71561,35774,35764
stage2,26714531212133,8,34670,208008,208008,208008,0,0,0
o-first,26714531212133,8,34670,208008,79057,208008,69340,34662,34652
stage2,26714532121133,8,37464,224773,224773,224773,0,0,0
o-first,26714532121133,8,37464,224773,85821,224773,74929,37456,37446
stage2,26715433231322,6,31958,191735,191735,191735,0,0,0
o-first,26715433231322,6,31958,191735,75120,191735,63916,31952,31942
stage2,26741351232113,6,27720,166294,166294,166294,0,0,0
o-first,26741351232113,6,27720,166294,67541,166294,55436,27714,27704
stage2,26743512121232,8,43281,259680,259680,259680,0,0,0
o-first,26743512121232,8,43281,259680,97778,259680,86564,43273,43263
stage2,27134561131133,7,32115,192671,192671,192671,0,0,0
o-first,27134561131133,7,32115,192671,74132,192671,64228,32108,32098
stage2,27154632311132,6,28885,173290,173290,173290,0,0,0
o-first,27154632311132,6,28885,173290,70130,173290,57769,28879,28869
stage2,27314652313211,6,35152,210899,210899,210899,0,0,0
o-first,27314652313211,6,35152,210899,91175,210899,70304,35146,35136
stage2,27365412321212,8,41793,250749,250749,250749,0,0,0
o-first,27365412321212,8,41793,250749,94316,250749,83587,41785,41775
stage2,27415363131113,8,40458,242731,242731,242731,0,0,0
o-first,27415363131113,8,40458,242731,89082,242731,80915,40450,40440
stage2,27415632323231,7,34600,207583,207583,207583,0,0,0
o-first,27415632323231,7,34600,207583,77438,207583,69198,34593,34583
stage2,27415633321322,7,42691,256133,256133,256133,0,0,0
o-first,27415633321322,7,42691,256133,94107,256133,85382,42684,42674
stage2,27416532133232,6,28799,172778,172778,172778,0,0,0
o-first,27416532133232,6,28799,172778,67321,172778,57596,28793,28783
stage2,27416533321232,6,34976,209836,209836,209836,0,0,0
o-first,27416533321232,6,34976,209836,82597,209836,69950,34970,34960
stage2,27435612122222,7,31073,186430,186430,186430,0,0,0
o-first,27435612122222,7,31073,186430,72794,186430,62148,31066,31056
stage2,27453161123111,6,25667,153986,153986,153986,0,0,0
o-first,27453161123111,6,25667,153986,60919,153986,51334,25661,25651
stage2,27453161132111,6,30116,180694,180694,180694,0,0,0
o-first,27453161132111,6,30116,180694,71016,180694,60234,30110,30100
stage2,27456133132223,7,32694,196154,196154,196154,0,0,0
o-first,27456133132223,7,32694,196154,75290,196154,65389,32687,32677
stage2,27516341111111,6,31647,189849,189849,189849,0,0,0
o-first,27516341111111,6,31647,189849,80124,189849,63289,31641,31631
stage2,27534161111111,6,31479,188851,188851,188851,0,0,0
o-first,27534161111111,6,31479,188851,80152,188851,62955,31473,31463
stage2,27534161111123,6,41802,250795,250795,250795,0,0,0
o-first,27534161111123,6,41802,250795,97481,250795,83603,41796,41786
stage2,27534162311111,6,29130,174768,174768,174768,0,0,0
o-first,27534162311111,6,29130,174768,68334,174768,58260,29124,29114
stage2,27534612311132,8,34079,204460,204460,204460,0,0,0
o-first,27534612311132,8,34079,204460,82338,204460,68157,34071,34061
stage2,27536412332312,7,31499,188980,188980,188980,0,0,0
o-first,27536412332312,7,31499,188980,69736,188980,62998,31492,31482
stage2,27543611111123,6,36987,221912,221912,221912,0,0,0
o-first,27543611111123,6,36987,221912,87224,221912,73974,36981,36971
stage2,27543611111132,6,26279,157649,157649,157649,0,0,0
o-first,27543611111132,6,26279,157649,63065,157649,52555,26273,26263
stage2,27546312231122,7,55420,332504,332504,332504,0,0,0
o-first,27546312231122,7,55420,332504,122350,332504,110839,55413,55403
stage2,27613543333133,8,40542,243232,243232,243232,0,0,0
o-first,27613543333133,8,40542,243232,89162,243232,81082,40534,40524
stage2,27614353311332,7,35194,211151,211151,211151,0,0,0
o-first,27614353311332,7,35194,211151,77431,211151,70387,35187,35177
stage2,27615431312333,7,38346,230065,230065,230065,0,0,0
o-first,27615431312333,7,38346,230065,88191,230065,76693,38339,38329
stage2,27615432113321,7,40573,243416,243416,243416,0,0,0
o-first,27615432113321,7,40573,243416,95451,243416,81144,40566,40556
stage2,27615433313213,7,28207,169214,169214,169214,0,0,0
o-first,27615433313213,7,28207,169214,64850,169214,56410,28200,28190
stage2,27634511131133,6,31654,189905,189905,189905,0,0,0
o-first,27634511131133,6,31654,189905,75491,189905,63305,31648,31638
stage2,27634512233321,6,29631,177768,177768,177768,0,0,0
o-first,27634512233321,6,29631,177768,69226,177768,59260,29625,29615
stage2,27643513311233,7,45898,275381,275381,275381,0,0,0
o-first,27643513311233,7,45898,275381,102182,275381,91798,45891,45881
stage2,31246753312211,7,39136,234804,234804,234804,0,0,0
o-first,31246753312211,7,39136,234804,90719,234804,78273,39129,39119
stage2,31247651113232,7,28174,169038,169038,169038,0,0,0
o-first,31247651113232,7,28174,169038,65150,169038,56350,28167,28157
stage2,31247651323232,7,33260,199548,199548,199548,0,0,0
o-first,31247651323232,7,33260,199548,76876,199548,66520,33253,33243
stage2,31256471231222,7,31510,189045,189045,189045,0,0,0
o-first,31256471231222,7,31510,189045,68537,189045,63020,31503,31493
stage2,31257462222221,7,37562,225362,225362,225362,0,0,0
o-first,31257462222221,7,37562,225362,87461,225362,75124,37555,37545
stage2,31257462312311,7,31092,186545,186545,186545,0,0,0
o-first,31257462312311,7,31092,186545,71858,186545,62185,31085,31075
stage2,31257643311122,7,32680,196067,196067,196067,0,0,0
o-first,31257643311122,7,32680,196067,75299,196067,65360,32673,32663
stage2,31264572122213,7,32191,193131,193131,193131,0,0,0
o-first,31264572122213,7,32191,193131,75987,193131,64382,32184,32174
stage2,31264573132313,7,30975,185839,185839,185839,0,0,0
o-first,31264573132313,7,30975,185839,74205,185839,61950,30968,30958
stage2,31264573222223,7,31804,190811,190811,190811,0,0,0
o-first,31264573222223,7,31804,190811,75006,190811,63608,31797,31787
stage2,31264752132122,7,31994,191945,191945,191945,0,0,0
o-first,31264752132122,7,31994,191945,70615,191945,63985,31987,31977
stage2,31264752313121,7,34067,204392,204392,204392,0,0,0
o-first,31264752313121,7,34067,204392,77809,204392,68134,34060,34050
stage2,31265471111111,6,40523,243126,243126,243126,0,0,0
o-first,31265471111111,6,40523,243126,104166,243126,81046,40517,40507
stage2,31265471122112,6,28455,170713,170713,170713,0,0,0
o-first,31265471122112,6,28455,170713,66931,170713,56909,28449,28439
stage2,31265471122133,6,32570,195399,195399,195399,0,0,0
o-first,31265471122133,6,32570,195399,77985,195399,65137,32564,32554
stage2,31265471312213,6,28939,173620,173620,173620,0,0,0
o-first,31265471312213,6,28939,173620,69256,173620,57878,28933,28923
stage2,31265471313113,6,26869,161197,161197,161197,0,0,0
o-first,31265471313113,6,26869,161197,63114,161197,53737,26863,26853
stage2,31265471321111,6,25321,151909,151909,151909,0,0,0
o-first,31265471321111,6,25321,151909,59658,151909,50641,25315,25305
stage2,31265472233321,6,40604,243612,243612,243612,0,0,0
o-first,31265472233321,6,40604,243612,95659,243612,81208,40598,40588
stage2,31265472312233,6,28939,173617,173617,173617,0,0,0
o-first,31265472312233,6,28939,173617,69328,173617,57877,28933,28923
stage2,31265741233331,7,39987,239902,239902,239902,0,0,0
o-first,31265741233331,7,39987,239902,88091,239902,79973,39980,39970
stage2,31267542222233,8,37414,224470,224470,224470,0,0,0
o-first,31267542222233,8,37414,224470,84895,224470,74828,37406,37396
stage2,31267542313133,8,40577,243444,243444,243444,0,0,0
o-first,31267542313133,8,40577,243444,92240,243444,81152,40569,40559
stage2,31275461112233,7,41218,247289,247289,247289,0,0,0
o-first,31275461112233,7,41218,247289,91699,247289,82434,41211,41201
stage2,31275461322233,7,41615,249683,249683,249683,0,0,0
o-first,31275461322233,7,41615,249683,92503,249683,83232,41608,41598
stage2,31275462133211,7,34746,208457,208457,208457,0,0,0
o-first,31275462133211,7,34746,208457,77422,208457,69490,34739,34729
stage2,31275462223211,7,34902,209399,209399,209399,0,0,0
o-first,31275462223211,7,34902,209399,77754,209399,69804,34895,34885
stage2,31275462311213,7,36610,219659,219659,219659,0,0,0
o-first,31275462311213,7,36610,219659,81624,219659,73224,36603,36593
stage2,31275462312212,7,36973,221822,221822,221822,0,0,0
o-first,31275462312212,7,36973,221822,82422,221822,73945,36966,36956
stage2,31275463311122,7,39764,238566,238566,238566,0,0,0
o-first,31275463311122,7,39764,238566,89133,238566,79527,39757,39747
stage2,31276452133322,7,28662,171958,171958,171958,0,0,0
o-first,31276452133322,7,28662,171958,66057,171958,57324,28655,28645
stage2,31276452313313,7,33708,202235,202235,202235,0,0,0
o-first,31276452313313,7,33708,202235,78285,202235,67415,33701,33691
stage2,31452671323211,6,23843,143043,143043,143043,0,0,0
o-first,31452671323211,6,23843,143043,56898,143043,47686,23837,23827
stage2,31452671332232,6,25281,151668,151668,151668,0,0,0
o-first,31452671332232,6,25281,151668,60304,151668,50561,25275,25265
stage2,31452672322331,6,25400,152387,152387,152387,0,0,0
o-first,31452672322331,6,25400,152387,59953,152387,50800,25394,25384
stage2,31456722111221,7,31913,191462,191462,191462,0,0,0
o-first,31456722111221,7,31913,191462,74263,191462,63825,31906,31896
stage2,31462751111111,6,34199,205181,205181,205181,0,0,0
o-first,31462751111111,6,34199,205181,88189,205181,68398,34193,34183
stage2,31462751113322,6,29377,176249,176249,176249,0,0,0
o-first,31462751113322,6,29377,176249,69292,176249,58754,29371,29361
stage2,31475261322233,7,30696,184167,184167,184167,0,0,0
o-first,31475261322233,7,30696,184167,71530,184167,61393,30689,30679
stage2,31475262331313,7,36747,220472,220472,220472,0,0,0
o-first,31475262331313,7,36747,220472,86148,220472,73494,36740,36730
stage2,31475262333221,7,30549,183287,183287,183287,0,0,0
o-first,31475262333221,7,30549,183287,70886,183287,61099,30542,30532
stage2,31524673332122,6,43298,259778,259778,259778,0,0,0
o-first,31524673332122,6,43298,259778,96644,259778,86595,43292,43282
stage2,31527643332122,6,25576,153433,153433,153433,0,0,0
o-first,31527643332122,6,25576,153433,58379,153433,51149,25570,25560
stage2,31564272212111,6,48971,293812,293812,293812,0,0,0
o-first,31564272212111,6,48971,293812,114364,293812,97942,48965,48955
stage2,31564272213311,6,28403,170401,170401,170401,0,0,0
o-first,31564272213311,6,28403,170401,65782,170401,56805,28397,28387
stage2,31564273113311,6,31028,186148,186148,186148,0,0,0
o-first,31564273113311,6,31028,186148,72451,186148,62054,31022,31012
stage2,31572461122133,7,31639,189815,189815,189815,0,0,0
o-first,31572461122133,7,31639,189815,75302,189815,63277,31632,31622
stage2,31624751112233,6,26923,161524,161524,161524,0,0,0
o-first,31624751112233,6,26923,161524,64532,161524,53845,26917,26907
stage2,31624753312211,6,26403,158395,158395,158395,0,0,0
o-first,31624753312211,6,26403,158395,62693,158395,52804,26397,26387
stage2,31627452221333,7,40691,244134,244134,244134,0,0,0
o-first,31627452221333,7,40691,244134,88122,244134,81382,40684,40674
stage2,31654272313322,7,44635,267791,267791,267791,0,0,0
o-first,31654272313322,7,44635,267791,100595,267791,89268,44628,44618
stage2,31754621331122,6,39271,235610,235610,235610,0,0,0
o-first,31754621331122,6,39271,235610,91386,235610,78541,39265,39255
stage2,31765242322121,6,38328,229951,229951,229951,0,0,0
o-first,31765242322121,6,38328,229951,81976,229951,76655,38322,38312
stage2,32145671111111,6,53839,323022,323022,323022,0,0,0
o-first,32145671111111,6,53839,323022,137916,323022,107678,53833,53823
stage2,32145671123333,6,31025,186133,186133,186133,0,0,0
o-first,32145671123333,6,31025,186133,75169,186133,62047,31019,31009
stage2,32145671132222,6,29086,174505,174505,174505,0,0,0
o-first,32145671132222,6,29086,174505,68784,174505,58171,29080,29070
stage2,32145671221112,6,31192,187134,187134,187134,0,0,0
o-first,32145671221112,6,31192,187134,74781,187134,62382,31186,31176
stage2,32145671333333,6,30955,185715,185715,185715,0,0,0
o-first,32145671333333,6,30955,185715,73821,185715,61909,30949,30939
stage2,32145672113333,6,29170,175005,175005,175005,0,0,0
o-first,32145672113333,6,29170,175005,70530,175005,58339,29164,29154
stage2,32145672212222,6,29562,177355,177355,177355,0,0,0
o-first,32145672212222,6,29562,177355,72550,177355,59123,29556,29546
stage2,32145673112222,6,26377,158244,158244,158244,0,0,0
o-first,32145673112222,6,26377,158244,62321,158244,52752,26371,26361
stage2,32145673311113,6,30135,180790,180790,180790,0,0,0
o-first,32145673311113,6,30135,180790,74500,180790,60268,30129,30119
stage2,32146751232323,7,29949,179682,179682,179682,0,0,0
o-first,32146751232323,7,29949,179682,70125,179682,59898,29942,29932
stage2,32146752232223,7,36828,220949,220949,220949,0,0,0
o-first,32146752232223,7,36828,220949,88157,220949,73653,36821,36811
stage2,32147562313223,7,26404,158407,158407,158407,0,0,0
o-first,32147562313223,7,26404,158407,61825,158407,52807,26397,26387
stage2,32147562333233,7,47307,283824,283824,283824,0,0,0
o-first,32147562333233,7,47307,283824,110544,283824,94612,47300,47290
stage2,32147651123333,7,46103,276603,276603,276603,0,0,0
o-first,32147651123333,7,46103,276603,97755,276603,92206,46096,46086
stage2,32147651132222,7,42024,252126,252126,252126,0,0,0
o-first,32147651132222,7,42024,252126,86509,252126,84047,42017,42007
stage2,32147651213333,7,47506,285017,285017,285017,0,0,0
o-first,32147651213333,7,47506,285017,97973,285017,95010,47499,47489
stage2,32147651312222,7,43760,262549,262549,262549,0,0,0
o-first,32147651312222,7,43760,262549,92273,262549,87520,43753,43743
stage2,32147652113333,7,42596,255564,255564,255564,0,0,0
o-first,32147652113333,7,42596,255564,89658,255564,85193,42589,42579
stage2,32147652231332,7,41276,247641,247641,247641,0,0,0
o-first,32147652231332,7,41276,247641,84735,247641,82552,41269,41259
stage2,32147652233213,7,54436,326606,326606,326606,0,0,0
o-first,32147652233213,7,54436,326606,116226,326606,108873,54429,54419
stage2,32147652331322,7,44779,268654,268654,268654,0,0,0
o-first,32147652331322,7,44779,268654,92316,268654,89555,44772,44762
stage2,32147652332213,7,52670,316013,316013,316013,0,0,0
o-first,32147652332213,7,52670,316013,112551,316013,105342,52663,52653
stage2,32147653112222,7,42883,257286,257286,257286,0,0,0
o-first,32147653112222,7,42883,257286,88443,257286,85767,42876,42866
stage2,32156471111111,6,34460,206751,206751,206751,0,0,0
o-first,32156471111111,6,34460,206751,87700,206751,68921,34454,34444
stage2,32156471113211,6,27390,164320,164320,164320,0,0,0
o-first,32156471113211,6,27390,164320,64109,164320,54778,27384,27374
stage2,32156471232332,6,25222,151311,151311,151311,0,0,0
o-first,32156471232332,6,25222,151311,58438,151311,50441,25216,25206
stage2,32156472312332,6,26628,159749,159749,159749,0,0,0
o-first,32156472312332,6,26628,159749,61706,159749,53253,26622,26612
stage2,32156472332132,6,26222,157315,157315,157315,0,0,0
o-first,32156472332132,6,26222,157315,60040,157315,52443,26216,26206
stage2,32156472332321,6,28826,172946,172946,172946,0,0,0
o-first,32156472332321,6,28826,172946,68284,172946,57652,28820,28810
stage2,32156472333332,6,29825,178935,178935,178935,0,0,0
o-first,32156472333332,6,29825,178935,70622,178935,59649,29819,29809
stage2,32156473223123,6,24466,146773,146773,146773,0,0,0
o-first,32156473223123,6,24466,146773,56079,146773,48929,24460,24450
stage2,32156741112323,7,50029,300152,300152,300152,0,0,0
o-first,32156741112323,7,50029,300152,121135,300152,100055,50022,50012
stage2,32156742311123,7,26945,161657,161657,161657,0,0,0
o-first,32156742311123,7,26945,161657,64097,161657,53890,26938,26928
stage2,32156742313223,7,31936,191606,191606,191606,0,0,0
o-first,32156742313223,7,31936,191606,74991,191606,63873,31929,31919
stage2,32156742333131,7,27045,162247,162247,162247,0,0,0
o-first,32156742333131,7,27045,162247,63573,162247,54088,27038,27028
stage2,32157641232323,7,30115,180676,180676,180676,0,0,0
o-first,32157641232323,7,30115,180676,70447,180676,60230,30108,30098
stage2,32157642231323,7,30351,182090,182090,182090,0,0,0
o-first,32157642231323,7,30351,182090,72258,182090,60702,30344,30334
stage2,32164571111111,6,37519,225101,225101,225101,0,0,0
o-first,32164571111111,6,37519,225101,97490,225101,75037,37513,37503
stage2,32164571111231,6,26102,156592,156592,156592,0,0,0
o-first,32164571111231,6,26102,156592,62017,156592,52202,26096,26086
stage2,32164571232323,6,26864,161161,161161,161161,0,0,0
o-first,32164571232323,6,26864,161161,63446,161161,53725,26858,26848
stage2,32164572232223,6,32002,192000,192000,192000,0,0,0
o-first,32164572232223,6,32002,192000,77599,192000,64004,31996,31986
stage2,32164572232313,6,31940,191624,191624,191624,0,0,0
o-first,32164572232313,6,31940,191624,77778,191624,63878,31934,31924
stage2,32164572233321,6,31168,186991,186991,186991,0,0,0
o-first,32164572233321,6,31168,186991,73742,186991,62335,31162,31152
stage2,32164572312323,6,30076,180433,180433,180433,0,0,0
o-first,32164572312323,6,30076,180433,71379,180433,60149,30070,30060
stage2,32164573323212,6,28452,170689,170689,170689,0,0,0
o-first,32164573323212,6,28452,170689,67750,170689,56901,28446,28436
stage2,32165741111111,6,45045,270264,270264,270264,0,0,0
o-first,32165741111111,6,45045,270264,110752,270264,90092,45039,45029
stage2,32165741111132,6,29008,174039,174039,174039,0,0,0
o-first,32165741111132,6,29008,174039,67729,174039,58017,29002,28992
stage2,32165741233223,6,27873,167220,167220,167220,0,0,0
o-first,32165741233223,6,27873,167220,63610,167220,55744,27867,27857
stage2,32165742211112,6,36536,219204,219204,219204,0,0,0
o-first,32165742211112,6,36536,219204,86470,219204,73072,36530,36520
stage2,32165742331112,6,26863,161151,161151,161151,0,0,0
o-first,32165742331112,6,26863,161151,63098,161151,53721,26857,26847
stage2,32165743311131,6,28457,170713,170713,170713,0,0,0
o-first,32165743311131,6,28457,170713,68379,170713,56909,28451,28441
stage2,32167451111111,6,37706,226217,226217,226217,0,0,0
o-first,32167451111111,6,37706,226217,98002,226217,75409,37700,37690
stage2,32167451213333,6,30011,180053,180053,180053,0,0,0
o-first,32167451213333,6,30011,180053,70624,180053,60021,30005,29995
stage2,32167451222222,6,28835,172997,172997,172997,0,0,0
o-first,32167451222222,6,28835,172997,69160,172997,57671,28829,28819
stage2,32167451312222,6,28648,171868,171868,171868,0,0,0
o-first,32167451312222,6,28648,171868,69000,171868,57294,28642,28632
stage2,32167451333111,6,27699,166174,166174,166174,0,0,0
o-first,32167451333111,6,27699,166174,66233,166174,55396,27693,27683
stage2,32167452211121,6,29634,177787,177787,177787,0,0,0
o-first,32167452211121,6,29634,177787,72838,177787,59267,29628,29618
stage2,32167453222313,6,25559,153329,153329,153329,0,0,0
o-first,32167453222313,6,25559,153329,60661,153329,51115,25553,25543
stage2,32167453313333,6,29576,177443,177443,177443,0,0,0
o-first,32167453313333,6,29576,177443,72600,177443,59151,29570,29560
stage2,32167453321232,6,29152,174889,174889,174889,0,0,0
o-first,32167453321232,6,29152,174889,70893,174889,58301,29146,29136
stage2,32174561112323,7,36550,219288,219288,219288,0,0,0
o-first,32174561112323,7,36550,219288,89960,219288,73099,36543,36533
stage2,32174561232113,7,38100,228586,228586,228586,0,0,0
o-first,32174561232113,7,38100,228586,92931,228586,76199,38093,38083
stage2,32174561232233,7,33667,201993,201993,201993,0,0,0
o-first,32174561232233,7,33667,201993,79580,201993,67334,33660,33650
stage2,32174562231212,7,30530,183156,183156,183156,0,0,0
o-first,32174562231212,7,30530,183156,72896,183156,61057,30523,30513
stage2,32174652312332,7,26156,156926,156926,156926,0,0,0
o-first,32174652312332,7,26156,156926,59862,156926,52312,26149,26139
stage2,32174652332132,6,26685,160095,160095,160095,0,0,0
o-first,32174652332132,6,26685,160095,60205,160095,53369,26679,26669
stage2,32175461111111,6,38670,232002,232002,232002,0,0,0
o-first,32175461111111,6,38670,232002,99588,232002,77338,38664,38654
stage2,32175461113112,6,26751,160486,160486,160486,0,0,0
o-first,32175461113112,6,26751,160486,62457,160486,53500,26745,26735
stage2,32175461221112,6,27664,165967,165967,165967,0,0,0
o-first,32175461221112,6,27664,165967,65116,165967,55327,27658,27648
stage2,32175461333111,6,28554,171301,171301,171301,0,0,0
o-first,32175461333111,6,28554,171301,66820,171301,57105,28548,28538
stage2,32175462233111,6,30145,180847,180847,180847,0,0,0
o-first,32175462233111,6,30145,180847,72294,180847,60287,30139,30129
stage2,32175462312323,6,40072,240406,240406,240406,0,0,0
o-first,32175462312323,6,40072,240406,94657,240406,80140,40066,40056
stage2,32416753121222,8,47238,283424,283424,283424,0,0,0
o-first,32416753121222,8,47238,283424,104346,283424,94479,47230,47220
stage2,32417562113321,8,45201,271202,271202,271202,0,0,0
o-first,32417562113321,8,45201,271202,101704,271202,90405,45193,45183
stage2,32417652132131,6,27900,167391,167391,167391,0,0,0
o-first,32417652132131,6,27900,167391,64438,167391,55801,27894,27884
stage2,32417653132121,6,24235,145386,145386,145386,0,0,0
o-first,32417653132121,6,24235,145386,57247,145386,48466,24229,24219
stage2,32451762331121,6,24715,148268,148268,148268,0,0,0
o-first,32451762331121,6,24715,148268,57986,148268,49427,24709,24699
stage2,32456173212332,6,31681,190068,190068,190068,0,0,0
o-first,32456173212332,6,31681,190068,67986,190068,63361,31675,31665
stage2,32456711233133,7,59943,359643,359643,359643,0,0,0
o-first,32456711233133,7,59943,359643,133327,359643,119885,59936,59926
stage2,32465172112121,6,30643,183834,183834,183834,0,0,0
o-first,32465172112121,6,30643,183834,72309,183834,61282,30637,30627
stage2,32465172132131,6,25098,150565,150565,150565,0,0,0
o-first,32465172132131,6,25098,150565,57361,150565,50193,25092,25082
stage2,32465172133121,6,26279,157661,157661,157661,0,0,0
o-first,32465172133121,6,26279,157661,60376,157661,52557,26273,26263
stage2,32465172332321,6,29404,176414,176414,176414,0,0,0
o-first,32465172332321,6,29404,176414,69377,176414,58808,29398,29388
stage2,32465173123121,6,27560,165342,165342,165342,0,0,0
o-first,32465173123121,6,27560,165342,63013,165342,55118,27554,27544
stage2,32465173132121,6,28363,170157,170157,170157,0,0,0
o-first,32465173132121,6,28363,170157,65899,170157,56723,28357,28347
stage2,32465173133111,6,30694,184143,184143,184143,0,0,0
o-first,32465173133111,6,30694,184143,71984,184143,61385,30688,30678
stage2,32465173233221,6,32837,197010,197010,197010,0,0,0
o-first,32465173233221,6,32837,197010,76645,197010,65674,32831,32821
stage2,32475161232323,7,33491,200926,200926,200926,0,0,0
o-first,32475161232323,7,33491,200926,74745,200926,66981,33484,33474
stage2,32475163331222,7,34403,206398,206398,206398,0,0,0
o-first,32475163331222,7,34403,206398,75279,206398,68803,34396,34386
stage2,32476513232231,6,29144,174848,174848,174848,0,0,0
o-first,32476513232231,6,29144,174848,67934,174848,58287,29138,29128
stage2,32517463131311,8,47261,283563,283563,283563,0,0,0
o-first,32517463131311,8,47261,283563,106535,283563,94525,47253,47243
stage2,32546713323212,7,31868,191195,191195,191195,0,0,0
o-first,32546713323212,7,31868,191195,73522,191195,63736,31861,31851
stage2,32547611121113,7,29609,177649,177649,177649,0,0,0
o-first,32547611121113,7,29609,177649,70800,177649,59221,29602,29592
stage2,32547611131112,7,27491,164920,164920,164920,0,0,0
o-first,32547611131112,7,27491,164920,66201,164920,54978,27484,27474
stage2,32547611213111,7,28110,168644,168644,168644,0,0,0
o-first,32547611213111,7,28110,168644,67896,168644,56218,28103,28093
stage2,32547611312111,7,29436,176600,176600,176600,0,0,0
o-first,32547611312111,7,29436,176600,70706,176600,58870,29429,29419
stage2,32547612111311,7,28618,171691,171691,171691,0,0,0
o-first,32547612111311,7,28618,171691,68846,171691,57235,28611,28601
stage2,32547613111211,7,28101,168589,168589,168589,0,0,0
o-first,32547613111211,7,28101,168589,67279,168589,56201,28094,28084
stage2,32561471113133,6,32318,193884,193884,193884,0,0,0
o-first,32561471113133,6,32318,193884,77957,193884,64632,32312,32302
stage2,32561471121311,6,28984,173887,173887,173887,0,0,0
o-first,32561471121311,6,28984,173887,69780,173887,57967,28978,28968
stage2,32561471122211,6,31338,188007,188007,188007,0,0,0
o-first,32561471122211,6,31338,188007,76899,188007,62673,31332,31322
stage2,32561471131211,6,29252,175497,175497,175497,0,0,0
o-first,32561471131211,6,29252,175497,70758,175497,58503,29246,29236
stage2,32561471211131,6,37073,222419,222419,222419,0,0,0
o-first,32561471211131,6,37073,222419,89212,222419,74143,37067,37057
stage2,32561471311121,6,29660,177932,177932,177932,0,0,0
o-first,32561471311121,6,29660,177932,71396,177932,59316,29654,29644
stage2,32561472133313,6,28127,168742,168742,168742,0,0,0
o-first,32561472133313,6,28127,168742,69398,168742,56252,28121,28111
stage2,32561472213122,6,28019,168090,168090,168090,0,0,0
o-first,32561472213122,6,28019,168090,67591,168090,56034,28013,28003
stage2,32561473222223,6,26529,159159,159159,159159,0,0,0
o-first,32561473222223,6,26529,159159,63750,159159,53057,26523,26513
stage2,32561473323212,6,26894,161345,161345,161345,0,0,0
o-first,32561473323212,6,26894,161345,64451,161345,53785,26888,26878
stage2,32567412122222,7,30865,185166,185166,185166,0,0,0
o-first,32567412122222,7,30865,185166,72157,185166,61727,30858,30848
stage2,32567412131312,7,38209,229241,229241,229241,0,0,0
o-first,32567412131312,7,38209,229241,88888,229241,76418,38202,38192
stage2,32567412222212,7,46958,281724,281724,281724,0,0,0
o-first,32567412222212,7,46958,281724,107696,281724,93913,46951,46941
stage2,32567413131212,7,30319,181900,181900,181900,0,0,0
o-first,32567413131212,7,30319,181900,71004,181900,60637,30312,30302
stage2,32567413133333,7,37145,222857,222857,222857,0,0,0
o-first,32567413133333,7,37145,222857,86200,222857,74290,37138,37128
stage2,32576142313223,6,30303,181807,181807,181807,0,0,0
o-first,32576142313223,6,30303,181807,71658,181807,60606,30297,30287
stage2,32615473332122,5,31227,187347,187347,187347,0,0,0
o-first,32615473332122,5,31227,187347,73335,187347,62453,31222,31212
stage2,32647152133121,6,35581,213470,213470,213470,0,0,0
o-first,32647152133121,6,35581,213470,82380,213470,71160,35575,35565
stage2,32647153132121,6,24413,146465,146465,146465,0,0,0
o-first,32647153132121,6,24413,146465,56824,146465,48827,24407,24397
stage2,32647512333233,7,49508,297033,297033,297033,0,0,0
o-first,32647512333233,7,49508,297033,116119,297033,99014,49501,49491
stage2,32657143121213,9,37260,223551,223551,223551,0,0,0
o-first,32657143121213,9,37260,223551,82931,223551,74522,37251,37241
stage2,32657412111212,8,36626,219735,219735,219735,0,0,0
o-first,32657412111212,8,36626,219735,83072,219735,73251,36618,36608
stage2,32671453123313,8,38338,230026,230026,230026,0,0,0
o-first,32671453123313,8,38338,230026,84446,230026,76678,38330,38320
stage2,32674152113333,7,44291,265739,265739,265739,0,0,0
o-first,32674152113333,7,44291,265739,100226,265739,88584,44284,44274
stage2,32714652332132,6,28236,169394,169394,169394,0,0,0
o-first,32714652332132,6,28236,169394,62256,169394,56469,28230,28220
stage2,32716452123212,8,42253,253515,253515,253515,0,0,0
o-first,32716452123212,8,42253,253515,95274,253515,84509,42245,42235
stage2,32741651121311,7,38743,232441,232441,232441,0,0,0
o-first,32741651121311,7,38743,232441,92777,232441,77485,38736,38726
stage2,32741651131211,7,30627,183745,183745,183745,0,0,0
o-first,32741651131211,7,30627,183745,73427,183745,61253,30620,30610
stage2,32741651211131,7,28511,171053,171053,171053,0,0,0
o-first,32741651211131,7,28511,171053,68482,171053,57021,28504,28494
stage2,32741651311121,7,29641,177836,177836,177836,0,0,0
o-first,32741651311121,7,29641,177836,70906,177836,59282,29634,29624
stage2,32741652111113,7,31241,187431,187431,187431,0,0,0
o-first,32741652111113,7,31241,187431,74778,187431,62481,31234,31224
stage2,32741653111112,7,31208,187239,187239,187239,0,0,0
o-first,32741653111112,7,31208,187239,74290,187239,62417,31201,31191
stage2,32745611223332,7,27231,163374,163374,163374,0,0,0
o-first,32745611223332,7,27231,163374,60725,163374,54461,27224,27214
stage2,32745612313322,7,31726,190350,190350,190350,0,0,0
o-first,32745612313322,7,31726,190350,74020,190350,63453,31719,31709
stage2,32745612322331,7,26547,159269,159269,159269,0,0,0
o-first,32745612322331,7,26547,159269,59362,159269,53094,26540,26530
stage2,32751643321232,7,32810,196850,196850,196850,0,0,0
o-first,32751643321232,7,32810,196850,76121,196850,65621,32803,32793
stage2,32754163211123,6,28251,169486,169486,169486,0,0,0
o-first,32754163211123,6,28251,169486,68710,169486,56499,28245,28235
stage2,32756141233121,8,33547,201274,201274,201274,0,0,0
o-first,32756141233121,8,33547,201274,74495,201274,67096,33539,33529
stage2,32761452121313,7,31173,187027,187027,187027,0,0,0
o-first,32761452121313,7,31173,187027,72745,187027,62346,31166,31156
stage2,32761452122222,7,33128,198751,198751,198751,0,0,0
o-first,32761452122222,7,33128,198751,77863,198751,66254,33121,33111
stage2,32761452222212,7,31048,186281,186281,186281,0,0,0
o-first,32761452222212,7,31048,186281,73166,186281,62098,31041,31031
stage2,32761453121312,7,43457,260730,260730,260730,0,0,0
o-first,32761453121312,7,43457,260730,102678,260730,86913,43450,43440
stage2,32761453133333,7,31745,190452,190452,190452,0,0,0
o-first,32761453133333,7,31745,190452,74519,190452,63489,31738,31728
stage2,32765411112221,6,30816,184878,184878,184878,0,0,0
o-first,32765411112221,6,30816,184878,74800,184878,61630,30810,30800
stage2,32765411121113,6,27954,167704,167704,167704,0,0,0
o-first,32765411121113,6,27954,167704,67229,167704,55906,27948,27938
stage2,32765411131112,6,26663,159967,159967,159967,0,0,0
o-first,32765411131112,6,26663,159967,64769,159967,53327,26657,26647
stage2,32765411133113,6,29155,174901,174901,174901,0,0,0
o-first,32765411133113,6,29155,174901,68650,174901,58305,29149,29139
stage2,32765411331113,6,29125,174727,174727,174727,0,0,0
o-first,32765411331113,6,29125,174727,68927,174727,58247,29119,29109
stage2,32765412221312,6,27704,166211,166211,166211,0,0,0
o-first,32765412221312,6,27704,166211,66390,166211,55407,27698,27688
stage2,32765412323222,6,28803,172809,172809,172809,0,0,0
o-first,32765412323222,6,28803,172809,69657,172809,57607,28797,28787
stage2,32765413122212,6,26452,158696,158696,158696,0,0,0
o-first,32765413122212,6,26452,158696,63186,158696,52902,26446,26436
stage2,32765413223312,6,26261,157549,157549,157549,0,0,0
o-first,32765413223312,6,26261,157549,60518,157549,52521,26255,26245
stage2,32765413231223,6,31229,187357,187357,187357,0,0,0
o-first,32765413231223,6,31229,187357,74177,187357,62457,31223,31213
stage2,32765413322312,6,25952,155686,155686,155686,0,0,0
o-first,32765413322312,6,25952,155686,60050,155686,51900,25946,25936
stage2,34125672131213,7,29826,178943,178943,178943,0,0,0
o-first,34125672131213,7,29826,178943,70144,178943,59652,29819,29809
stage2,34125672131312,7,33172,199024,199024,199024,0,0,0
o-first,34125672131312,7,33172,199024,78082,199024,66345,33165,33155
stage2,34125672221222,7,31096,186568,186568,186568,0,0,0
o-first,34125672221222,7,31096,186568,72333,186568,62193,31089,31079
stage2,34125673133333,7,34091,204535,204535,204535,0,0,0
o-first,34125673133333,7,34091,204535,79032,204535,68182,34084,34074
stage2,34127651121113,7,27849,167080,167080,167080,0,0,0
o-first,34127651121113,7,27849,167080,67003,167080,55698,27842,27832
stage2,34127651131112,7,27515,165067,165067,165067,0,0,0
o-first,34127651131112,7,27515,165067,66039,165067,55027,27508,27498
stage2,34127651213111,7,28275,169636,169636,169636,0,0,0
o-first,34127651213111,7,28275,169636,67977,169636,56548,28268,28258
stage2,34127651312111,7,29533,177184,177184,177184,0,0,0
o-first,34127651312111,7,29533,177184,70631,177184,59064,29526,29516
stage2,34127652111311,7,27750,166490,166490,166490,0,0,0
o-first,34127652111311,7,27750,166490,66733,166490,55500,27743,27733
stage2,34127653111211,7,27975,167831,167831,167831,0,0,0
o-first,34127653111211,7,27975,167831,67045,167831,55949,27968,27958
stage2,34162752132212,7,56822,340918,340918,340918,0,0,0
o-first,34162752132212,7,56822,340918,125810,340918,113644,56815,56805
stage2,34165271112212,6,34017,204087,204087,204087,0,0,0
o-first,34165271112212,6,34017,204087,81952,204087,68033,34011,34001
stage2,34165271121311,6,31462,188765,188765,188765,0,0,0
o-first,34165271121311,6,31462,188765,76204,188765,62925,31456,31446
stage2,34165271131211,6,29471,176810,176810,176810,0,0,0
o-first,34165271131211,6,29471,176810,71181,176810,58942,29465,29455
stage2,34165271211131,6,36200,217189,217189,217189,0,0,0
o-first,34165271211131,6,36200,217189,87067,217189,72401,36194,36184
stage2,34165271311121,6,27654,165904,165904,165904,0,0,0
o-first,34165271311121,6,27654,165904,66848,165904,55306,27648,27638
stage2,34165271311133,6,30435,182590,182590,182590,0,0,0
o-first,34165271311133,6,30435,182590,74417,182590,60868,30429,30419
stage2,34165272323333,6,28375,170230,170230,170230,0,0,0
o-first,34165272323333,6,28375,170230,69818,170230,56748,28369,28359
stage2,34165273133312,6,35567,213386,213386,213386,0,0,0
o-first,34165273133312,6,35567,213386,85279,213386,71132,35561,35551
stage2,34165273222322,6,25458,152728,152728,152728,0,0,0
o-first,34165273222322,6,25458,152728,60969,152728,50914,25452,25442
stage2,34165273311131,6,27960,167740,167740,167740,0,0,0
o-first,34165273311131,6,27960,167740,68228,167740,55918,27954,27944
stage2,34167252213323,7,32455,194709,194709,194709,0,0,0
o-first,34167252213323,7,32455,194709,75725,194709,64908,32448,32438
stage2,34172562132332,7,32079,192464,192464,192464,0,0,0
o-first,34172562132332,7,32079,192464,70937,192464,64158,32072,32062
stage2,34172562313331,7,34344,206045,206045,206045,0,0,0
o-first,34172562313331,7,34344,206045,78184,206045,68685,34337,34327
stage2,34175263321232,6,32978,197849,197849,197849,0,0,0
o-first,34175263321232,6,32978,197849,78079,197849,65954,32972,32962
stage2,34216572213122,7,44344,266057,266057,266057,0,0,0
o-first,34216572213122,7,44344,266057,99996,266057,88690,44337,44327
stage2,34261572132131,6,24921,149505,149505,149505,0,0,0
o-first,34261572132131,6,24921,149505,56383,149505,49839,24915,24905
stage2,34261572133121,6,26163,156963,156963,156963,0,0,0
o-first,34261572133121,6,26163,156963,59819,156963,52325,26157,26147
stage2,34261573123121,6,26734,160385,160385,160385,0,0,0
o-first,34261573123121,6,26734,160385,60923,160385,53465,26728,26718
stage2,34265712212132,7,41585,249490,249490,249490,0,0,0
o-first,34265712212132,7,41585,249490,92142,249490,83168,41578,41568
stage2,34275161312213,7,31172,187011,187011,187011,0,0,0
o-first,34275161312213,7,31172,187011,73878,187011,62341,31165,31155
stage2,34275162112322,7,29996,179959,179959,179959,0,0,0
o-first,34275162112322,7,29996,179959,69181,179959,59991,29989,29979
stage2,34275162213221,7,32972,197816,197816,197816,0,0,0
o-first,34275162213221,7,32972,197816,76340,197816,65942,32965,32955
stage2,34516271111111,6,32284,193694,193694,193694,0,0,0
o-first,34516271111111,6,32284,193694,82328,193694,64568,32278,32268
stage2,34516272312332,6,35268,211586,211586,211586,0,0,0
o-first,34516272312332,6,35268,211586,81555,211586,70532,35262,35252
stage2,34516722313223,7,39555,237318,237318,237318,0,0,0
o-first,34516722313223,7,39555,237318,91625,237318,79111,39548,39538
stage2,34517622231323,7,33072,198419,198419,198419,0,0,0
o-first,34517622231323,7,33072,198419,78739,198419,66143,33065,33055
stage2,34521672223232,7,30618,183693,183693,183693,0,0,0
o-first,34521672223232,7,30618,183693,73526,183693,61235,30611,30601
stage2,34526713232312,7,28225,169327,169327,169327,0,0,0
o-first,34526713232312,7,28225,169327,66034,169327,56447,28218,28208
stage2,34527612211322,7,46465,278771,278771,278771,0,0,0
o-first,34527612211322,7,46465,278771,97582,278771,92928,46458,46448
stage2,34527612231122,7,45232,271379,271379,271379,0,0,0
o-first,34527612231122,7,45232,271379,94956,271379,90464,45225,45215
stage2,34527612231332,7,49594,297559,297559,297559,0,0,0
o-first,34527612231332,7,49594,297559,101972,297559,99190,49587,49577
stage2,34527612331322,7,45201,271190,271190,271190,0,0,0
o-first,34527612331322,7,45201,271190,92821,271190,90401,45194,45184
stage2,34527613312133,7,46037,276213,276213,276213,0,0,0
o-first,34527613312133,7,46037,276213,97218,276213,92074,46030,46020
stage2,34561272122123,7,43028,258156,258156,258156,0,0,0
o-first,34561272122123,7,43028,258156,88475,258156,86057,43021,43011
stage2,34561272122321,7,44915,269473,269473,269473,0,0,0
o-first,34561272122321,7,44915,269473,92586,269473,89828,44908,44898
stage2,34561272212213,7,54591,327539,327539,327539,0,0,0
o-first,34561272212213,7,54591,327539,116734,327539,109184,54584,54574
stage2,34561272213122,7,44656,267921,267921,267921,0,0,0
o-first,34561272213122,7,44656,267921,93877,267921,89312,44649,44639
stage2,34561272232211,7,52759,316544,316544,316544,0,0,0
o-first,34561272232211,7,52759,316544,112445,316544,105519,52752,52742
stage2,34561273221233,7,42646,255861,255861,255861,0,0,0
o-first,34561273221233,7,42646,255861,87681,255861,85292,42639,42629
stage2,34561273233131,7,42238,253412,253412,253412,0,0,0
o-first,34561273233131,7,42238,253412,86884,253412,84475,42231,42221
stage2,34561273311233,7,44270,265609,265609,265609,0,0,0
o-first,34561273311233,7,44270,265609,93691,265609,88540,44263,44253
stage2,34561273313321,7,50483,302886,302886,302886,0,0,0
o-first,34561273313321,7,50483,302886,107625,302886,100965,50476,50466
stage2,34561273321133,7,46037,276199,276199,276199,0,0,0
o-first,34561273321133,7,46037,276199,97144,276199,92070,46030,46020
stage2,34561273321223,7,43271,259608,259608,259608,0,0,0
o-first,34561273321223,7,43271,259608,89180,259608,86541,43264,43254
stage2,34561721111111,6,34976,209843,209843,209843,0,0,0
o-first,34561721111111,6,34976,209843,87853,209843,69951,34970,34960
stage2,34562171321111,7,28179,169056,169056,169056,0,0,0
o-first,34562171321111,7,28179,169056,64934,169056,56356,28172,28162
stage2,34562171321231,7,27519,165093,165093,165093,0,0,0
o-first,34562171321231,7,27519,165093,63703,165093,55035,27512,27502
stage2,34562172232313,7,36371,218213,218213,218213,0,0,0
o-first,34562172232313,7,36371,218213,87157,218213,72741,36364,36354
stage2,34567212223232,7,35676,214045,214045,214045,0,0,0
o-first,34567212223232,7,35676,214045,84635,214045,71353,35669,35659
stage2,34617252111212,8,39094,234545,234545,234545,0,0,0
o-first,34617252111212,8,39094,234545,86803,234545,78187,39086,39076
stage2,34617252123212,8,38726,232341,232341,232341,0,0,0
o-first,34617252123212,8,38726,232341,85535,232341,77451,38718,38708
stage2,34617252132212,8,41361,248154,248154,248154,0,0,0
o-first,34617252132212,8,41361,248154,89689,248154,82722,41353,41343
stage2,34617522221333,7,36837,221002,221002,221002,0,0,0
o-first,34617522221333,7,36837,221002,80473,221002,73671,36830,36820
stage2,34621572132131,6,29152,174896,174896,174896,0,0,0
o-first,34621572132131,6,29152,174896,64743,174896,58303,29146,29136
stage2,34625172111212,8,41863,251163,251163,251163,0,0,0
o-first,34625172111212,8,41863,251163,94827,251163,83725,41855,41845
stage2,34627512232313,7,29480,176861,176861,176861,0,0,0
o-first,34627512232313,7,29480,176861,71022,176861,58959,29473,29463
stage2,34651271123111,6,28787,172704,172704,172704,0,0,0
o-first,34651271123111,6,28787,172704,68684,172704,57572,28781,28771
stage2,34651272332132,6,27472,164817,164817,164817,0,0,0
o-first,34651272332132,6,27472,164817,63662,164817,54943,27466,27456
stage2,34675212222122,8,42769,256609,256609,256609,0,0,0
o-first,34675212222122,8,42769,256609,93708,256609,85541,42761,42751
stage2,34715262221123,7,42003,252003,252003,252003,0,0,0
o-first,34715262221123,7,42003,252003,90882,252003,84005,41996,41986
stage2,34716522223211,7,37387,224313,224313,224313,0,0,0
o-first,34716522223211,7,37387,224313,84608,224313,74775,37380,37370
stage2,34721652121313,7,40099,240586,240586,240586,0,0,0
o-first,34721652121313,7,40099,240586,92689,240586,80199,40092,40082
stage2,34721652131213,7,36337,218009,218009,218009,0,0,0
o-first,34721652131213,7,36337,218009,85115,218009,72674,36330,36320
stage2,34721652221222,7,40611,243655,243655,243655,0,0,0
o-first,34721652221222,7,40611,243655,93510,243655,81222,40604,40594
stage2,34721652222212,7,38174,229031,229031,229031,0,0,0
o-first,34721652222212,7,38174,229031,88820,229031,76348,38167,38157
stage2,34721653333313,7,35861,215148,215148,215148,0,0,0
o-first,34721653333313,7,35861,215148,83328,215148,71721,35854,35844
stage2,34725611212211,6,31828,190954,190954,190954,0,0,0
o-first,34725611212211,6,31828,190954,77363,190954,63656,31822,31812
stage2,34725612111113,6,27411,164452,164452,164452,0,0,0
o-first,34725612111113,6,27411,164452,66061,164452,54822,27405,27395
stage2,34725612121322,6,31700,190188,190188,190188,0,0,0
o-first,34725612121322,6,31700,190188,77837,190188,63400,31694,31684
stage2,34725612231212,6,31777,190646,190646,190646,0,0,0
o-first,34725612231212,6,31777,190646,77940,190646,63554,31771,31761
stage2,34725612231332,6,27852,167106,167106,167106,0,0,0
o-first,34725612231332,6,27852,167106,66006,167106,55706,27846,27836
stage2,34725612322232,6,29765,178565,178565,178565,0,0,0
o-first,34725612322232,6,29765,178565,71531,178565,59527,29759,29749
stage2,34725612331322,6,29393,176344,176344,176344,0,0,0
o-first,34725612331322,6,29393,176344,69507,176344,58784,29387,29377
stage2,34725613111112,6,30125,180738,180738,180738,0,0,0
o-first,34725613111112,6,30125,180738,72620,180738,60250,30119,30109
stage2,34725613111133,6,29245,175456,175456,175456,0,0,0
o-first,34725613111133,6,29245,175456,71416,175456,58490,29239,29229
stage2,34725613132223,6,29407,176419,176419,176419,0,0,0
o-first,34725613132223,6,29407,176419,70820,176419,58811,29401,29391
stage2,34725613311113,6,29326,175940,175940,175940,0,0,0
o-first,34725613311113,6,29326,175940,71548,175940,58652,29320,29310
stage2,34761252323222,7,27749,166472,166472,166472,0,0,0
o-first,34761252323222,7,27749,166472,66205,166472,55496,27742,27732
stage2,35126741232212,7,35140,210830,210830,210830,0,0,0
o-first,35126741232212,7,35140,210830,79003,210830,70280,35133,35123
stage2,35126742231233,7,35020,210113,210113,210113,0,0,0
o-first,35126742231233,7,35020,210113,78388,210113,70041,35013,35003
stage2,35127462331331,6,36875,221236,221236,221236,0,0,0
o-first,35127462331331,6,36875,221236,78709,221236,73750,36869,36859
stage2,35162472122231,6,27978,167853,167853,167853,0,0,0
o-first,35162472122231,6,27978,167853,65325,167853,55955,27972,27962
stage2,35162472123233,6,35783,214683,214683,214683,0,0,0
o-first,35162472123233,6,35783,214683,84597,214683,71565,35777,35767
stage2,35162473122221,6,27516,165084,165084,165084,0,0,0
o-first,35162473122221,6,27516,165084,62444,165084,55032,27510,27500
stage2,35162473323131,6,28008,168029,168029,168029,0,0,0
o-first,35162473323131,6,28008,168029,65488,168029,56013,28002,27992
stage2,35162473332122,6,31109,186631,186631,186631,0,0,0
o-first,35162473332122,6,31109,186631,70867,186631,62215,31103,31093
stage2,35162473332131,6,27737,166404,166404,166404,0,0,0
o-first,35162473332131,6,27737,166404,62952,166404,55472,27731,27721
stage2,35162742213323,7,36069,216396,216396,216396,0,0,0
o-first,35162742213323,7,36069,216396,81102,216396,72137,36062,36052
stage2,35167242132212,7,35243,211443,211443,211443,0,0,0
o-first,35167242132212,7,35243,211443,77202,211443,70485,35236,35226
stage2,35172461232323,7,33458,200740,200740,200740,0,0,0
o-first,35172461232323,7,33458,200740,74353,200740,66917,33451,33441
stage2,35174262213131,8,41981,251877,251877,251877,0,0,0
o-first,35174262213131,8,41981,251877,95398,251877,83963,41973,41963
stage2,35174262231113,8,36957,221728,221728,221728,0,0,0
o-first,35174262231113,8,36957,221728,84031,221728,73914,36949,36939
stage2,35246171111111,6,31263,187553,187553,187553,0,0,0
o-first,35246171111111,6,31263,187553,81762,187553,62522,31257,31247
stage2,35246171113322,6,27149,162876,162876,162876,0,0,0
o-first,35246171113322,6,27149,162876,64663,162876,54297,27143,27133
stage2,35246172213311,6,30247,181471,181471,181471,0,0,0
o-first,35246172213311,6,30247,181471,71461,181471,60494,30241,30231
stage2,35267141223233,6,25599,153578,153578,153578,0,0,0
o-first,35267141223233,6,25599,153578,60146,153578,51197,25593,25583
stage2,35267141321132,6,53476,320840,320840,320840,0,0,0
o-first,35267141321132,6,53476,320840,126781,320840,106951,53470,53460
stage2,35271461322233,7,27736,166406,166406,166406,0,0,0
o-first,35271461322233,7,27736,166406,64614,166406,55472,27729,27719
stage2,35416721113112,6,27697,166167,166167,166167,0,0,0
o-first,35416721113112,6,27697,166167,64291,166167,55393,27691,27681
stage2,35416723232213,6,37437,224615,224615,224615,0,0,0
o-first,35416723232213,6,37437,224615,89721,224615,74875,37431,37421
stage2,35417622223133,7,40540,243218,243218,243218,0,0,0
o-first,35417622223133,7,40540,243218,91903,243218,81077,40533,40523
stage2,35426712131132,7,31035,186194,186194,186194,0,0,0
o-first,35426712131132,7,31035,186194,72709,186194,62069,31028,31018
stage2,35426712311312,7,27473,164817,164817,164817,0,0,0
o-first,35426712311312,7,27473,164817,64473,164817,54944,27466,27456
stage2,35426713111313,7,32931,197565,197565,197565,0,0,0
o-first,35426713111313,7,32931,197565,77670,197565,65860,32924,32914
stage2,35426713131113,7,29835,178991,178991,178991,0,0,0
o-first,35426713131113,7,29835,178991,71280,178991,59668,29828,29818
stage2,35426713312211,7,31451,188690,188690,188690,0,0,0
o-first,35426713312211,7,31451,188690,74221,188690,62901,31444,31434
stage2,35461271111231,7,32251,193494,193494,193494,0,0,0
o-first,35461271111231,7,32251,193494,75000,193494,64502,32244,32234
stage2,35461271321231,7,27481,164871,164871,164871,0,0,0
o-first,35461271321231,7,27481,164871,64083,164871,54961,27474,27464
stage2,35461272222323,7,28540,171218,171218,171218,0,0,0
o-first,35461272222323,7,28540,171218,67815,171218,57078,28533,28523
stage2,35462171131313,7,30544,183256,183256,183256,0,0,0
o-first,35462171131313,7,30544,183256,72859,183256,61089,30537,30527
stage2,35462171212121,7,31987,191904,191904,191904,0,0,0
o-first,35462171212121,7,31987,191904,75793,191904,63973,31980,31970
stage2,35462171221223,6,26299,157779,157779,157779,0,0,0
o-first,35462171221223,6,26299,157779,58977,157779,52598,26293,26283
stage2,35462171332331,6,29470,176798,176798,176798,0,0,0
o-first,35462171332331,6,29470,176798,66265,176798,58937,29464,29454
stage2,35462172213311,7,31476,188840,188840,188840,0,0,0
o-first,35462172213311,7,31476,188840,74220,188840,62951,31469,31459
stage2,35462172223331,7,28725,172334,172334,172334,0,0,0
o-first,35462172223331,7,28725,172334,67549,172334,57449,28718,28708
stage2,35462172312131,7,27847,167064,167064,167064,0,0,0
o-first,35462172312131,7,27847,167064,65442,167064,55693,27840,27830
stage2,35462173123211,7,29240,175422,175422,175422,0,0,0
o-first,35462173123211,7,29240,175422,68525,175422,58479,29233,29223
stage2,35462173131311,7,32649,195876,195876,195876,0,0,0
o-first,35462173131311,7,32649,195876,77047,195876,65297,32642,32632
stage2,35462173221221,6,31409,188437,188437,188437,0,0,0
o-first,35462173221221,6,31409,188437,70650,188437,62816,31403,31393
stage2,35462712322322,8,35043,210243,210243,210243,0,0,0
o-first,35462712322322,8,35043,210243,77902,210243,70085,35035,35025
stage2,35472163222313,6,28623,171718,171718,171718,0,0,0
o-first,35472163222313,6,28623,171718,66854,171718,57244,28617,28607
stage2,35472163231322,6,31717,190284,190284,190284,0,0,0
o-first,35472163231322,6,31717,190284,75099,190284,63432,31711,31701
stage2,35476122221111,7,32505,195011,195011,195011,0,0,0
o-first,35476122221111,7,32505,195011,75815,195011,65008,32498,32488
stage2,35614722321233,8,33910,203449,203449,203449,0,0,0
o-first,35614722321233,8,33910,203449,80985,203449,67820,33902,33892
stage2,35617423131332,7,30884,185297,185297,185297,0,0,0
o-first,35617423131332,7,30884,185297,71172,185297,61769,30877,30867
stage2,35624712121232,8,43848,263075,263075,263075,0,0,0
o-first,35624712121232,8,43848,263075,93969,263075,87697,43840,43830
stage2,35624712321212,8,51042,306249,306249,306249,0,0,0
o-first,35624712321212,8,51042,306249,109679,306249,102087,51034,51024
stage2,35624712321332,8,42902,257391,257391,257391,0,0,0
o-first,35624712321332,8,42902,257391,89655,257391,85801,42894,42884
stage2,35624712331232,8,43249,259483,259483,259483,0,0,0
o-first,35624712331232,8,43249,259483,90243,259483,86499,43241,43231
stage2,35714623111322,8,37381,224279,224279,224279,0,0,0
o-first,35714623111322,8,37381,224279,84509,224279,74763,37373,37363
stage2,35721642221213,8,57470,344808,344808,344808,0,0,0
o-first,35721642221213,8,57470,344808,127411,344808,114940,57462,57452
stage2,35762142222113,7,34567,207398,207398,207398,0,0,0
o-first,35762142222113,7,34567,207398,77711,207398,69136,34560,34550
stage2,36125471111333,6,29721,178315,178315,178315,0,0,0
o-first,36125471111333,6,29721,178315,71912,178315,59443,29715,29705
stage2,36125471212112,6,42044,252239,252239,252239,0,0,0
o-first,36125471212112,6,42044,252239,97593,252239,84085,42038,42028
stage2,36125471213111,6,27174,163023,163023,163023,0,0,0
o-first,36125471213111,6,27174,163023,65667,163023,54345,27168,27158
stage2,36125471222111,6,42792,256733,256733,256733,0,0,0
o-first,36125471222111,6,42792,256733,99553,256733,85583,42786,42776
stage2,36125471312111,6,28569,171405,171405,171405,0,0,0
o-first,36125471312111,6,28569,171405,69163,171405,57139,28563,28553
stage2,36125472111311,6,27060,162339,162339,162339,0,0,0
o-first,36125472111311,6,27060,162339,65666,162339,54117,27054,27044
stage2,36125472121223,6,25945,155651,155651,155651,0,0,0
o-first,36125472121223,6,25945,155651,62333,155651,51887,25939,25929
stage2,36125473111211,6,29096,174567,174567,174567,0,0,0
o-first,36125473111211,6,29096,174567,70042,174567,58193,29090,29080
stage2,36125473232222,6,31819,190894,190894,190894,0,0,0
o-first,36125473232222,6,31819,190894,75695,190894,63636,31813,31803
stage2,36125473323233,6,30775,184632,184632,184632,0,0,0
o-first,36125473323233,6,30775,184632,74753,184632,61548,30769,30759
stage2,36125743222331,6,49402,296403,296403,296403,0,0,0
o-first,36125743222331,6,49402,296403,109423,296403,98804,49396,49386
stage2,36127451333222,7,26668,159994,159994,159994,0,0,0
o-first,36127451333222,7,26668,159994,59202,159994,53337,26661,26651
stage2,36145272122222,7,36201,217187,217187,217187,0,0,0
o-first,36145272122222,7,36201,217187,84942,217187,72400,36194,36184
stage2,36145272131213,7,47077,282441,282441,282441,0,0,0
o-first,36145272131213,7,47077,282441,108118,282441,94152,47070,47060
stage2,36145272131312,7,32183,193083,193083,193083,0,0,0
o-first,36145272131312,7,32183,193083,75103,193083,64366,32176,32166
stage2,36145273333313,7,37062,222361,222361,222361,0,0,0
o-first,36145273333313,7,37062,222361,85605,222361,74124,37055,37045
stage2,36147251121311,7,30592,183544,183544,183544,0,0,0
o-first,36147251121311,7,30592,183544,73342,183544,61186,30585,30575
stage2,36147251131211,7,32054,192305,192305,192305,0,0,0
o-first,36147251131211,7,32054,192305,76479,192305,64107,32047,32037
stage2,36147251211131,7,33346,200067,200067,200067,0,0,0
o-first,36147251211131,7,33346,200067,79902,200067,66693,33339,33329
stage2,36147251311121,7,27913,167467,167467,167467,0,0,0
o-first,36147251311121,7,27913,167467,67117,167467,55827,27906,27896
stage2,36147252111113,7,35663,213961,213961,213961,0,0,0
o-first,36147252111113,7,35663,213961,84898,213961,71325,35656,35646
stage2,36147253111112,7,29938,179608,179608,179608,0,0,0
o-first,36147253111112,7,29938,179608,71317,179608,59874,29931,29921
stage2,36152741231312,8,39517,237103,237103,237103,0,0,0
o-first,36152741231312,8,39517,237103,87071,237103,79037,39509,39499
stage2,36152742131321,8,34872,209220,209220,209220,0,0,0
o-first,36152742131321,8,34872,209220,77854,209220,69744,34864,34854
stage2,36172452133133,7,41796,250759,250759,250759,0,0,0
o-first,36172452133133,7,41796,250759,92549,250759,83591,41789,41779
stage2,36217452131333,8,40545,243256,243256,243256,0,0,0
o-first,36217452131333,8,40545,243256,89538,243256,81090,40537,40527
stage2,36217541223311,6,23890,143316,143316,143316,0,0,0
o-first,36217541223311,6,23890,143316,56667,143316,47777,23884,23874
stage2,36217543213112,6,25168,150986,150986,150986,0,0,0
o-first,36217543213112,6,25168,150986,59131,150986,50333,25162,25152
stage2,36241573212332,6,26305,157815,157815,157815,0,0,0
o-first,36241573212332,6,26305,157815,58429,157815,52610,26299,26289
stage2,36241753212311,6,30552,183289,183289,183289,0,0,0
o-first,36241753212311,6,30552,183289,72322,183289,61101,30546,30536
stage2,36415272123212,8,37626,225738,225738,225738,0,0,0
o-first,36415272123212,8,37626,225738,84504,225738,75252,37618,37608
stage2,36417522123311,8,33804,202812,202812,202812,0,0,0
o-first,36417522123311,8,33804,202812,77583,202812,67608,33796,33786
stage2,36514272212111,7,46913,281465,281465,281465,0,0,0
o-first,36514272212111,7,46913,281465,109404,281465,93826,46906,46896
stage2,36521472113321,7,33021,198114,198114,198114,0,0,0
o-first,36521472113321,7,33021,198114,76935,198114,66041,33014,33004
stage2,36521472331121,7,27798,166772,166772,166772,0,0,0
o-first,36521472331121,7,27798,166772,61436,166772,55595,27791,27781
stage2,36527411131133,6,28055,168321,168321,168321,0,0,0
o-first,36527411131133,6,28055,168321,68107,168321,56111,28049,28039
stage2,36527412111113,6,27642,165840,165840,165840,0,0,0
o-first,36527412111113,6,27642,165840,66622,165840,55284,27636,27626
stage2,36527412131222,6,32458,194735,194735,194735,0,0,0
o-first,36527412131222,6,32458,194735,77901,194735,64915,32452,32442
stage2,36527412211322,6,32751,196493,196493,196493,0,0,0
o-first,36527412211322,6,32751,196493,78144,196493,65501,32745,32735
stage2,36527412221312,6,28449,170681,170681,170681,0,0,0
o-first,36527412221312,6,28449,170681,68178,170681,56897,28443,28433
stage2,36527412231122,6,28752,172497,172497,172497,0,0,0
o-first,36527412231122,6,28752,172497,68953,172497,57503,28746,28736
stage2,36527412322232,6,29214,175270,175270,175270,0,0,0
o-first,36527412322232,6,29214,175270,70205,175270,58428,29208,29198
stage2,36527413111112,6,29167,174981,174981,174981,0,0,0
o-first,36527413111112,6,29167,174981,70176,174981,58331,29161,29151
stage2,36527413311311,6,27327,163934,163934,163934,0,0,0
o-first,36527413311311,6,27327,163934,66213,163934,54650,27321,27311
stage2,36541272323222,7,27451,164686,164686,164686,0,0,0
o-first,36541272323222,7,27451,164686,65637,164686,54900,27444,27434
stage2,36542712121322,8,42474,254832,254832,254832,0,0,0
o-first,36542712121322,8,42474,254832,94019,254832,84948,42466,42456
stage2,36547212121313,7,35837,215014,215014,215014,0,0,0
o-first,36547212121313,7,35837,215014,83285,215014,71675,35830,35820
stage2,36547212122222,7,37978,227847,227847,227847,0,0,0
o-first,36547212122222,7,37978,227847,89841,227847,75954,37971,37961
stage2,36547212131312,7,38161,228948,228948,228948,0,0,0
o-first,36547212131312,7,38161,228948,90085,228948,76321,38154,38144
stage2,36547212221222,7,36203,217197,217197,217197,0,0,0
o-first,36547212221222,7,36203,217197,84064,217197,72404,36196,36186
stage2,36547213331333,7,32625,195736,195736,195736,0,0,0
o-first,36547213331333,7,32625,195736,76294,195736,65249,32618,32608
stage2,36712542121112,8,44184,265093,265093,265093,0,0,0
o-first,36712542121112,8,44184,265093,94994,265093,88369,44176,44166
stage2,36712542121121,8,41379,248263,248263,248263,0,0,0
o-first,36712542121121,8,41379,248263,86745,248263,82759,41371,41361
stage2,36712542121211,8,48709,292236,292236,292236,0,0,0
o-first,36712542121211,8,48709,292236,105255,292236,97416,48701,48691
stage2,36712542122111,8,43628,261754,261754,261754,0,0,0
o-first,36712542122111,8,43628,261754,91343,261754,87256,43620,43610
stage2,36714252232223,7,28520,171101,171101,171101,0,0,0
o-first,36714252232223,7,28520,171101,68077,171101,57039,28513,28503
stage2,36714521232113,7,39367,236200,236200,236200,0,0,0
o-first,36714521232113,7,39367,236200,96257,236200,78737,39360,39350
stage2,36714522121322,7,39134,234795,234795,234795,0,0,0
o-first,36714522121322,7,39134,234795,92985,234795,78270,39127,39117
stage2,36714522122213,7,31716,190284,190284,190284,0,0,0
o-first,36714522122213,7,31716,190284,75168,190284,63433,31709,31699
stage2,36714523132223,7,32255,193511,193511,193511,0,0,0
o-first,36714523132223,7,32255,193511,76428,193511,64508,32248,32238
stage2,36714523132322,7,31638,189805,189805,189805,0,0,0
o-first,36714523132322,7,31638,189805,74795,189805,63274,31631,31621
stage2,36721451131331,6,27827,166951,166951,166951,0,0,0
o-first,36721451131331,6,27827,166951,66170,166951,55655,27821,27811
stage2,36721452121322,6,31847,191067,191067,191067,0,0,0
o-first,36721452121322,6,31847,191067,78144,191067,63693,31841,31831
stage2,36721452122123,6,26536,159195,159195,159195,0,0,0
o-first,36721452122123,6,26536,159195,62473,159195,53069,26530,26520
stage2,36721452122213,6,31830,190958,190958,190958,0,0,0
o-first,36721452122213,6,31830,190958,77945,190958,63658,31824,31814
stage2,36721452122321,6,29730,178366,178366,178366,0,0,0
o-first,36721452122321,6,29730,178366,69988,178366,59458,29724,29714
stage2,36721452131111,6,29420,176501,176501,176501,0,0,0
o-first,36721452131111,6,29420,176501,71172,176501,58839,29414,29404
stage2,36721452223232,6,28473,170818,170818,170818,0,0,0
o-first,36721452223232,6,28473,170818,68735,170818,56944,28467,28457
stage2,36721453113113,6,30932,185574,185574,185574,0,0,0
o-first,36721453113113,6,30932,185574,73530,185574,61862,30926,30916
stage2,36721453121111,6,37588,225518,225518,225518,0,0,0
o-first,36721453121111,6,37588,225518,90000,225518,75176,37582,37572
stage2,36725411121212,8,46931,281576,281576,281576,0,0,0
o-first,36725411121212,8,46931,281576,99184,281576,93863,46923,46913
stage2,36725411131313,8,47075,282440,282440,282440,0,0,0
o-first,36725411131313,8,47075,282440,99375,282440,94151,47067,47057
stage2,36725411212121,8,47215,283277,283277,283277,0,0,0
o-first,36725411212121,8,47215,283277,98951,283277,94430,47207,47197
stage2,36725411313131,8,47405,284418,284418,284418,0,0,0
o-first,36725411313131,8,47405,284418,99891,284418,94809,47397,47387
stage2,36725412111212,8,50834,304982,304982,304982,0,0,0
o-first,36725412111212,8,50834,304982,106661,304982,101665,50826,50816
stage2,36725412121112,8,46973,281819,281819,281819,0,0,0
o-first,36725412121112,8,46973,281819,99174,281819,93944,46965,46955
stage2,36725412121211,8,48367,290186,290186,290186,0,0,0
o-first,36725412121211,8,48367,290186,102686,290186,96733,48359,48349
stage2,36725412121232,8,47215,283268,283268,283268,0,0,0
o-first,36725412121232,8,47215,283268,99874,283268,94427,47207,47197
stage2,36725412123212,8,50008,300029,300029,300029,0,0,0
o-first,36725412123212,8,50008,300029,105751,300029,100014,50000,49990
stage2,36725412321212,8,49189,295121,295121,295121,0,0,0
o-first,36725412321212,8,49189,295121,103993,295121,98378,49181,49171
stage2,36725413111313,8,54178,325056,325056,325056,0,0,0
o-first,36725413111313,8,54178,325056,114535,325056,108355,54170,54160
stage2,36725413131113,8,48695,292160,292160,292160,0,0,0
o-first,36725413131113,8,48695,292160,103164,292160,97391,48687,48677
stage2,36725413131311,8,56892,341352,341352,341352,0,0,0
o-first,36725413131311,8,56892,341352,120413,341352,113787,56884,56874
stage2,36741252122123,7,47546,285256,285256,285256,0,0,0
o-first,36741252122123,7,47546,285256,98092,285256,95089,47539,47529
stage2,36741252122321,7,44395,266348,266348,266348,0,0,0
o-first,36741252122321,7,44395,266348,91492,266348,88787,44388,44378
stage2,36741252122333,7,42884,257288,257288,257288,0,0,0
o-first,36741252122333,7,42884,257288,90238,257288,85767,42877,42867
stage2,36741252123323,7,45910,275441,275441,275441,0,0,0
o-first,36741252123323,7,45910,275441,96851,275441,91818,45903,45893
stage2,36741253233131,7,45256,271520,271520,271520,0,0,0
o-first,36741253233131,7,45256,271520,92740,271520,90511,45249,45239
stage2,36745211211221,6,25920,155497,155497,155497,0,0,0
o-first,36745211211221,6,25920,155497,61865,155497,51837,25914,25904
stage2,36745212121223,6,27046,162257,162257,162257,0,0,0
o-first,36745212121223,6,27046,162257,64524,162257,54089,27040,27030
stage2,36745212122312,6,33795,202763,202763,202763,0,0,0
o-first,36745212122312,6,33795,202763,81170,202763,67591,33789,33779
stage2,36745212122333,6,28722,172318,172318,172318,0,0,0
o-first,36745212122333,6,28722,172318,68963,172318,57444,28716,28706
stage2,36745212123323,6,32278,193652,193652,193652,0,0,0
o-first,36745212123323,6,32278,193652,77079,193652,64554,32272,32262
stage2,36745212131111,6,27141,162826,162826,162826,0,0,0
o-first,36745212131111,6,27141,162826,65775,162826,54280,27135,27125
stage2,36745212223232,6,28511,171048,171048,171048,0,0,0
o-first,36745212223232,6,28511,171048,68771,171048,57020,28505,28495
stage2,36745213121111,6,35007,210022,210022,210022,0,0,0
o-first,36745213121111,6,35007,210022,83808,210022,70012,35001,34991
stage2,36745213131131,6,26626,159733,159733,159733,0,0,0
o-first,36745213131131,6,26626,159733,64155,159733,53249,26620,26610
stage2,36745213133111,6,29213,175252,175252,175252,0,0,0
o-first,36745213133111,6,29213,175252,70638,175252,58422,29207,29197
stage2,36745213232213,6,27873,167218,167218,167218,0,0,0
o-first,36745213232213,6,27873,167218,68303,167218,55744,27867,27857
stage2,36751243222322,7,29184,175099,175099,175099,0,0,0
o-first,36751243222322,7,29184,175099,68113,175099,58371,29177,29167
stage2,36752142122132,7,31136,186800,186800,186800,0,0,0
o-first,36752142122132,7,31136,186800,72738,186800,62271,31129,31119
stage2,36752142123221,7,29161,174954,174954,174954,0,0,0
o-first,36752142123221,7,29161,174954,67986,174954,58323,29154,29144
stage2,36752143132232,6,25930,155562,155562,155562,0,0,0
o-first,36752143132232,6,25930,155562,58264,155562,51859,25924,25914
stage2,36752143133222,6,31571,189412,189412,189412,0,0,0
o-first,36752143133222,6,31571,189412,70957,189412,63141,31565,31555
stage2,36752143211132,7,29468,176794,176794,176794,0,0,0
o-first,36752143211132,7,29468,176794,69756,176794,58935,29461,29451
stage2,36754123232222,8,50595,303561,303561,303561,0,0,0
o-first,36754123232222,8,50595,303561,106210,303561,101191,50587,50577
stage2,37246511112233,6,35724,214337,214337,214337,0,0,0
o-first,37246511112233,6,35724,214337,84905,214337,71450,35718,35708
stage2,37256142321233,7,33589,201518,201518,201518,0,0,0
o-first,37256142321233,7,33589,201518,78583,201518,67177,33582,33572
stage2,37415622333221,7,37807,226830,226830,226830,0,0,0
o-first,37415622333221,7,37807,226830,88344,226830,75614,37800,37790
stage2,37426513132313,8,43353,260106,260106,260106,0,0,0
o-first,37426513132313,8,43353,260106,93317,260106,86706,43345,43335
stage2,37452162323312,7,31206,187220,187220,187220,0,0,0
o-first,37452162323312,7,31206,187220,72312,187220,62411,31199,31189
stage2,37516422333311,7,29628,177755,177755,177755,0,0,0
o-first,37516422333311,7,29628,177755,68232,177755,59257,29621,29611
stage2,37561241311112,6,28792,172734,172734,172734,0,0,0
o-first,37561241311112,6,28792,172734,69086,172734,57582,28786,28776
stage2,37612453122233,7,29185,175097,175097,175097,0,0,0
o-first,37612453122233,7,29185,175097,67175,175097,58369,29178,29168
stage2,37612542221111,8,34268,205594,205594,205594,0,0,0
o-first,37612542221111,8,34268,205594,81236,205594,68535,34260,34250
stage2,37614252221123,7,37256,223513,223513,223513,0,0,0
o-first,37614252221123,7,37256,223513,81390,223513,74508,37249,37239
stage2,37614521111111,5,39271,235607,235607,235607,0,0,0
o-first,37614521111111,5,39271,235607,100103,235607,78539,39266,39256
stage2,37614521323232,5,25572,153412,153412,153412,0,0,0
o-first,37614521323232,5,25572,153412,61111,153412,51142,25567,25557
stage2,37614522111221,5,28988,173910,173910,173910,0,0,0
o-first,37614522111221,5,28988,173910,68676,173910,57974,28983,28973
stage2,37614522113321,5,32950,197687,197687,197687,0,0,0
o-first,37614522113321,5,32950,197687,79741,197687,65899,32945,32935
stage2,37614522313322,5,34344,206042,206042,206042,0,0,0
o-first,37614522313322,5,34344,206042,83425,206042,68684,34339,34329
stage2,37614522323312,5,28783,172674,172674,172674,0,0,0
o-first,37614522323312,5,28783,172674,68224,172674,57562,28778,28768
stage2,37614523232213,5,32434,194586,194586,194586,0,0,0
o-first,37614523232213,5,32434,194586,78778,194586,64866,32429,32419
stage2,37615421113322,7,36177,217048,217048,217048,0,0,0
o-first,37615421113322,7,36177,217048,81041,217048,72353,36170,36160
stage2,37615422211133,7,35961,215752,215752,215752,0,0,0
o-first,37615422211133,7,35961,215752,81359,215752,71921,35954,35944
stage2,37615422223133,7,36440,218629,218629,218629,0,0,0
o-first,37615422223133,7,36440,218629,81950,218629,72880,36433,36423
stage2,37615422313121,7,33896,203359,203359,203359,0,0,0
o-first,37615422313121,7,33896,203359,76119,203359,67790,33889,33879
stage2,37615422313331,7,36393,218347,218347,218347,0,0,0
o-first,37615422313331,7,36393,218347,81294,218347,72786,36386,36376
stage2,37615423121132,7,38460,230749,230749,230749,0,0,0
o-first,37615423121132,7,38460,230749,85446,230749,76920,38453,38443
stage2,37624152311213,7,37291,223731,223731,223731,0,0,0
o-first,37624152311213,7,37291,223731,84167,223731,74581,37284,37274
stage2,37624511232233,7,33740,202428,202428,202428,0,0,0
o-first,37624511232233,7,33740,202428,79229,202428,67479,33733,33723
stage2,37624512121322,7,38956,233724,233724,233724,0,0,0
o-first,37624512121322,7,38956,233724,92374,233724,77913,38949,38939
stage2,37624512231212,7,30113,180666,180666,180666,0,0,0
o-first,37624512231212,7,30113,180666,71467,180666,60227,30106,30096
stage2,37624513131323,7,32091,192534,192534,192534,0,0,0
o-first,37624513131323,7,32091,192534,76750,192534,64183,32084,32074
stage2,37624513231313,7,31292,187742,187742,187742,0,0,0
o-first,37624513231313,7,31292,187742,75147,187742,62585,31285,31275
stage2,37641252222323,7,33164,198968,198968,198968,0,0,0
o-first,37641252222323,7,33164,198968,78885,198968,66326,33157,33147
stage2,37642152213311,7,38959,233733,233733,233733,0,0,0
o-first,37642152213311,7,38959,233733,90496,233733,77916,38952,38942
stage2,37642513122221,7,33483,200888,200888,200888,0,0,0
o-first,37642513122221,7,33483,200888,73038,200888,66966,33476,33466
stage2,37645122312221,7,28290,169718,169718,169718,0,0,0
o-first,37645122312221,7,28290,169718,65568,169718,56578,28283,28273
stage2,37651242211133,7,40355,242111,242111,242111,0,0,0
o-first,37651242211133,7,40355,242111,91844,242111,80708,40348,40338
stage2,37651422312311,7,37976,227844,227844,227844,0,0,0
o-first,37651422312311,7,37976,227844,88619,227844,75952,37969,37959
stage2,37652141113232,6,27378,164250,164250,164250,0,0,0
o-first,37652141113232,6,27378,164250,63422,164250,54754,27372,27362
stage2,37652143231322,6,30925,185530,185530,185530,0,0,0
o-first,37652143231322,6,30925,185530,73382,185530,61848,30919,30909
stage2,37654212311222,8,35640,213828,213828,213828,0,0,0
o-first,37654212311222,8,35640,213828,81799,213828,71280,35632,35622
stage2,41236753232321,6,30195,181155,181155,181155,0,0,0
o-first,41236753232321,6,30195,181155,71659,181155,60389,30189,30179
stage2,41237561313131,8,42443,254649,254649,254649,0,0,0
o-first,41237561313131,8,42443,254649,95036,254649,84887,42435,42425
stage2,41263751312222,7,45863,275171,275171,275171,0,0,0
o-first,41263751312222,7,45863,275171,101574,275171,91728,45856,45846
stage2,41325671212211,6,30839,185018,185018,185018,0,0,0
o-first,41325671212211,6,30839,185018,73103,185018,61677,30833,30823
stage2,41325762313223,7,28647,171867,171867,171867,0,0,0
o-first,41325762313223,7,28647,171867,66838,171867,57293,28640,28630
stage2,41325763131233,7,27410,164442,164442,164442,0,0,0
o-first,41325763131233,7,27410,164442,63426,164442,54818,27403,27393
stage2,41352671212112,8,42701,256194,256194,256194,0,0,0
o-first,41352671212112,8,42701,256194,89442,256194,85402,42693,42683
stage2,41352671212121,8,44046,264267,264267,264267,0,0,0
o-first,41352671212121,8,44046,264267,94917,264267,88093,44038,44028
stage2,41352671222111,8,44287,265716,265716,265716,0,0,0
o-first,41352671222111,8,44287,265716,93149,265716,88576,44279,44269
stage2,41357622313112,6,24594,147546,147546,147546,0,0,0
o-first,41357622313112,6,24594,147546,59173,147546,49187,24588,24578
stage2,41367253111133,7,40396,242357,242357,242357,0,0,0
o-first,41367253111133,7,40396,242357,93950,242357,80790,40389,40379
stage2,41532672313211,6,54360,326151,326151,326151,0,0,0
o-first,41532672313211,6,54360,326151,138511,326151,108720,54354,54344
stage2,41532761233133,7,36066,216385,216385,216385,0,0,0
o-first,41532761233133,7,36066,216385,78970,216385,72133,36059,36049
stage2,41563273113311,7,32359,194136,194136,194136,0,0,0
o-first,41563273113311,7,32359,194136,74586,194136,64717,32352,32342
stage2,41576322212222,8,39826,238948,238948,238948,0,0,0
o-first,41576322212222,8,39826,238948,89300,238948,79654,39818,39808
stage2,41625372313211,7,86068,516402,516402,516402,0,0,0
o-first,41625372313211,7,86068,516402,211982,516402,172138,86061,86051
stage2,41625373121213,7,30258,181535,181535,181535,0,0,0
o-first,41625373121213,7,30258,181535,71526,181535,60515,30251,30241
stage2,41625731222231,7,35146,210870,210870,210870,0,0,0
o-first,41625731222231,7,35146,210870,76657,210870,70293,35139,35129
stage2,41635721212121,8,51581,309480,309480,309480,0,0,0
o-first,41635721212121,8,51581,309480,114047,309480,103164,51573,51563
stage2,41657321222312,6,32331,193969,193969,193969,0,0,0
o-first,41657321222312,6,32331,193969,68729,193969,64661,32325,32315
stage2,41673252212222,8,42038,252215,252215,252215,0,0,0
o-first,41673252212222,8,42038,252215,93650,252215,84076,42030,42020
stage2,41673521111111,6,34320,205908,205908,205908,0,0,0
o-first,41673521111111,6,34320,205908,87798,205908,68640,34314,34304
stage2,41723562313211,7,32764,196574,196574,196574,0,0,0
o-first,41723562313211,7,32764,196574,78898,196574,65528,32757,32747
stage2,41725361232113,9,37004,222012,222012,222012,0,0,0
o-first,41725361232113,9,37004,222012,85937,222012,74009,36995,36985
stage2,41725361321213,8,44620,267707,267707,267707,0,0,0
o-first,41725361321213,8,44620,267707,99308,267707,89240,44612,44602
stage2,41725362221213,8,38193,229156,229156,229156,0,0,0
o-first,41725362221213,8,38193,229156,85640,229156,76389,38185,38175
stage2,41725362313211,9,41356,248123,248123,248123,0,0,0
o-first,41725362313211,9,41356,248123,100565,248123,82712,41347,41337
stage2,41725362313223,7,41473,248822,248822,248822,0,0,0
o-first,41725362313223,7,41473,248822,93828,248822,82945,41466,41456
stage2,41725363121222,8,35585,213499,213499,213499,0,0,0
o-first,41725363121222,8,35585,213499,79630,213499,71170,35577,35567
stage2,41725363121231,8,34063,204365,204365,204365,0,0,0
o-first,41725363121231,8,34063,204365,75195,204365,68126,34055,34045
stage2,41725631111111,6,40918,245498,245498,245498,0,0,0
o-first,41725631111111,6,40918,245498,101861,245498,81836,40912,40902
stage2,41725631211122,6,31783,190684,190684,190684,0,0,0
o-first,41725631211122,6,31783,190684,76173,190684,63564,31777,31767
stage2,41725632322331,6,27788,166712,166712,166712,0,0,0
o-first,41725632322331,6,27788,166712,63774,166712,55574,27782,27772
stage2,41725633111133,6,30069,180397,180397,180397,0,0,0
o-first,41725633111133,6,30069,180397,72440,180397,60137,30063,30053
stage2,41725633121123,6,28981,173864,173864,173864,0,0,0
o-first,41725633121123,6,28981,173864,68078,173864,57960,28975,28965
stage2,41725633211111,6,33164,198973,198973,198973,0,0,0
o-first,41725633211111,6,33164,198973,77990,198973,66329,33158,33148
stage2,41726352313322,7,31551,189290,189290,189290,0,0,0
o-first,41726352313322,7,31551,189290,75298,189290,63100,31544,31534
stage2,41726532312233,7,39136,234801,234801,234801,0,0,0
o-first,41726532312233,7,39136,234801,88082,234801,78270,39129,39119
stage2,41735261323313,7,39217,235292,235292,235292,0,0,0
o-first,41735261323313,7,39217,235292,88856,235292,78434,39210,39200
stage2,41735262312233,7,36822,220925,220925,220925,0,0,0
o-first,41735262312233,7,36822,220925,87378,220925,73645,36815,36805
stage2,41735263123223,7,29609,177647,177647,177647,0,0,0
o-first,41735263123223,7,29609,177647,67211,177647,59219,29602,29592
stage2,41735621233232,6,30694,184140,184140,184140,0,0,0
o-first,41735621233232,6,30694,184140,65861,184140,61385,30688,30678
stage2,41735622313322,8,35937,215611,215611,215611,0,0,0
o-first,41735622313322,8,35937,215611,81427,215611,71876,35929,35919
stage2,41736521233232,6,36849,221085,221085,221085,0,0,0
o-first,41736521233232,6,36849,221085,81212,221085,73699,36843,36833
stage2,41736522332231,6,28595,171555,171555,171555,0,0,0
o-first,41736522332231,6,28595,171555,65143,171555,57189,28589,28579
stage2,41752631222123,7,27057,162321,162321,162321,0,0,0
o-first,41752631222123,7,27057,162321,63573,162321,54112,27050,27040
stage2,41752632311123,7,29642,177837,177837,177837,0,0,0
o-first,41752632311123,7,29642,177837,70893,177837,59282,29635,29625
stage2,41752632312323,7,27243,163448,163448,163448,0,0,0
o-first,41752632312323,7,27243,163448,64470,163448,54487,27236,27226
stage2,41752632313211,7,102258,613532,613532,613532,0,0,0
o-first,41752632313211,7,102258,613532,253972,613532,204515,102251,102241
stage2,41756231321213,8,42738,256422,256422,256422,0,0,0
o-first,41756231321213,8,42738,256422,96048,256422,85478,42730,42720
stage2,41756233121231,8,33348,200076,200076,200076,0,0,0
o-first,41756233121231,8,33348,200076,74127,200076,66696,33340,33330
stage2,41762532221333,7,37226,223347,223347,223347,0,0,0
o-first,41762532221333,7,37226,223347,82368,223347,74453,37219,37209
stage2,41762533123331,7,34200,205183,205183,205183,0,0,0
o-first,41762533123331,7,34200,205183,75887,205183,68399,34193,34183
stage2,41765231233232,6,30365,182177,182177,182177,0,0,0
o-first,41765231233232,6,30365,182177,66271,182177,60730,30359,30349
stage2,41765322221312,7,27650,165890,165890,165890,0,0,0
o-first,41765322221312,7,27650,165890,64239,165890,55300,27643,27633
stage2,41765322313211,7,59677,358048,358048,358048,0,0,0
o-first,41765322313211,7,59677,358048,144633,358048,119354,59670,59660
stage2,41765323122212,7,29153,174911,174911,174911,0,0,0
o-first,41765323122212,7,29153,174911,68083,174911,58307,29146,29136
stage2,42136752131312,8,39631,237774,237774,237774,0,0,0
o-first,42136752131312,8,39631,237774,87501,237774,79263,39623,39613
stage2,42137561123333,7,37456,224720,224720,224720,0,0,0
o-first,42137561123333,7,37456,224720,83436,224720,74911,37449,37439
stage2,42137653122131,6,28333,169982,169982,169982,0,0,0
o-first,42137653122131,6,28333,169982,65181,169982,56664,28327,28317
stage2,42137653132121,6,23893,143335,143335,143335,0,0,0
o-first,42137653132121,6,23893,143335,55627,143335,47783,23887,23877
stage2,42157633231322,7,37691,226138,226138,226138,0,0,0
o-first,42157633231322,7,37691,226138,86079,226138,75383,37684,37674
stage2,42163751121212,8,43599,261582,261582,261582,0,0,0
o-first,42163751121212,8,43599,261582,98855,261582,87198,43591,43581
stage2,42165373223123,5,23701,142185,142185,142185,0,0,0
o-first,42165373223123,5,23701,142185,55527,142185,47399,23696,23686
stage2,42167532131333,8,40685,244101,244101,244101,0,0,0
o-first,42167532131333,8,40685,244101,89913,244101,81371,40677,40667
stage2,42315673112111,5,25438,152610,152610,152610,0,0,0
o-first,42315673112111,5,25438,152610,60041,152610,50874,25433,25423
stage2,42351671212211,6,36821,220910,220910,220910,0,0,0
o-first,42351671212211,6,36821,220910,87290,220910,73641,36815,36805
stage2,42351763231133,7,53902,323397,323397,323397,0,0,0
o-first,42351763231133,7,53902,323397,121814,323397,107803,53895,53885
stage2,42367153111121,6,26087,156499,156499,156499,0,0,0
o-first,42367153111121,6,26087,156499,62172,156499,52171,26081,26071
stage2,42367153211123,6,28636,171798,171798,171798,0,0,0
o-first,42367153211123,6,28636,171798,70032,171798,57270,28630,28620
stage2,42516372233111,7,35688,214121,214121,214121,0,0,0
o-first,42516372233111,7,35688,214121,85041,214121,71377,35681,35671
stage2,42561733323122,6,25222,151312,151312,151312,0,0,0
o-first,42561733323122,6,25222,151312,57504,151312,50442,25216,25206
stage2,42573612323231,7,31344,188045,188045,188045,0,0,0
o-first,42573612323231,7,31344,188045,71809,188045,62685,31337,31327
stage2,42573613322231,7,29053,174305,174305,174305,0,0,0
o-first,42573613322231,7,29053,174305,66253,174305,58105,29046,29036
stage2,42613572313211,7,32720,196307,196307,196307,0,0,0
o-first,42613572313211,7,32720,196307,78862,196307,65439,32713,32703
stage2,42615371313332,7,52459,314743,314743,314743,0,0,0
o-first,42615371313332,7,52459,314743,116536,314743,104918,52452,52442
stage2,42615372213311,7,41820,250907,250907,250907,0,0,0
o-first,42615372213311,7,41820,250907,94208,250907,83640,41813,41803
stage2,42615372221213,7,38179,229057,229057,229057,0,0,0
o-first,42615372221213,7,38179,229057,85530,229057,76356,38172,38162
stage2,42615372313211,7,42663,255971,255971,255971,0,0,0
o-first,42615372313211,7,42663,255971,103969,255971,85328,42656,42646
stage2,42651372213311,7,27710,166248,166248,166248,0,0,0
o-first,42651372213311,7,27710,166248,64164,166248,55420,27703,27693
stage2,42651733311122,7,34871,209213,209213,209213,0,0,0
o-first,42651733311122,7,34871,209213,80982,209213,69742,34864,34854
stage2,42673512232133,7,38288,229710,229710,229710,0,0,0
o-first,42673512232133,7,38288,229710,89292,229710,76575,38281,38271
stage2,42751632321233,7,37168,222999,222999,222999,0,0,0
o-first,42751632321233,7,37168,222999,87261,222999,74337,37161,37151
stage2,42751632323231,7,29697,178164,178164,178164,0,0,0
o-first,42751632323231,7,29697,178164,69162,178164,59392,29690,29680
stage2,43126572133313,7,40038,240209,240209,240209,0,0,0
o-first,43126572133313,7,40038,240209,88853,240209,80074,40031,40021
stage2,43167251232212,7,33791,202727,202727,202727,0,0,0
o-first,43167251232212,7,33791,202727,74126,202727,67579,33784,33774
stage2,43176252123131,6,28200,169176,169176,169176,0,0,0
o-first,43176252123131,6,28200,169176,68892,169176,56397,28194,28184
stage2,43176252311132,6,29997,179961,179961,179961,0,0,0
o-first,43176252311132,6,29997,179961,73449,179961,59992,29991,29981
stage2,43216573132121,7,24981,149873,149873,149873,0,0,0
o-first,43216573132121,7,24981,149873,57658,149873,49961,24974,24964
stage2,43216573132223,7,28000,167987,167987,167987,0,0,0
o-first,43216573132223,7,28000,167987,65654,167987,55999,27993,27983
stage2,43216573212311,7,27464,164772,164772,164772,0,0,0
o-first,43216573212311,7,27464,164772,63947,164772,54928,27457,27447
stage2,43216573212332,6,39475,236836,236836,236836,0,0,0
o-first,43216573212332,6,39475,236836,88723,236836,78950,39469,39459
stage2,43512671313332,7,31618,189691,189691,189691,0,0,0
o-first,43512671313332,7,31618,189691,70476,189691,63235,31611,31601
stage2,43527612312323,6,26662,159949,159949,159949,0,0,0
o-first,43527612312323,6,26662,159949,63560,159949,53321,26656,26646
stage2,43561271111111,6,30099,180578,180578,180578,0,0,0
o-first,43561271111111,6,30099,180578,77231,180578,60196,30093,30083
stage2,43571262122222,8,38393,230346,230346,230346,0,0,0
o-first,43571262122222,8,38393,230346,84228,230346,76787,38385,38375
stage2,43572161111111,6,35967,215786,215786,215786,0,0,0
o-first,43572161111111,6,35967,215786,89754,215786,71932,35961,35951
stage2,43572612312323,7,31527,189152,189152,189152,0,0,0
o-first,43572612312323,7,31527,189152,73614,189152,63055,31520,31510
stage2,43576211123222,8,33487,200916,200916,200916,0,0,0
o-first,43576211123222,8,33487,200916,74879,200916,66976,33479,33469
stage2,43576212112232,8,42055,252330,252330,252330,0,0,0
o-first,43576212112232,8,42055,252330,94590,252330,84114,42047,42037
stage2,43615271333312,7,28499,170979,170979,170979,0,0,0
o-first,43615271333312,7,28499,170979,64031,170979,56997,28492,28482
stage2,43615272113321,7,31653,189895,189895,189895,0,0,0
o-first,43615272113321,7,31653,189895,75150,189895,63303,31646,31636
stage2,43617521223221,6,41500,248988,248988,248988,0,0,0
o-first,43617521223221,6,41500,248988,88949,248988,83000,41494,41484
stage2,43621752213323,8,41671,250008,250008,250008,0,0,0
o-first,43621752213323,8,41671,250008,93436,250008,83341,41663,41653
stage2,43651722323132,6,30337,181996,181996,181996,0,0,0
o-first,43651722323132,6,30337,181996,72023,181996,60670,30331,30321
stage2,43675122222122,8,47422,284521,284521,284521,0,0,0
o-first,43675122222122,8,47422,284521,102074,284521,94845,47414,47404
stage2,43675211221331,6,31834,190978,190978,190978,0,0,0
o-first,43675211221331,6,31834,190978,67969,190978,63665,31828,31818
stage2,43721653231313,8,36571,219410,219410,219410,0,0,0
o-first,43721653231313,8,36571,219410,82671,219410,73142,36563,36553
stage2,43751623123313,8,36959,221747,221747,221747,0,0,0
o-first,43751623123313,8,36959,221747,80489,221747,73920,36951,36941
stage2,43765212222122,8,46369,278212,278212,278212,0,0,0
o-first,43765212222122,8,46369,278212,102174,278212,92742,46361,46351
stage2,45167323322231,7,30474,182825,182825,182825,0,0,0
o-first,45167323322231,7,30474,182825,69810,182825,60947,30467,30457
stage2,45176231131313,8,65650,393880,393880,393880,0,0,0
o-first,45176231131313,8,65650,393880,140046,393880,131298,65642,65632
stage2,45176231133113,8,65464,392764,392764,392764,0,0,0
o-first,45176231133113,8,65464,392764,136636,392764,130926,65456,65446
stage2,45176231331113,8,63563,381361,381361,381361,0,0,0
o-first,45176231331113,8,63563,381361,132635,381361,127125,63555,63545
stage2,45176233131113,8,67412,404455,404455,404455,0,0,0
o-first,45176233131113,8,67412,404455,144003,404455,134823,67404,67394
stage2,45176321131133,8,55763,334572,334572,334572,0,0,0
o-first,45176321131133,8,55763,334572,130701,334572,111527,55755,55745
stage2,45213672221123,7,35460,212739,212739,212739,0,0,0
o-first,45213672221123,7,35460,212739,78394,212739,70917,35453,35443
stage2,45273162222122,8,41121,246711,246711,246711,0,0,0
o-first,45273162222122,8,41121,246711,90292,246711,82241,41113,41103
stage2,45276131131133,8,48701,292206,292206,292206,0,0,0
o-first,45276131131133,8,48701,292206,115461,292206,97405,48693,48683
stage2,45312671222312,6,26714,160260,160260,160260,0,0,0
o-first,45312671222312,6,26714,160260,60418,160260,53425,26708,26698
stage2,45312672223331,7,29800,178785,178785,178785,0,0,0
o-first,45312672223331,7,29800,178785,70750,178785,59598,29793,29783
stage2,45312672233321,7,27881,167270,167270,167270,0,0,0
o-first,45312672233321,7,27881,167270,66459,167270,55761,27874,27864
stage2,45312672313211,7,87661,525957,525957,525957,0,0,0
o-first,45312672313211,7,87661,525957,220445,525957,175322,87654,87644
stage2,45312673132313,7,47880,287266,287266,287266,0,0,0
o-first,45312673132313,7,47880,287266,114844,287266,95759,47873,47863
stage2,45312673222112,6,26567,159385,159385,159385,0,0,0
o-first,45312673222112,6,26567,159385,59909,159385,53132,26561,26551
stage2,45312673231313,7,47253,283501,283501,283501,0,0,0
o-first,45312673231313,7,47253,283501,113563,283501,94504,47246,47236
stage2,45312761113211,7,30640,183830,183830,183830,0,0,0
o-first,45312761113211,7,30640,183830,71807,183830,61280,30633,30623
stage2,45312761133311,7,29254,175508,175508,175508,0,0,0
o-first,45312761133311,7,29254,175508,69605,175508,58508,29247,29237
stage2,45312762221111,7,35861,215151,215151,215151,0,0,0
o-first,45312762221111,7,35861,215151,84062,215151,71721,35854,35844
stage2,45312762311111,7,29379,176259,176259,176259,0,0,0
o-first,45312762311111,7,29379,176259,67766,176259,58757,29372,29362
stage2,45321671212211,6,32080,192473,192473,192473,0,0,0
o-first,45321671212211,6,32080,192473,76823,192473,64161,32074,32064
stage2,45321671221121,6,32061,192343,192343,192343,0,0,0
o-first,45321671221121,6,32061,192343,74867,192343,64119,32055,32045
stage2,45321673113311,6,53197,319164,319164,319164,0,0,0
o-first,45321673113311,6,53197,319164,125964,319164,106392,53191,53181
stage2,45327612222323,8,34241,205430,205430,205430,0,0,0
o-first,45327612222323,8,34241,205430,78960,205430,68481,34233,34223
stage2,45362712122222,7,40655,243914,243914,243914,0,0,0
o-first,45362712122222,7,40655,243914,89891,243914,81309,40648,40638
stage2,45367122223133,7,34804,208810,208810,208810,0,0,0
o-first,45367122223133,7,34804,208810,80883,208810,69607,34797,34787
stage2,45367211111132,6,30920,185510,185510,185510,0,0,0
o-first,45367211111132,6,30920,185510,72224,185510,61840,30914,30904
stage2,45367211211122,6,32729,196362,196362,196362,0,0,0
o-first,45367211211122,6,32729,196362,77976,196362,65458,32723,32713
stage2,45367213111133,6,33227,199345,199345,199345,0,0,0
o-first,45367213111133,6,33227,199345,80162,199345,66453,33221,33211
stage2,45376121131133,7,51491,308934,308934,308934,0,0,0
o-first,45376121131133,7,51491,308934,121530,308934,102982,51484,51474
stage2,45376121331311,7,37670,226012,226012,226012,0,0,0
o-first,45376121331311,7,37670,226012,87021,226012,75342,37663,37653
stage2,45376211333123,6,30493,182946,182946,182946,0,0,0
o-first,45376211333123,6,30493,182946,68829,182946,60985,30487,30477
stage2,45376213131323,7,48387,290314,290314,290314,0,0,0
o-first,45376213131323,7,48387,290314,115437,290314,96775,48380,48370
stage2,45376213333322,7,28251,169491,169491,169491,0,0,0
o-first,45376213333322,7,28251,169491,66296,169491,56502,28244,28234
stage2,45612371133221,6,32087,192502,192502,192502,0,0,0
o-first,45612371133221,6,32087,192502,74274,192502,64172,32081,32071
stage2,45612372331121,6,27089,162509,162509,162509,0,0,0
o-first,45612372331121,6,27089,162509,62811,162509,54173,27083,27073
stage2,45612373112231,6,27794,166746,166746,166746,0,0,0
o-first,45612373112231,6,27794,166746,65480,166746,55586,27788,27778
stage2,45612373132121,6,26527,159149,159149,159149,0,0,0
o-first,45612373132121,6,26527,159149,61407,159149,53053,26521,26511
stage2,45612373132223,6,29244,175446,175446,175446,0,0,0
o-first,45612373132223,6,29244,175446,69233,175446,58486,29238,29228
stage2,45612373322111,6,25662,153948,153948,153948,0,0,0
o-first,45612373322111,6,25662,153948,59921,153948,51320,25656,25646
stage2,45612373332122,6,27356,164121,164121,164121,0,0,0
o-first,45612373332122,6,27356,164121,63167,164121,54711,27350,27340
stage2,45612373332221,6,27578,165453,165453,165453,0,0,0
o-first,45612373332221,6,27578,165453,64260,165453,55155,27572,27562
stage2,45613271331221,6,31262,187549,187549,187549,0,0,0
o-first,45613271331221,6,31262,187549,67066,187549,62520,31256,31246
stage2,45613272233111,7,39378,236256,236256,236256,0,0,0
o-first,45613272233111,7,39378,236256,88510,236256,78755,39371,39361
stage2,45621373123331,7,34424,206535,206535,206535,0,0,0
o-first,45621373123331,7,34424,206535,75543,206535,68848,34417,34407
stage2,45621373211111,7,42979,257860,257860,257860,0,0,0
o-first,45621373211111,7,42979,257860,95600,257860,85959,42972,42962
stage2,45621732212123,8,35860,215154,215154,215154,0,0,0
o-first,45621732212123,8,35860,215154,81792,215154,71722,35852,35842
stage2,45621732233333,8,34368,206205,206205,206205,0,0,0
o-first,45621732233333,8,34368,206205,78406,206205,68739,34360,34350
stage2,45623712332123,6,25215,151279,151279,151279,0,0,0
o-first,45623712332123,6,25215,151279,60052,151279,50430,25209,25199
stage2,45623713322321,6,24161,144943,144943,144943,0,0,0
o-first,45623713322321,6,24161,144943,56762,144943,48318,24155,24145
stage2,45637123132121,6,27774,166630,166630,166630,0,0,0
o-first,45637123132121,6,27774,166630,64735,166630,55546,27768,27758
stage2,45637123332122,6,24342,146033,146033,146033,0,0,0
o-first,45637123332122,6,24342,146033,56709,146033,48683,24336,24326
stage2,45671231132231,6,24722,148322,148322,148322,0,0,0
o-first,45671231132231,6,24722,148322,58543,148322,49445,24716,24706
stage2,45671233112132,6,26582,159464,159464,159464,0,0,0
o-first,45671233112132,6,26582,159464,62603,159464,53159,26576,26566
stage2,45673212212132,7,31956,191726,191726,191726,0,0,0
o-first,45673212212132,7,31956,191726,71375,191726,63912,31949,31939
stage2,45673213211222,7,32646,195867,195867,195867,0,0,0
o-first,45673213211222,7,32646,195867,72452,195867,65293,32639,32629
stage2,45713623223132,6,26314,157871,157871,157871,0,0,0
o-first,45713623223132,6,26314,157871,61750,157871,52628,26308,26298
stage2,45721363321313,7,30577,183436,183436,183436,0,0,0
o-first,45721363321313,7,30577,183436,70196,183436,61150,30570,30560
stage2,45721363322231,7,29513,177066,177066,177066,0,0,0
o-first,45721363322231,7,29513,177066,67706,177066,59026,29506,29496
stage2,45732612233321,6,26595,159556,159556,159556,0,0,0
o-first,45732612233321,6,26595,159556,62903,159556,53189,26589,26579
stage2,45736121122211,7,43223,259331,259331,259331,0,0,0
o-first,45736121122211,7,43223,259331,100963,259331,86448,43216,43206
stage2,46123571111111,6,32356,194115,194115,194115,0,0,0
o-first,46123571111111,6,32356,194115,84418,194115,64709,32350,32340
stage2,46123573232123,6,39598,237578,237578,237578,0,0,0
o-first,46123573232123,6,39598,237578,94223,237578,79196,39592,39582
stage2,46125731333123,6,31794,190745,190745,190745,0,0,0
o-first,46125731333123,6,31794,190745,67863,190745,63587,31788,31778
stage2,46127351131313,8,39929,239555,239555,239555,0,0,0
o-first,46127351131313,8,39929,239555,87772,239555,79857,39921,39911
stage2,46127352131333,8,44897,269371,269371,269371,0,0,0
o-first,46127352131333,8,44897,269371,97333,269371,89795,44889,44879
stage2,46127353131323,8,48263,289564,289564,289564,0,0,0
o-first,46127353131323,8,48263,289564,106655,289564,96526,48255,48245
stage2,46135272133313,8,37690,226123,226123,226123,0,0,0
o-first,46135272133313,8,37690,226123,84810,226123,75379,37682,37672
stage2,46153273131131,7,45624,273739,273739,273739,0,0,0
o-first,46153273131131,7,45624,273739,103977,273739,91250,45617,45607
stage2,46157233333232,7,27832,166983,166983,166983,0,0,0
o-first,46157233333232,7,27832,166983,65068,166983,55665,27825,27815
stage2,46157321331233,7,33238,199416,199416,199416,0,0,0
o-first,46157321331233,7,33238,199416,72620,199416,66475,33231,33221
stage2,46215372121223,7,29448,176675,176675,176675,0,0,0
o-first,46215372121223,7,29448,176675,68243,176675,58895,29441,29431
stage2,46215372313211,7,51066,306379,306379,306379,0,0,0
o-first,46215372313211,7,51066,306379,125345,306379,102131,51059,51049
stage2,46257132211133,7,36243,217447,217447,217447,0,0,0
o-first,46257132211133,7,36243,217447,84305,217447,72486,36236,36226
stage2,46257313312211,7,56682,340079,340079,340079,0,0,0
o-first,46257313312211,7,56682,340079,128360,340079,113365,56675,56665
stage2,46273512122312,7,29517,177092,177092,177092,0,0,0
o-first,46273512122312,7,29517,177092,68219,177092,59034,29510,29500
stage2,46273513221212,7,28077,168446,168446,168446,0,0,0
o-first,46273513221212,7,28077,168446,65014,168446,56152,28070,28060
stage2,46275311123222,8,34431,206576,206576,206576,0,0,0
o-first,46275311123222,8,34431,206576,75874,206576,68863,34423,34413
stage2,46275312112232,8,43258,259541,259541,259541,0,0,0
o-first,46275312112232,8,43258,259541,95294,259541,86518,43250,43240
stage2,46275312132212,8,38152,228901,228901,228901,0,0,0
o-first,46275312132212,8,38152,228901,85841,228901,76304,38144,38134
stage2,46275312232133,7,33606,201618,201618,201618,0,0,0
o-first,46275312232133,7,33606,201618,76654,201618,67211,33599,33589
stage2,46275312313211,9,41073,246431,246431,246431,0,0,0
o-first,46275312313211,9,41073,246431,100027,246431,82148,41064,41054
stage2,46275313121222,8,35377,212257,212257,212257,0,0,0
o-first,46275313121222,8,35377,212257,79338,212257,70756,35369,35359
stage2,46275313312211,7,40882,245273,245273,245273,0,0,0
o-first,46275313312211,7,40882,245273,91671,245273,81762,40875,40865
stage2,46321752111131,6,31205,187213,187213,187213,0,0,0
o-first,46321752111131,6,31205,187213,74427,187213,62409,31199,31189
stage2,46352171211233,6,25476,152838,152838,152838,0,0,0
o-first,46352171211233,6,25476,152838,60409,152838,50951,25470,25460
stage2,46352172113231,6,23610,141642,141642,141642,0,0,0
o-first,46352172113231,6,23610,141642,56535,141642,47219,23604,23594
stage2,46372511221331,6,34471,206806,206806,206806,0,0,0
o-first,46372511221331,6,34471,206806,73637,206806,68939,34465,34455
stage2,46375211211332,6,25601,153586,153586,153586,0,0,0
o-first,46375211211332,6,25601,153586,59279,153586,51198,25595,25585
stage2,46375212113111,6,28107,168633,168633,168633,0,0,0
o-first,46375212113111,6,28107,168633,66535,168633,56215,28101,28091
stage2,46375212132131,6,25534,153187,153187,153187,0,0,0
o-first,46375212132131,6,25534,153187,58149,153187,51067,25528,25518
stage2,46375212132221,6,28172,169019,169019,169019,0,0,0
o-first,46375212132221,6,28172,169019,63988,169019,56343,28166,28156
stage2,46375212332222,6,27533,165180,165180,165180,0,0,0
o-first,46375212332222,6,27533,165180,64487,165180,55064,27527,27517
stage2,46375213112111,6,34874,209226,209226,209226,0,0,0
o-first,46375213112111,6,34874,209226,81029,209226,69746,34868,34858
stage2,46375213123121,6,31821,190911,190911,190911,0,0,0
o-first,46375213123121,6,31821,190911,71626,190911,63641,31815,31805
stage2,46375213333121,6,25905,155412,155412,155412,0,0,0
o-first,46375213333121,6,25905,155412,59092,155412,51808,25899,25889
stage2,46512371331221,6,33522,201121,201121,201121,0,0,0
o-first,46512371331221,6,33522,201121,71897,201121,67044,33516,33506
stage2,46512372113321,7,36507,219018,219018,219018,0,0,0
o-first,46512372113321,7,36507,219018,82244,219018,73011,36500,36490
stage2,46513272332111,6,26985,161889,161889,161889,0,0,0
o-first,46513272332111,6,26985,161889,61714,161889,53967,26979,26969
stage2,46513273113221,6,26875,161233,161233,161233,0,0,0
o-first,46513273113221,6,26875,161233,61363,161233,53749,26869,26859
stage2,46523711331332,6,32080,192463,192463,192463,0,0,0
o-first,46523711331332,6,32080,192463,67752,192463,64159,32074,32064
stage2,46527133111121,6,26113,156657,156657,156657,0,0,0
o-first,46527133111121,6,26113,156657,62363,156657,52223,26107,26097
stage2,46572311223122,7,34262,205556,205556,205556,0,0,0
o-first,46572311223122,7,34262,205556,77809,205556,68522,34255,34245
stage2,46572312132122,7,27949,167677,167677,167677,0,0,0
o-first,46572312132122,7,27949,167677,63042,167677,55897,27942,27932
stage2,46721533123313,7,35637,213802,213802,213802,0,0,0
o-first,46721533123313,7,35637,213802,77938,213802,71272,35630,35620
stage2,47123562232133,7,38974,233826,233826,233826,0,0,0
o-first,47123562232133,7,38974,233826,91112,233826,77947,38967,38957
stage2,47123651233232,6,28858,173125,173125,173125,0,0,0
o-first,47123651233232,6,28858,173125,64596,173125,57713,28852,28842
stage2,47126351233232,6,39296,235763,235763,235763,0,0,0
o-first,47126351233232,6,39296,235763,83743,235763,78592,39290,39280
stage2,47126532133133,7,32949,197684,197684,197684,0,0,0
o-first,47126532133133,7,32949,197684,73679,197684,65898,32942,32932
stage2,47132562311111,6,31543,189234,189234,189234,0,0,0
o-first,47132562311111,6,31543,189234,72561,189234,63082,31537,31527
stage2,47132563222331,6,42130,252765,252765,252765,0,0,0
o-first,47132563222331,6,42130,252765,93578,252765,84259,42124,42114
stage2,47132652233321,7,31435,188597,188597,188597,0,0,0
o-first,47132652233321,7,31435,188597,73373,188597,62870,31428,31418
stage2,47135622132332,7,29480,176872,176872,176872,0,0,0
o-first,47135622132332,7,29480,176872,66753,176872,58962,29473,29463
stage2,47136252133112,8,41615,249678,249678,249678,0,0,0
o-first,47136252133112,8,41615,249678,93578,249678,83230,41607,41597
stage2,47152361233232,6,26021,156116,156116,156116,0,0,0
o-first,47152361233232,6,26021,156116,57851,156116,52043,26015,26005
stage2,47152631322131,8,33447,200662,200662,200662,0,0,0
o-first,47152631322131,8,33447,200662,74673,200662,66892,33439,33429
stage2,47156231332313,7,33571,201421,201421,201421,0,0,0
o-first,47156231332313,7,33571,201421,79101,201421,67144,33564,33554
stage2,47156233211132,7,32101,192592,192592,192592,0,0,0
o-first,47156233211132,7,32101,192592,76752,192592,64201,32094,32084
stage2,47156233223312,6,27708,166236,166236,166236,0,0,0
o-first,47156233223312,6,27708,166236,62416,166236,55415,27702,27692
stage2,47156233233113,7,32716,196285,196285,196285,0,0,0
o-first,47156233233113,7,32716,196285,77018,196285,65432,32709,32699
stage2,47156233322312,6,26601,159594,159594,159594,0,0,0
o-first,47156233322312,6,26601,159594,60085,159594,53201,26595,26585
stage2,47156321111111,5,33837,203005,203005,203005,0,0,0
o-first,47156321111111,5,33837,203005,85605,203005,67673,33832,33822
stage2,47156321133311,5,34212,205249,205249,205249,0,0,0
o-first,47156321133311,5,34212,205249,81224,205249,68421,34207,34197
stage2,47156322132311,5,29016,174081,174081,174081,0,0,0
o-first,47156322132311,5,29016,174081,67692,174081,58031,29011,29001
stage2,47156322313232,5,26804,160797,160797,160797,0,0,0
o-first,47156322313232,5,26804,160797,63152,160797,53603,26799,26789
stage2,47156322332132,5,25018,150081,150081,150081,0,0,0
o-first,47156322332132,5,25018,150081,57353,150081,50031,25013,25003
stage2,47156322332312,5,26149,156878,156878,156878,0,0,0
o-first,47156322332312,5,26149,156878,60033,156878,52296,26144,26134
stage2,47156323223123,5,28835,172980,172980,172980,0,0,0
o-first,47156323223123,5,28835,172980,65506,172980,57664,28830,28820
stage2,47162351322122,7,29314,175871,175871,175871,0,0,0
o-first,47162351322122,7,29314,175871,66106,175871,58629,29307,29297
stage2,47163522131222,7,28060,168344,168344,168344,0,0,0
o-first,47163522131222,7,28060,168344,64943,168344,56118,28053,28043
stage2,47165321232113,9,38037,228207,228207,228207,0,0,0
o-first,47165321232113,9,38037,228207,88515,228207,76074,38028,38018
stage2,47165321322131,8,55347,332070,332070,332070,0,0,0
o-first,47165321322131,8,55347,332070,122990,332070,110693,55339,55329
stage2,47165322132212,8,38120,228709,228709,228709,0,0,0
o-first,47165322132212,8,38120,228709,85909,228709,76240,38112,38102
stage2,47165322133112,8,43499,260981,260981,260981,0,0,0
o-first,47165322133112,8,43499,260981,96200,260981,86998,43491,43481
stage2,47165322232133,7,32764,196563,196563,196563,0,0,0
o-first,47165322232133,7,32764,196563,74195,196563,65526,32757,32747
stage2,47165322313211,9,42850,257093,257093,257093,0,0,0
o-first,47165322313211,9,42850,257093,103959,257093,85702,42841,42831
stage2,47216352131333,8,45731,274381,274381,274381,0,0,0
o-first,47216352131333,8,45731,274381,101529,274381,91465,45723,45713
stage2,47251363131113,8,44364,266168,266168,266168,0,0,0
o-first,47251363131113,8,44364,266168,98318,266168,88726,44356,44346
stage2,47251632131312,9,37884,227291,227291,227291,0,0,0
o-first,47251632131312,9,37884,227291,84445,227291,75768,37875,37865
stage2,47256133212311,6,28946,173657,173657,173657,0,0,0
o-first,47256133212311,6,28946,173657,67234,173657,57889,28940,28930
stage2,47256133321232,6,28580,171456,171456,171456,0,0,0
o-first,47256133321232,6,28580,171456,67874,171456,57156,28574,28564
stage2,47265312122222,7,30744,184451,184451,184451,0,0,0
o-first,47265312122222,7,30744,184451,71960,184451,61487,30737,30727
stage2,47265312131312,7,32043,192254,192254,192254,0,0,0
o-first,47265312131312,7,32043,192254,75694,192254,64088,32036,32026
stage2,47265312313211,7,85959,515742,515742,515742,0,0,0
o-first,47265312313211,7,85959,515742,212485,515742,171918,85952,85942
stage2,47321651311133,7,32131,192770,192770,192770,0,0,0
o-first,47321651311133,7,32131,192770,74821,192770,64261,32124,32114
stage2,47352612123131,6,27601,165587,165587,165587,0,0,0
o-first,47352612123131,6,27601,165587,67422,165587,55200,27595,27585
stage2,47352612311132,6,28429,170561,170561,170561,0,0,0
o-first,47352612311132,6,28429,170561,69898,170561,56858,28423,28413
stage2,47352612313211,6,53729,322362,322362,322362,0,0,0
o-first,47352612313211,6,53729,322362,138269,322362,107457,53723,53713
stage2,47512632312323,6,27294,163750,163750,163750,0,0,0
o-first,47512632312323,6,27294,163750,64769,163750,54587,27288,27278
stage2,47621532232331,6,25031,150166,150166,150166,0,0,0
o-first,47621532232331,6,25031,150166,58988,150166,50059,25025,25015
stage2,47621533231121,6,26136,156789,156789,156789,0,0,0
o-first,47621533231121,6,26136,156789,62298,156789,52268,26130,26120
stage2,47632152233321,6,26571,159409,159409,159409,0,0,0
o-first,47632152233321,6,26571,159409,62703,159409,53141,26565,26555
stage2,47632153212311,6,32666,195976,195976,195976,0,0,0
o-first,47632153212311,6,32666,195976,76856,195976,65330,32660,32650
stage2,47632153232321,6,30060,180340,180340,180340,0,0,0
o-first,47632153232321,6,30060,180340,71094,180340,60118,30054,30044
stage2,47632513212332,6,42072,252417,252417,252417,0,0,0
o-first,47632513212332,6,42072,252417,94396,252417,84142,42066,42056
stage2,47652132231323,7,32609,195644,195644,195644,0,0,0
o-first,47652132231323,7,32609,195644,75974,195644,65219,32602,32592
stage2,47653213211231,6,40778,244652,244652,244652,0,0,0
o-first,47653213211231,6,40778,244652,95068,244652,81555,40772,40762
stage2,47653213232111,6,23870,143198,143198,143198,0,0,0
o-first,47653213232111,6,23870,143198,57057,143198,47737,23864,23854
stage2,51264731113322,6,27634,165785,165785,165785,0,0,0
o-first,51264731113322,6,27634,165785,65258,165785,55266,27628,27618
stage2,51264732213311,6,26058,156329,156329,156329,0,0,0
o-first,51264732213311,6,26058,156329,62464,156329,52114,26052,26042
stage2,51267342312233,8,45980,275875,275875,275875,0,0,0
o-first,51267342312233,8,45980,275875,103943,275875,91962,45972,45962
stage2,51324671211122,6,29982,179876,179876,179876,0,0,0
o-first,51324671211122,6,29982,179876,71611,179876,59962,29976,29966
stage2,51324672212111,6,38739,232421,232421,232421,0,0,0
o-first,51324672212111,6,38739,232421,91111,232421,77477,38733,38723
stage2,51324673113311,6,45653,273900,273900,273900,0,0,0
o-first,51324673113311,6,45653,273900,107331,273900,91304,45647,45637
stage2,51324761111123,7,33734,202386,202386,202386,0,0,0
o-first,51324761111123,7,33734,202386,75158,202386,67467,33727,33717
stage2,51324763113332,7,32490,194924,194924,194924,0,0,0
o-first,51324763113332,7,32490,194924,70924,194924,64979,32483,32473
stage2,51342672212111,6,36972,221813,221813,221813,0,0,0
o-first,51342672212111,6,36972,221813,87746,221813,73942,36966,36956
stage2,51342763312223,7,65540,393225,393225,393225,0,0,0
o-first,51342763312223,7,65540,393225,158229,393225,131079,65533,65523
stage2,51367241211113,6,26516,159082,159082,159082,0,0,0
o-first,51367241211113,6,26516,159082,63630,159082,53032,26510,26500
stage2,51423671221331,6,28053,168300,168300,168300,0,0,0
o-first,51423671221331,6,28053,168300,61865,168300,56105,28047,28037
stage2,51426731111111,6,32987,197900,197900,197900,0,0,0
o-first,51426731111111,6,32987,197900,85496,197900,65971,32981,32971
stage2,51426733312211,6,29932,179575,179575,179575,0,0,0
o-first,51426733312211,6,29932,179575,70904,179575,59862,29926,29916
stage2,51472361131313,8,39822,238920,238920,238920,0,0,0
o-first,51472361131313,8,39822,238920,89044,238920,79644,39814,39804
stage2,51472633331312,8,37788,226716,226716,226716,0,0,0
o-first,51472633331312,8,37788,226716,82286,226716,75577,37780,37770
stage2,51623471321111,6,24006,144012,144012,144012,0,0,0
o-first,51623471321111,6,24006,144012,57531,144012,48008,24000,23990
stage2,51623743313321,7,35275,211634,211634,211634,0,0,0
o-first,51623743313321,7,35275,211634,77954,211634,70549,35268,35258
stage2,51624731312123,7,34199,205173,205173,205173,0,0,0
o-first,51624731312123,7,34199,205173,77937,205173,68395,34192,34182
stage2,51624733323113,7,37280,223678,223678,223678,0,0,0
o-first,51624733323113,7,37280,223678,81258,223678,74562,37273,37263
stage2,51632741323232,6,26654,159904,159904,159904,0,0,0
o-first,51632741323232,6,26654,159904,63273,159904,53306,26648,26638
stage2,51642371122313,7,35855,215115,215115,215115,0,0,0
o-first,51642371122313,7,35855,215115,80894,215115,71709,35848,35838
stage2,51642731113322,7,39118,234700,234700,234700,0,0,0
o-first,51642731113322,7,39118,234700,89929,234700,78237,39111,39101
stage2,51647231113232,6,25645,153859,153859,153859,0,0,0
o-first,51647231113232,6,25645,153859,60249,153859,51291,25639,25629
stage2,51723643131311,8,37612,225655,225655,225655,0,0,0
o-first,51723643131311,8,37612,225655,84586,225655,75223,37604,37594
stage2,51724362122222,7,32572,195418,195418,195418,0,0,0
o-first,51724362122222,7,32572,195418,77208,195418,65144,32565,32555
stage2,51724363121213,7,31984,191893,191893,191893,0,0,0
o-first,51724363121213,7,31984,191893,76141,191893,63969,31977,31967
stage2,51726433123313,7,37943,227647,227647,227647,0,0,0
o-first,51726433123313,7,37943,227647,83055,227647,75887,37936,37926
stage2,51732643121213,8,39660,237947,237947,237947,0,0,0
o-first,51732643121213,8,39660,237947,88148,237947,79320,39652,39642
stage2,51742632323231,7,31359,188143,188143,188143,0,0,0
o-first,51742632323231,7,31359,188143,72660,188143,62717,31352,31342
stage2,51742632323333,7,34044,204252,204252,204252,0,0,0
o-first,51742632323333,7,34044,204252,80412,204252,68088,34037,34027
stage2,52134761232113,6,30103,180605,180605,180605,0,0,0
o-first,52134761232113,6,30103,180605,72623,180605,60206,30097,30087
stage2,52147631121311,7,30470,182814,182814,182814,0,0,0
o-first,52147631121311,7,30470,182814,73299,182814,60942,30463,30453
stage2,52147631131211,7,31816,190887,190887,190887,0,0,0
o-first,52147631131211,7,31816,190887,75828,190887,63633,31809,31799
stage2,52147631211131,7,27377,164242,164242,164242,0,0,0
o-first,52147631211131,7,27377,164242,65702,164242,54752,27370,27360
stage2,52147631311121,7,27954,167715,167715,167715,0,0,0
o-first,52147631311121,7,27954,167715,66964,167715,55909,27947,27937
stage2,52147632111113,7,30249,181471,181471,181471,0,0,0
o-first,52147632111113,7,30249,181471,72723,181471,60495,30242,30232
stage2,52147633111112,7,38990,233935,233935,233935,0,0,0
o-first,52147633111112,7,38990,233935,92970,233935,77983,38983,38973
stage2,52163471112122,6,31653,189894,189894,189894,0,0,0
o-first,52163471112122,6,31653,189894,76773,189894,63302,31647,31637
stage2,52163471213111,6,27187,163107,163107,163107,0,0,0
o-first,52163471213111,6,27187,163107,65735,163107,54373,27181,27171
stage2,52163471312111,6,26823,160924,160924,160924,0,0,0
o-first,52163471312111,6,26823,160924,64712,160924,53646,26817,26807
stage2,52163471333123,6,24807,148825,148825,148825,0,0,0
o-first,52163471333123,6,24807,148825,57591,148825,49613,24801,24791
stage2,52163472111311,6,27087,162505,162505,162505,0,0,0
o-first,52163472111311,6,27087,162505,65511,162505,54173,27081,27071
stage2,52163472131222,6,26619,159686,159686,159686,0,0,0
o-first,52163472131222,6,26619,159686,63753,159686,53234,26613,26603
stage2,52163473111211,6,28711,172249,172249,172249,0,0,0
o-first,52163473111211,6,28711,172249,69047,172249,57421,28705,28695
stage2,52163473111331,6,28369,170196,170196,170196,0,0,0
o-first,52163473111331,6,28369,170196,67612,170196,56736,28363,28353
stage2,52163473221323,6,26601,159583,159583,159583,0,0,0
o-first,52163473221323,6,26601,159583,63485,159583,53199,26595,26585
stage2,52163473323332,6,45647,273860,273860,273860,0,0,0
o-first,52163473323332,6,45647,273860,106317,273860,91290,45641,45631
stage2,52167342121232,8,37582,225483,225483,225483,0,0,0
o-first,52167342121232,8,37582,225483,84814,225483,75165,37574,37564
stage2,52167432121313,7,33802,202795,202795,202795,0,0,0
o-first,52167432121313,7,33802,202795,78827,202795,67602,33795,33785
stage2,52167432122222,7,41286,247708,247708,247708,0,0,0
o-first,52167432122222,7,41286,247708,97194,247708,82573,41279,41269
stage2,52167432131213,7,35954,215706,215706,215706,0,0,0
o-first,52167432131213,7,35954,215706,84799,215706,71905,35947,35937
stage2,52167433133333,7,39915,239478,239478,239478,0,0,0
o-first,52167433133333,7,39915,239478,93092,239478,79831,39908,39898
stage2,52167433331333,7,34245,205459,205459,205459,0,0,0
o-first,52167433331333,7,34245,205459,80056,205459,68490,34238,34228
stage2,52174633223123,6,35537,213206,213206,213206,0,0,0
o-first,52174633223123,6,35537,213206,77521,213206,71071,35531,35521
stage2,52314673311311,6,56297,337776,337776,337776,0,0,0
o-first,52314673311311,6,56297,337776,131845,337776,112595,56291,56281
stage2,52314761322122,7,32008,192036,192036,192036,0,0,0
o-first,52314761322122,7,32008,192036,70654,192036,64016,32001,31991
stage2,52341671111111,6,89647,537872,537872,537872,0,0,0
o-first,52341671111111,6,89647,537872,225341,537872,179294,89641,89631
stage2,52341671122211,6,32759,196538,196538,196538,0,0,0
o-first,52341671122211,6,32759,196538,80010,196538,65516,32753,32743
stage2,52341671311313,6,26602,159586,159586,159586,0,0,0
o-first,52341671311313,6,26602,159586,63731,159586,53200,26596,26586
stage2,52341672211112,6,33072,198425,198425,198425,0,0,0
o-first,52341672211112,6,33072,198425,81464,198425,66145,33066,33056
stage2,52341672232313,6,30732,184374,184374,184374,0,0,0
o-first,52341672232313,6,30732,184374,75094,184374,61462,30726,30716
stage2,52341672323222,6,33479,200850,200850,200850,0,0,0
o-first,52341672323222,6,33479,200850,80439,200850,66954,33473,33463
stage2,52341672323312,6,44004,264008,264008,264008,0,0,0
o-first,52341672323312,6,44004,264008,104515,264008,88008,43998,43988
stage2,52341673133111,6,28227,169339,169339,169339,0,0,0
o-first,52341673133111,6,28227,169339,67597,169339,56451,28221,28211
stage2,52341673232213,6,30118,180687,180687,180687,0,0,0
o-first,52341673232213,6,30118,180687,73844,180687,60233,30112,30102
stage2,52341673232333,6,26858,161131,161131,161131,0,0,0
o-first,52341673232333,6,26858,161131,64426,161131,53715,26852,26842
stage2,52341673323212,6,43225,259325,259325,259325,0,0,0
o-first,52341673323212,6,43225,259325,102903,259325,86447,43219,43209
stage2,52361472121313,6,40947,245674,245674,245674,0,0,0
o-first,52361472121313,6,40947,245674,94060,245674,81895,40941,40931
stage2,52361472131312,6,33850,203091,203091,203091,0,0,0
o-first,52361472131312,6,33850,203091,79091,203091,67700,33844,33834
stage2,52367142211121,7,34599,207576,207576,207576,0,0,0
o-first,52367142211121,7,34599,207576,80774,207576,69195,34592,34582
stage2,52367412322232,7,29041,174226,174226,174226,0,0,0
o-first,52367412322232,7,29041,174226,69719,174226,58080,29034,29024
stage2,52374161112323,6,30013,180062,180062,180062,0,0,0
o-first,52374161112323,6,30013,180062,77267,180062,60025,30007,29997
stage2,52376413222223,8,32459,194735,194735,194735,0,0,0
o-first,52376413222223,8,32459,194735,74695,194735,64916,32451,32441
stage2,52463173212332,6,38852,233100,233100,233100,0,0,0
o-first,52463173212332,6,38852,233100,87761,233100,77703,38846,38836
stage2,52463713212332,6,39009,234030,234030,234030,0,0,0
o-first,52463713212332,6,39009,234030,87440,234030,78014,39003,38993
stage2,52471631223113,6,29231,175367,175367,175367,0,0,0
o-first,52471631223113,6,29231,175367,67638,175367,58459,29225,29215
stage2,52471631323112,6,29974,179825,179825,179825,0,0,0
o-first,52471631323112,6,29974,179825,70867,179825,59945,29968,29958
stage2,52614372313211,7,48528,291160,291160,291160,0,0,0
o-first,52614372313211,7,48528,291160,118656,291160,97058,48521,48511
stage2,52641733212311,7,28398,170378,170378,170378,0,0,0
o-first,52641733212311,7,28398,170378,65748,170378,56796,28391,28381
stage2,52641733232321,7,28912,173452,173452,173452,0,0,0
o-first,52641733232321,7,28912,173452,66787,173452,57822,28905,28895
stage2,52673413232123,6,26983,161883,161883,161883,0,0,0
o-first,52673413232123,6,26983,161883,63395,161883,53965,26977,26967
stage2,52713461232323,6,26630,159753,159753,159753,0,0,0
o-first,52713461232323,6,26630,159753,63095,159753,53255,26624,26614
stage2,52714361232113,8,43985,263902,263902,263902,0,0,0
o-first,52714361232113,8,43985,263902,104500,263902,87971,43977,43967
stage2,52714633213223,7,28877,173246,173246,173246,0,0,0
o-first,52714633213223,7,28877,173246,66393,173246,57752,28870,28860
stage2,52714633223123,6,28914,173464,173464,173464,0,0,0
o-first,52714633223123,6,28914,173464,65168,173464,57826,28908,28898
stage2,52731641233112,6,25439,152622,152622,152622,0,0,0
o-first,52731641233112,6,25439,152622,58811,152622,50878,25433,25423
stage2,52731641323112,6,24521,147108,147108,147108,0,0,0
o-first,52731641323112,6,24521,147108,57010,147108,49040,24515,24505
stage2,52736141322233,7,28879,173260,173260,173260,0,0,0
o-first,52736141322233,7,28879,173260,66926,173260,57757,28872,28862
stage2,52741362313211,7,33346,200065,200065,200065,0,0,0
o-first,52741362313211,7,33346,200065,81704,200065,66693,33339,33329
stage2,52741362313223,7,37959,227750,227750,227750,0,0,0
o-first,52741362313223,7,37959,227750,88040,227750,75920,37952,37942
stage2,52741632122333,7,42704,256209,256209,256209,0,0,0
o-first,52741632122333,7,42704,256209,89995,256209,85408,42697,42687
stage2,52741632123323,7,52738,316416,316416,316416,0,0,0
o-first,52741632123323,7,52738,316416,111331,316416,105477,52731,52721
stage2,52741632212213,7,44675,268042,268042,268042,0,0,0
o-first,52741632212213,7,44675,268042,94152,268042,89351,44668,44658
stage2,52741632212231,7,46448,278671,278671,278671,0,0,0
o-first,52741632212231,7,46448,278671,95453,278671,92894,46441,46431
stage2,52741632232211,7,43294,259747,259747,259747,0,0,0
o-first,52741632232211,7,43294,259747,91425,259747,86586,43287,43277
stage2,52741633221233,7,42615,255673,255673,255673,0,0,0
o-first,52741633221233,7,42615,255673,87607,255673,85228,42608,42598
stage2,52741633313312,7,42035,252195,252195,252195,0,0,0
o-first,52741633313312,7,42035,252195,86420,252195,84070,42028,42018
stage2,52741633313321,7,45315,271868,271868,271868,0,0,0
o-first,52741633313321,7,45315,271868,95609,271868,90627,45308,45298
stage2,52741633321223,7,50115,300679,300679,300679,0,0,0
o-first,52741633321223,7,50115,300679,103679,300679,100230,50108,50098
stage2,52741633323311,7,43799,262782,262782,262782,0,0,0
o-first,52741633323311,7,43799,262782,90104,262782,87599,43792,43782
stage2,52743611111213,7,29066,174385,174385,174385,0,0,0
o-first,52743611111213,7,29066,174385,69622,174385,58133,29059,29049
stage2,52743611111312,7,35904,215416,215416,215416,0,0,0
o-first,52743611111312,7,35904,215416,86247,215416,71810,35897,35887
stage2,52743611112131,7,29043,174250,174250,174250,0,0,0
o-first,52743611112131,7,29043,174250,70092,174250,58088,29036,29026
stage2,52743611113121,7,36523,219124,219124,219124,0,0,0
o-first,52743611113121,7,36523,219124,87631,219124,73046,36516,36506
stage2,52743612131111,7,27689,166114,166114,166114,0,0,0
o-first,52743612131111,7,27689,166114,66567,166114,55376,27682,27672
stage2,52743613121111,7,33532,201177,201177,201177,0,0,0
o-first,52743613121111,7,33532,201177,80374,201177,67063,33525,33515
stage2,52761431111213,7,28845,173064,173064,173064,0,0,0
o-first,52761431111213,7,28845,173064,69520,173064,57692,28838,28828
stage2,52761431111312,7,29043,174253,174253,174253,0,0,0
o-first,52761431111312,7,29043,174253,69639,174253,58089,29036,29026
stage2,52761431112131,7,30221,181308,181308,181308,0,0,0
o-first,52761431112131,7,30221,181308,73124,181308,60440,30214,30204
stage2,52761431113121,7,30629,183756,183756,183756,0,0,0
o-first,52761431113121,7,30629,183756,73810,183756,61256,30622,30612
stage2,52761432131111,7,29420,176510,176510,176510,0,0,0
o-first,52761432131111,7,29420,176510,71006,176510,58840,29413,29403
stage2,52761433121111,7,28256,169523,169523,169523,0,0,0
o-first,52761433121111,7,28256,169523,67830,169523,56511,28249,28239
stage2,52763143222331,6,44631,267780,267780,267780,0,0,0
o-first,52763143222331,6,44631,267780,99733,267780,89264,44625,44615
stage2,52763411222312,6,59136,354796,354796,354796,0,0,0
o-first,52763411222312,6,59136,354796,120373,354796,118269,59130,59120
stage2,52763411333123,6,40243,241440,241440,241440,0,0,0
o-first,52763411333123,6,40243,241440,81081,241440,80485,40237,40227
stage2,52763413222112,6,61159,366940,366940,366940,0,0,0
o-first,52763413222112,6,61159,366940,124116,366940,122317,61153,61143
stage2,52763413223312,6,60995,365953,365953,365953,0,0,0
o-first,52763413223312,6,60995,365953,123805,365953,121988,60989,60979
stage2,52763413322312,6,59199,355171,355171,355171,0,0,0
o-first,52763413322312,6,59199,355171,120176,355171,118394,59193,59183
stage2,53126471231231,6,36064,216365,216365,216365,0,0,0
o-first,53126471231231,6,36064,216365,80155,216365,72125,36058,36048
stage2,53126471231321,6,28818,172890,172890,172890,0,0,0
o-first,53126471231321,6,28818,172890,66562,172890,57634,28812,28802
stage2,53126471321321,6,30848,185064,185064,185064,0,0,0
o-first,53126471321321,6,30848,185064,68986,185064,61692,30842,30832
stage2,53146272123233,8,40756,244517,244517,244517,0,0,0
o-first,53146272123233,8,40756,244517,95479,244517,81510,40748,40738
stage2,53147262123131,6,28370,170205,170205,170205,0,0,0
o-first,53147262123131,6,28370,170205,69140,170205,56739,28364,28354
stage2,53162743312223,7,66425,398529,398529,398529,0,0,0
o-first,53162743312223,7,66425,398529,159723,398529,132847,66418,66408
stage2,53274163211222,7,36926,221536,221536,221536,0,0,0
o-first,53274163211222,7,36926,221536,80603,221536,73850,36919,36909
stage2,53421671321111,6,37936,227602,227602,227602,0,0,0
o-first,53421671321111,6,37936,227602,90066,227602,75872,37930,37920
stage2,53421671321231,6,25279,151654,151654,151654,0,0,0
o-first,53421671321231,6,25279,151654,59726,151654,50556,25273,25263
stage2,53426171112233,7,29243,175444,175444,175444,0,0,0
o-first,53426171112233,7,29243,175444,67560,175444,58485,29236,29226
stage2,53462711113322,7,38109,228643,228643,228643,0,0,0
o-first,53462711113322,7,38109,228643,87329,228643,76218,38102,38092
stage2,53467211321111,6,24126,144735,144735,144735,0,0,0
o-first,53467211321111,6,24126,144735,57817,144735,48249,24120,24110
stage2,53476121323112,6,31484,188895,188895,188895,0,0,0
o-first,53476121323112,6,31484,188895,72950,188895,62969,31478,31468
stage2,53476121323322,6,32433,194586,194586,194586,0,0,0
o-first,53476121323322,6,32433,194586,75013,194586,64866,32427,32417
stage2,53614721212121,8,40191,241131,241131,241131,0,0,0
o-first,53614721212121,8,40191,241131,89955,241131,80381,40183,40173
stage2,53621471331221,6,26395,158354,158354,158354,0,0,0
o-first,53621471331221,6,26395,158354,58354,158354,52789,26389,26379
stage2,53642171111111,6,32538,195206,195206,195206,0,0,0
o-first,53642171111111,6,32538,195206,84461,195206,65073,32532,32522
stage2,53672142221213,8,54384,326293,326293,326293,0,0,0
o-first,53672142221213,8,54384,326293,121250,326293,108769,54376,54366
stage2,53714622233111,9,44738,268423,268423,268423,0,0,0
o-first,53714622233111,9,44738,268423,100874,268423,89478,44729,44719
stage2,53721463223312,6,33308,199823,199823,199823,0,0,0
o-first,53721463223312,6,33308,199823,70928,199823,66613,33302,33292
stage2,53724612121112,8,39562,237360,237360,237360,0,0,0
o-first,53724612121112,8,39562,237360,88662,237360,79124,39554,39544
stage2,53726143333121,7,28452,170689,170689,170689,0,0,0
o-first,53726143333121,7,28452,170689,64392,170689,56901,28445,28435
stage2,53741621323112,6,29218,175289,175289,175289,0,0,0
o-first,53741621323112,6,29218,175289,68781,175289,58433,29212,29202
stage2,53741621332112,6,30135,180803,180803,180803,0,0,0
o-first,53741621332112,6,30135,180803,70090,180803,60271,30129,30119
stage2,53742612323333,7,34591,207534,207534,207534,0,0,0
o-first,53742612323333,7,34591,207534,81310,207534,69181,34584,34574
stage2,53761242121211,8,39232,235373,235373,235373,0,0,0
o-first,53761242121211,8,39232,235373,86226,235373,78463,39224,39214
stage2,53761242221213,8,41540,249225,249225,249225,0,0,0
o-first,53761242221213,8,41540,249225,90360,249225,83079,41532,41522
stage2,53761242321212,8,38935,233585,233585,233585,0,0,0
o-first,53761242321212,8,38935,233585,86357,233585,77867,38927,38917
stage2,53762143222331,6,33200,199190,199190,199190,0,0,0
o-first,53762143222331,6,33200,199190,70526,199190,66401,33194,33184
stage2,53762413322123,7,36383,218293,218293,218293,0,0,0
o-first,53762413322123,7,36383,218293,82772,218293,72769,36376,36366
stage2,54123673233323,7,31723,190317,190317,190317,0,0,0
o-first,54123673233323,7,31723,190317,76086,190317,63443,31716,31706
stage2,54126371331221,6,26840,161021,161021,161021,0,0,0
o-first,54126371331221,6,26840,161021,59297,161021,53678,26834,26824
stage2,54127632131213,7,38613,231662,231662,231662,0,0,0
o-first,54127632131213,7,38613,231662,89668,231662,77225,38606,38596
stage2,54127632222212,7,36632,219782,219782,219782,0,0,0
o-first,54127632222212,7,36632,219782,85755,219782,73265,36625,36615
stage2,54127633131212,7,38586,231502,231502,231502,0,0,0
o-first,54127633131212,7,38586,231502,89381,231502,77171,38579,38569
stage2,54127633133333,7,40442,242643,242643,242643,0,0,0
o-first,54127633133333,7,40442,242643,93766,242643,80886,40435,40425
stage2,54127633333313,7,37587,225513,225513,225513,0,0,0
o-first,54127633333313,7,37587,225513,87022,225513,75176,37580,37570
stage2,54163271133221,7,29758,178533,178533,178533,0,0,0
o-first,54163271133221,7,29758,178533,66273,178533,59516,29751,29741
stage2,54163272233111,7,38751,232486,232486,232486,0,0,0
o-first,54163272233111,7,38751,232486,90476,232486,77501,38744,38734
stage2,54167231121113,6,26973,161823,161823,161823,0,0,0
o-first,54167231121113,6,26973,161823,65237,161823,53945,26967,26957
stage2,54167231131112,6,27371,164212,164212,164212,0,0,0
o-first,54167231131112,6,27371,164212,65710,164212,54742,27365,27355
stage2,54167231221211,6,29193,175146,175146,175146,0,0,0
o-first,54167231221211,6,29193,175146,69176,175146,58386,29187,29177
stage2,54167231333213,6,27027,162139,162139,162139,0,0,0
o-first,54167231333213,6,27027,162139,63675,162139,54051,27021,27011
stage2,54167232112112,6,29017,174081,174081,174081,0,0,0
o-first,54167232112112,6,29017,174081,69032,174081,58031,29011,29001
stage2,54167232133313,6,30767,184587,184587,184587,0,0,0
o-first,54167232133313,6,30767,184587,75189,184587,61533,30761,30751
stage2,54167232333113,6,26869,161191,161191,161191,0,0,0
o-first,54167232333113,6,26869,161191,63221,161191,53735,26863,26853
stage2,54167233232333,6,34662,207954,207954,207954,0,0,0
o-first,54167233232333,6,34662,207954,82896,207954,69322,34656,34646
stage2,54167233331213,6,30584,183483,183483,183483,0,0,0
o-first,54167233331213,6,30584,183483,74955,183483,61165,30578,30568
stage2,54172633132313,8,37791,226727,226727,226727,0,0,0
o-first,54172633132313,8,37791,226727,85014,226727,75581,37783,37773
stage2,54217362233213,7,62339,374016,374016,374016,0,0,0
o-first,54217362233213,7,62339,374016,137845,374016,124675,62332,62322
stage2,54217632132212,8,55752,334497,334497,334497,0,0,0
o-first,54217632132212,8,55752,334497,123811,334497,111503,55744,55734
stage2,54231671123111,6,28955,173710,173710,173710,0,0,0
o-first,54231671123111,6,28955,173710,68941,173710,57908,28949,28939
stage2,54231673123121,6,25360,152138,152138,152138,0,0,0
o-first,54231673123121,6,25360,152138,58218,152138,50718,25354,25344
stage2,54261373123121,6,27510,165038,165038,165038,0,0,0
o-first,54261373123121,6,27510,165038,60768,165038,55017,27504,27494
stage2,54261732231233,7,34011,204059,204059,204059,0,0,0
o-first,54261732231233,7,34011,204059,74745,204059,68023,34004,33994
stage2,54276132233312,7,33104,198608,198608,198608,0,0,0
o-first,54276132233312,7,33104,198608,75340,198608,66206,33097,33087
stage2,54312671131331,6,28466,170773,170773,170773,0,0,0
o-first,54312671131331,6,28466,170773,66581,170773,56929,28460,28450
stage2,54312672212111,6,31141,186833,186833,186833,0,0,0
o-first,54312672212111,6,31141,186833,74012,186833,62281,31135,31125
stage2,54312673311311,6,52941,317631,317631,317631,0,0,0
o-first,54312673311311,6,52941,317631,124952,317631,105881,52935,52925
stage2,54317261113112,6,25467,152787,152787,152787,0,0,0
o-first,54317261113112,6,25467,152787,60395,152787,50933,25461,25451
stage2,54317621111222,7,33379,200261,200261,200261,0,0,0
o-first,54317621111222,7,33379,200261,78236,200261,66758,33372,33362
stage2,54321672212213,7,45167,270981,270981,270981,0,0,0
o-first,54321672212213,7,45167,270981,95899,270981,90332,45160,45150
stage2,54321672212231,7,42290,253725,253725,253725,0,0,0
o-first,54321672212231,7,42290,253725,87053,253725,84580,42283,42273
stage2,54321672232211,7,44193,265146,265146,265146,0,0,0
o-first,54321672232211,7,44193,265146,93663,265146,88387,44186,44176
stage2,54321673313312,7,64029,384160,384160,384160,0,0,0
o-first,54321673313312,7,64029,384160,133757,384160,128057,64022,64012
stage2,54321673313321,7,65827,394951,394951,394951,0,0,0
o-first,54321673313321,7,65827,394951,140991,394951,131654,65820,65810
stage2,54321673323311,7,65581,393478,393478,393478,0,0,0
o-first,54321673323311,7,65581,393478,137344,393478,131163,65574,65564
stage2,54321761211221,6,27628,165750,165750,165750,0,0,0
o-first,54321761211221,6,27628,165750,64276,165750,55254,27622,27612
stage2,54321763113113,6,37364,224167,224167,224167,0,0,0
o-first,54321763113113,6,37364,224167,86002,224167,74727,37358,37348
stage2,54326171111231,6,37579,225457,225457,225457,0,0,0
o-first,54326171111231,6,37579,225457,89644,225457,75157,37573,37563
stage2,54326171112233,6,26651,159893,159893,159893,0,0,0
o-first,54326171112233,6,26651,159893,63385,159893,53301,26645,26635
stage2,54326171321231,6,27092,162536,162536,162536,0,0,0
o-first,54326171321231,6,27092,162536,63442,162536,54182,27086,27076
stage2,54326711112212,7,34556,207320,207320,207320,0,0,0
o-first,54326711112212,7,34556,207320,80188,207320,69111,34549,34539
stage2,54327612223232,7,30211,181243,181243,181243,0,0,0
o-first,54327612223232,7,30211,181243,72414,181243,60419,30204,30194
stage2,54361272223232,7,30798,184772,184772,184772,0,0,0
o-first,54361272223232,7,30798,184772,74043,184772,61596,30791,30781
stage2,54362171113133,7,32085,192494,192494,192494,0,0,0
o-first,54362171113133,7,32085,192494,74515,192494,64169,32078,32068
stage2,54362711111231,6,25668,153991,153991,153991,0,0,0
o-first,54362711111231,6,25668,153991,61556,153991,51335,25662,25652
stage2,54362711323112,6,31337,188010,188010,188010,0,0,0
o-first,54362711323112,6,31337,188010,72861,188010,62674,31331,31321
stage2,54367121112212,6,38118,228696,228696,228696,0,0,0
o-first,54367121112212,6,38118,228696,89109,228696,76236,38112,38102
stage2,54367121113211,6,31436,188595,188595,188595,0,0,0
o-first,54367121113211,6,31436,188595,72024,188595,62869,31430,31420
stage2,54367121113331,6,43449,260684,260684,260684,0,0,0
o-first,54367121113331,6,43449,260684,101597,260684,86898,43443,43433
stage2,54367122211121,6,34852,209094,209094,209094,0,0,0
o-first,54367122211121,6,34852,209094,81928,209094,69702,34846,34836
stage2,54367122311111,6,31479,188860,188860,188860,0,0,0
o-first,54367122311111,6,31479,188860,72763,188860,62956,31473,31463
stage2,54367123311113,6,31360,188135,188135,188135,0,0,0
o-first,54367123311113,6,31360,188135,74247,188135,62717,31354,31344
stage2,54367211132222,7,42565,255376,255376,255376,0,0,0
o-first,54367211132222,7,42565,255376,87915,255376,85129,42558,42548
stage2,54367211213333,7,53164,318978,318978,318978,0,0,0
o-first,54367211213333,7,53164,318978,110001,318978,106331,53157,53147
stage2,54367211222132,7,43394,260351,260351,260351,0,0,0
o-first,54367211222132,7,43394,260351,88985,260351,86788,43387,43377
stage2,54367211333213,7,46210,277243,277243,277243,0,0,0
o-first,54367211333213,7,46210,277243,95558,277243,92418,46203,46193
stage2,54367212211322,7,52843,317040,317040,317040,0,0,0
o-first,54367212211322,7,52843,317040,111665,317040,105685,52836,52826
stage2,54367212231122,7,45009,270045,270045,270045,0,0,0
o-first,54367212231122,7,45009,270045,94780,270045,90020,45002,44992
stage2,54367212233213,7,43275,259636,259636,259636,0,0,0
o-first,54367212233213,7,43275,259636,91254,259636,86549,43268,43258
stage2,54367212332213,7,44455,266719,266719,266719,0,0,0
o-first,54367212332213,7,44455,266719,93880,266719,88910,44448,44438
stage2,54367212333113,7,46618,279691,279691,279691,0,0,0
o-first,54367212333113,7,46618,279691,95917,279691,93234,46611,46601
stage2,54367213112222,7,50158,300934,300934,300934,0,0,0
o-first,54367213112222,7,50158,300934,103885,300934,100315,50151,50141
stage2,54367213312133,7,49130,294754,294754,294754,0,0,0
o-first,54367213312133,7,49130,294754,103797,294754,98255,49123,49113
stage2,54371261113331,7,32826,196938,196938,196938,0,0,0
o-first,54371261113331,7,32826,196938,76721,196938,65651,32819,32809
stage2,54371621113112,6,38481,230869,230869,230869,0,0,0
o-first,54371621113112,6,38481,230869,91930,230869,76961,38475,38465
stage2,54371621113322,6,26391,158334,158334,158334,0,0,0
o-first,54371621113322,6,26391,158334,62258,158334,52782,26385,26375
stage2,54376121322233,7,30812,184861,184861,184861,0,0,0
o-first,54376121322233,7,30812,184861,71407,184861,61624,30805,30795
stage2,54376211111132,6,31661,189951,189951,189951,0,0,0
o-first,54376211111132,6,31661,189951,72969,189951,63321,31655,31645
stage2,54376211111222,6,29196,175164,175164,175164,0,0,0
o-first,54376211111222,6,29196,175164,68993,175164,58392,29190,29180
stage2,54376211113133,6,33022,198125,198125,198125,0,0,0
o-first,54376211113133,6,33022,198125,78328,198125,66045,33016,33006
stage2,54612371112311,7,46839,281023,281023,281023,0,0,0
o-first,54612371112311,7,46839,281023,106428,281023,93678,46832,46822
stage2,54612372222131,7,34532,207174,207174,207174,0,0,0
o-first,54612372222131,7,34532,207174,76040,207174,69063,34525,34515
stage2,54612732112223,7,32629,195764,195764,195764,0,0,0
o-first,54612732112223,7,32629,195764,74946,195764,65258,32622,32612
stage2,54612733322213,7,33062,198359,198359,198359,0,0,0
o-first,54612733322213,7,33062,198359,75489,198359,66123,33055,33045
stage2,54621371133311,6,30463,182770,182770,182770,0,0,0
o-first,54621371133311,6,30463,182770,73102,182770,60928,30457,30447
stage2,54621372211121,6,33333,199975,199975,199975,0,0,0
o-first,54621372211121,6,33333,199975,79426,199975,66663,33327,33317
stage2,54637211132111,6,25752,154495,154495,154495,0,0,0
o-first,54637211132111,6,25752,154495,61496,154495,51503,25746,25736
stage2,54671232221213,8,35081,210468,210468,210468,0,0,0
o-first,54671232221213,8,35081,210468,77137,210468,70160,35073,35063
stage2,54712361323313,7,33272,199623,199623,199623,0,0,0
o-first,54712361323313,7,33272,199623,73286,199623,66545,33265,33255
stage2,54712362223322,7,34924,209524,209524,209524,0,0,0
o-first,54712362223322,7,34924,209524,79431,209524,69846,34917,34907
stage2,54716232222113,7,34550,207284,207284,207284,0,0,0
o-first,54716232222113,7,34550,207284,76445,207284,69098,34543,34533
stage2,54716321112323,6,33442,200636,200636,200636,0,0,0
o-first,54716321112323,6,33442,200636,84530,200636,66883,33436,33426
stage2,54716322313223,6,27609,165638,165638,165638,0,0,0
o-first,54716322313223,6,27609,165638,65979,165638,55217,27603,27593
stage2,54721631111111,6,106635,639792,639792,639792,0,0,0
o-first,54721631111111,6,106635,639792,266458,639792,213268,106629,106619
stage2,54721631122121,6,31244,187448,187448,187448,0,0,0
o-first,54721631122121,6,31244,187448,74424,187448,62486,31238,31228
stage2,54721631311133,6,29642,177835,177835,177835,0,0,0
o-first,54721631311133,6,29642,177835,72582,177835,59283,29636,29626
stage2,54721632133232,6,28900,173385,173385,173385,0,0,0
o-first,54721632133232,6,28900,173385,68375,173385,57799,28894,28884
stage2,54721632212222,6,30838,185010,185010,185010,0,0,0
o-first,54721632212222,6,30838,185010,75575,185010,61674,30832,30822
stage2,54721632212231,6,26887,161305,161305,161305,0,0,0
o-first,54721632212231,6,26887,161305,63319,161305,53773,26881,26871
stage2,54721633231322,6,28690,172124,172124,172124,0,0,0
o-first,54721633231322,6,28690,172124,69414,172124,57380,28684,28674
stage2,54721633313321,6,30843,185040,185040,185040,0,0,0
o-first,54721633313321,6,30843,185040,74154,185040,61684,30837,30827
stage2,54721633333331,6,27099,162569,162569,162569,0,0,0
o-first,54721633333331,6,27099,162569,64993,162569,54195,27093,27083
stage2,54723612131312,7,41727,250354,250354,250354,0,0,0
o-first,54723612131312,7,41727,250354,98236,250354,83455,41720,41710
stage2,54723612221222,7,34145,204856,204856,204856,0,0,0
o-first,54723612221222,7,34145,204856,79293,204856,68289,34138,34128
stage2,54723612222212,7,34961,209757,209757,209757,0,0,0
o-first,54723612222212,7,34961,209757,82648,209757,69922,34954,34944
stage2,54723613121312,7,38377,230249,230249,230249,0,0,0
o-first,54723613121312,7,38377,230249,90728,230249,76754,38370,38360
stage2,54723613333313,7,38761,232562,232562,232562,0,0,0
o-first,54723613333313,7,38761,232562,90887,232562,77525,38754,38744
stage2,54761233322321,7,29829,178969,178969,178969,0,0,0
o-first,54761233322321,7,29829,178969,66031,178969,59660,29822,29812
stage2,54763212322232,7,28359,170147,170147,170147,0,0,0
o-first,54763212322232,7,28359,170147,67961,170147,56719,28352,28342
stage2,56123471222312,6,41448,248675,248675,248675,0,0,0
o-first,56123471222312,6,41448,248675,83891,248675,82896,41442,41432
stage2,56123471223221,6,39342,236032,236032,236032,0,0,0
o-first,56123471223221,6,39342,236032,78493,236032,78681,39336,39326
stage2,56123471331332,6,50361,302160,302160,302160,0,0,0
o-first,56123471331332,6,50361,302160,101990,302160,100725,50355,50345
stage2,56123471333123,6,43253,259495,259495,259495,0,0,0
o-first,56123471333123,6,43253,259495,87245,259495,86502,43247,43237
stage2,56123472322121,6,41601,249588,249588,249588,0,0,0
o-first,56123472322121,6,41601,249588,83566,249588,83201,41595,41585
stage2,56123472331331,6,39036,234192,234192,234192,0,0,0
o-first,56123472331331,6,39036,234192,78332,234192,78069,39030,39020
stage2,56123473133132,6,45960,275749,275749,275749,0,0,0
o-first,56123473133132,6,45960,275749,93374,275749,91920,45954,45944
stage2,56123473133231,6,38689,232120,232120,232120,0,0,0
o-first,56123473133231,6,38689,232120,77879,232120,77377,38683,38673
stage2,56123473222112,6,39994,239948,239948,239948,0,0,0
o-first,56123473222112,6,39994,239948,80556,239948,79987,39988,39978
stage2,56123473223312,6,39895,239349,239349,239349,0,0,0
o-first,56123473223312,6,39895,239349,79792,239349,79788,39889,39879
stage2,56123473322312,6,41364,248169,248169,248169,0,0,0
o-first,56123473322312,6,41364,248169,83057,248169,82728,41358,41348
stage2,56124371111231,6,25042,150226,150226,150226,0,0,0
o-first,56124371111231,6,25042,150226,59654,150226,50080,25036,25026
stage2,56124371232323,6,34422,206514,206514,206514,0,0,0
o-first,56124371232323,6,34422,206514,81791,206514,68842,34416,34406
stage2,56127433332323,7,30700,184186,184186,184186,0,0,0
o-first,56127433332323,7,30700,184186,73143,184186,61400,30693,30683
stage2,56132472333332,7,31210,187245,187245,187245,0,0,0
o-first,56132472333332,7,31210,187245,73685,187245,62419,31203,31193
stage2,56132473211111,7,30292,181745,181745,181745,0,0,0
o-first,56132473211111,7,30292,181745,70428,181745,60585,30285,30275
stage2,56132473213211,7,30293,181750,181750,181750,0,0,0
o-first,56132473213211,7,30293,181750,69571,181750,60588,30286,30276
stage2,56143273332323,7,37902,227404,227404,227404,0,0,0
o-first,56143273332323,7,37902,227404,90250,227404,75806,37895,37885
stage2,56147231222132,7,67103,402607,402607,402607,0,0,0
o-first,56147231222132,7,67103,402607,139020,402607,134206,67096,67086
stage2,56147231333213,7,41677,250041,250041,250041,0,0,0
o-first,56147231333213,7,41677,250041,85642,250041,83352,41670,41660
stage2,56147232233213,7,43432,260568,260568,260568,0,0,0
o-first,56147232233213,7,43432,260568,91333,260568,86861,43425,43415
stage2,56147232332213,7,44896,269355,269355,269355,0,0,0
o-first,56147232332213,7,44896,269355,94827,269355,89790,44889,44879
stage2,56147232333113,7,43484,260880,260880,260880,0,0,0
o-first,56147232333113,7,43484,260880,89471,260880,86965,43477,43467
stage2,56147322333233,7,38865,233180,233180,233180,0,0,0
o-first,56147322333233,7,38865,233180,91469,233180,77730,38858,38848
stage2,56173421113112,6,25401,152394,152394,152394,0,0,0
o-first,56173421113112,6,25401,152394,60214,152394,50802,25395,25385
stage2,56174232323333,7,34302,205798,205798,205798,0,0,0
o-first,56174232323333,7,34302,205798,81589,205798,68604,34295,34285
stage2,56174321232113,8,42136,252814,252814,252814,0,0,0
o-first,56174321232113,8,42136,252814,100475,252814,84275,42128,42118
stage2,56213471111111,6,34812,208861,208861,208861,0,0,0
o-first,56213471111111,6,34812,208861,90154,208861,69625,34806,34796
stage2,56213743313333,8,40838,245006,245006,245006,0,0,0
o-first,56213743313333,8,40838,245006,90317,245006,81673,40830,40820
stage2,56243173133111,7,37199,223181,223181,223181,0,0,0
o-first,56243173133111,7,37199,223181,85257,223181,74398,37192,37182
stage2,56243713121333,8,38088,228518,228518,228518,0,0,0
o-first,56243713121333,8,38088,228518,85059,228518,76178,38080,38070
stage2,56247132333233,7,31340,188036,188036,188036,0,0,0
o-first,56247132333233,7,31340,188036,74888,188036,62682,31333,31323
stage2,56271433111313,8,41819,250899,250899,250899,0,0,0
o-first,56271433111313,8,41819,250899,92789,250899,83637,41811,41801
stage2,56271433123313,8,40769,244602,244602,244602,0,0,0
o-first,56271433123313,8,40769,244602,88072,244602,81538,40761,40751
stage2,56271433132313,8,42869,257208,257208,257208,0,0,0
o-first,56271433132313,8,42869,257208,94508,257208,85740,42861,42851
stage2,56274132331133,7,33263,199566,199566,199566,0,0,0
o-first,56274132331133,7,33263,199566,73159,199566,66527,33256,33246
stage2,56274312313211,7,48722,292318,292318,292318,0,0,0
o-first,56274312313211,7,48722,292318,119342,292318,97444,48715,48705
stage2,56321473233323,7,27781,166672,166672,166672,0,0,0
o-first,56321473233323,7,27781,166672,67033,166672,55562,27774,27764
stage2,56321742211112,7,41435,248600,248600,248600,0,0,0
o-first,56321742211112,7,41435,248600,96290,248600,82871,41428,41418
stage2,56324171221331,6,27207,163223,163223,163223,0,0,0
o-first,56324171221331,6,27207,163223,59652,163223,54412,27201,27191
stage2,56327411211332,7,27431,164571,164571,164571,0,0,0
o-first,56327411211332,7,27431,164571,61141,164571,54862,27424,27414
stage2,56327413213112,7,27105,162610,162610,162610,0,0,0
o-first,56327413213112,7,27105,162610,60549,162610,54207,27098,27088
stage2,56341273121213,6,39721,238308,238308,238308,0,0,0
o-first,56341273121213,6,39721,238308,93234,238308,79441,39715,39705
stage2,56341273131212,6,35620,213699,213699,213699,0,0,0
o-first,56341273131212,6,35620,213699,82737,213699,71238,35614,35604
stage2,56347122333233,8,35640,213830,213830,213830,0,0,0
o-first,56347122333233,8,35640,213830,84309,213830,71281,35632,35622
stage2,56347211213111,6,28088,168506,168506,168506,0,0,0
o-first,56347211213111,6,28088,168506,67688,168506,56174,28082,28072
stage2,56347211222132,6,28706,172212,172212,172212,0,0,0
o-first,56347211222132,6,28706,172212,67917,172212,57408,28700,28690
stage2,56347211312111,6,26599,159573,159573,159573,0,0,0
o-first,56347211312111,6,26599,159573,64452,159573,53195,26593,26583
stage2,56347211331131,6,25861,155141,155141,155141,0,0,0
o-first,56347211331131,6,25861,155141,61486,155141,51719,25855,25845
stage2,56347212111221,6,46759,280541,280541,280541,0,0,0
o-first,56347212111221,6,46759,280541,111441,280541,93517,46753,46743
stage2,56347212111311,6,35318,211893,211893,211893,0,0,0
o-first,56347212111311,6,35318,211893,84400,211893,70635,35312,35302
stage2,56347212123233,6,32443,194639,194639,194639,0,0,0
o-first,56347212123233,6,32443,194639,79652,194639,64883,32437,32427
stage2,56347212232223,6,31194,187152,187152,187152,0,0,0
o-first,56347212232223,6,31194,187152,75579,187152,62388,31188,31178
stage2,56347213111211,6,33833,202980,202980,202980,0,0,0
o-first,56347213111211,6,33833,202980,81271,202980,67664,33827,33817
stage2,56347213131332,6,29673,178023,178023,178023,0,0,0
o-first,56347213131332,6,29673,178023,70804,178023,59345,29667,29657
stage2,56423171231231,6,24957,149729,149729,149729,0,0,0
o-first,56423171231231,6,24957,149729,56191,149729,49913,24951,24941
stage2,56423171231321,6,30468,182796,182796,182796,0,0,0
o-first,56423171231321,6,30468,182796,70877,182796,60936,30462,30452
stage2,56423171321321,6,27473,164828,164828,164828,0,0,0
o-first,56423171321321,6,27473,164828,62144,164828,54946,27467,27457
stage2,56423172112121,6,31320,187905,187905,187905,0,0,0
o-first,56423172112121,6,31320,187905,73433,187905,62639,31314,31304
stage2,56423173132121,6,28302,169796,169796,169796,0,0,0
o-first,56423173132121,6,28302,169796,65347,169796,56602,28296,28286
stage2,56423173133111,6,31030,186154,186154,186154,0,0,0
o-first,56423173133111,6,31030,186154,72209,186154,62056,31024,31014
stage2,56432713122122,7,32504,195008,195008,195008,0,0,0
o-first,56432713122122,7,32504,195008,72987,195008,65006,32497,32487
stage2,56712341232113,6,28424,170519,170519,170519,0,0,0
o-first,56712341232113,6,28424,170519,69150,170519,56844,28418,28408
stage2,56712343211123,6,31194,187138,187138,187138,0,0,0
o-first,56712343211123,6,31194,187138,75804,187138,62383,31188,31178
stage2,56721343123331,7,33546,201259,201259,201259,0,0,0
o-first,56721343123331,7,33546,201259,73465,201259,67091,33539,33529
stage2,56721432312233,7,39071,234407,234407,234407,0,0,0
o-first,56721432312233,7,39071,234407,91596,234407,78140,39064,39054
stage2,56723411113313,6,28877,173243,173243,173243,0,0,0
o-first,56723411113313,6,28877,173243,69628,173243,57753,28871,28861
stage2,56723411121113,6,29352,176100,176100,176100,0,0,0
o-first,56723411121113,6,29352,176100,70478,176100,58704,29346,29336
stage2,56723411131112,6,26937,161607,161607,161607,0,0,0
o-first,56723411131112,6,26937,161607,65141,161607,53873,26931,26921
stage2,56723411222312,6,26378,158250,158250,158250,0,0,0
o-first,56723411222312,6,26378,158250,61213,158250,52754,26372,26362
stage2,56723412122312,6,25864,155165,155165,155165,0,0,0
o-first,56723412122312,6,25864,155165,62401,155165,51727,25858,25848
stage2,56723412323222,6,28306,169810,169810,169810,0,0,0
o-first,56723412323222,6,28306,169810,68342,169810,56608,28300,28290
stage2,56723413221212,6,27282,163667,163667,163667,0,0,0
o-first,56723413221212,6,27282,163667,65020,163667,54561,27276,27266
stage2,56723413222112,6,26849,161079,161079,161079,0,0,0
o-first,56723413222112,6,26849,161079,62109,161079,53697,26843,26833
stage2,56723413331111,6,27322,163901,163901,163901,0,0,0
o-first,56723413331111,6,27322,163901,66707,163901,54639,27316,27306
stage2,56732143122113,8,37673,226021,226021,226021,0,0,0
o-first,56732143122113,8,37673,226021,83211,226021,75343,37665,37655
stage2,56741231121311,7,28431,170569,170569,170569,0,0,0
o-first,56741231121311,7,28431,170569,67894,170569,56861,28424,28414
stage2,56741231131211,7,36877,221251,221251,221251,0,0,0
o-first,56741231131211,7,36877,221251,87942,221251,73755,36870,36860
stage2,56741231211131,7,35811,214852,214852,214852,0,0,0
o-first,56741231211131,7,35811,214852,85670,214852,71622,35804,35794
stage2,56741231311121,7,27408,164428,164428,164428,0,0,0
o-first,56741231311121,7,27408,164428,65969,164428,54814,27401,27391
stage2,56741232111113,7,31374,188225,188225,188225,0,0,0
o-first,56741232111113,7,31374,188225,75176,188225,62747,31367,31357
stage2,56741233111112,7,31005,186019,186019,186019,0,0,0
o-first,56741233111112,7,31005,186019,73947,186019,62011,30998,30988
stage2,56743212122222,7,34254,205512,205512,205512,0,0,0
o-first,56743212122222,7,34254,205512,79859,205512,68507,34247,34237
stage2,56743212221222,7,40622,243724,243724,243724,0,0,0
o-first,56743212221222,7,40622,243724,93413,243724,81245,40615,40605
stage2,56743213121213,7,42361,254154,254154,254154,0,0,0
o-first,56743213121213,7,42361,254154,98045,254154,84723,42354,42344
stage2,56743213121312,7,36813,220866,220866,220866,0,0,0
o-first,56743213121312,7,36813,220866,85324,220866,73627,36806,36796
stage2,56743213331333,7,40017,240091,240091,240091,0,0,0
o-first,56743213331333,7,40017,240091,92359,240091,80034,40010,40000
stage2,57123461111111,6,33049,198271,198271,198271,0,0,0
o-first,57123461111111,6,33049,198271,85802,198271,66095,33043,33033
stage2,57164322131312,7,30812,184852,184852,184852,0,0,0
o-first,57164322131312,7,30812,184852,73043,184852,61622,30805,30795
stage2,57214361323232,6,25584,153490,153490,153490,0,0,0
o-first,57214361323232,6,25584,153490,60466,153490,51168,25578,25568
stage2,57214632212213,7,55384,332279,332279,332279,0,0,0
o-first,57214632212213,7,55384,332279,124298,332279,110764,55377,55367
stage2,57236141113232,6,27915,167480,167480,167480,0,0,0
o-first,57236141113232,6,27915,167480,65242,167480,55830,27909,27899
stage2,57236141322233,6,27116,162674,162674,162674,0,0,0
o-first,57236141322233,6,27116,162674,64111,162674,54228,27110,27100
stage2,57236141323232,6,39640,237823,237823,237823,0,0,0
o-first,57236141323232,6,39640,237823,94009,237823,79279,39634,39624
stage2,57241631322113,6,24637,147804,147804,147804,0,0,0
o-first,57241631322113,6,24637,147804,57457,147804,49272,24631,24621
stage2,57241631323112,6,23877,143238,143238,143238,0,0,0
o-first,57241631323112,6,23877,143238,55646,143238,47750,23871,23861
stage2,57246131112233,7,30882,185281,185281,185281,0,0,0
o-first,57246131112233,7,30882,185281,71570,185281,61764,30875,30865
stage2,57264132111323,7,34418,206482,206482,206482,0,0,0
o-first,57264132111323,7,34418,206482,78106,206482,68832,34411,34401
stage2,57321641311112,6,28607,171622,171622,171622,0,0,0
o-first,57321641311112,6,28607,171622,68572,171622,57212,28601,28591
stage2,57321642311132,6,28715,172271,172271,172271,0,0,0
o-first,57321642311132,6,28715,172271,70506,172271,57429,28709,28699
stage2,57364212213311,7,38814,232877,232877,232877,0,0,0
o-first,57364212213311,7,38814,232877,89408,232877,77629,38807,38797
stage2,57364212313211,7,32783,196678,196678,196678,0,0,0
o-first,57364212313211,7,32783,196678,80734,196678,65564,32776,32766
stage2,57364213332122,6,25693,154142,154142,154142,0,0,0
o-first,57364213332122,6,25693,154142,57917,154142,51386,25687,25677
stage2,57642311113322,6,28675,172035,172035,172035,0,0,0
o-first,57642311113322,6,28675,172035,67705,172035,57350,28669,28659
stage2,61234572231323,7,31552,189306,189306,189306,0,0,0
o-first,61234572231323,7,31552,189306,75183,189306,63106,31545,31535
stage2,61234573232213,7,28441,170630,170630,170630,0,0,0
o-first,61234573232213,7,28441,170630,67763,170630,56882,28434,28424
stage2,61235741313131,8,49834,298990,298990,298990,0,0,0
o-first,61235741313131,8,49834,298990,109183,298990,99668,49826,49816
stage2,61257343232123,6,28321,169911,169911,169911,0,0,0
o-first,61257343232123,6,28321,169911,67255,169911,56641,28315,28305
stage2,61274351313131,8,37813,226865,226865,226865,0,0,0
o-first,61274351313131,8,37813,226865,85177,226865,75627,37805,37795
stage2,61274532231323,8,31080,186468,186468,186468,0,0,0
o-first,61274532231323,8,31080,186468,73881,186468,62161,31072,31062
stage2,61352472233321,6,26544,159241,159241,159241,0,0,0
o-first,61352472233321,6,26544,159241,63365,159241,53086,26538,26528
stage2,61352472313211,6,52543,315243,315243,315243,0,0,0
o-first,61352472313211,6,52543,315243,134474,315243,105084,52537,52527
stage2,61452731311313,7,38818,232898,232898,232898,0,0,0
o-first,61452731311313,7,38818,232898,88504,232898,77635,38811,38801
stage2,61453721111111,6,34031,204172,204172,204172,0,0,0
o-first,61453721111111,6,34031,204172,86423,204172,68062,34025,34015
stage2,61453721311112,6,27425,164538,164538,164538,0,0,0
o-first,61453721311112,6,27425,164538,64672,164538,54850,27419,27409
stage2,61453723111121,6,27081,162475,162475,162475,0,0,0
o-first,61453723111121,6,27081,162475,64012,162475,54163,27075,27065
stage2,61472532123332,6,30322,181917,181917,181917,0,0,0
o-first,61472532123332,6,30322,181917,72589,181917,60643,30316,30306
stage2,61472533112111,6,25673,154012,154012,154012,0,0,0
o-first,61472533112111,6,25673,154012,59677,154012,51342,25667,25657
stage2,61527431111111,6,35566,213375,213375,213375,0,0,0
o-first,61527431111111,6,35566,213375,89884,213375,71129,35560,35550
stage2,61534272311132,8,35372,212213,212213,212213,0,0,0
o-first,61534272311132,8,35372,212213,85503,212213,70742,35364,35354
stage2,61534721112311,6,30554,183314,183314,183314,0,0,0
o-first,61534721112311,6,30554,183314,71837,183314,61108,30548,30538
stage2,61534721113211,6,28814,172861,172861,172861,0,0,0
o-first,61534721113211,6,28814,172861,67647,172861,57625,28808,28798
stage2,61543271111111,6,37329,223951,223951,223951,0,0,0
o-first,61543271111111,6,37329,223951,94168,223951,74655,37323,37313
stage2,61543271112311,6,31579,189460,189460,189460,0,0,0
o-first,61543271112311,6,31579,189460,75316,189460,63158,31573,31563
stage2,61572432312323,7,28869,173200,173200,173200,0,0,0
o-first,61572432312323,7,28869,173200,66820,173200,57737,28862,28852
stage2,61734523222331,6,39296,235757,235757,235757,0,0,0
o-first,61734523222331,6,39296,235757,87843,235757,78590,39290,39280
stage2,62134572321323,7,37588,225517,225517,225517,0,0,0
o-first,62134572321323,7,37588,225517,81472,225517,75176,37581,37571
stage2,62135471122121,6,30904,185412,185412,185412,0,0,0
o-first,62135471122121,6,30904,185412,72029,185412,61808,30898,30888
stage2,62135472132131,6,26638,159819,159819,159819,0,0,0
o-first,62135472132131,6,26638,159819,60506,159819,53277,26632,26622
stage2,62135473122131,6,25749,154474,154474,154474,0,0,0
o-first,62135473122131,6,25749,154474,59307,154474,51496,25743,25733
stage2,62135473123121,6,33628,201754,201754,201754,0,0,0
o-first,62135473123121,6,33628,201754,75258,201754,67256,33622,33612
stage2,62135473131131,6,30873,185225,185225,185225,0,0,0
o-first,62135473131131,6,30873,185225,72094,185225,61745,30867,30857
stage2,62135473132121,6,30198,181171,181171,181171,0,0,0
o-first,62135473132121,6,30198,181171,68951,181171,60395,30192,30182
stage2,62135473232231,6,28428,170550,170550,170550,0,0,0
o-first,62135473232231,6,28428,170550,64832,170550,56854,28422,28412
stage2,62135473322321,6,30309,181844,181844,181844,0,0,0
o-first,62135473322321,6,30309,181844,69720,181844,60618,30303,30293
stage2,62135743222331,6,31378,188250,188250,188250,0,0,0
o-first,62135743222331,6,31378,188250,67534,188250,62753,31372,31362
stage2,62135743312223,8,52500,314983,314983,314983,0,0,0
o-first,62135743312223,8,52500,314983,122720,314983,104998,52492,52482
stage2,62147353123121,6,28937,173608,173608,173608,0,0,0
o-first,62147353123121,6,28937,173608,66697,173608,57872,28931,28921
stage2,62147353132121,6,24469,146796,146796,146796,0,0,0
o-first,62147353132121,6,24469,146796,57420,146796,48936,24463,24453
stage2,62154733321121,6,25846,155057,155057,155057,0,0,0
o-first,62154733321121,6,25846,155057,60961,155057,51690,25840,25830
stage2,62157342132212,8,36703,220205,220205,220205,0,0,0
o-first,62157342132212,8,36703,220205,79961,220205,73406,36695,36685
stage2,62173543232132,6,28494,170940,170940,170940,0,0,0
o-first,62173543232132,6,28494,170940,66226,170940,56985,28488,28478
stage2,62174351122133,9,39732,238383,238383,238383,0,0,0
o-first,62174351122133,9,39732,238383,89301,238383,79466,39723,39713
stage2,62174533311212,8,35914,215469,215469,215469,0,0,0
o-first,62174533311212,8,35914,215469,82050,215469,71827,35906,35896
stage2,62317453112111,6,25151,150892,150892,150892,0,0,0
o-first,62317453112111,6,25151,150892,59993,150892,50302,25145,25135
stage2,62317453312211,6,40508,243031,243031,243031,0,0,0
o-first,62317453312211,6,40508,243031,94653,243031,81015,40502,40492
stage2,62351743112123,6,46494,278952,278952,278952,0,0,0
o-first,62351743112123,6,46494,278952,110590,278952,92987,46488,46478
stage2,62371453311311,7,34867,209189,209189,209189,0,0,0
o-first,62371453311311,7,34867,209189,81404,209189,69734,34860,34850
stage2,62374511322311,6,24600,147584,147584,147584,0,0,0
o-first,62374511322311,6,24600,147584,57611,147584,49199,24594,24584
stage2,62374513112321,6,28962,173760,173760,173760,0,0,0
o-first,62374513112321,6,28962,173760,69522,173760,57923,28956,28946
stage2,62374513312112,6,23508,141033,141033,141033,0,0,0
o-first,62374513312112,6,23508,141033,55885,141033,47016,23502,23492
stage2,62435172211133,7,42308,253833,253833,253833,0,0,0
o-first,62435172211133,7,42308,253833,95422,253833,84616,42301,42291
stage2,62435172311132,7,45421,272514,272514,272514,0,0,0
o-first,62435172311132,7,45421,272514,105395,272514,90843,45414,45404
stage2,62435711222222,7,28448,170663,170663,170663,0,0,0
o-first,62435711222222,7,28448,170663,65808,170663,56893,28441,28431
stage2,62453713311122,7,35883,215282,215282,215282,0,0,0
o-first,62453713311122,7,35883,215282,84268,215282,71765,35876,35866
stage2,62471532232133,7,29686,178095,178095,178095,0,0,0
o-first,62471532232133,7,29686,178095,68715,178095,59370,29679,29669
stage2,62475131322323,7,28634,171794,171794,171794,0,0,0
o-first,62475131322323,7,28634,171794,66409,171794,57268,28627,28617
stage2,62531472321233,8,31570,189416,189416,189416,0,0,0
o-first,62531472321233,8,31570,189416,74396,189416,63143,31562,31552
stage2,62543711211113,6,30939,185626,185626,185626,0,0,0
o-first,62543711211113,6,30939,185626,72117,185626,61878,30933,30923
stage2,62543711311112,6,26125,156729,156729,156729,0,0,0
o-first,62543711311112,6,26125,156729,61804,156729,52247,26119,26109
stage2,62571432321233,7,38712,232268,232268,232268,0,0,0
o-first,62571432321233,7,38712,232268,90157,232268,77426,38705,38695
stage2,62735143223213,7,34696,208160,208160,208160,0,0,0
o-first,62735143223213,7,34696,208160,79043,208160,69390,34689,34679
stage2,63125741112323,7,52439,314617,314617,314617,0,0,0
o-first,63125741112323,7,52439,314617,121917,314617,104877,52432,52422
stage2,63125743131233,7,27865,167162,167162,167162,0,0,0
o-first,63125743131233,7,27865,167162,64639,167162,55726,27858,27848
stage2,63125743133312,7,29518,177093,177093,177093,0,0,0
o-first,63125743133312,7,29518,177093,68129,177093,59035,29511,29501
stage2,63142571111111,6,32244,193439,193439,193439,0,0,0
o-first,63142571111111,6,32244,193439,81691,193439,64484,32238,32228
stage2,63142571132321,6,44832,268976,268976,268976,0,0,0
o-first,63142571132321,6,44832,268976,106150,268976,89663,44826,44816
stage2,63142573112123,6,43569,261392,261392,261392,0,0,0
o-first,63142573112123,6,43569,261392,103646,261392,87135,43563,43553
stage2,63172452312323,6,25986,155890,155890,155890,0,0,0
o-first,63172452312323,6,25986,155890,62233,155890,51969,25980,25970
stage2,63172452313211,6,53462,320754,320754,320754,0,0,0
o-first,63172452313211,6,53462,320754,135679,320754,106921,53456,53446
stage2,63174522332132,6,28341,170027,170027,170027,0,0,0
o-first,63174522332132,6,28341,170027,63001,170027,56680,28335,28325
stage2,63247511123132,6,26608,159640,159640,159640,0,0,0
o-first,63247511123132,6,26608,159640,63060,159640,53217,26602,26592
stage2,63251743133231,6,40090,240528,240528,240528,0,0,0
o-first,63251743133231,6,40090,240528,86192,240528,80180,40084,40074
stage2,63452711311313,6,30835,184987,184987,184987,0,0,0
o-first,63452711311313,6,30835,184987,72180,184987,61667,30829,30819
stage2,63452712333221,6,29082,174478,174478,174478,0,0,0
o-first,63452712333221,6,29082,174478,67402,174478,58164,29076,29066
stage2,63471522123131,6,32762,196553,196553,196553,0,0,0
o-first,63471522123131,6,32762,196553,79882,196553,65521,32756,32746
stage2,63471522323132,6,35914,215470,215470,215470,0,0,0
o-first,63471522323132,6,35914,215470,84874,215470,71828,35908,35898
stage2,63471522332132,6,29327,175949,175949,175949,0,0,0
o-first,63471522332132,6,29327,175949,68500,175949,58653,29321,29311
stage2,63472512123332,7,32266,193574,193574,193574,0,0,0
o-first,63472512123332,7,32266,193574,75826,193574,64529,32259,32249
stage2,63512743313333,8,41700,250188,250188,250188,0,0,0
o-first,63512743313333,8,41700,250188,92930,250188,83400,41692,41682
stage2,63541271212211,7,49207,295226,295226,295226,0,0,0
o-first,63541271212211,7,49207,295226,113508,295226,98413,49200,49190
stage2,63542713121333,8,45752,274498,274498,274498,0,0,0
o-first,63542713121333,8,45752,274498,101208,274498,91503,45744,45734
stage2,63574212123131,6,28151,168889,168889,168889,0,0,0
o-first,63574212123131,6,28151,168889,68713,168889,56300,28145,28135
stage2,63574212313211,6,45592,273530,273530,273530,0,0,0
o-first,63574212313211,6,45592,273530,115650,273530,91181,45586,45576
stage2,63712542221111,8,30320,181907,181907,181907,0,0,0
o-first,63712542221111,8,30320,181907,71443,181907,60640,30312,30302
stage2,63714252123131,8,35339,212021,212021,212021,0,0,0
o-first,63714252123131,8,35339,212021,85348,212021,70678,35331,35321
stage2,63714521112323,6,34279,205652,205652,205652,0,0,0
o-first,63714521112323,6,34279,205652,83729,205652,68554,34273,34263
stage2,63714522332132,6,25922,155509,155509,155509,0,0,0
o-first,63714522332132,6,25922,155509,58194,155509,51841,25916,25906
stage2,63721541233322,7,29513,177071,177071,177071,0,0,0
o-first,63721541233322,7,29513,177071,68194,177071,59027,29506,29496
stage2,63724153121213,7,40854,245116,245116,245116,0,0,0
o-first,63724153121213,7,40854,245116,95854,245116,81710,40847,40837
stage2,63725141112323,9,50429,302564,302564,302564,0,0,0
o-first,63725141112323,9,50429,302564,121006,302564,100859,50420,50410
stage2,63725141233121,8,34160,204952,204952,204952,0,0,0
o-first,63725141233121,8,34160,204952,75309,204952,68321,34152,34142
stage2,63725142123131,9,46163,276978,276978,276978,0,0,0
o-first,63725142123131,9,46163,276978,106723,276978,92331,46154,46144
stage2,63725142223133,7,41757,250527,250527,250527,0,0,0
o-first,63725142223133,7,41757,250527,94396,250527,83514,41750,41740
stage2,63725143122113,8,38372,230227,230227,230227,0,0,0
o-first,63725143122113,8,38372,230227,84604,230227,76746,38364,38354
stage2,63725143123313,8,53945,323670,323670,323670,0,0,0
o-first,63725143123313,8,53945,323670,121099,323670,107893,53937,53927
stage2,63741252222323,7,32022,192120,192120,192120,0,0,0
o-first,63741252222323,7,32022,192120,76387,192120,64044,32015,32005
stage2,63741522123131,8,33045,198252,198252,198252,0,0,0
o-first,63741522123131,8,33045,198252,78949,198252,66089,33037,33027
stage2,63742511232221,7,32701,196197,196197,196197,0,0,0
o-first,63742511232221,7,32701,196197,72867,196197,65403,32694,32684
stage2,63745123122212,7,27979,167859,167859,167859,0,0,0
o-first,63745123122212,7,27979,167859,65076,167859,55957,27972,27962
stage2,63751242221321,7,39057,234337,234337,234337,0,0,0
o-first,63751242221321,7,39057,234337,84101,234337,78116,39050,39040
stage2,63751423122311,7,34469,206799,206799,206799,0,0,0
o-first,63751423122311,7,34469,206799,76186,206799,68937,34462,34452
stage2,63752141111111,5,41942,251637,251637,251637,0,0,0
o-first,63752141111111,5,41942,251637,104369,251637,83883,41937,41927
stage2,63752141122211,5,35295,211743,211743,211743,0,0,0
o-first,63752141122211,5,35295,211743,83689,211743,70585,35290,35280
stage2,63752141123213,5,27621,165708,165708,165708,0,0,0
o-first,63752141123213,5,27621,165708,64647,165708,55240,27616,27606
stage2,63752142332132,5,25501,152988,152988,152988,0,0,0
o-first,63752142332132,5,25501,152988,58084,152988,51000,25496,25486
stage2,63752143123223,5,26723,160314,160314,160314,0,0,0
o-first,63752143123223,5,26723,160314,61257,160314,53442,26718,26708
stage2,63752143212323,5,26187,157096,157096,157096,0,0,0
o-first,63752143212323,5,26187,157096,61862,157096,52370,26182,26172
stage2,63752143223123,5,30720,184302,184302,184302,0,0,0
o-first,63752143223123,5,30720,184302,69957,184302,61438,30715,30705
stage2,63752411223212,7,26843,161046,161046,161046,0,0,0
o-first,63752411223212,7,26843,161046,61611,161046,53687,26836,26826
stage2,63752411333213,7,45243,271433,271433,271433,0,0,0
o-first,63752411333213,7,45243,271433,104657,271433,90482,45236,45226
stage2,63752412312323,7,35009,210041,210041,210041,0,0,0
o-first,63752412312323,7,35009,210041,83679,210041,70018,35002,34992
stage2,63752412322112,7,28096,168564,168564,168564,0,0,0
o-first,63752412322112,7,28096,168564,64554,168564,56193,28089,28079
stage2,63752412333113,7,45128,270749,270749,270749,0,0,0
o-first,63752412333113,7,45128,270749,104852,270749,90254,45121,45111
stage2,63754213122122,7,29362,176161,176161,176161,0,0,0
o-first,63754213122122,7,29362,176161,64991,176161,58725,29355,29345
stage2,64125371131313,8,46144,276851,276851,276851,0,0,0
o-first,64125371131313,8,46144,276851,102071,276851,92287,46136,46126
stage2,64157321133212,7,61252,367497,367497,367497,0,0,0
o-first,64157321133212,7,61252,367497,135427,367497,122503,61245,61235
stage2,64231572311132,8,33741,202425,202425,202425,0,0,0
o-first,64231572311132,8,33741,202425,81473,202425,67480,33733,33723
stage2,64257131113223,7,29915,179478,179478,179478,0,0,0
o-first,64257131113223,7,29915,179478,68862,179478,59830,29908,29898
stage2,64271533221212,7,31812,190859,190859,190859,0,0,0
o-first,64271533221212,7,31812,190859,73725,190859,63623,31805,31795
stage2,64275131212223,7,35891,215333,215333,215333,0,0,0
o-first,64275131212223,7,35891,215333,80548,215333,71782,35884,35874
stage2,64275131312123,7,34661,207955,207955,207955,0,0,0
o-first,64275131312123,7,34661,207955,77990,207955,69322,34654,34644
stage2,64275132211133,7,42867,257190,257190,257190,0,0,0
o-first,64275132211133,7,42867,257190,97544,257190,85735,42860,42850
stage2,64275132232133,7,41494,248946,248946,248946,0,0,0
o-first,64275132232133,7,41494,248946,93976,248946,82987,41487,41477
stage2,64275133231112,7,39267,235591,235591,235591,0,0,0
o-first,64275133231112,7,39267,235591,87644,235591,78534,39260,39250
stage2,64275133312211,7,33028,198152,198152,198152,0,0,0
o-first,64275133312211,7,33028,198152,74968,198152,66055,33021,33011
stage2,64275311112332,7,31671,190009,190009,190009,0,0,0
o-first,64275311112332,7,31671,190009,72213,190009,63341,31664,31654
stage2,64275311222222,7,27443,164646,164646,164646,0,0,0
o-first,64275311222222,7,27443,164646,63614,164646,54886,27436,27426
stage2,64275313312211,7,29269,175602,175602,175602,0,0,0
o-first,64275313312211,7,29269,175602,67570,175602,58538,29262,29252
stage2,64321572111131,6,35192,211138,211138,211138,0,0,0
o-first,64321572111131,6,35192,211138,84076,211138,70384,35186,35176
stage2,64321572132131,6,29241,175421,175421,175421,0,0,0
o-first,64321572132131,6,29241,175421,67603,175421,58479,29235,29225
stage2,64321572311132,6,32792,196724,196724,196724,0,0,0
o-first,64321572311132,6,32792,196724,80197,196724,65580,32786,32776
stage2,64325713121222,8,58395,350358,350358,350358,0,0,0
o-first,64325713121222,8,58395,350358,128723,350358,116790,58387,58377
stage2,64351272132131,6,29329,175961,175961,175961,0,0,0
o-first,64351272132131,6,29329,175961,64893,175961,58658,29323,29313
stage2,64357212313211,7,33689,202126,202126,202126,0,0,0
o-first,64357212313211,7,33689,202126,83077,202126,67380,33682,33672
stage2,64357213231322,7,40743,244445,244445,244445,0,0,0
o-first,64357213231322,7,40743,244445,94746,244445,81485,40736,40726
stage2,64357213312211,7,37225,223343,223343,223343,0,0,0
o-first,64357213312211,7,37225,223343,85445,223343,74451,37218,37208
stage2,64531271212211,6,47597,285562,285562,285562,0,0,0
o-first,64531271212211,6,47597,285562,111272,285562,95192,47591,47581
stage2,64531272132131,6,26790,160723,160723,160723,0,0,0
o-first,64531272132131,6,26790,160723,60571,160723,53579,26784,26774
stage2,64531273122131,6,26254,157506,157506,157506,0,0,0
o-first,64531273122131,6,26254,157506,59814,157506,52506,26248,26238
stage2,64531273123121,6,34398,206376,206376,206376,0,0,0
o-first,64531273123121,6,34398,206376,75882,206376,68796,34392,34382
stage2,64531273311311,6,28807,172825,172825,172825,0,0,0
o-first,64531273311311,6,28807,172825,68240,172825,57613,28801,28791
stage2,64531273312211,6,26786,160693,160693,160693,0,0,0
o-first,64531273312211,6,26786,160693,62562,160693,53569,26780,26770
stage2,64572131122223,7,29172,175028,175028,175028,0,0,0
o-first,64572131122223,7,29172,175028,67447,175028,58346,29165,29155
stage2,64713253112111,6,25063,150357,150357,150357,0,0,0
o-first,64713253112111,6,25063,150357,59666,150357,50123,25057,25047
stage2,65123471112311,7,28308,169832,169832,169832,0,0,0
o-first,65123471112311,7,28308,169832,65527,169832,56614,28301,28291
stage2,65123471233232,6,24537,147207,147207,147207,0,0,0
o-first,65123471233232,6,24537,147207,55523,147207,49073,24531,24521
stage2,65123472312311,7,29421,176506,176506,176506,0,0,0
o-first,65123472312311,7,29421,176506,67815,176506,58840,29414,29404
stage2,65132471212112,7,30590,183528,183528,183528,0,0,0
o-first,65132471212112,7,30590,183528,71584,183528,61179,30583,30573
stage2,65132471222111,7,29570,177411,177411,177411,0,0,0
o-first,65132471222111,7,29570,177411,69148,177411,59140,29563,29553
stage2,65132471231321,7,34035,204193,204193,204193,0,0,0
o-first,65132471231321,7,34035,204193,81324,204193,68068,34028,34018
stage2,65132471323121,7,32774,196633,196633,196633,0,0,0
o-first,65132471323121,7,32774,196633,76121,196633,65548,32767,32757
stage2,65132472131231,7,26642,159837,159837,159837,0,0,0
o-first,65132472131231,7,26642,159837,61154,159837,53284,26635,26625
stage2,65132472212231,7,44138,264814,264814,264814,0,0,0
o-first,65132472212231,7,44138,264814,103109,264814,88275,44131,44121
stage2,65132472233321,7,34926,209540,209540,209540,0,0,0
o-first,65132472233321,7,34926,209540,83708,209540,69851,34919,34909
stage2,65132473111331,7,34043,204236,204236,204236,0,0,0
o-first,65132473111331,7,34043,204236,80288,204236,68083,34036,34026
stage2,65132473313312,7,27676,166033,166033,166033,0,0,0
o-first,65132473313312,7,27676,166033,62920,166033,55350,27669,27659
stage2,65132473323311,7,28313,169861,169861,169861,0,0,0
o-first,65132473323311,7,28313,169861,64549,169861,56626,28306,28296
stage2,65132741223323,6,27569,165401,165401,165401,0,0,0
o-first,65132741223323,6,27569,165401,62986,165401,55137,27563,27553
stage2,65132743222331,6,34536,207206,207206,207206,0,0,0
o-first,65132743222331,6,34536,207206,76483,207206,69072,34530,34520
stage2,65134721233232,6,31119,186694,186694,186694,0,0,0
o-first,65134721233232,6,31119,186694,68296,186694,62235,31113,31103
stage2,65147321232113,8,39875,239234,239234,239234,0,0,0
o-first,65147321232113,8,39875,239234,95066,239234,79749,39867,39857
stage2,65172431132333,7,33695,202149,202149,202149,0,0,0
o-first,65172431132333,7,33695,202149,76867,202149,67387,33688,33678
stage2,65174232123131,7,29334,175994,175994,175994,0,0,0
o-first,65174232123131,7,29334,175994,72260,175994,58669,29327,29317
stage2,65174232133313,7,29127,174738,174738,174738,0,0,0
o-first,65174232133313,7,29127,174738,69180,174738,58251,29120,29110
stage2,65174232323312,7,32346,194062,194062,194062,0,0,0
o-first,65174232323312,7,32346,194062,76998,194062,64691,32339,32329
stage2,65174233323212,7,32147,192868,192868,192868,0,0,0
o-first,65174233323212,7,32147,192868,76489,192868,64293,32140,32130
stage2,65174233331213,7,30609,183633,183633,183633,0,0,0
o-first,65174233331213,7,30609,183633,72724,183633,61216,30602,30592
stage2,65174322313211,6,31429,188545,188545,188545,0,0,0
o-first,65174322313211,6,31429,188545,77614,188545,62853,31423,31413
stage2,65174323223123,6,30763,184566,184566,184566,0,0,0
o-first,65174323223123,6,30763,184566,69032,184566,61526,30757,30747
stage2,65213741111111,6,34373,206226,206226,206226,0,0,0
o-first,65213741111111,6,34373,206226,87815,206226,68746,34367,34357
stage2,65241371111111,6,32965,197769,197769,197769,0,0,0
o-first,65241371111111,6,32965,197769,84248,197769,65928,32959,32949
stage2,65243712121322,8,43521,261111,261111,261111,0,0,0
o-first,65243712121322,8,43521,261111,96564,261111,87042,43513,43503
stage2,65271341332331,6,32034,192186,192186,192186,0,0,0
o-first,65271341332331,6,32034,192186,67663,192186,64066,32028,32018
stage2,65271432231233,7,32747,196465,196465,196465,0,0,0
o-first,65271432231233,7,32747,196465,72010,196465,65494,32740,32730
stage2,65274131111111,5,38804,232810,232810,232810,0,0,0
o-first,65274131111111,5,38804,232810,98657,232810,77608,38799,38789
stage2,65274131311313,5,26882,161266,161266,161266,0,0,0
o-first,65274131311313,5,26882,161266,63452,161266,53760,26877,26867
stage2,65274131312213,5,30319,181883,181883,181883,0,0,0
o-first,65274131312213,5,30319,181883,72935,181883,60633,30314,30304
stage2,65274132123332,5,29218,175288,175288,175288,0,0,0
o-first,65274132123332,5,29218,175288,70590,175288,58434,29213,29203
stage2,65274133132223,5,29063,174352,174352,174352,0,0,0
o-first,65274133132223,5,29063,174352,68835,174352,58122,29058,29048
stage2,65274133232321,5,26191,157122,157122,157122,0,0,0
o-first,65274133232321,5,26191,157122,62431,157122,52378,26186,26176
stage2,65274133312223,5,28503,170990,170990,170990,0,0,0
o-first,65274133312223,5,28503,170990,68867,170990,57002,28498,28488
stage2,65314272311132,6,27038,162205,162205,162205,0,0,0
o-first,65314272311132,6,27038,162205,66440,162205,54072,27032,27022
stage2,65314272313211,6,45013,270065,270065,270065,0,0,0
o-first,65314272313211,6,45013,270065,114703,270065,90026,45007,44997
stage2,65321472111122,7,34557,207335,207335,207335,0,0,0
o-first,65321472111122,7,34557,207335,79940,207335,69116,34550,34540
stage2,65417321232113,6,28144,168844,168844,168844,0,0,0
o-first,65417321232113,6,28144,168844,68927,168844,56286,28138,28128
stage2,65417323223123,6,25895,155352,155352,155352,0,0,0
o-first,65417323223123,6,25895,155352,60485,155352,51788,25889,25879
stage2,65417323232123,6,28112,168655,168655,168655,0,0,0
o-first,65417323232123,6,28112,168655,66600,168655,56223,28106,28096
stage2,65423713321322,7,31319,187899,187899,187899,0,0,0
o-first,65423713321322,7,31319,187899,69690,187899,62637,31312,31302
stage2,65432173232321,7,30619,183699,183699,183699,0,0,0
o-first,65432173232321,7,30619,183699,72023,183699,61237,30612,30602
stage2,65471231132213,8,36704,220201,220201,220201,0,0,0
o-first,65471231132213,8,36704,220201,83741,220201,73405,36696,36686
stage2,65714323223123,6,30039,180216,180216,180216,0,0,0
o-first,65714323223123,6,30039,180216,66883,180216,60075,30033,30023
stage2,65723143321313,7,28045,168252,168252,168252,0,0,0
o-first,65723143321313,7,28045,168252,64651,168252,56088,28038,28028
stage2,65732411333123,6,59752,358495,358495,358495,0,0,0
o-first,65732411333123,6,59752,358495,121561,358495,119503,59746,59736
stage2,65742311212313,6,27524,165125,165125,165125,0,0,0
o-first,65742311212313,6,27524,165125,65253,165125,55046,27518,27508
stage2,67132541133311,7,48875,293242,293242,293242,0,0,0
o-first,67132541133311,7,48875,293242,114361,293242,97751,48868,48858
stage2,67145323133312,7,30763,184555,184555,184555,0,0,0
o-first,67145323133312,7,30763,184555,70783,184555,61523,30756,30746
stage2,67154233323332,8,45354,272115,272115,272115,0,0,0
o-first,67154233323332,8,45354,272115,94166,272115,90709,45346,45336
stage2,67215343333133,8,37939,227625,227625,227625,0,0,0
o-first,67215343333133,8,37939,227625,82011,227625,75879,37931,37921
stage2,67231541323112,6,35761,214553,214553,214553,0,0,0
o-first,67231541323112,6,35761,214553,83821,214553,71521,35755,35745
stage2,67231543323122,6,35897,215372,215372,215372,0,0,0
o-first,67231543323122,6,35897,215372,83778,215372,71794,35891,35881
stage2,67234513332122,6,28046,168261,168261,168261,0,0,0
o-first,67234513332122,6,28046,168261,61990,168261,56092,28040,28030
stage2,67245131313323,7,29237,175415,175415,175415,0,0,0
o-first,67245131313323,7,29237,175415,67826,175415,58475,29230,29220
stage2,67245311112311,7,43258,259534,259534,259534,0,0,0
o-first,67245311112311,7,43258,259534,96238,259534,86517,43251,43241
stage2,67245311133233,7,34937,209613,209613,209613,0,0,0
o-first,67245311133233,7,34937,209613,75812,209613,69874,34930,34920
stage2,67254311131133,6,46974,281835,281835,281835,0,0,0
o-first,67254311131133,6,46974,281835,111002,281835,93949,46968,46958
stage2,67254313311113,6,29095,174553,174553,174553,0,0,0
o-first,67254313311113,6,29095,174553,69688,174553,58189,29089,29079
stage2,67312452233321,7,29878,179254,179254,179254,0,0,0
o-first,67312452233321,7,29878,179254,69490,179254,59755,29871,29861
stage2,67312541121221,7,29059,174331,174331,174331,0,0,0
o-first,67312541121221,7,29059,174331,66965,174331,58115,29052,29042
stage2,67312542221111,7,37091,222530,222530,222530,0,0,0
o-first,67312542221111,7,37091,222530,85947,222530,74180,37084,37074
stage2,67321451111123,6,28077,168444,168444,168444,0,0,0
o-first,67321451111123,6,28077,168444,65442,168444,56152,28071,28061
stage2,67321451112311,6,30172,181011,181011,181011,0,0,0
o-first,67321451112311,6,30172,181011,69844,181011,60341,30166,30156
stage2,67321451212211,6,48919,293490,293490,293490,0,0,0
o-first,67321451212211,6,48919,293490,114530,293490,97834,48913,48903
stage2,67321451311133,6,31406,188423,188423,188423,0,0,0
o-first,67321451311133,6,31406,188423,74771,188423,62811,31400,31390
stage2,67321452111122,6,29216,175284,175284,175284,0,0,0
o-first,67321452111122,6,29216,175284,69446,175284,58432,29210,29200
stage2,67321453113311,6,32751,196496,196496,196496,0,0,0
o-first,67321453113311,6,32751,196496,77846,196496,65502,32745,32735
stage2,67321542232133,7,30980,185862,185862,185862,0,0,0
o-first,67321542232133,7,30980,185862,72341,185862,61959,30973,30963
stage2,67341252222323,8,32943,197637,197637,197637,0,0,0
o-first,67341252222323,8,32943,197637,77026,197637,65884,32935,32925
stage2,67342512222113,7,33177,199043,199043,199043,0,0,0
o-first,67342512222113,7,33177,199043,73494,199043,66352,33170,33160
stage2,67345122223133,7,43348,260076,260076,260076,0,0,0
o-first,67345122223133,7,43348,260076,98077,260076,86697,43341,43331
stage2,67345122232133,7,41826,250941,250941,250941,0,0,0
o-first,67345122232133,7,41826,250941,94660,250941,83652,41819,41809
stage2,67345211111123,6,28024,168128,168128,168128,0,0,0
o-first,67345211111123,6,28024,168128,65438,168128,56046,28018,28008
stage2,67345211111132,6,30231,181374,181374,181374,0,0,0
o-first,67345211111132,6,30231,181374,70914,181374,60462,30225,30215
stage2,67345211112233,6,29116,174678,174678,174678,0,0,0
o-first,67345211112233,6,29116,174678,68846,174678,58230,29110,29100
stage2,67345211113322,6,28225,169341,169341,169341,0,0,0
o-first,67345211113322,6,28225,169341,66275,169341,56451,28219,28209
stage2,67345211211122,6,31341,188025,188025,188025,0,0,0
o-first,67345211211122,6,31341,188025,74780,188025,62679,31335,31325
stage2,67345211311133,6,30883,185280,185280,185280,0,0,0
o-first,67345211311133,6,30883,185280,73631,185280,61764,30877,30867
stage2,67345212111122,6,28324,169930,169930,169930,0,0,0
o-first,67345212111122,6,28324,169930,67675,169930,56648,28318,28308
stage2,67345213111133,6,33343,200040,200040,200040,0,0,0
o-first,67345213111133,6,33343,200040,80409,200040,66684,33337,33327
stage2,67354121111111,7,32411,194433,194433,194433,0,0,0
o-first,67354121111111,7,32411,194433,81275,194433,64817,32404,32394
stage2,67354211212121,7,31847,191067,191067,191067,0,0,0
o-first,67354211212121,7,31847,191067,75878,191067,63694,31840,31830
stage2,67354211313113,7,46504,279005,279005,279005,0,0,0
o-first,67354211313113,7,46504,279005,111013,279005,93006,46497,46487
stage2,67354211333111,7,46319,277898,277898,277898,0,0,0
o-first,67354211333111,7,46319,277898,109485,277898,92637,46312,46302
stage2,67354212111221,7,32219,193303,193303,193303,0,0,0
o-first,67354212111221,7,32219,193303,76447,193303,64438,32212,32202
stage2,67354212212222,7,30231,181374,181374,181374,0,0,0
o-first,67354212212222,7,30231,181374,72330,181374,60463,30224,30214
stage2,67354212311132,7,30579,183452,183452,183452,0,0,0
o-first,67354212311132,7,30579,183452,75192,183452,61155,30572,30562
stage2,67354213111313,7,37228,223355,223355,223355,0,0,0
o-first,67354213111313,7,37228,223355,88925,223355,74456,37221,37211
stage2,67354213131311,7,35517,213095,213095,213095,0,0,0
o-first,67354213131311,7,35517,213095,84886,213095,71036,35510,35500
stage2,67354213211132,7,30174,181032,181032,181032,0,0,0
o-first,67354213211132,7,30174,181032,72394,181032,60347,30167,30157
stage2,67354213313333,7,30395,182355,182355,182355,0,0,0
o-first,67354213313333,7,30395,182355,72195,182355,60790,30388,30378
stage2,67412353132121,6,35046,210263,210263,210263,0,0,0
o-first,67412353132121,6,35046,210263,80459,210263,70091,35040,35030
stage2,67412353332221,6,27305,163811,163811,163811,0,0,0
o-first,67412353332221,6,27305,163811,63087,163811,54609,27299,27289
stage2,67412531131133,7,33411,200448,200448,200448,0,0,0
o-first,67412531131133,7,33411,200448,78131,200448,66821,33404,33394
stage2,67435121332112,5,25294,151743,151743,151743,0,0,0
o-first,67435121332112,5,25294,151743,58820,151743,50585,25289,25279
stage2,67435123123121,5,25416,152481,152481,152481,0,0,0
o-first,67435123123121,5,25416,152481,59214,152481,50831,25411,25401
stage2,67452313321232,7,35911,215441,215441,215441,0,0,0
o-first,67452313321232,7,35911,215441,81553,215441,71818,35904,35894
stage2,71234563231322,8,33745,202464,202464,202464,0,0,0
o-first,71234563231322,8,33745,202464,79246,202464,67493,33737,33727
stage2,71263541333222,6,42737,256403,256403,256403,0,0,0
o-first,71263541333222,6,42737,256403,99870,256403,85472,42731,42721
stage2,71263542323123,6,43157,258923,258923,258923,0,0,0
o-first,71263542323123,6,43157,258923,101134,258923,86312,43151,43141
stage2,71264533131323,8,43306,259822,259822,259822,0,0,0
o-first,71264533131323,8,43306,259822,92535,259822,86612,43298,43288
stage2,71264533221323,8,42720,256308,256308,256308,0,0,0
o-first,71264533221323,8,42720,256308,89078,256308,85440,42712,42702
stage2,71264533231223,8,50015,300078,300078,300078,0,0,0
o-first,71264533231223,8,50015,300078,105225,300078,100030,50007,49997
stage2,71264533231313,8,45603,273615,273615,273615,0,0,0
o-first,71264533231313,8,45603,273615,97800,273615,91209,45595,45585
stage2,71326451211311,6,28038,168218,168218,168218,0,0,0
o-first,71326451211311,6,28038,168218,66279,168218,56076,28032,28022
stage2,71326453132121,6,27404,164405,164405,164405,0,0,0
o-first,71326453132121,6,27404,164405,62988,164405,54805,27398,27388
stage2,71326543333313,7,40543,243239,243239,243239,0,0,0
o-first,71326543333313,7,40543,243239,89506,243239,81084,40536,40526
stage2,71345262132131,5,31626,189744,189744,189744,0,0,0
o-first,71345262132131,5,31626,189744,74136,189744,63252,31621,31611
stage2,71362453113311,7,33325,199928,199928,199928,0,0,0
o-first,71362453113311,7,33325,199928,77486,199928,66647,33318,33308
stage2,71365423331312,8,38379,230272,230272,230272,0,0,0
o-first,71365423331312,8,38379,230272,84142,230272,76760,38371,38361
stage2,71423563213232,6,31546,189259,189259,189259,0,0,0
o-first,71423563213232,6,31546,189259,67305,189259,63090,31540,31530
stage2,71423653213232,6,29607,177626,177626,177626,0,0,0
o-first,71423653213232,6,29607,177626,66971,177626,59212,29601,29591
stage2,71426353312211,7,31559,189336,189336,189336,0,0,0
o-first,71426353312211,7,31559,189336,72751,189336,63117,31552,31542
stage2,71426533333223,8,35661,213962,213962,213962,0,0,0
o-first,71426533333223,8,35661,213962,78836,213962,71324,35653,35643
stage2,71432561232323,5,31886,191297,191297,191297,0,0,0
o-first,71432561232323,5,31886,191297,75154,191297,63769,31881,31871
stage2,71432561323232,5,24862,149152,149152,149152,0,0,0
o-first,71432561323232,5,24862,149152,58817,149152,49722,24857,24847
stage2,71432562111221,5,29722,178313,178313,178313,0,0,0
o-first,71432562111221,5,29722,178313,70196,178313,59441,29717,29707
stage2,71432563232213,5,31653,189898,189898,189898,0,0,0
o-first,71432563232213,5,31653,189898,76521,189898,63304,31648,31638
stage2,71432563323113,5,26785,160692,160692,160692,0,0,0
o-first,71432563323113,5,26785,160692,61639,160692,53568,26780,26770
stage2,71432563323122,5,28742,172432,172432,172432,0,0,0
o-first,71432563323122,5,28742,172432,66015,172432,57482,28737,28727
stage2,71432563332113,5,26999,161979,161979,161979,0,0,0
o-first,71432563332113,5,26999,161979,63592,161979,53997,26994,26984
stage2,71435261322233,7,36922,221512,221512,221512,0,0,0
o-first,71435261322233,7,36922,221512,82572,221512,73841,36915,36905
stage2,71435262222122,8,33477,200851,200851,200851,0,0,0
o-first,71435262222122,8,33477,200851,74483,200851,66954,33469,33459
stage2,71435263211123,9,39217,235291,235291,235291,0,0,0
o-first,71435263211123,9,39217,235291,91177,235291,78434,39208,39198
stage2,71435263311122,7,36630,219763,219763,219763,0,0,0
o-first,71435263311122,7,36630,219763,82556,219763,73258,36623,36613
stage2,71435263333133,8,37310,223852,223852,223852,0,0,0
o-first,71435263333133,8,37310,223852,83112,223852,74621,37302,37292
stage2,71435263333223,8,37663,225967,225967,225967,0,0,0
o-first,71435263333223,8,37663,225967,82511,225967,75326,37655,37645
stage2,71435623333331,7,36786,220709,220709,220709,0,0,0
o-first,71435623333331,7,36786,220709,85914,220709,73573,36779,36769
stage2,71436253333112,7,40397,242375,242375,242375,0,0,0
o-first,71436253333112,7,40397,242375,91602,242375,80795,40390,40380
stage2,71452363213232,6,28885,173292,173292,173292,0,0,0
o-first,71452363213232,6,28885,173292,64532,173292,57769,28879,28869
stage2,71452632222131,7,38584,231489,231489,231489,0,0,0
o-first,71452632222131,7,38584,231489,86086,231489,77167,38577,38567
stage2,71453262222221,7,30917,185496,185496,185496,0,0,0
o-first,71453262222221,7,30917,185496,71605,185496,61836,30910,30900
stage2,71453623311122,7,42084,252494,252494,252494,0,0,0
o-first,71453623311122,7,42084,252494,96850,252494,84169,42077,42067
stage2,71456321322323,6,29273,175617,175617,175617,0,0,0
o-first,71456321322323,6,29273,175617,68100,175617,58543,29267,29257
stage2,71456322111221,6,30651,183898,183898,183898,0,0,0
o-first,71456322111221,6,30651,183898,71957,183898,61302,30645,30635
stage2,71462531113322,7,36725,220345,220345,220345,0,0,0
o-first,71462531113322,7,36725,220345,86767,220345,73452,36718,36708
stage2,71462532111212,7,31675,190040,190040,190040,0,0,0
o-first,71462532111212,7,31675,190040,74847,190040,63351,31668,31658
stage2,71462532121112,7,32698,196170,196170,196170,0,0,0
o-first,71462532121112,7,32698,196170,77836,196170,65395,32691,32681
stage2,71462533111223,7,39302,235801,235801,235801,0,0,0
o-first,71462533111223,7,39302,235801,91836,235801,78604,39295,39285
stage2,71462533221113,7,32180,193075,193075,193075,0,0,0
o-first,71462533221113,7,32180,193075,74896,193075,64362,32173,32163
stage2,71463523331222,7,32854,197109,197109,197109,0,0,0
o-first,71463523331222,7,32854,197109,72771,197109,65707,32847,32837
stage2,71523463131311,8,41755,250512,250512,250512,0,0,0
o-first,71523463131311,8,41755,250512,92098,250512,83508,41747,41737
stage2,71523463231313,8,43216,259290,259290,259290,0,0,0
o-first,71523463231313,8,43216,259290,95261,259290,86434,43208,43198
stage2,71523463331312,8,41178,247050,247050,247050,0,0,0
o-first,71523463331312,8,41178,247050,88531,247050,82354,41170,41160
stage2,71532463221332,7,31804,190807,190807,190807,0,0,0
o-first,71532463221332,7,31804,190807,68974,190807,63608,31797,31787
stage2,71534262122222,7,40364,242170,242170,242170,0,0,0
o-first,71534262122222,7,40364,242170,94200,242170,80728,40357,40347
stage2,71542633132322,7,31068,186392,186392,186392,0,0,0
o-first,71542633132322,7,31068,186392,71695,186392,62135,31061,31051
stage2,71543622111131,6,26302,157794,157794,157794,0,0,0
o-first,71543622111131,6,26302,157794,61492,157794,52602,26296,26286
stage2,71543623111121,6,29252,175488,175488,175488,0,0,0
o-first,71543623111121,6,29252,175488,69536,175488,58500,29246,29236
stage2,71546233331213,8,40091,240529,240529,240529,0,0,0
o-first,71546233331213,8,40091,240529,89267,240529,80181,40083,40073
stage2,71546322231212,8,41553,249308,249308,249308,0,0,0
o-first,71546322231212,8,41553,249308,91178,249308,83107,41545,41535
stage2,71562433123232,7,29977,179848,179848,179848,0,0,0
o-first,71562433123232,7,29977,179848,69564,179848,59954,29970,29960
stage2,71563243221221,6,33601,201588,201588,201588,0,0,0
o-first,71563243221221,6,33601,201588,71230,201588,67200,33595,33585
stage2,71625433213133,7,53742,322438,322438,322438,0,0,0
o-first,71625433213133,7,53742,322438,118736,322438,107484,53735,53725
stage2,71643252231212,8,40883,245286,245286,245286,0,0,0
o-first,71643252231212,8,40883,245286,90586,245286,81766,40875,40865
stage2,71643523331213,8,42043,252251,252251,252251,0,0,0
o-first,71643523331213,8,42043,252251,93840,252251,84088,42035,42025
stage2,72134562312212,7,38008,228036,228036,228036,0,0,0
o-first,72134562312212,7,38008,228036,85622,228036,76016,38001,37991
stage2,72136541322233,6,28225,169336,169336,169336,0,0,0
o-first,72136541322233,6,28225,169336,66895,169336,56449,28219,28209
stage2,72143563222331,6,28510,171044,171044,171044,0,0,0
o-first,72143563222331,6,28510,171044,62501,171044,57019,28504,28494
stage2,72143651121113,7,28690,172129,172129,172129,0,0,0
o-first,72143651121113,7,28690,172129,68859,172129,57379,28683,28673
stage2,72143651131112,7,30545,183271,183271,183271,0,0,0
o-first,72143651131112,7,30545,183271,72778,183271,61093,30538,30528
stage2,72143651213111,7,27775,166636,166636,166636,0,0,0
o-first,72143651213111,7,27775,166636,66769,166636,55550,27768,27758
stage2,72143651312111,7,27329,163961,163961,163961,0,0,0
o-first,72143651312111,7,27329,163961,65728,163961,54659,27322,27312
stage2,72143652111311,7,27831,166974,166974,166974,0,0,0
o-first,72143652111311,7,27831,166974,66561,166974,55662,27824,27814
stage2,72143653111211,7,27696,166154,166154,166154,0,0,0
o-first,72143653111211,7,27696,166154,66585,166154,55390,27689,27679
stage2,72145631233223,7,27211,163253,163253,163253,0,0,0
o-first,72145631233223,7,27211,163253,60937,163253,54422,27204,27194
stage2,72145633232231,7,27310,163847,163847,163847,0,0,0
o-first,72145633232231,7,27310,163847,61067,163847,54620,27303,27293
stage2,72145633312223,7,44186,265107,265107,265107,0,0,0
o-first,72145633312223,7,44186,265107,105425,265107,88374,44179,44169
stage2,72146352232223,7,32664,195962,195962,195962,0,0,0
o-first,72146352232223,7,32664,195962,76538,195962,65325,32657,32647
stage2,72163452122222,7,40516,243084,243084,243084,0,0,0
o-first,72163452122222,7,40516,243084,93925,243084,81033,40509,40499
stage2,72163453121213,7,34089,204528,204528,204528,0,0,0
o-first,72163453121213,7,34089,204528,79541,204528,68179,34082,34072
stage2,72163453131212,7,38519,231103,231103,231103,0,0,0
o-first,72163453131212,7,38519,231103,89353,231103,77038,38512,38502
stage2,72163453133333,7,32958,197730,197730,197730,0,0,0
o-first,72163453133333,7,32958,197730,76995,197730,65913,32951,32941
stage2,72163453331333,7,40587,243508,243508,243508,0,0,0
o-first,72163453331333,7,40587,243508,93430,243508,81173,40580,40570
stage2,72164353131113,8,39571,237417,237417,237417,0,0,0
o-first,72164353131113,8,39571,237417,88608,237417,79143,39563,39553
stage2,72165431113331,6,28235,169384,169384,169384,0,0,0
o-first,72165431113331,6,28235,169384,68537,169384,56466,28229,28219
stage2,72165432111113,6,29346,176058,176058,176058,0,0,0
o-first,72165432111113,6,29346,176058,70635,176058,58690,29340,29330
stage2,72165432111122,6,39036,234195,234195,234195,0,0,0
o-first,72165432111122,6,39036,234195,95146,234195,78069,39030,39020
stage2,72165432211112,6,32093,192543,192543,192543,0,0,0
o-first,72165432211112,6,32093,192543,78015,192543,64185,32087,32077
stage2,72165432323312,6,28369,170198,170198,170198,0,0,0
o-first,72165432323312,6,28369,170198,68115,170198,56736,28363,28353
stage2,72165433111112,6,27587,165505,165505,165505,0,0,0
o-first,72165433111112,6,27587,165505,66351,165505,55173,27581,27571
stage2,72165433121333,6,30485,182890,182890,182890,0,0,0
o-first,72165433121333,6,30485,182890,74599,182890,60968,30479,30469
stage2,72165433221233,6,29019,174094,174094,174094,0,0,0
o-first,72165433221233,6,29019,174094,68681,174094,58034,29013,29003
stage2,72165433233323,6,31377,188239,188239,188239,0,0,0
o-first,72165433233323,6,31377,188239,75245,188239,62751,31371,31361
stage2,72165433321223,6,26973,161820,161820,161820,0,0,0
o-first,72165433321223,6,26973,161820,63667,161820,53944,26967,26957
stage2,72165433331213,6,29755,178513,178513,178513,0,0,0
o-first,72165433331213,6,29755,178513,73101,178513,59509,29749,29739
stage2,72345611111111,6,38435,230597,230597,230597,0,0,0
o-first,72345611111111,6,38435,230597,101373,230597,76869,38429,38419
stage2,72345611133113,6,26399,158377,158377,158377,0,0,0
o-first,72345611133113,6,26399,158377,62917,158377,52797,26393,26383
stage2,72345611221223,6,23998,143968,143968,143968,0,0,0
o-first,72345611221223,6,23998,143968,55568,143968,47994,23992,23982
stage2,72345611222222,6,26053,156308,156308,156308,0,0,0
o-first,72345611222222,6,26053,156308,62577,156308,52106,26047,26037
stage2,72345611331332,6,28101,168596,168596,168596,0,0,0
o-first,72345611331332,6,28101,168596,64858,168596,56202,28095,28085
stage2,72345612122111,6,30067,180382,180382,180382,0,0,0
o-first,72345612122111,6,30067,180382,71475,180382,60132,30061,30051
stage2,72345612331331,6,23785,142684,142684,142684,0,0,0
o-first,72345612331331,6,23785,142684,55082,142684,47566,23779,23769
stage2,72345613221221,6,25345,152053,152053,152053,0,0,0
o-first,72345613221221,6,25345,152053,58643,152053,50689,25339,25329
stage2,72345613333331,6,32053,192308,192308,192308,0,0,0
o-first,72345613333331,6,32053,192308,76614,192308,64106,32047,32037
stage2,72356141112323,6,30834,184982,184982,184982,0,0,0
o-first,72356141112323,6,30834,184982,78507,184982,61665,30828,30818
stage2,72356141232113,6,28453,170696,170696,170696,0,0,0
o-first,72356141232113,6,28453,170696,69106,170696,56903,28447,28437
stage2,72356143211123,6,27249,163475,163475,163475,0,0,0
o-first,72356143211123,6,27249,163475,66787,163475,54496,27243,27233
stage2,72361453232333,7,27357,164130,164130,164130,0,0,0
o-first,72361453232333,7,27357,164130,65530,164130,54714,27350,27340
stage2,72361542333233,8,48879,293258,293258,293258,0,0,0
o-first,72361542333233,8,48879,293258,114437,293258,97757,48871,48861
stage2,72365412222212,7,29896,179357,179357,179357,0,0,0
o-first,72365412222212,7,29896,179357,70074,179357,59790,29889,29879
stage2,72365413121312,7,42539,255225,255225,255225,0,0,0
o-first,72365413121312,7,42539,255225,100335,255225,85078,42532,42522
stage2,72365413131212,7,31084,186493,186493,186493,0,0,0
o-first,72365413131212,7,31084,186493,72157,186493,62168,31077,31067
stage2,72365413331333,7,31682,190087,190087,190087,0,0,0
o-first,72365413331333,7,31682,190087,74698,190087,63366,31675,31665
stage2,72435163333313,7,44912,269471,269471,269471,0,0,0
o-first,72435163333313,7,44912,269471,106042,269471,89827,44905,44895
stage2,72513641232323,7,28380,170258,170258,170258,0,0,0
o-first,72513641232323,7,28380,170258,65477,170258,56756,28373,28363
stage2,72513641233322,7,33088,198513,198513,198513,0,0,0
o-first,72513641233322,7,33088,198513,75699,198513,66175,33081,33071
stage2,72516342313223,7,30804,184800,184800,184800,0,0,0
o-first,72516342313223,7,30804,184800,71473,184800,61605,30797,30787
stage2,72531463321232,7,33916,203492,203492,203492,0,0,0
o-first,72531463321232,7,33916,203492,80085,203492,67834,33909,33899
stage2,72534163211123,8,35355,212121,212121,212121,0,0,0
o-first,72534163211123,8,35355,212121,84919,212121,70712,35347,35337
stage2,72541631111213,7,29046,174268,174268,174268,0,0,0
o-first,72541631111213,7,29046,174268,69808,174268,58094,29039,29029
stage2,72541631111312,7,32295,193758,193758,193758,0,0,0
o-first,72541631111312,7,32295,193758,77298,193758,64590,32288,32278
stage2,72541631112131,7,30238,181408,181408,181408,0,0,0
o-first,72541631112131,7,30238,181408,73259,181408,60474,30231,30221
stage2,72541631113121,7,31416,188477,188477,188477,0,0,0
o-first,72541631113121,7,31416,188477,75574,188477,62831,31409,31399
stage2,72541632131111,7,27749,166477,166477,166477,0,0,0
o-first,72541632131111,7,27749,166477,66439,166477,55497,27742,27732
stage2,72541633121111,7,34406,206428,206428,206428,0,0,0
o-first,72541633121111,7,34406,206428,82602,206428,68814,34399,34389
stage2,72543162311111,6,26460,158743,158743,158743,0,0,0
o-first,72543162311111,6,26460,158743,62923,158743,52919,26454,26444
stage2,72543163211111,6,29383,176279,176279,176279,0,0,0
o-first,72543163211111,6,29383,176279,69835,176279,58763,29377,29367
stage2,72543611221223,6,38722,232312,232312,232312,0,0,0
o-first,72543611221223,6,38722,232312,77652,232312,77441,38716,38706
stage2,72543611223221,6,40562,243357,243357,243357,0,0,0
o-first,72543611223221,6,40562,243357,81840,243357,81124,40556,40546
stage2,72543611331332,6,45808,274829,274829,274829,0,0,0
o-first,72543611331332,6,45808,274829,92582,274829,91614,45802,45792
stage2,72543611332331,6,41130,246762,246762,246762,0,0,0
o-first,72543611332331,6,41130,246762,83130,246762,82259,41124,41114
stage2,72543612331331,6,38927,233535,233535,233535,0,0,0
o-first,72543612331331,6,38927,233535,78095,233535,77850,38921,38911
stage2,72543613132232,6,49621,297707,297707,297707,0,0,0
o-first,72543613132232,6,49621,297707,100592,297707,99240,49615,49605
stage2,72543613133222,6,40071,240407,240407,240407,0,0,0
o-first,72543613133222,6,40071,240407,80124,240407,80140,40065,40055
stage2,72543613221221,6,41880,251263,251263,251263,0,0,0
o-first,72543613221221,6,41880,251263,84474,251263,83758,41874,41864
stage2,72543613223312,6,46224,277327,277327,277327,0,0,0
o-first,72543613223312,6,46224,277327,92835,277327,92446,46218,46208
stage2,72543613322312,6,47797,286774,286774,286774,0,0,0
o-first,72543613322312,6,47797,286774,96253,286774,95595,47791,47781
stage2,72546311323112,7,27364,164166,164166,164166,0,0,0
o-first,72546311323112,7,27364,164166,63018,164166,54726,27357,27347
stage2,72546313323212,7,30603,183598,183598,183598,0,0,0
o-first,72546313323212,7,30603,183598,71538,183598,61202,30596,30586
stage2,72561342313223,6,41135,246802,246802,246802,0,0,0
o-first,72561342313223,6,41135,246802,96773,246802,82272,41129,41119
stage2,72561432213122,7,48638,291817,291817,291817,0,0,0
o-first,72561432213122,7,48638,291817,103280,291817,97276,48631,48621
stage2,72561433221233,7,43095,258554,258554,258554,0,0,0
o-first,72561433221233,7,43095,258554,88323,258554,86189,43088,43078
stage2,72561433311233,7,55493,332945,332945,332945,0,0,0
o-first,72561433311233,7,55493,332945,117675,332945,110986,55486,55476
stage2,72561433321133,7,46256,277520,277520,277520,0,0,0
o-first,72561433321133,7,46256,277520,97028,277520,92511,46249,46239
stage2,72561433321223,7,45629,273762,273762,273762,0,0,0
o-first,72561433321223,7,45629,273762,93857,273762,91257,45622,45612
stage2,72563411111213,7,28604,171608,171608,171608,0,0,0
o-first,72563411111213,7,28604,171608,68674,171608,57206,28597,28587
stage2,72563411111312,7,28088,168505,168505,168505,0,0,0
o-first,72563411111312,7,28088,168505,67522,168505,56173,28081,28071
stage2,72563411112131,7,38605,231622,231622,231622,0,0,0
o-first,72563411112131,7,38605,231622,92892,231622,77212,38598,38588
stage2,72563411113121,7,30672,184015,184015,184015,0,0,0
o-first,72563411113121,7,30672,184015,73777,184015,61343,30665,30655
stage2,72563412131111,7,27827,166944,166944,166944,0,0,0
o-first,72563412131111,7,27827,166944,66840,166944,55652,27820,27810
stage2,72563413121111,7,27443,164641,164641,164641,0,0,0
o-first,72563413121111,7,27443,164641,66197,164641,54885,27436,27426
stage2,72643513212311,7,28833,172986,172986,172986,0,0,0
o-first,72643513212311,7,28833,172986,67576,172986,57666,28826,28816
stage2,72643513212332,6,26759,160538,160538,160538,0,0,0
o-first,72643513212332,6,26759,160538,60651,160538,53516,26753,26743
stage2,73125463133132,6,32006,192021,192021,192021,0,0,0
o-first,73125463133132,6,32006,192021,68002,192021,64011,32000,31990
stage2,73146522113231,6,26027,156153,156153,156153,0,0,0
o-first,73146522113231,6,26027,156153,61484,156153,52056,26021,26011
stage2,73246153312211,6,27827,166949,166949,166949,0,0,0
o-first,73246153312211,6,27827,166949,65894,166949,55654,27821,27811
stage2,73456123231322,7,31740,190424,190424,190424,0,0,0
o-first,73456123231322,7,31740,190424,72765,190424,63479,31733,31723
stage2,73516243323113,7,27528,165153,165153,165153,0,0,0
o-first,73516243323113,7,27528,165153,62063,165153,55055,27521,27511
stage2,73516243332131,7,29361,176149,176149,176149,0,0,0
o-first,73516243332131,7,29361,176149,65971,176149,58721,29354,29344
stage2,73541262321212,8,36740,220413,220413,220413,0,0,0
o-first,73541262321212,8,36740,220413,82692,220413,73477,36732,36722
stage2,73542163321133,7,36864,221168,221168,221168,0,0,0
o-first,73542163321133,7,36864,221168,81513,221168,73727,36857,36847
stage2,73542613132121,7,26887,161310,161310,161310,0,0,0
o-first,73542613132121,7,26887,161310,61493,161310,53774,26880,26870
stage2,73542613132322,7,27477,164839,164839,164839,0,0,0
o-first,73542613132322,7,27477,164839,64030,164839,54951,27470,27460
stage2,73564213321322,7,35514,213066,213066,213066,0,0,0
o-first,73564213321322,7,35514,213066,78333,213066,71026,35507,35497
stage2,73614251112323,7,36604,219618,219618,219618,0,0,0
o-first,73614251112323,7,36604,219618,90848,219618,73210,36597,36587
stage2,73615241112323,9,48535,291194,291194,291194,0,0,0
o-first,73615241112323,9,48535,291194,116050,291194,97069,48526,48516
stage2,73615241113322,7,39644,237848,237848,237848,0,0,0
o-first,73615241113322,7,39644,237848,87055,237848,79287,39637,39627
stage2,73615242223133,7,38575,231435,231435,231435,0,0,0
o-first,73615242223133,7,38575,231435,86610,231435,77150,38568,38558
stage2,73615243123313,8,36467,218791,218791,218791,0,0,0
o-first,73615243123313,8,36467,218791,81084,218791,72934,36459,36449
stage2,73615243213313,8,37707,226231,226231,226231,0,0,0
o-first,73615243213313,8,37707,226231,82261,226231,75414,37699,37689
stage2,73615243331312,8,36714,220273,220273,220273,0,0,0
o-first,73615243331312,8,36714,220273,81147,220273,73428,36706,36696
stage2,73615243332311,8,38048,228280,228280,228280,0,0,0
o-first,73615243332311,8,38048,228280,83671,228280,76097,38040,38030
stage2,73615421113322,7,28538,171218,171218,171218,0,0,0
o-first,73615421113322,7,28538,171218,66312,171218,57076,28531,28521
stage2,73615423213211,7,37932,227574,227574,227574,0,0,0
o-first,73615423213211,7,37932,227574,87953,227574,75862,37925,37915
stage2,73615423333331,7,30059,180342,180342,180342,0,0,0
o-first,73615423333331,7,30059,180342,69801,180342,60118,30052,30042
stage2,73624513121132,7,48610,291651,291651,291651,0,0,0
o-first,73624513121132,7,48610,291651,108480,291651,97221,48603,48593
stage2,73624513332131,7,43601,261603,261603,261603,0,0,0
o-first,73624513332131,7,43601,261603,94417,261603,87205,43594,43584
stage2,73625141112323,7,35810,214846,214846,214846,0,0,0
o-first,73625141112323,7,35810,214846,88854,214846,71620,35803,35793
stage2,73625143121213,7,30396,182359,182359,182359,0,0,0
o-first,73625143121213,7,30396,182359,71827,182359,60791,30389,30379
stage2,73625143333313,7,31730,190368,190368,190368,0,0,0
o-first,73625143333313,7,31730,190368,74131,190368,63460,31723,31713
stage2,73625412222323,6,31182,187074,187074,187074,0,0,0
o-first,73625412222323,6,31182,187074,73497,187074,62363,31176,31166
stage2,73642511111111,7,41180,247071,247071,247071,0,0,0
o-first,73642511111111,7,41180,247071,106264,247071,82360,41173,41163
stage2,73642511113232,7,35347,212070,212070,212070,0,0,0
o-first,73642511113232,7,35347,212070,84299,212070,70693,35340,35330
stage2,73642511113322,7,35205,211213,211213,211213,0,0,0
o-first,73642511113322,7,35205,211213,82889,211213,70408,35198,35188
stage2,73642513223222,7,38459,230755,230755,230755,0,0,0
o-first,73642513223222,7,38459,230755,87673,230755,76922,38452,38442
stage2,73645121113211,7,34733,208387,208387,208387,0,0,0
o-first,73645121113211,7,34733,208387,77235,208387,69466,34726,34716
stage2,73645122222311,7,33190,199129,199129,199129,0,0,0
o-first,73645122222311,7,33190,199129,72434,199129,66382,33183,33173
stage2,73645211223113,6,25282,151678,151678,151678,0,0,0
o-first,73645211223113,6,25282,151678,57713,151678,50564,25276,25266
stage2,73645211231111,6,32342,194040,194040,194040,0,0,0
o-first,73645211231111,6,32342,194040,76395,194040,64684,32336,32326
stage2,73645211321111,6,25292,151726,151726,151726,0,0,0
o-first,73645211321111,6,25292,151726,59592,151726,50580,25286,25276
stage2,73645211332112,6,26298,157765,157765,157765,0,0,0
o-first,73645211332112,6,26298,157765,60240,157765,52593,26292,26282
stage2,73645213112231,6,27314,163867,163867,163867,0,0,0
o-first,73645213112231,6,27314,163867,63901,163867,54627,27308,27298
stage2,73645213333112,6,28980,173871,173871,173871,0,0,0
o-first,73645213333112,6,28980,173871,66131,173871,57961,28974,28964
stage2,73651241113322,7,30523,183129,183129,183129,0,0,0
o-first,73651241113322,7,30523,183129,71080,183129,61047,30516,30506
stage2,73652413211312,7,32641,195831,195831,195831,0,0,0
o-first,73652413211312,7,32641,195831,72628,195831,65281,32634,32624
stage2,73652413331321,7,36671,220018,220018,220018,0,0,0
o-first,73652413331321,7,36671,220018,81911,220018,73344,36664,36654
stage2,73654122111122,6,40670,244001,244001,244001,0,0,0
o-first,73654122111122,6,40670,244001,97442,244001,81337,40664,40654
stage2,73654122221111,6,28299,169770,169770,169770,0,0,0
o-first,73654122221111,6,28299,169770,67482,169770,56594,28293,28283
stage2,73654211111132,7,33347,200067,200067,200067,0,0,0
o-first,73654211111132,7,33347,200067,74183,200067,66694,33340,33330
stage2,74123563323221,7,26163,156958,156958,156958,0,0,0
o-first,74123563323221,7,26163,156958,60162,156958,52324,26156,26146
stage2,74123652322121,6,40563,243362,243362,243362,0,0,0
o-first,74123652322121,6,40563,243362,81956,243362,81125,40557,40547
stage2,74123653132232,6,51926,311534,311534,311534,0,0,0
o-first,74123653132232,6,51926,311534,105794,311534,103849,51920,51910
stage2,74123653133132,6,42231,253368,253368,253368,0,0,0
o-first,74123653133132,6,42231,253368,85344,253368,84459,42225,42215
stage2,74123653133222,6,41824,250919,250919,250919,0,0,0
o-first,74123653133222,6,41824,250919,84378,250919,83644,41818,41808
stage2,74123653133231,6,38516,231080,231080,231080,0,0,0
o-first,74123653133231,6,38516,231080,77744,231080,77031,38510,38500
stage2,74125631313311,6,27713,166249,166249,166249,0,0,0
o-first,74125631313311,6,27713,166249,67249,166249,55421,27707,27697
stage2,74125632121121,6,28960,173750,173750,173750,0,0,0
o-first,74125632121121,6,28960,173750,68800,173750,57920,28954,28944
stage2,74125632122111,6,26828,160955,160955,160955,0,0,0
o-first,74125632122111,6,26828,160955,63404,160955,53655,26822,26812
stage2,74125632131111,6,27690,166122,166122,166122,0,0,0
o-first,74125632131111,6,27690,166122,66615,166122,55378,27684,27674
stage2,74125632321332,6,26889,161314,161314,161314,0,0,0
o-first,74125632321332,6,26889,161314,63975,161314,53776,26883,26873
stage2,74125633121111,6,33854,203115,203115,203115,0,0,0
o-first,74125633121111,6,33854,203115,81905,203115,67709,33848,33838
stage2,74125633131233,6,26363,158162,158162,158162,0,0,0
o-first,74125633131233,6,26363,158162,63367,158162,52724,26357,26347
stage2,74125633132232,6,23969,143794,143794,143794,0,0,0
o-first,74125633132232,6,23969,143794,55405,143794,47936,23963,23953
stage2,74125633133222,6,25340,152032,152032,152032,0,0,0
o-first,74125633133222,6,25340,152032,58765,152032,50682,25334,25324
stage2,74125633133312,6,33747,202463,202463,202463,0,0,0
o-first,74125633133312,6,33747,202463,80330,202463,67491,33741,33731
stage2,74125633332323,6,31704,190208,190208,190208,0,0,0
o-first,74125633332323,6,31704,190208,76321,190208,63406,31698,31688
stage2,74126352333122,7,37406,224421,224421,224421,0,0,0
o-first,74126352333122,7,37406,224421,86202,224421,74811,37399,37389
stage2,74132561321231,7,35185,211098,211098,211098,0,0,0
o-first,74132561321231,7,35185,211098,84132,211098,70369,35178,35168
stage2,74132562121121,7,32683,196084,196084,196084,0,0,0
o-first,74132562121121,7,32683,196084,76425,196084,65367,32676,32666
stage2,74132562122111,7,30596,183568,183568,183568,0,0,0
o-first,74132562122111,7,30596,183568,71539,183568,61193,30589,30579
stage2,74132563131221,7,37673,226024,226024,226024,0,0,0
o-first,74132563131221,7,37673,226024,86094,226024,75345,37666,37656
stage2,74132563132112,7,30733,184384,184384,184384,0,0,0
o-first,74132563132112,7,30733,184384,70705,184384,61465,30726,30716
stage2,74136522322121,6,37941,227628,227628,227628,0,0,0
o-first,74136522322121,6,37941,227628,76839,227628,75880,37935,37925
stage2,74152363132232,6,37310,223848,223848,223848,0,0,0
o-first,74152363132232,6,37310,223848,75825,223848,74620,37304,37294
stage2,74152363133132,6,37564,225366,225366,225366,0,0,0
o-first,74152363133132,6,37564,225366,75991,225366,75126,37558,37548
stage2,74152363133222,6,42441,254628,254628,254628,0,0,0
o-first,74152363133222,6,42441,254628,86591,254628,84880,42435,42425
stage2,74152363133231,6,37488,224905,224905,224905,0,0,0
o-first,74152363133231,6,37488,224905,75782,224905,74971,37482,37472
stage2,74156322122123,7,28580,171453,171453,171453,0,0,0
o-first,74156322122123,7,28580,171453,65253,171453,57156,28573,28563
stage2,74156322122321,7,29283,175686,175686,175686,0,0,0
o-first,74156322122321,7,29283,175686,66491,175686,58567,29276,29266
stage2,74156322313223,7,29334,175982,175982,175982,0,0,0
o-first,74156322313223,7,29334,175982,69317,175982,58665,29327,29317
stage2,74156323132331,7,27677,166050,166050,166050,0,0,0
o-first,74156323132331,7,27677,166050,63355,166050,55355,27670,27660
stage2,74156323133123,7,28567,171386,171386,171386,0,0,0
o-first,74156323133123,7,28567,171386,65347,171386,57133,28560,28550
stage2,74163251121122,6,31797,190774,190774,190774,0,0,0
o-first,74163251121122,6,31797,190774,77231,190774,63596,31791,31781
stage2,74163252112211,6,29469,176797,176797,176797,0,0,0
o-first,74163252112211,6,29469,176797,71216,176797,58937,29463,29453
stage2,74163252131111,6,31755,190512,190512,190512,0,0,0
o-first,74163252131111,6,31755,190512,76185,190512,63508,31749,31739
stage2,74163253121111,6,31516,189077,189077,189077,0,0,0
o-first,74163253121111,6,31516,189077,75989,189077,63029,31510,31500
stage2,74163253131332,6,26485,158893,158893,158893,0,0,0
o-first,74163253131332,6,26485,158893,63395,158893,52969,26479,26469
stage2,74163253133132,6,26065,156378,156378,156378,0,0,0
o-first,74163253133132,6,26065,156378,60481,156378,52130,26059,26049
stage2,74163253133213,6,28250,169477,169477,169477,0,0,0
o-first,74163253133213,6,28250,169477,68217,169477,56497,28244,28234
stage2,74163253133231,6,26893,161344,161344,161344,0,0,0
o-first,74163253133231,6,26893,161344,62348,161344,53784,26887,26877
stage2,74163253332323,6,28888,173314,173314,173314,0,0,0
o-first,74163253332323,6,28888,173314,69716,173314,57776,28882,28872
stage2,74165231121212,8,49693,298151,298151,298151,0,0,0
o-first,74165231121212,8,49693,298151,105168,298151,99388,49685,49675
stage2,74165231131313,8,46729,280356,280356,280356,0,0,0
o-first,74165231131313,8,46729,280356,99138,280356,93455,46721,46711
stage2,74165231212121,8,47320,283904,283904,283904,0,0,0
o-first,74165231212121,8,47320,283904,99794,283904,94639,47312,47302
stage2,74165231313131,8,48816,292877,292877,292877,0,0,0
o-first,74165231313131,8,48816,292877,102408,292877,97630,48808,48798
stage2,74165232111212,8,49366,296182,296182,296182,0,0,0
o-first,74165232111212,8,49366,296182,104099,296182,98731,49358,49348
stage2,74165232121112,8,46965,281768,281768,281768,0,0,0
o-first,74165232121112,8,46965,281768,99259,281768,93927,46957,46947
stage2,74165232121211,8,47551,285301,285301,285301,0,0,0
o-first,74165232121211,8,47551,285301,100224,285301,95104,47543,47533
stage2,74165233111313,8,51379,308262,308262,308262,0,0,0
o-first,74165233111313,8,51379,308262,107638,308262,102757,51371,51361
stage2,74165233131113,8,47133,282789,282789,282789,0,0,0
o-first,74165233131113,8,47133,282789,99458,282789,94266,47125,47115
stage2,74165233131311,8,50014,300066,300066,300066,0,0,0
o-first,74165233131311,8,50014,300066,105771,300066,100025,50006,49996
stage2,74165233131323,8,47375,284241,284241,284241,0,0,0
o-first,74165233131323,8,47375,284241,100057,284241,94750,47367,47357
stage2,74165233132313,8,50990,305928,305928,305928,0,0,0
o-first,74165233132313,8,50990,305928,107594,305928,101979,50982,50972
stage2,74165233231313,8,51044,306249,306249,306249,0,0,0
o-first,74165233231313,8,51044,306249,107886,306249,102086,51036,51026
stage2,74213652323132,6,27366,164182,164182,164182,0,0,0
o-first,74213652323132,6,27366,164182,64190,164182,54732,27360,27350
stage2,74251633111313,8,37394,224341,224341,224341,0,0,0
o-first,74251633111313,8,37394,224341,84767,224341,74785,37386,37376
stage2,74256311321222,7,52023,312126,312126,312126,0,0,0
o-first,74256311321222,7,52023,312126,115124,312126,104046,52016,52006
stage2,74256313111232,7,60490,362931,362931,362931,0,0,0
o-first,74256313111232,7,60490,362931,133888,362931,120981,60483,60473
stage2,74265312333233,6,31459,188744,188744,188744,0,0,0
o-first,74265312333233,6,31459,188744,74168,188744,62919,31453,31443
stage2,74312652333332,8,31385,188298,188298,188298,0,0,0
o-first,74312652333332,8,31385,188298,72452,188298,62771,31377,31367
stage2,74321563311131,7,33680,202073,202073,202073,0,0,0
o-first,74321563311131,7,33680,202073,79084,202073,67362,33673,33663
stage2,74321653233323,7,34307,205831,205831,205831,0,0,0
o-first,74321653233323,7,34307,205831,82032,205831,68615,34300,34290
stage2,74325163131323,8,36518,219100,219100,219100,0,0,0
o-first,74325163131323,8,36518,219100,81933,219100,73038,36510,36500
stage2,74325612221222,7,29796,178759,178759,178759,0,0,0
o-first,74325612221222,7,29796,178759,70153,178759,59590,29789,29779
stage2,74325613121312,7,37982,227878,227878,227878,0,0,0
o-first,74325613121312,7,37982,227878,87639,227878,75963,37975,37965
stage2,74325613131212,7,29835,178993,178993,178993,0,0,0
o-first,74325613131212,7,29835,178993,69885,178993,59668,29828,29818
stage2,74325613133333,7,32008,192030,192030,192030,0,0,0
o-first,74325613133333,7,32008,192030,74542,192030,64015,32001,31991
stage2,74361253112132,7,36027,216147,216147,216147,0,0,0
o-first,74361253112132,7,36027,216147,81758,216147,72054,36020,36010
stage2,74361253211231,7,26311,157853,157853,157853,0,0,0
o-first,74361253211231,7,26311,157853,58857,157853,52622,26304,26294
stage2,74365211121221,6,28779,172650,172650,172650,0,0,0
o-first,74365211121221,6,28779,172650,68234,172650,57554,28773,28763
stage2,74365211213111,6,27141,162826,162826,162826,0,0,0
o-first,74365211213111,6,27141,162826,65808,162826,54280,27135,27125
stage2,74365211312111,6,26783,160684,160684,160684,0,0,0
o-first,74365211312111,6,26783,160684,64669,160684,53566,26777,26767
stage2,74365211313113,6,29643,177835,177835,177835,0,0,0
o-first,74365211313113,6,29643,177835,71868,177835,59283,29637,29627
stage2,74365211333111,6,29524,177124,177124,177124,0,0,0
o-first,74365211333111,6,29524,177124,70721,177124,59046,29518,29508
stage2,74365212111311,6,27333,163976,163976,163976,0,0,0
o-first,74365212111311,6,27333,163976,65936,163976,54664,27327,27317
stage2,74365212222323,6,28131,168766,168766,168766,0,0,0
o-first,74365212222323,6,28131,168766,68370,168766,56260,28125,28115
stage2,74365212333332,6,26743,160443,160443,160443,0,0,0
o-first,74365212333332,6,26743,160443,64290,160443,53485,26737,26727
stage2,74365213111211,6,28631,171764,171764,171764,0,0,0
o-first,74365213111211,6,28631,171764,69185,171764,57260,28625,28615
stage2,74365213121333,6,27913,167463,167463,167463,0,0,0
o-first,74365213121333,6,27913,167463,68092,167463,55825,27907,27897
stage2,74512361322233,6,36394,218351,218351,218351,0,0,0
o-first,74512361322233,6,36394,218351,85877,218351,72788,36388,36378
stage2,74512362313223,6,27203,163201,163201,163201,0,0,0
o-first,74512362313223,6,27203,163201,64269,163201,54404,27197,27187
stage2,74513263121222,8,55331,331975,331975,331975,0,0,0
o-first,74513263121222,8,55331,331975,122093,331975,110663,55323,55313
stage2,74521632222212,7,36479,218868,218868,218868,0,0,0
o-first,74521632222212,7,36479,218868,85789,218868,72959,36472,36462
stage2,74521633121213,7,40962,245755,245755,245755,0,0,0
o-first,74521633121213,7,40962,245755,96758,245755,81922,40955,40945
stage2,74521633121312,7,37684,226091,226091,226091,0,0,0
o-first,74521633121312,7,37684,226091,88865,226091,75368,37677,37667
stage2,74521633133333,7,41648,249874,249874,249874,0,0,0
o-first,74521633133333,7,41648,249874,96605,249874,83295,41641,41631
stage2,74521633333313,7,37234,223391,223391,223391,0,0,0
o-first,74521633333313,7,37234,223391,87500,223391,74468,37227,37217
stage2,74523611121113,7,28647,171869,171869,171869,0,0,0
o-first,74523611121113,7,28647,171869,68797,171869,57293,28640,28630
stage2,74523611131112,7,29663,177977,177977,177977,0,0,0
o-first,74523611131112,7,29663,177977,71434,177977,59329,29656,29646
stage2,74523611213111,7,29265,175579,175579,175579,0,0,0
o-first,74523611213111,7,29265,175579,70205,175579,58531,29258,29248
stage2,74523611312111,7,27802,166798,166798,166798,0,0,0
o-first,74523611312111,7,27802,166798,66778,166798,55604,27795,27785
stage2,74523612111311,7,28917,173493,173493,173493,0,0,0
o-first,74523612111311,7,28917,173493,69435,173493,57835,28910,28900
stage2,74523613111211,7,27715,166281,166281,166281,0,0,0
o-first,74523613111211,7,27715,166281,66633,166281,55431,27708,27698
stage2,74532163123223,7,33090,198527,198527,198527,0,0,0
o-first,74532163123223,7,33090,198527,72591,198527,66179,33083,33073
stage2,74561231111222,6,29195,175156,175156,175156,0,0,0
o-first,74561231111222,6,29195,175156,70766,175156,58390,29189,29179
stage2,74561232111113,6,29636,177791,177791,177791,0,0,0
o-first,74561232111113,6,29636,177791,71318,177791,59269,29630,29620
stage2,74561232221111,6,32853,197097,197097,197097,0,0,0
o-first,74561232221111,6,32853,197097,79146,197097,65703,32847,32837
stage2,74561233111112,6,32028,192158,192158,192158,0,0,0
o-first,74561233111112,6,32028,192158,77103,192158,64056,32022,32012
stage2,74561233131233,6,28782,172676,172676,172676,0,0,0
o-first,74561233131233,6,28782,172676,69062,172676,57564,28776,28766
stage2,74561233233323,6,33893,203346,203346,203346,0,0,0
o-first,74561233233323,6,33893,203346,81332,203346,67786,33887,33877
stage2,74561233311233,6,28841,173020,173020,173020,0,0,0
o-first,74561233311233,6,28841,173020,69092,173020,57678,28835,28825
stage2,74561233321133,6,28431,170569,170569,170569,0,0,0
o-first,74561233321133,6,28431,170569,68183,170569,56861,28425,28415
stage2,74561233321313,6,34657,207923,207923,207923,0,0,0
o-first,74561233321313,6,34657,207923,82405,207923,69311,34651,34641
stage2,74563211232332,7,28428,170565,170565,170565,0,0,0
o-first,74563211232332,7,28428,170565,63238,170565,56858,28421,28411
stage2,74653213133222,6,33360,200142,200142,200142,0,0,0
o-first,74653213133222,6,33360,200142,70560,200142,66718,33354,33344
stage2,75132463233233,7,33215,199275,199275,199275,0,0,0
o-first,75132463233233,7,33215,199275,73575,199275,66429,33208,33198
stage2,75143263231313,8,40286,241708,241708,241708,0,0,0
o-first,75143263231313,8,40286,241708,90364,241708,80572,40278,40268
stage2,75146321323331,7,36635,219794,219794,219794,0,0,0
o-first,75146321323331,7,36635,219794,81985,219794,73268,36628,36618
stage2,75213642223133,7,31753,190499,190499,190499,0,0,0
o-first,75213642223133,7,31753,190499,73420,190499,63504,31746,31736
stage2,75231463211123,8,46093,276554,276554,276554,0,0,0
o-first,75231463211123,8,46093,276554,108034,276554,92189,46085,46075
stage2,75234161322233,6,28490,170928,170928,170928,0,0,0
o-first,75234161322233,6,28490,170928,66659,170928,56980,28484,28474
stage2,75234162221111,6,37671,226011,226011,226011,0,0,0
o-first,75234162221111,6,37671,226011,89400,226011,75341,37665,37655
stage2,75236143213232,6,26534,159176,159176,159176,0,0,0
o-first,75236143213232,6,26534,159176,58659,159176,53063,26528,26518
stage2,75241632222323,7,32613,195663,195663,195663,0,0,0
o-first,75241632222323,7,32613,195663,75389,195663,65226,32606,32596
stage2,75243162211322,7,55524,333125,333125,333125,0,0,0
o-first,75243162211322,7,55524,333125,122595,333125,111046,55517,55507
stage2,75243611113232,7,29399,176371,176371,176371,0,0,0
o-first,75243611113232,7,29399,176371,68563,176371,58795,29392,29382
stage2,75243613213232,6,25606,153624,153624,153624,0,0,0
o-first,75243613213232,6,25606,153624,57716,153624,51212,25600,25590
stage2,75246131333312,7,35969,215803,215803,215803,0,0,0
o-first,75246131333312,7,35969,215803,78167,215803,71937,35962,35952
stage2,75246311111111,7,68313,409865,409865,409865,0,0,0
o-first,75246311111111,7,68313,409865,170709,409865,136626,68306,68296
stage2,75246313212311,7,30352,182107,182107,182107,0,0,0
o-first,75246313212311,7,30352,182107,72458,182107,60706,30345,30335
stage2,75246313312211,7,29466,176780,176780,176780,0,0,0
o-first,75246313312211,7,29466,176780,69462,176780,58931,29459,29449
stage2,75246313332332,7,29475,176834,176834,176834,0,0,0
o-first,75246313332332,7,29475,176834,67156,176834,58949,29468,29458
stage2,75261432123233,7,33631,201773,201773,201773,0,0,0
o-first,75261432123233,7,33631,201773,80952,201773,67261,33624,33614
stage2,75264132121232,7,34957,209729,209729,209729,0,0,0
o-first,75264132121232,7,34957,209729,83890,209729,69914,34950,34940
stage2,75264132223331,7,27347,164057,164057,164057,0,0,0
o-first,75264132223331,7,27347,164057,64259,164057,54690,27340,27330
stage2,75264132321212,7,36753,220499,220499,220499,0,0,0
o-first,75264132321212,7,36753,220499,87427,220499,73504,36746,36736
stage2,75264133121333,7,29555,177310,177310,177310,0,0,0
o-first,75264133121333,7,29555,177310,70067,177310,59109,29548,29538
stage2,75264133331213,7,29959,179738,179738,179738,0,0,0
o-first,75264133331213,7,29959,179738,71213,179738,59917,29952,29942
stage2,75264311223122,7,31872,191215,191215,191215,0,0,0
o-first,75264311223122,7,31872,191215,70686,191215,63743,31865,31855
stage2,75264313231112,7,36616,219684,219684,219684,0,0,0
o-first,75264313231112,7,36616,219684,82592,219684,73232,36609,36599
stage2,75312463333133,7,37651,225890,225890,225890,0,0,0
o-first,75312463333133,7,37651,225890,82143,225890,75301,37644,37634
stage2,75314621133221,6,23905,143408,143408,143408,0,0,0
o-first,75314621133221,6,23905,143408,55936,143408,47807,23899,23889
stage2,75314621313212,6,52116,312680,312680,312680,0,0,0
o-first,75314621313212,6,52116,312680,124102,312680,104231,52110,52100
stage2,75314623113122,6,26876,161237,161237,161237,0,0,0
o-first,75314623113122,6,26876,161237,63765,161237,53750,26870,26860
stage2,75316241231231,6,37554,225298,225298,225298,0,0,0
o-first,75316241231231,6,37554,225298,80954,225298,75105,37548,37538
stage2,75321461311112,6,29249,175482,175482,175482,0,0,0
o-first,75321461311112,6,29249,175482,70023,175482,58498,29243,29233
stage2,75321463132121,6,26461,158751,158751,158751,0,0,0
o-first,75321463132121,6,26461,158751,62181,158751,52921,26455,26445
stage2,75346122133133,7,33555,201317,201317,201317,0,0,0
o-first,75346122133133,7,33555,201317,74517,201317,67110,33548,33538
stage2,75346211133122,6,28026,168138,168138,168138,0,0,0
o-first,75346211133122,6,28026,168138,64562,168138,56050,28020,28010
stage2,75346211211311,6,35590,213534,213534,213534,0,0,0
o-first,75346211211311,6,35590,213534,83037,213534,71182,35584,35574
stage2,75346211311211,6,26441,158625,158625,158625,0,0,0
o-first,75346211311211,6,26441,158625,62811,158625,52879,26435,26425
stage2,75346212323333,6,33787,202698,202698,202698,0,0,0
o-first,75346212323333,6,33787,202698,80154,202698,67570,33781,33771
stage2,75346213112132,6,25303,151795,151795,151795,0,0,0
o-first,75346213112132,6,25303,151795,58696,151795,50603,25297,25287
stage2,75346213132121,6,26427,158545,158545,158545,0,0,0
o-first,75346213132121,6,26427,158545,61209,158545,52853,26421,26411
stage2,75346213132322,6,26690,160119,160119,160119,0,0,0
o-first,75346213132322,6,26690,160119,62997,160119,53377,26684,26674
stage2,75346213332122,6,28305,169811,169811,169811,0,0,0
o-first,75346213332122,6,28305,169811,64406,169811,56607,28299,28289
stage2,75412631223332,6,24427,146541,146541,146541,0,0,0
o-first,75412631223332,6,24427,146541,57145,146541,48852,24421,24411
stage2,75416323232213,7,32718,196295,196295,196295,0,0,0
o-first,75416323232213,7,32718,196295,76902,196295,65436,32711,32701
stage2,75431263133213,7,37362,224159,224159,224159,0,0,0
o-first,75431263133213,7,37362,224159,87183,224159,74723,37355,37345
stage2,75462132123212,8,49292,295743,295743,295743,0,0,0
o-first,75462132123212,8,49292,295743,106599,295743,98585,49284,49274
stage2,75613243131332,7,37782,226674,226674,226674,0,0,0
o-first,75613243131332,7,37782,226674,88184,226674,75562,37775,37765
stage2,75613243133213,7,30725,184335,184335,184335,0,0,0
o-first,75613243133213,7,30725,184335,71045,184335,61449,30718,30708
stage2,75634123323122,6,29399,176375,176375,176375,0,0,0
o-first,75634123323122,6,29399,176375,65426,176375,58796,29393,29383
stage2,75641323232111,6,27862,167153,167153,167153,0,0,0
o-first,75641323232111,6,27862,167153,65768,167153,55722,27856,27846
stage2,75642132213311,6,26965,161775,161775,161775,0,0,0
o-first,75642132213311,6,26965,161775,64143,161775,53928,26959,26949
stage2,76123453233323,7,28825,172927,172927,172927,0,0,0
o-first,76123453233323,7,28825,172927,68887,172927,57647,28818,28808
stage2,76125343333133,8,38141,228831,228831,228831,0,0,0
o-first,76125343333133,8,38141,228831,84014,228831,76281,38133,38123
stage2,76143252131312,7,31736,190404,190404,190404,0,0,0
o-first,76143252131312,7,31736,190404,74359,190404,63473,31729,31719
stage2,76143252221222,7,32275,193633,193633,193633,0,0,0
o-first,76143252221222,7,32275,193633,75736,193633,64548,32268,32258
stage2,76143253131212,7,32677,196051,196051,196051,0,0,0
o-first,76143253131212,7,32677,196051,76264,196051,65354,32670,32660
stage2,76143253331333,7,30257,181528,181528,181528,0,0,0
o-first,76143253331333,7,30257,181528,70907,181528,60513,30250,30240
stage2,76143253333313,7,42445,254661,254661,254661,0,0,0
o-first,76143253333313,7,42445,254661,100579,254661,84890,42438,42428
stage2,76145231121113,6,26915,161472,161472,161472,0,0,0
o-first,76145231121113,6,26915,161472,65174,161472,53828,26909,26899
stage2,76145231122112,6,46619,279698,279698,279698,0,0,0
o-first,76145231122112,6,46619,279698,111481,279698,93236,46613,46603
stage2,76145231131112,6,29095,174558,174558,174558,0,0,0
o-first,76145231131112,6,29095,174558,69766,174558,58190,29089,29079
stage2,76145231221112,6,46534,279188,279188,279188,0,0,0
o-first,76145231221112,6,46534,279188,110872,279188,93066,46528,46518
stage2,76145231311331,6,26209,157231,157231,157231,0,0,0
o-first,76145231311331,6,26209,157231,62548,157231,52415,26203,26193
stage2,76145232123332,6,28130,168762,168762,168762,0,0,0
o-first,76145232123332,6,28130,168762,68887,168762,56258,28124,28114
stage2,76145232233213,6,34781,208669,208669,208669,0,0,0
o-first,76145232233213,6,34781,208669,82977,208669,69561,34775,34765
stage2,76145232331313,6,27054,162303,162303,162303,0,0,0
o-first,76145232331313,6,27054,162303,64635,162303,54105,27048,27038
stage2,76145232332213,6,35975,215830,215830,215830,0,0,0
o-first,76145232332213,6,35975,215830,85852,215830,71948,35969,35959
stage2,76145233133213,6,28740,172431,172431,172431,0,0,0
o-first,76145233133213,6,28740,172431,68911,172431,57481,28734,28724
stage2,76145233232333,6,27314,163868,163868,163868,0,0,0
o-first,76145233232333,6,27314,163868,65881,163868,54628,27308,27298
stage2,76154323333112,7,33308,199833,199833,199833,0,0,0
o-first,76154323333112,7,33308,199833,73178,199833,66615,33301,33291
stage2,76213543213133,7,34409,206443,206443,206443,0,0,0
o-first,76213543213133,7,34409,206443,77306,206443,68819,34402,34392
stage2,76213543311332,7,32276,193641,193641,193641,0,0,0
o-first,76213543311332,7,32276,193641,72168,193641,64551,32269,32259
stage2,76215341231231,6,30970,185799,185799,185799,0,0,0
o-first,76215341231231,6,30970,185799,66016,185799,61938,30964,30954
stage2,76215433333133,8,36717,220290,220290,220290,0,0,0
o-first,76215433333133,8,36717,220290,80275,220290,73434,36709,36699
stage2,76231451123111,6,29433,176586,176586,176586,0,0,0
o-first,76231451123111,6,29433,176586,70346,176586,58866,29427,29417
stage2,76245311121131,6,28573,171424,171424,171424,0,0,0
o-first,76245311121131,6,28573,171424,67546,171424,57146,28567,28557
stage2,76245311131121,6,25723,154314,154314,154314,0,0,0
o-first,76245311131121,6,25723,154314,60621,154314,51442,25717,25707
stage2,76245311213312,6,27206,163218,163218,163218,0,0,0
o-first,76245311213312,6,27206,163218,63486,163218,54410,27200,27190
stage2,76245312132131,6,27767,166581,166581,166581,0,0,0
o-first,76245312132131,6,27767,166581,63628,166581,55531,27761,27751
stage2,76245313122122,6,27038,162212,162212,162212,0,0,0
o-first,76245313122122,6,27038,162212,62088,162212,54076,27032,27022
stage2,76245313123121,6,27213,163255,163255,163255,0,0,0
o-first,76245313123121,6,27213,163255,62477,163255,54423,27207,27197
stage2,76253141123132,6,25206,151218,151218,151218,0,0,0
o-first,76253141123132,6,25206,151218,60374,151218,50411,25200,25190
stage2,76253141211332,6,24716,148278,148278,148278,0,0,0
o-first,76253141211332,6,24716,148278,57900,148278,49431,24710,24700
stage2,76253413322312,6,33894,203342,203342,203342,0,0,0
o-first,76253413322312,6,33894,203342,71741,203342,67786,33888,33878
stage2,76254133311323,8,54367,326193,326193,326193,0,0,0
o-first,76254133311323,8,54367,326193,122842,326193,108735,54359,54349
stage2,76254313211111,7,48348,290077,290077,290077,0,0,0
o-first,76254313211111,7,48348,290077,109670,290077,96696,48341,48331
stage2,76312452212111,6,50282,301677,301677,301677,0,0,0
o-first,76312452212111,6,50282,301677,117945,301677,100563,50276,50266
stage2,76312453211111,6,29420,176502,176502,176502,0,0,0
o-first,76312453211111,6,29420,176502,67827,176502,58838,29414,29404
stage2,76312453311311,6,32350,194081,194081,194081,0,0,0
o-first,76312453311311,6,32350,194081,76426,194081,64697,32344,32334
stage2,76312542321212,7,31589,189521,189521,189521,0,0,0
o-first,76312542321212,7,31589,189521,74592,189521,63178,31582,31572
stage2,76312542322121,6,29587,177508,177508,177508,0,0,0
o-first,76312542322121,6,29587,177508,66478,177508,59175,29581,29571
stage2,76312543322222,7,39217,235294,235294,235294,0,0,0
o-first,76312543322222,7,39217,235294,91266,235294,78435,39210,39200
stage2,76315241112113,6,30960,185742,185742,185742,0,0,0
o-first,76315241112113,6,30960,185742,73809,185742,61918,30954,30944
stage2,76315241113112,6,26517,159085,159085,159085,0,0,0
o-first,76315241113112,6,26517,159085,62091,159085,53033,26511,26501
stage2,76315241223113,6,25832,154966,154966,154966,0,0,0
o-first,76315241223113,6,25832,154966,58727,154966,51660,25826,25816
stage2,76315241322122,6,27354,164107,164107,164107,0,0,0
o-first,76315241322122,6,27354,164107,62430,164107,54707,27348,27338
stage2,76315241323313,6,28828,172953,172953,172953,0,0,0
o-first,76315241323313,6,28828,172953,65837,172953,57655,28822,28812
stage2,76315241332112,6,26387,158308,158308,158308,0,0,0
o-first,76315241332112,6,26387,158308,60001,158308,52774,26381,26371
stage2,76315243211231,6,25089,150511,150511,150511,0,0,0
o-first,76315243211231,6,25089,150511,58224,150511,50175,25083,25073
stage2,76315243323323,6,30184,181092,181092,181092,0,0,0
o-first,76315243323323,6,30184,181092,70771,181092,60368,30178,30168
stage2,76321452122123,7,42968,257793,257793,257793,0,0,0
o-first,76321452122123,7,42968,257793,88392,257793,85936,42961,42951
stage2,76321452122321,7,43817,262881,262881,262881,0,0,0
o-first,76321452122321,7,43817,262881,90591,262881,87632,43810,43800
stage2,76321452122333,7,42975,257829,257829,257829,0,0,0
o-first,76321452122333,7,42975,257829,90535,257829,85948,42968,42958
stage2,76321452123323,7,49845,299048,299048,299048,0,0,0
o-first,76321452123323,7,49845,299048,105206,299048,99687,49838,49828
stage2,76321452212231,7,41598,249575,249575,249575,0,0,0
o-first,76321452212231,7,41598,249575,85790,249575,83196,41591,41581
stage2,76321452213122,7,43718,262290,262290,262290,0,0,0
o-first,76321452213122,7,43718,262290,92400,262290,87435,43711,43701
stage2,76321453233131,7,45682,274075,274075,274075,0,0,0
o-first,76321453233131,7,45682,274075,93840,274075,91362,45675,45665
stage2,76321453311233,7,52207,313223,313223,313223,0,0,0
o-first,76321453311233,7,52207,313223,111564,313223,104412,52200,52190
stage2,76321453313312,7,49047,294265,294265,294265,0,0,0
o-first,76321453313312,7,49047,294265,101660,294265,98092,49040,49030
stage2,76321453321133,7,43561,261347,261347,261347,0,0,0
o-first,76321453321133,7,43561,261347,91779,261347,87120,43554,43544
stage2,76321453323311,7,50008,300043,300043,300043,0,0,0
o-first,76321453323311,7,50008,300043,104240,300043,100018,50001,49991
stage2,76321542211112,6,41673,250029,250029,250029,0,0,0
o-first,76321542211112,6,41673,250029,97499,250029,83347,41667,41657
stage2,76321543211111,6,28005,168012,168012,168012,0,0,0
o-first,76321543211111,6,28005,168012,65082,168012,56008,27999,27989
stage2,76321543311131,6,30936,185605,185605,185605,0,0,0
o-first,76321543311131,6,30936,185605,73349,185605,61873,30930,30920
stage2,76324151112233,7,28729,172362,172362,172362,0,0,0
o-first,76324151112233,7,28729,172362,67247,172362,57458,28722,28712
stage2,76324151112323,7,34761,208551,208551,208551,0,0,0
o-first,76324151112323,7,34761,208551,85846,208551,69521,34754,34744
stage2,76324153323122,6,28389,170320,170320,170320,0,0,0
o-first,76324153323122,6,28389,170320,64701,170320,56776,28383,28373
stage2,76325411111213,6,29741,178421,178421,178421,0,0,0
o-first,76325411111213,6,29741,178421,71735,178421,59479,29735,29725
stage2,76325411111312,6,36698,220181,220181,220181,0,0,0
o-first,76325411111312,6,36698,220181,88489,220181,73397,36692,36682
stage2,76325411112131,6,27173,163018,163018,163018,0,0,0
o-first,76325411112131,6,27173,163018,65807,163018,54344,27167,27157
stage2,76325411113121,6,29804,178806,178806,178806,0,0,0
o-first,76325411113121,6,29804,178806,71691,178806,59606,29798,29788
stage2,76325411122121,6,29430,176559,176559,176559,0,0,0
o-first,76325411122121,6,29430,176559,70514,176559,58857,29424,29414
stage2,76325411331311,6,31698,190173,190173,190173,0,0,0
o-first,76325411331311,6,31698,190173,75120,190173,63395,31692,31682
stage2,76325412112121,6,36954,221709,221709,221709,0,0,0
o-first,76325412112121,6,36954,221709,88909,221709,73907,36948,36938
stage2,76325412231212,6,31774,190628,190628,190628,0,0,0
o-first,76325412231212,6,31774,190628,77644,190628,63548,31768,31758
stage2,76325412333233,6,31586,189493,189493,189493,0,0,0
o-first,76325412333233,6,31586,189493,76825,189493,63169,31580,31570
stage2,76325413222223,6,29232,175372,175372,175372,0,0,0
o-first,76325413222223,6,29232,175372,70264,175372,58462,29226,29216
stage2,76341251111213,6,29022,174106,174106,174106,0,0,0
o-first,76341251111213,6,29022,174106,69868,174106,58040,29016,29006
stage2,76341251111312,6,36179,217060,217060,217060,0,0,0
o-first,76341251111312,6,36179,217060,87226,217060,72358,36173,36163
stage2,76341251112131,6,31956,191729,191729,191729,0,0,0
o-first,76341251112131,6,31956,191729,77277,191729,63913,31950,31940
stage2,76341251113121,6,29291,175721,175721,175721,0,0,0
o-first,76341251113121,6,29291,175721,70607,175721,58579,29285,29275
stage2,76341251221121,6,30687,184107,184107,184107,0,0,0
o-first,76341251221121,6,30687,184107,72472,184107,61373,30681,30671
stage2,76341251311313,6,29419,176488,176488,176488,0,0,0
o-first,76341251311313,6,29419,176488,70922,176488,58834,29413,29403
stage2,76341252232313,6,28723,172321,172321,172321,0,0,0
o-first,76341252232313,6,28723,172321,70796,172321,57445,28717,28707
stage2,76341252323333,6,31500,188984,188984,188984,0,0,0
o-first,76341252323333,6,31500,188984,76231,188984,62998,31494,31484
stage2,76341253221212,6,32404,194402,194402,194402,0,0,0
o-first,76341253221212,6,32404,194402,77528,194402,64804,32398,32388
stage2,76341253233131,6,26080,156460,156460,156460,0,0,0
o-first,76341253233131,6,26080,156460,61616,156460,52158,26074,26064
stage2,76342511111231,6,24554,147301,147301,147301,0,0,0
o-first,76342511111231,6,24554,147301,58199,147301,49105,24548,24538
stage2,76342511111321,6,31598,189578,189578,189578,0,0,0
o-first,76342511111321,6,31598,189578,75695,189578,63196,31592,31582
stage2,76342511323112,6,25956,155710,155710,155710,0,0,0
o-first,76342511323112,6,25956,155710,60609,155710,51908,25950,25940
stage2,76342512232223,6,31137,186805,186805,186805,0,0,0
o-first,76342512232223,6,31137,186805,75471,186805,62273,31131,31121
stage2,76342513213112,6,37788,226714,226714,226714,0,0,0
o-first,76342513213112,6,37788,226714,88463,226714,75576,37782,37772
stage2,76342513322111,6,39343,236043,236043,236043,0,0,0
o-first,76342513322111,6,39343,236043,91587,236043,78685,39337,39327
stage2,76342513323122,6,27468,164798,164798,164798,0,0,0
o-first,76342513323122,6,27468,164798,63565,164798,54936,27462,27452
stage2,76342513323212,6,29618,177689,177689,177689,0,0,0
o-first,76342513323212,6,29618,177689,70108,177689,59233,29612,29602
stage2,76345122211112,6,40458,242737,242737,242737,0,0,0
o-first,76345122211112,6,40458,242737,95255,242737,80917,40452,40442
stage2,76345122211121,6,32429,194559,194559,194559,0,0,0
o-first,76345122211121,6,32429,194559,76548,194559,64857,32423,32413
stage2,76345122213311,6,27072,162418,162418,162418,0,0,0
o-first,76345122213311,6,27072,162418,63479,162418,54142,27066,27056
stage2,76345122311111,6,32710,196243,196243,196243,0,0,0
o-first,76345122311111,6,32710,196243,75614,196243,65419,32704,32694
stage2,76345123211111,6,27602,165592,165592,165592,0,0,0
o-first,76345123211111,6,27602,165592,64744,165592,55202,27596,27586
stage2,76345123311113,6,31894,191342,191342,191342,0,0,0
o-first,76345123311113,6,31894,191342,75394,191342,63784,31888,31878
stage2,76345123311131,6,30451,182700,182700,182700,0,0,0
o-first,76345123311131,6,30451,182700,72504,182700,60904,30445,30435
stage2,76345123312211,6,25950,155679,155679,155679,0,0,0
o-first,76345123312211,6,25950,155679,61041,155679,51897,25944,25934
stage2,76351421112323,7,37483,224883,224883,224883,0,0,0
o-first,76351421112323,7,37483,224883,91995,224883,74965,37476,37466
stage2,76351421113322,7,27861,167159,167159,167159,0,0,0
o-first,76351421113322,7,27861,167159,64563,167159,55723,27854,27844
stage2,76351423321232,7,29450,176682,176682,176682,0,0,0
o-first,76351423321232,7,29450,176682,69451,176682,58898,29443,29433
stage2,76354121121212,7,34463,206759,206759,206759,0,0,0
o-first,76354121121212,7,34463,206759,82139,206759,68924,34456,34446
stage2,76354121122121,7,28922,173511,173511,173511,0,0,0
o-first,76354121122121,7,28922,173511,68053,173511,57842,28915,28905
stage2,76354121311313,7,29485,176897,176897,176897,0,0,0
o-first,76354121311313,7,29485,176897,69637,176897,58970,29478,29468
stage2,76354121313131,7,32503,195000,195000,195000,0,0,0
o-first,76354121313131,7,32503,195000,77200,195000,65005,32496,32486
stage2,76354122111212,7,37787,226706,226706,226706,0,0,0
o-first,76354122111212,7,37787,226706,89727,226706,75573,37780,37770
stage2,76354122112121,7,31430,188562,188562,188562,0,0,0
o-first,76354122112121,7,31430,188562,74243,188562,62859,31423,31413
stage2,76354122212222,7,29990,179924,179924,179924,0,0,0
o-first,76354122212222,7,29990,179924,71017,179924,59979,29983,29973
stage2,76354123211123,7,32133,192788,192788,192788,0,0,0
o-first,76354123211123,7,32133,192788,78528,192788,64267,32126,32116
stage2,76354123211132,7,27909,167440,167440,167440,0,0,0
o-first,76354123211132,7,27909,167440,66521,167440,55817,27902,27892
stage2,76354123313333,7,32784,196691,196691,196691,0,0,0
o-first,76354123313333,7,32784,196691,77839,196691,65568,32777,32767
stage2,76354212213323,6,29829,178959,178959,178959,0,0,0
o-first,76354212213323,6,29829,178959,72065,178959,59659,29823,29813
stage2,76354212312233,6,30677,184034,184034,184034,0,0,0
o-first,76354212312233,6,30677,184034,74123,184034,61350,30671,30661
stage2,76354212313322,6,32666,195983,195983,195983,0,0,0
o-first,76354212313322,6,32666,195983,78975,195983,65331,32660,32650
stage2,76354212333332,6,30029,180157,180157,180157,0,0,0
o-first,76354212333332,6,30029,180157,70869,180157,60055,30023,30013
stage2,76354213222223,6,29456,176716,176716,176716,0,0,0
o-first,76354213222223,6,29456,176716,69534,176716,58910,29450,29440
stage2,76354213312223,6,27638,165803,165803,165803,0,0,0
o-first,76354213312223,6,27638,165803,66854,165803,55273,27632,27622
stage2,76421351131121,6,23859,143138,143138,143138,0,0,0
o-first,76421351131121,6,23859,143138,57172,143138,47716,23853,23843
stage2,76512343213313,8,47768,286599,286599,286599,0,0,0
o-first,76512343213313,8,47768,286599,105402,286599,95537,47760,47750
stage2,76512343332311,8,47653,285909,285909,285909,0,0,0
o-first,76512343332311,8,47653,285909,105455,285909,95307,47645,47635
stage2,76514321112323,6,31982,191882,191882,191882,0,0,0
o-first,76514321112323,6,31982,191882,80927,191882,63965,31976,31966
stage2,76514321232113,6,29472,176813,176813,176813,0,0,0
o-first,76514321232113,6,29472,176813,71695,176813,58942,29466,29456
stage2,76521433232333,7,28509,171039,171039,171039,0,0,0
o-first,76521433232333,7,28509,171039,67956,171039,57017,28502,28492
stage2,76523413223231,7,29974,179826,179826,179826,0,0,0
o-first,76523413223231,7,29974,179826,66932,179826,59947,29967,29957
stage2,76524313331222,7,37047,222265,222265,222265,0,0,0
o-first,76524313331222,7,37047,222265,81070,222265,74093,37040,37030
stage2,76541232131213,7,48979,293859,293859,293859,0,0,0
o-first,76541232131213,7,48979,293859,112452,293859,97958,48972,48962
stage2,76541232221222,7,30120,180706,180706,180706,0,0,0
o-first,76541232221222,7,30120,180706,70483,180706,60239,30113,30103
stage2,76541233121213,7,31059,186339,186339,186339,0,0,0
o-first,76541233121213,7,31059,186339,72622,186339,62118,31052,31042
stage2,76541233331333,7,33441,200644,200644,200644,0,0,0
o-first,76541233331333,7,33441,200644,77107,200644,66885,33434,33424
stage2,76541233333313,7,37804,226810,226810,226810,0,0,0
o-first,76541233333313,7,37804,226810,87567,226810,75607,37797,37787
stage2,76543211111111,6,64307,385821,385821,385821,0,0,0
o-first,76543211111111,6,64307,385821,165061,385821,128611,64301,64291
stage2,76543211212112,6,32997,197967,197967,197967,0,0,0
o-first,76543211212112,6,32997,197967,79010,197967,65993,32991,32981
stage2,76543211223221,6,26761,160558,160558,160558,0,0,0
o-first,76543211223221,6,26761,160558,62099,160558,53522,26755,26745
stage2,76543211332331,6,26724,160333,160333,160333,0,0,0
o-first,76543211332331,6,26724,160333,62082,160333,53447,26718,26708
stage2,76543211333333,6,29562,177363,177363,177363,0,0,0
o-first,76543211333333,6,29562,177363,70517,177363,59125,29556,29546
stage2,76543212132323,6,29481,176869,176869,176869,0,0,0
o-first,76543212132323,6,29481,176869,71508,176869,58961,29475,29465
stage2,76543212222221,6,28290,169717,169717,169717,0,0,0
o-first,76543212222221,6,28290,169717,67677,169717,56577,28284,28274
stage2,76543212323213,6,29079,174460,174460,174460,0,0,0
o-first,76543212323213,6,29079,174460,70519,174460,58158,29073,29063
stage2,76543213113131,6,29265,175573,175573,175573,0,0,0
o-first,76543213113131,6,29265,175573,70031,175573,58529,29259,29249
