state,expected_exit,expected_length,exit,length,iret,status,moves
12345672121232,0,11,0,11,7098532,ok,R B D2 B R D' B D' B' R2 B2
12345672123212,0,11,0,11,6807656,ok,R B R' B2 D' R B2 R D' R' D2
12345672321212,0,11,0,11,7145428,ok,R B D' R2 B' R B2 R B' R' D2
12345673131323,0,11,0,11,6899793,ok,R B R2 D B' D2 B' R B' R D2
12345673132313,0,11,0,11,8166970,ok,R B' D2 B' R' B D' R D' R2 D2
12345673231313,0,11,0,11,7935299,ok,R B' R2 B' R' D B' R D' R2 D2
12345761111111,0,11,0,11,4766942,ok,R B R' D2 B' D R' D' B D2 B
12346571111231,0,11,0,11,3536538,ok,R B R' B2 R' B' D' R D2 B D'
12346751113133,0,11,0,11,4917624,ok,R B2 D R' D B D' R2 B2 D R
12347561112212,0,11,0,11,4504638,ok,R B D' R D R2 D2 B' R' B D2
12347651111111,0,11,0,11,7456031,ok,R2 B' R B D B2 D B' D' R D'
12347651122112,0,11,0,11,4619585,ok,R B' D R2 B R2 B' D B' D2 B2
12347651133311,0,11,0,11,4209703,ok,R B2 R B R' B D2 B' R2 D R2
12347652111221,0,11,0,11,3795644,ok,R B R2 B' R D' B2 R2 D' B' R2
12347652123233,0,11,0,11,4487673,ok,R B2 R' D2 R B' R' D R2 B D2
12347652123332,0,11,0,11,5530743,ok,R D2 R' D2 R B' D' R D2 B D2
12347652223232,0,11,0,11,4186998,ok,R B2 R2 B D R' B' D B' R' B
12347653111133,0,11,0,11,4467559,ok,R B2 R2 D B D2 B D' R' D2 B
12347653132223,0,11,0,11,3823575,ok,R B R D' B2 D R' D' R2 D2 B2
12347653132322,0,11,0,11,3735962,ok,R B R D B2 R2 D2 R D2 R' B
12347653332323,0,11,0,11,4210174,ok,R B2 R2 D2 B' D B' R B2 R' B
12354671111111,0,11,0,11,5263702,ok,R B' R2 D' B R' B' D R2 D B
12354761112323,0,11,0,11,6967934,ok,R2 B R' D R B2 D' R D R2 D'
12354762121112,0,11,0,11,4962773,ok,R B2 R' D R2 D R B' R' D R2
12354762121211,0,11,0,11,5393712,ok,R B' D R' D2 R D2 B D' B2 D
12354762311123,0,11,0,11,4056366,ok,R B D B D2 R' D B' R' B2 R2
12354763131131,0,11,0,11,4517372,ok,R B2 R B2 R2 D R' D R2 D R2
12354763133111,0,11,0,11,4105764,ok,R B R B2 D2 B' D' R2 D' R2 D2
12354763211123,0,11,0,11,4807375,ok,R B2 D' B R' D R2 D R D' R2
12356471113133,0,11,0,11,4344052,ok,R B R2 D2 B' D B D' B D2 R
12356741133131,0,11,0,11,5903288,ok,R B R2 B D2 B' R B2 D' B2 D
12356741313131,0,11,0,11,6143603,ok,R B R2 D B' D2 R2 D R' B' R2
12356743113131,0,11,0,11,6181702,ok,R B D2 B' R2 B D' B2 D' B R2
12357461111222,0,11,0,11,4762119,ok,R B' R2 D B2 D' B2 D' R' D R2
12357461113331,0,11,0,11,4581994,ok,R B2 D2 R D2 R D' R' B' D2 B'
12357462211112,0,11,0,11,4719303,ok,R B' R B R2 B2 D2 R' D' R D2
12357641113331,0,11,0,11,4443216,ok,R B R2 B2 D B' D2 R D B2 R2
12364571112212,0,11,0,11,4955373,ok,R B2 D2 R D2 R D' R' B' D2 B2
12364751112212,0,11,0,11,4247588,ok,R B D2 B D' R D' R' D2 B R'
12364751113133,0,11,0,11,4466840,ok,R B2 R' D R2 B' R D R D' B'
12364753311131,0,11,0,11,4286921,ok,R B D2 R' B R B2 R D' B' R
12365471111111,0,11,0,11,5253480,ok,R B' R2 B' D' B' D R2 B R' D
12365471211122,0,11,0,11,4454614,ok,R B2 D B' D2 R' D R D' R D
12365471313113,0,11,0,11,3691074,ok,R B R D2 B' R2 B D2 B2 R' B
12365472223232,0,11,0,11,4128680,ok,R B2 R D' B R D2 B2 D R D2
12365472321233,0,11,0,11,4768876,ok,R B' D2 B' D B2 R2 D R' D2 B
12365473232312,0,11,0,11,3754248,ok,R B D B D2 R D2 R B' R2 D2
12365473332323,0,11,0,11,3767941,ok,R B R2 B' R D B2 R' D' B D'
12365741113331,0,11,0,11,4492679,ok,R B D' B R D2 R2 D' R' B2 D
12367451123333,0,11,0,11,6638319,ok,R B2 R2 B R D' R D' R D' R2
12367451132222,0,11,0,11,6054332,ok,R B D B2 R2 B' R B' D' B2 R
12367451213333,0,11,0,11,6442983,ok,R B2 R2 B' R B' D R' D B D2
12367451312222,0,11,0,11,7873526,ok,R D2 R2 D B' D R' D B' D R2
12367452113333,0,11,0,11,7120471,ok,R B' D B2 D2 R' D R' B' R B2
12367453112222,0,11,0,11,6423019,ok,R B2 R2 B' R2 D' R B2 R2 B' D'
12367541112212,0,11,0,11,5557514,ok,R B' D' R2 D B' R2 D B2 D' B2
12367541113331,0,11,0,11,6366671,ok,R D2 B D2 B' D R' D R' B' R
12367541331131,0,11,0,11,4078237,ok,R B R2 D2 B' D R' D B D' B'
12374561121212,0,11,0,11,6155832,ok,R B R2 B R2 D' R B D2 B R2
12374561211212,0,11,0,11,6064259,ok,R B R' B R' B2 D R' D B D2
12374562111212,0,11,0,11,7196236,ok,R B' D B2 D2 R' D R' B' R B
12374651111222,0,11,0,11,4979662,ok,R B2 D B' D' B2 R B2 R B2 R2
12375461111222,0,11,0,11,4807887,ok,R B2 R' D R2 B' R D R D' B2
12375641113112,0,11,0,11,4548589,ok,R D R' B2 R' D' R' D B2 R D'
12376451111222,0,11,0,11,5062921,ok,R B' D R D' B D' R2 B R D2
12376451113133,0,11,0,11,4834919,ok,R B2 D B2 D' B R' D B' D' R
12376451221211,0,11,0,11,4172743,ok,R B D2 R' D R' B2 R' B2 D' R2
12376541112323,0,11,0,11,5038736,ok,R B2 R' B' D R2 B' R' D B' D2
12376541232233,0,11,0,11,5970678,ok,R D' B' R2 B' D' R2 D B R2 D'
12376541322233,0,11,0,11,4140108,ok,R B D' B2 R D' B' R' D2 R2 B
12376542121232,0,11,0,11,4604186,ok,R B2 R B D2 R' B2 D B R B'
12376542123212,0,11,0,11,4247083,ok,R B R D' R2 B D' R2 B2 D B'
12376543133132,0,11,0,11,3717034,ok,R B R D' B2 D R' D' R2 D2 B'
12376543133231,0,11,0,11,3694413,ok,R B R D B2 R2 D2 R D2 R' B2
12456731132321,0,11,0,11,6733254,ok,R2 D R' B2 R' B' R' D R2 B D'
12456731233223,0,11,0,11,3997950,ok,R B' R B' D R2 D2 B2 D' B D
12456733223321,0,11,0,11,4024393,ok,R B' R D' R' D R D2 B' D' B
12463751231231,0,11,0,11,4258198,ok,R B2 R B2 R2 D R' D' R D' R
12467351131121,0,11,0,11,4253346,ok,R B' D2 R' B R B D2 B R' B
12467351231321,0,11,0,11,3684424,ok,R B D B2 R' B R' B D' R2 B
12473561132123,0,11,0,11,4050881,ok,R B' R D R' D2 R' D' B' D B'
12536741112323,0,11,0,11,4352156,ok,R B R D2 R D' B' D' B2 D2 R
12537461332112,0,11,0,11,4067983,ok,R B D2 R D' R D2 R2 B' R' D
12543671111111,0,11,0,11,5400446,ok,R B' R D R' D2 R' D' B' D B2
12543671211212,0,11,0,11,4216899,ok,R B2 D R' D2 B' R B D' R B
12543671331113,0,11,0,11,3868497,ok,R B D R2 B' R2 B D2 B2 R' D
12543672121121,0,11,0,11,3949679,ok,R B D2 R2 D B2 D' B R B2 D'
12543672321332,0,11,0,11,4083123,ok,R B2 R' B R' D B2 R' D' B R'
12543672322232,0,11,0,11,3956074,ok,R B D R' D2 R D' B D' R2 B'
12543672331232,0,11,0,11,3750219,ok,R B R2 B D' R B2 R D2 B D2
12543673111331,0,11,0,11,3855033,ok,R B D R' D R2 D' B2 R B' R
12543673221323,0,11,0,11,4040364,ok,R B2 R D2 R2 B' D R D' R2 D
12543673231223,0,11,0,11,3867788,ok,R B D B2 R' D' B R' B D2 R
12543673233323,0,11,0,11,4910750,ok,R D R' D B R B' R2 B D' B2
12546371221331,0,11,0,11,4037486,ok,R B2 D2 R B2 R D' R' D' B2 D2
12563472131213,0,11,0,11,5016006,ok,R B' R2 B' R' D2 R B R2 D' B'
12563473131212,0,11,0,11,4701948,ok,R B2 R' B R' B2 R D2 B' R D'
12564733323122,0,11,0,11,3865476,ok,R B R B D' B2 R2 B' D2 R' B
12567433232333,0,11,0,11,4007041,ok,R B R' B' R D2 R' B D R B2
12576343212221,0,11,0,11,4948619,ok,R B2 R' B R' D R2 D2 B2 R' D'
12637451132111,0,11,0,11,4743355,ok,R D R' D2 R B' D B R2 D2 B2
12637451332112,0,11,0,11,3561520,ok,R B R2 B R B2 D' R2 B R D2
12643571321321,0,11,0,11,3923153,ok,R B D2 R2 B' D B R' B D2 R
12645371131121,0,11,0,11,4397114,ok,R B' D2 R' B R B D2 B R' B'
12673542331133,0,11,0,11,5430606,ok,R D R' D R' D B' R2 B R2 D'
12734561112323,0,11,0,11,4328154,ok,R B R D2 R D' B' D R' B2 D2
12734561322233,0,11,0,11,3822795,ok,R B R2 D' R2 B D' R' D B' R2
12734562313223,0,11,0,11,3663691,ok,R B R B R D2 B D' B D2 R2
12745631111111,0,11,0,11,12788417,ok,B R' B R B' D2 B' R' B' R D2
12745632111122,0,11,0,11,4211699,ok,R B D2 B R2 B' R2 B R' D' R2
12745632212213,0,11,0,11,4968552,ok,R B' D2 B R' B2 D B R D' B
12745632222221,0,11,0,11,4039364,ok,R B D2 B' R' B2 R' B D R2 B2
12745632232211,0,11,0,11,4801870,ok,R B' R2 B R' B2 D B D R' B
12745633131131,0,11,0,11,4502688,ok,R B2 D' B' D B2 D R B2 D2 B
12745633313312,0,11,0,11,3942026,ok,R B2 R B R2 B2 D B' D B2 D'
12745633313333,0,11,0,11,4199140,ok,R B D' R' B R' D' B D2 R' D2
12745633323311,0,11,0,11,3992910,ok,R B2 R D B2 D2 R B' D R2 D'
12753462231323,0,11,0,11,4505774,ok,R B R2 B2 D R' D2 B R D2 B2
12763452322232,0,11,0,11,4062840,ok,R B D R' D2 R D' B D' R2 B
12765432121313,0,11,0,11,4575143,ok,R B D2 B2 D' B' D2 R B2 R' D2
12765432222212,0,11,0,11,6920048,ok,R D' B2 D' B D R D2 R2 D R
12765433121213,0,11,0,11,5188912,ok,R B' R D' B2 R2 D R B' D B2
12765433331333,0,11,0,11,4741294,ok,R B D2 B2 D' B' R2 D B2 D' R2
13245671321111,0,11,0,11,4585930,ok,R D R' B D2 R D' R' B' D2 B'
13246571111111,0,11,0,11,5779025,ok,R B2 R' B' R D2 B' R' B D' B2
13246571112233,0,11,0,11,3901478,ok,R B R' B2 D B' D' R' B2 R2 D
13246571113232,0,11,0,11,6043398,ok,R D' B' D2 R D R2 D' B' R2 B'
13246572321332,0,11,0,11,4578800,ok,R B2 D R2 D R D B R2 B R'
13246572331232,0,11,0,11,4137028,ok,R B R2 B D' R B2 R D2 B D
13246573221233,0,11,0,11,4278875,ok,R B2 R B R' B R B D2 R B2
13246573321223,0,11,0,11,4362270,ok,R B2 R B' R2 D B D2 R' D' R
13246752133211,0,11,0,11,5323494,ok,R B2 D' B2 R D' B D' B R' D
13247563212131,0,11,0,11,4746019,ok,R B R' B2 D2 B' D' B D' R D'
13254761322233,0,11,0,11,4513149,ok,R B' R' D2 B D' R' B D' R2 D'
13254761323322,0,11,0,11,3878529,ok,R B2 R B R2 B2 R' D R2 B' D'
13254762321233,0,11,0,11,5356945,ok,R D B2 D' R' B2 D B' D R B'
13254763323122,0,11,0,11,4589600,ok,R D R' B' D' B' R2 D R' D2 R
13257641112233,0,11,0,11,3944189,ok,R B R2 D2 B2 D' R' D' R B2 D'
13265741112323,0,11,0,11,6499875,ok,R D R2 D' B2 R2 D R B' D B2
13265742131312,0,11,0,11,5561548,ok,R D R B2 D2 R B' D R' B D'
13267451122211,0,11,0,11,4835271,ok,R B' R2 D B2 D' B' D2 R2 B R'
13267451311133,0,11,0,11,4055320,ok,R B R D2 R D' B' D' R2 B R
13267541111132,0,11,0,11,5170544,ok,R B2 R2 D' R B' R2 B' R' D R'
13267541232212,0,11,0,11,4716927,ok,R B R D' B R' D B2 D R D
13274651112323,0,11,0,11,5737758,ok,R B2 D' B2 D' R D' R2 B2 D' R
13275461112233,0,11,0,11,4338761,ok,R B2 R' B2 D2 R' D B R' B2 R
13275463213211,0,11,0,11,4290623,ok,R B2 R2 D2 B' R' D R' D2 R B'
13275641112233,0,11,0,11,5245495,ok,R B2 R' B D' R B' R B' R2 B2
13275641112323,0,11,0,11,6509113,ok,R B2 R' B R' B R' B D' R2 D2
13275642131333,0,11,0,11,4947406,ok,R B D R' B2 D' R B' D B' D'
13275643212221,0,11,0,11,5296872,ok,R B2 R2 B' R B2 D' B2 D R2 B'
13276451113211,0,11,0,11,5698519,ok,R B' R2 B' R D R2 D R' D2 R'
13276451233133,0,11,0,11,5670221,ok,R B' R B R' B2 D2 B R' B2 R'
13276541133122,0,11,0,11,4203120,ok,R B' R2 D B D2 B R2 B R' B2
13276541213312,0,11,0,11,5647606,ok,R2 B D' R2 B' D R B' D R2 B2
13276541321123,0,11,0,11,4216707,ok,R B' D2 R B R2 B D2 B R' D2
13276541322311,0,11,0,11,5428548,ok,R2 B R2 B' D B R2 B2 R B D'
13276541323112,0,11,0,11,3548794,ok,R B R2 D' B D' B R B R' B2
13276541323322,0,11,0,11,3702478,ok,R B D2 R' B D' R D B R' D2
13276542323312,0,11,0,11,4224249,ok,R B2 R' D' R' D B2 R' D2 R B2
13276543323122,0,11,0,11,4085727,ok,R B' R B' R B2 D' B' D B2 D'
13462571111111,0,11,0,11,4546188,ok,R B D R2 D R' B' D' B2 D2 R
13462572213311,0,11,0,11,3790620,ok,R B R2 D B' D2 B' D' R D2 B'
13527461211113,0,11,0,11,4522041,ok,R B' D' B D2 R' B D R D' R2
13542671231231,0,11,0,11,3622205,ok,R B R' B R D2 R2 D' R' D2 B
13546271213213,0,11,0,11,4049097,ok,R B D2 R2 B' D R' B D B' D'
13546271231231,0,11,0,11,5221166,ok,R D2 B R2 B' D R' B R' B' R
13546271321321,0,11,0,11,4487507,ok,R B' R' B2 R D' R2 B D2 B' D2
13572641122133,0,11,0,11,5751310,ok,R D R2 D' R2 B2 D R D' B D2
13576241312213,0,11,0,11,5614661,ok,R B2 R2 D' B D' B2 D' R' D R'
13576241321321,0,11,0,11,4513779,ok,R B R' D B R' B2 D R' B D'
13627451332112,0,11,0,11,4021509,ok,R B R' B' D' B D2 B' D R' B'
13642571221223,0,11,0,11,5353784,ok,R B R2 D B R2 B2 D' R' D' B2
13642571223221,0,11,0,11,5344350,ok,R B R2 B2 R' B2 D' R' D2 R' B'
13642573221221,0,11,0,11,6056530,ok,R B' R D2 R' D R' D R D' B2
13645271221331,0,11,0,11,3754028,ok,R B D2 B2 R D' B2 R B D2 R2
13647521111111,0,11,0,11,4383632,ok,R B R D B2 D R' B' R' B2 R2
13675241112323,0,11,0,11,4805779,ok,R B D2 R2 B2 R' B' D' R D2 B'
13675242331313,0,11,0,11,4328897,ok,R B2 R' D R D R' B2 D B' R'
13725642332132,0,11,0,11,4450560,ok,R D B2 R' D2 R' B R' D2 B2 D
13754262123323,0,11,0,11,8591177,ok,R2 B' D' R B' D R2 D R' D R2
13762451321321,0,11,0,11,3761368,ok,R B R2 B2 R B2 D R2 D2 B D'
13764251211311,0,11,0,11,3450794,ok,R B R B' D2 R' B R' B' R B2
13764252323231,0,11,0,11,3992699,ok,R B D2 B D' R B' R B2 D' B
13765422121211,0,11,0,11,5350126,ok,R B D B2 D R D B2 R' D R
14263751131121,0,11,0,11,4029024,ok,R B' R D B2 R' D B' D B' R2
14267351321321,0,11,0,11,4084243,ok,R B D2 R2 B2 R' D B' D' R B
14275633323122,0,11,0,11,4345348,ok,R D R2 B' D2 B' R D' B2 R2 B
14325671111111,0,11,0,11,14848303,ok,B2 R' B R D B2 D R' B' R D'
14325672112121,0,11,0,11,3945931,ok,R B D2 B D2 B' D2 B R' B' R2
14325672231323,0,11,0,11,4082084,ok,R B D' R D' B2 D' B R D B2
14325672323222,0,11,0,11,3983492,ok,R B D2 B2 R D B' R D2 R B2
14325673123232,0,11,0,11,4073398,ok,R B2 R' D R' B2 D2 B R' D B2
14325673232333,0,11,0,11,3824201,ok,R B R2 B2 R' D' R2 B R B2 D'
14325673311131,0,11,0,11,4633423,ok,R B2 D' R' D B2 D B D2 R2 D
14327652131213,0,11,0,11,4442100,ok,R B D2 R' D' B2 D R D2 R D'
14327653121213,0,11,0,11,4726095,ok,R B2 R' D2 B D B2 D2 B' R' D2
14352672212111,0,11,0,11,4252738,ok,R B R2 B' D2 R B' D2 B R D'
14356721112323,0,11,0,11,4414138,ok,R B D B2 D B' D' R' B2 R2 D
14356721322233,0,11,0,11,5167486,ok,R D B' R' D B2 D R D2 R2 B'
14367252322232,0,11,0,11,4089964,ok,R B D2 B' R B2 R D2 R2 B' R'
14367523311113,0,11,0,11,7191957,ok,R D' R' B' R B' R' D2 R' D' B
14523672121313,0,11,0,11,4568921,ok,R B D2 B2 D' B' D2 R B2 R' B2
14523673121312,0,11,0,11,5511067,ok,R B' D' B D2 B2 D B' D' R D2
14527631121311,0,11,0,11,4231881,ok,R B2 R2 D2 B' R D' R D2 R' B
14527631131211,0,11,0,11,4076522,ok,R B D2 R' D' B R' D2 B R B
14527631133311,0,11,0,11,3936722,ok,R B R B D2 R2 B2 R B2 R' B
14527631211131,0,11,0,11,4455369,ok,R B' R B R2 D' B' D B2 D' R'
14527631311121,0,11,0,11,4393166,ok,R B2 D2 R2 D' R' D R' B2 R B
14527632122213,0,11,0,11,4433164,ok,R B2 D2 B D R2 D R D2 R' B
14527632212111,0,11,0,11,4506436,ok,R B2 D2 B R2 B R' D B2 D' R
14527632333332,0,11,0,11,5305446,ok,R D2 R' D2 R D' B' R D2 B R2
14527633132322,0,11,0,11,4116012,ok,R B2 R D R' B D2 B' D2 R D2
14527633312133,0,11,0,11,4240958,ok,R B D' B2 R2 D R' B' R B' D
14536273311311,0,11,0,11,4746493,ok,R B D2 B2 R D' B' D B2 R B
14537622231323,0,11,0,11,4188802,ok,R B R2 B2 D R' D2 B R B2 D2
14563272323222,0,11,0,11,3862268,ok,R B R B' D2 B D' R' B D' R2
14567231312213,0,11,0,11,5614847,ok,R D R' D' B D2 B D' R' B R
14567231321123,0,11,0,11,4803064,ok,R D R' B' D B2 D B' R' B R
14573261333111,0,11,0,11,4578104,ok,R B D2 R D' B R2 B2 D' R' B
14625731111111,0,11,0,11,5707986,ok,R B' D R' B2 R D2 B' D R D
14625731131121,0,11,0,11,4544666,ok,R B' D' B' D R2 B' R2 B R' D
14625731322233,0,11,0,11,4097434,ok,R B2 R2 B' D R B' D2 R2 B' R
14625732112121,0,11,0,11,4303657,ok,R B2 R' B D' B2 R2 D' R' B2 D'
14625732113321,0,11,0,11,4796743,ok,R B' R D' R2 D B' D B D2 R'
14625732213323,0,11,0,11,4048063,ok,R B R2 B D R' D2 R' D2 R' B2
14625732233111,0,11,0,11,4452650,ok,R B2 R D' B R D2 B' D R B
14625733133111,0,11,0,11,4012332,ok,R B D B' R D2 R' B2 D B' R
14632571111111,0,11,0,11,6993818,ok,R2 B R' B2 R' D' B' R D2 B R'
14632571321132,0,11,0,11,4135782,ok,R B' R B' R' D B R2 D' B' D
14652733321331,0,11,0,11,4474232,ok,R B R B D2 R D' B2 R2 D' R
14673251111111,0,11,0,11,5569700,ok,R B' D' R D2 B' D B R B' R2
14723651111213,0,11,0,11,4041163,ok,R B D B' R2 B D' B D' B2 R'
14723651111312,0,11,0,11,5137493,ok,R D B D' R2 D R' D B' D2 R'
14723651112131,0,11,0,11,4073427,ok,R B D2 B' D B R2 D' B' D R'
14723651113121,0,11,0,11,3904184,ok,R B R2 D' R' B R' D2 B R D'
14723651211212,0,11,0,11,3718547,ok,R B R2 B R' D B2 D B2 R D2
14723652322121,0,11,0,11,3469905,ok,R B R2 D' R2 D B R2 D' R2 B'
14723652331232,0,11,0,11,4274979,ok,R B2 D B' R2 D' R B D' B R
14723653232222,0,11,0,11,3884424,ok,R B D R2 B' D' R D' R D2 B
14723653313111,0,11,0,11,4026614,ok,R B R2 D2 B' R2 B R' D' R B2
14723653321313,0,11,0,11,4929111,ok,R D B' D2 R D B2 D R2 D2 B
14725361111111,0,11,0,11,4620169,ok,R B R B' D R' D B2 D2 B D'
14725361111123,0,11,0,11,4032652,ok,R B D R2 D2 R D B' D R' D'
14725361322332,0,11,0,11,4331075,ok,R B2 D2 R' D' R D' R2 B R' D2
14725362211121,0,11,0,11,5011814,ok,R B' D2 B D R2 B2 D2 R B' D'
14725363211213,0,11,0,11,3914816,ok,R B R2 D' R' D R D2 B2 R2 D'
14725363213121,0,11,0,11,3794059,ok,R B R B2 D2 B' R' B' R D2 R2
14725363223213,0,11,0,11,3992333,ok,R B D' R B2 D' R' B R' D2 B'
14725363311113,0,11,0,11,5103283,ok,R B' D R2 B' R2 B D' R B R
14726531223122,0,11,0,11,4445708,ok,R B' D2 R2 B' D B' R2 D B' R2
14726531232122,0,11,0,11,4451592,ok,R B' R2 D2 B' R D' B2 R D' R2
14726531233313,0,11,0,11,3965238,ok,R B D2 R' B D2 R D' B' D' B
14726531333312,0,11,0,11,3691440,ok,R B R2 D' B D2 R B' D' B' D
14726532232313,0,11,0,11,4580975,ok,R B2 D B D2 R2 B D' B D2 B'
14726533323122,0,11,0,11,3879580,ok,R B2 R B' R B2 R2 D B D2 B'
14735621221112,0,11,0,11,4003764,ok,R B R' D' B R' B' D B' D R'
14735621223113,0,11,0,11,3697182,ok,R B R' B' R D' B' D R' D R'
14735621223332,0,11,0,11,5847790,ok,R2 B D' B2 R' D R D' B R2 D2
14735621233112,0,11,0,11,4921969,ok,R D B2 R' B R' D R B R' D2
14735621323112,0,11,0,11,4684429,ok,R D R2 B' R D' B R D R' B2
14735621332112,0,11,0,11,3630036,ok,R B R D2 R D2 R' B2 D B R2
14735621333111,0,11,0,11,3869900,ok,R B R B2 R D2 R' D2 B D R2
14735621333222,0,11,0,11,3629289,ok,R B R2 B D2 R B D' B D' B'
14736251111132,0,11,0,11,4334582,ok,R B2 R D R2 B2 R' D' B2 D R'
14736251112332,0,11,0,11,3990712,ok,R B R D2 B2 R B' D' B D2 R2
14736253222223,0,11,0,11,4042529,ok,R B R' D' B D' B D2 R' D' B2
14736521132222,0,11,0,11,4379509,ok,R B2 R D R' B R D B2 R B2
14736521133131,0,11,0,11,4317560,ok,R B D B D2 R2 B2 R B2 R' D2
14736521211212,0,11,0,11,4139049,ok,R B R2 B R' D B2 D B2 R D
14736521213333,0,11,0,11,4240844,ok,R B2 R D R2 B' R2 D R B D'
14736521221313,0,11,0,11,4385643,ok,R B2 D' R D2 R2 D' B D2 R' D2
14736521321231,0,11,0,11,5931800,ok,R D' R' D2 R' D' B2 D R D2 B'
14736521322233,0,11,0,11,3958246,ok,R B R' D2 B D' R' B' R2 B2 D
14736521332121,0,11,0,11,4982983,ok,R D R' D2 R' B R B D2 B2 D
14736523112222,0,11,0,11,4403912,ok,R B2 R D' R2 B R D2 B' D' R
14736523113131,0,11,0,11,4150033,ok,R B R2 B' R D2 R' D R B2 D'
14752363222121,0,11,0,11,3815824,ok,R B R2 B R2 B D' B' D R2 D
14752363232222,0,11,0,11,4909329,ok,R B' R D R B' R2 B' R2 B' D2
14752363233131,0,11,0,11,4371526,ok,R B2 R D2 R2 B R' B R2 B R2
14752631111111,0,11,0,11,5413605,ok,R B' R' D' R D2 B' D2 B R' B
14752631112311,0,11,0,11,4497574,ok,R B' R B' D2 B D2 R' D R B
14752631323223,0,11,0,11,3988583,ok,R B2 R2 B' R D B' D2 R2 B' R
14752632332132,0,11,0,11,3856279,ok,R B2 R2 B' D2 B R D' R2 B D'
14752633213223,0,11,0,11,3927653,ok,R B2 R2 D2 B R' D' R D' B D2
14752633222223,0,11,0,11,4184899,ok,R B2 R D' B2 D' R2 B D2 B' R
14752633223123,0,11,0,11,4054238,ok,R B2 D2 R2 B' R B' R D2 B' D
14752633223231,0,11,0,11,4399641,ok,R D R B' D R' B' D2 R2 B' D
14753261221112,0,11,0,11,3967982,ok,R B R2 D R' D R2 D2 B' R' B2
14753261323112,0,11,0,11,4926804,ok,R D2 R D B2 D2 B' D B2 R' B'
14753261333111,0,11,0,11,3977567,ok,R B R2 D' R' D' R' B R' D2 R
14762351221331,0,11,0,11,4564652,ok,R D R2 D' R' B2 D B' R B D'
14762351321231,0,11,0,11,4893893,ok,R B' D' R2 B D' B' D B' R2 B'
14762351331221,0,11,0,11,3743655,ok,R B2 R B' R2 D2 R' B R D2 R
14763251221223,0,11,0,11,7027156,ok,R D R' D' B R D2 R2 B2 R D'
14763251222312,0,11,0,11,6528202,ok,R B' R' B2 D' R B' R2 D2 R' D
14763251332331,0,11,0,11,6163163,ok,R B2 R2 B' R' D B' D R' B D2
14763251333123,0,11,0,11,5823110,ok,R B D2 R2 B2 D R D' B D' R'
14763252322121,0,11,0,11,5649186,ok,R B R' B' R B2 D' R B' R' D
14763253132232,0,11,0,11,5548641,ok,R B R B' R2 D2 R' D' B D2 R'
14763253133132,0,11,0,11,5542079,ok,R B R D2 R2 B' R D' B R D2
14763253133222,0,11,0,11,6006606,ok,R B2 R2 B R2 D' B D2 B2 D' B'
14763253133231,0,11,0,11,5812964,ok,R B D' R D' R2 B2 R B R D2
14763253221221,0,11,0,11,5593135,ok,R B R' B R' D B2 R2 D2 B R'
14763253222112,0,11,0,11,6409948,ok,R B' R B' R B' D B2 D2 B' D2
14763521113211,0,11,0,11,4407027,ok,R B2 R B2 D2 R B2 R' B2 R2 D'
14763521113223,0,11,0,11,4028688,ok,R B R2 D' R' B' D R' B D' B2
14763523222331,0,11,0,11,3401838,ok,R B R B' R D B2 D2 R' B' D
14765231111213,0,11,0,11,4354222,ok,R B2 D2 R2 D' R' B R' B2 R D
14765231111312,0,11,0,11,4540380,ok,R B' R D R' B2 D B2 D B' R
14765231112131,0,11,0,11,4242057,ok,R B2 R2 D2 B' R B' R D2 R' D
14765231113121,0,11,0,11,3880340,ok,R B R2 D' R' B R' D2 B R D
14765231133131,0,11,0,11,3921035,ok,R B D B D2 R2 B2 R B2 R' D
14765232211211,0,11,0,11,3998926,ok,R B R2 D' B R' D2 B D R2 D2
14765232232322,0,11,0,11,3967085,ok,R B R' D R' B2 D2 R D R D'
14765232331313,0,11,0,11,3976617,ok,R B2 R2 D2 R B' R2 D B R2 D2
14765233113131,0,11,0,11,3750505,ok,R B R2 B' R D2 R' D R B2 D2
14765233323332,0,11,0,11,4003519,ok,R B D2 B' D B' R2 D2 B' D' B2
15236471111111,0,11,0,11,5135604,ok,R B' R2 B' D' B' D R2 B R' D2
15236473231121,0,11,0,11,3587841,ok,R B R' D2 B' D R D' R D2 B2
15243671331221,0,11,0,11,4032884,ok,R B2 R' D B2 R' B D R B' D2
15246371331332,0,11,0,11,5567063,ok,R B D' B R' B2 D R' B D B2
15246371332331,0,11,0,11,5386207,ok,R B R' B2 D2 B R D R' D' R
15246372331331,0,11,0,11,5321234,ok,R B R2 B D B2 R D2 R2 D' B'
15267431223113,0,11,0,11,4049161,ok,R B R2 D R' B R2 B2 D' R' D
15273641112323,0,11,0,11,5019845,ok,R B2 R' B2 D2 R' B D R' B2 R
15324673113311,0,11,0,11,6900590,ok,R2 B R' D' R' D R2 B' D B2 D'
15342671211311,0,11,0,11,3452698,ok,R B R B' D2 R' B R' B' R D2
15346271321321,0,11,0,11,3702687,ok,R B R' D R D2 R2 B' R' D B2
15367421211113,0,11,0,11,4902259,ok,R D B' D2 B D' R B R2 D2 B2
15367421223113,0,11,0,11,3657273,ok,R B D2 B D R2 B' R2 D R D2
15367423211123,0,11,0,11,4237316,ok,R B D' B R B' D R' B2 R2 D
15426371111111,0,11,0,11,4548551,ok,R B D R2 D R' B' D R' D2 B2
15426371112233,0,11,0,11,4017399,ok,R B D2 R' D2 B D' B' R D' R2
15463271313113,0,11,0,11,4472258,ok,R B R2 D R' D R2 D2 B' R' B
15624732123212,0,11,0,11,5449330,ok,R B' D B' R2 B D2 R D' B2 D
15624732133313,0,11,0,11,4543969,ok,R B D2 R2 B R' B D R' B2 R'
15624732333332,0,11,0,11,4267841,ok,R B R' D B R2 B D' B2 R D2
15627431223113,0,11,0,11,3660997,ok,R B R' D' R' D' R2 B R' D2 R
15627431322113,0,11,0,11,5015322,ok,R D2 R B R2 B2 R' D B2 R' D'
15627431332112,0,11,0,11,3731299,ok,R B D2 R D' R D2 R2 B' R' D2
15634722123332,0,11,0,11,5795949,ok,R D' R2 B R2 B' D' B2 R2 D R'
15634722321233,0,11,0,11,4206272,ok,R B D2 B R' B D' B' R2 D R'
15637423211123,0,11,0,11,4728550,ok,R B R2 B' D B' D R2 D' R2 D
15642371111111,0,11,0,11,9639247,ok,R2 D R' B D B2 R' D B D2 B'
15642372213311,0,11,0,11,4143393,ok,R B2 R B D2 B' R' B2 D R B'
15642372231332,0,11,0,11,4268339,ok,R B D' B R B2 R B' D2 R B2
15642372331322,0,11,0,11,3974389,ok,R B R D2 B' R2 D R B2 R D'
15642373212311,0,11,0,11,4059598,ok,R B R' B D2 R' D' R D' B2 D2
15642373221323,0,11,0,11,4305396,ok,R B D B D R' D' B R2 D' B
15642373231223,0,11,0,11,4870746,ok,R B' R B R B' D2 B' D2 B' D2
15643271221331,0,11,0,11,3926955,ok,R B2 D2 R B2 R D' R' D' B2 D'
15643271331221,0,11,0,11,4166115,ok,R B' R' B' D B2 R' B D2 B' D
15643273223111,0,11,0,11,3689982,ok,R B R B2 R D' B' R' B2 D R
15647233213232,0,11,0,11,3689499,ok,R B R B' R2 D2 B D' B' D R2
15672341113232,0,11,0,11,4757146,ok,R B' D' B2 R D' B' R B' R2 B'
15672341323112,0,11,0,11,3775405,ok,R B2 R B D2 B2 D' B R2 D' B'
15672342323312,0,11,0,11,4341063,ok,R B2 R' D' R' D' B2 R B2 R' B2
15672343213232,0,11,0,11,3689136,ok,R B2 R D' R2 B2 R' D R B2 R
15672433312133,0,11,0,11,5211865,ok,R B D B' D B' R B' R B2 D
15724362212132,0,11,0,11,5031757,ok,R B D' R' D B R' D2 B2 D R2
15724631111111,0,11,0,11,4704884,ok,R B R D2 R2 D R B' D R' B'
15724631211311,0,11,0,11,3841073,ok,R B D B' D R' B D2 B2 D B'
15724631322233,0,11,0,11,4340533,ok,R B2 D2 R' B' D R' D2 B R' B2
15724632123233,0,11,0,11,5424198,ok,R D B R' D B' D B2 D' R2 B
15724632313223,0,11,0,11,4017574,ok,R B D' R' B2 D' B' R D2 B' D'
15724632323231,0,11,0,11,4454638,ok,R B2 D2 R2 D R B R' B D' B2
15724632323333,0,11,0,11,4422514,ok,R B2 R2 B' D' R B2 D' B R D2
15724633132322,0,11,0,11,3720228,ok,R B R B2 R' D B2 R' B2 R' D2
15734622331223,0,11,0,11,4456031,ok,R B R B D B' D2 R B2 R B2
15746321111111,0,11,0,11,5930728,ok,R D2 R B' R B R2 D' B D B2
15746321323211,0,11,0,11,3554624,ok,R B D R B2 R D R2 D2 B' D'
15746322313112,0,11,0,11,3338259,ok,R B R B D2 B D R2 D2 B' D'
15762342122213,0,11,0,11,6189523,ok,R B D' R B' D R2 D R' D R'
15763241111111,0,11,0,11,5265554,ok,R B' R' D R2 B' D B D B' R2
15763242323132,0,11,0,11,3778962,ok,R B D R2 B2 R' B' R2 B' D2 B
16243571132132,0,11,0,11,3767437,ok,R B R2 D' R D' B2 D' R2 B' R2
16243571231231,0,11,0,11,4066498,ok,R B' R B R' B D' R2 B R B2
16243571321321,0,11,0,11,3897203,ok,R B2 D R2 D' B D' B R' D' R
16245371231231,0,11,0,11,4217547,ok,R B2 D R' D' B2 R D2 R D2 R2
16254733312223,0,11,0,11,7275341,ok,R D R2 B' D' R2 D' B R B2 R
16257431132111,0,11,0,11,4285464,ok,R B' R' B D2 R' D R B D' R2
16257433223123,0,11,0,11,3634093,ok,R B D B2 R2 B' D' B2 D' B2 D
16273541122133,0,11,0,11,6155203,ok,R B' R2 D2 R D R2 D R B' R
16273541321321,0,11,0,11,5449534,ok,R B' D R D' B2 R2 B R' B2 R'
16275341312213,0,11,0,11,5122839,ok,R B2 D' R2 D' B D' B2 R2 D' R
16275343122221,0,11,0,11,4200870,ok,R B D' B2 R D' R' D' R B2 R'
16327453232333,0,11,0,11,3939299,ok,R B R2 D2 R' B2 R' B D2 B' R'
16342571331221,0,11,0,11,4169312,ok,R B2 D B' D B D' B2 R2 D R
16345271111111,0,11,0,11,8985745,ok,R2 D' R B' R' D R2 D B D B'
16345271133131,0,11,0,11,4054329,ok,R B2 R B D' R D2 R' D2 B R2
16345271222111,0,11,0,11,4425075,ok,R B' R B2 D R2 D' B D' B2 D2
16345272322232,0,11,0,11,4275868,ok,R B2 D2 R2 D' B' D R' D2 R D
16345272333212,0,11,0,11,3891050,ok,R B R2 D' B D' R2 B D B2 D2
16345273122323,0,11,0,11,4745048,ok,R B' D B' D2 R B D2 R' B R'
16345273233323,0,11,0,11,5093444,ok,R D2 R2 B' D' R B' D2 B R' B2
16347252131312,0,11,0,11,5749294,ok,R D R2 B' D R B D2 B2 R' B
16347253121312,0,11,0,11,5440527,ok,R B' D2 B' R B R D2 R2 D B
16357421223113,0,11,0,11,4207146,ok,R B D' R' D' B D2 B' R D' B'
16374521112323,0,11,0,11,4436472,ok,R B D B2 D B' D' R D' B2 R2
16374523211123,0,11,0,11,3955029,ok,R B R' B' R2 D' R' D R2 B' R2
16423572112121,0,11,0,11,4715607,ok,R B D2 B2 R D' B D' R B R2
16427531211311,0,11,0,11,3786212,ok,R B D R2 B2 D R' B' D B2 R2
16427531231321,0,11,0,11,4175555,ok,R B2 R D B2 R2 B' D' B2 D R'
16427532333233,0,11,0,11,6877071,ok,R2 B D2 B2 R B' R' B D2 R D
16453271111111,0,11,0,11,5698858,ok,R D R' B2 R B' R D R2 B2 D2
16453271211113,0,11,0,11,3814434,ok,R B D2 B R B2 D' R2 B R B2
16453272111131,0,11,0,11,3857016,ok,R B D' R B R' D R' D2 R2 B
16475233132313,0,11,0,11,5692096,ok,R B2 R2 D2 B' R2 B' R' D R' B'
16523473332323,0,11,0,11,3908597,ok,R B R2 B' R D B2 R' D' B D
16523741112212,0,11,0,11,4583256,ok,R B R D2 R2 B' R D2 R' D2 R2
16524731112212,0,11,0,11,5291427,ok,R D R2 D' B' R2 D B' R D B'
16524731112233,0,11,0,11,4550500,ok,R B' R' B2 D B' D' R D' R2 D'
16524731113133,0,11,0,11,4498524,ok,R B2 R B' D2 R2 D' B R D2 R
16527341111111,0,11,0,11,4463775,ok,R B D R2 D B2 D R B R2 D2
16527431123333,0,11,0,11,6646749,ok,R B2 R2 B' D' R B' D R' D B2
16527431222132,0,11,0,11,6911296,ok,R B' R D' R B' R D2 R2 D' B2
16527431312222,0,11,0,11,7494679,ok,R D R' B' D R D2 R2 B2 R B'
16527431333213,0,11,0,11,5939392,ok,R B R2 D2 B2 R B R' B D' R'
16527432113333,0,11,0,11,6021572,ok,R B R B' D2 R2 D B D B' R2
16527432211322,0,11,0,11,6949550,ok,R B' R B R' B D2 R2 B' D R2
16527432231122,0,11,0,11,6249302,ok,R B R' D' B D2 R' B R' D' B
16527432231332,0,11,0,11,5964731,ok,R B R D' B2 R2 B R D B' R2
16527432331322,0,11,0,11,6372449,ok,R B2 R B R D2 B R' D2 R' D
16527432333113,0,11,0,11,6204688,ok,R B D2 R2 B2 D R B' R B' R'
16527433312133,0,11,0,11,6086323,ok,R B R B2 R2 D' B R' B R B2
16532471111222,0,11,0,11,5079353,ok,R B2 R B2 R2 D B' R' B D' R
16534271111111,0,11,0,11,5010232,ok,R B' R2 D' B D B R2 B R' D
16534271111132,0,11,0,11,3743554,ok,R B R B2 D' R B' R B' R2 D
16534273211111,0,11,0,11,4702392,ok,R B' D2 B' D B2 D R2 B D B2
16534723211123,0,11,0,11,6147318,ok,R D2 R B D2 B' D' B2 R B D
16537421111222,0,11,0,11,4147732,ok,R B R2 B' R' D2 B R' B R B'
16537421113322,0,11,0,11,4188823,ok,R B2 R D' B2 R D B R2 D' R2
16537421113331,0,11,0,11,4404586,ok,R B D2 B D R' B2 D R D B'
16537421223113,0,11,0,11,3660829,ok,R B R2 D R' B R2 B2 D' R' D2
16537421233112,0,11,0,11,5145802,ok,R D2 R D R2 D2 R' B D2 R' D'
16537421332112,0,11,0,11,3709284,ok,R B R2 D' R' B' R' B R' B2 R
16542371221331,0,11,0,11,3490888,ok,R B R2 B D' B R' D' R2 B R'
16542371331221,0,11,0,11,3867486,ok,R B2 R' D B2 R' B D R B' D'
16542372112331,0,11,0,11,5379394,ok,R D' R D R2 D2 B2 R' D' R B2
16543271221223,0,11,0,11,7375938,ok,R D2 R2 D R' B R' B R' B R2
16543271223221,0,11,0,11,5497158,ok,R B R B2 D2 B' D R' D' B2 R
16543271331332,0,11,0,11,5959407,ok,R B2 R2 B' D B' D R' B D B2
16543271332331,0,11,0,11,6015372,ok,R B2 R2 B D B' R B' D B' R2
16543272331331,0,11,0,11,5569618,ok,R B R2 B2 R' B D2 R B2 R2 B'
16543273221221,0,11,0,11,5941226,ok,R B2 R2 B D' B R' D R' B R2
16543721111111,0,11,0,11,4573294,ok,R B D R2 D R' B' D R' B2 D
16543721113211,0,11,0,11,3754593,ok,R B R D' R2 B D' B' R D' R2
16547233332323,0,11,0,11,4316505,ok,R B2 R2 D2 B D' R B' D2 B R'
16547321113331,0,11,0,11,5410708,ok,R B2 D' R2 D B D2 R2 B' D' R2
16572431111111,0,11,0,11,5175625,ok,R B' R' D B' D2 R' D B R D2
16572433213223,0,11,0,11,3730756,ok,R B D' R2 B2 R D2 R D2 B R
16573241123123,0,11,0,11,4363269,ok,R B' R D R2 D2 B2 R' B' R B2
16573241312312,0,11,0,11,3927087,ok,R B D R2 D R' B' D' R2 B R
16574231113133,0,11,0,11,4606418,ok,R B R2 D2 B2 D' B R' D' R D
16723451122133,0,11,0,11,4620209,ok,R B R' D2 B2 R' D B' D' R B2
16723451322311,0,11,0,11,4100897,ok,R B D' R2 B2 D' B R' D' R D2
16725431121311,0,11,0,11,3907509,ok,R B R2 B' D B D2 R' B' D R'
16725431131211,0,11,0,11,4033798,ok,R B D2 R' D' B R' D2 B R B'
16725431211122,0,11,0,11,4069646,ok,R B R' D2 B2 D' B' D2 B R2 D'
16725431211131,0,11,0,11,5003401,ok,R D B R' D2 R D' R B' D2 R'
16725431311121,0,11,0,11,3782478,ok,R B R B' R2 B D' R D' B2 R'
16725432211121,0,11,0,11,4476796,ok,R B2 R' D R' D R2 B' D' R D'
16725432232223,0,11,0,11,3929506,ok,R B R B' R D2 R' D2 B R' D
16725433113311,0,11,0,11,4028268,ok,R B D R B2 D R2 D B' D2 R2
16725433122212,0,11,0,11,3806511,ok,R B R2 B' D' B2 R B' D' B2 R2
16725433333232,0,11,0,11,3622365,ok,R B R2 B R' B R2 D' B D B'
16735242122213,0,11,0,11,5455499,ok,R B R2 B2 D' R B' D' R D R'
16742352232313,0,11,0,11,4853607,ok,R B D2 B' R2 B R' B D R' D2
16743252323222,0,11,0,11,3968364,ok,R B R2 B D R' D B D R2 B'
16745232121313,0,11,0,11,4652655,ok,R B2 R B' D B2 D' B2 R D' B'
16745232122222,0,11,0,11,4325813,ok,R B R2 B2 R B D B' D2 B' R
16745233121213,0,11,0,11,4273540,ok,R B R2 B2 R B R D' B2 D' B
16745233333313,0,11,0,11,6189934,ok,R D' B2 R B R2 B' D' B2 D' B'
16753241221112,0,11,0,11,4715607,ok,R B D' R B' D2 B R' B' R' D'
17246351111111,0,11,0,11,4444231,ok,R B R B2 R D' B' R B' D2 R2
17265433111313,0,11,0,11,6784029,ok,R D2 R B R' D R' B2 R' B R'
17324561211323,0,11,0,11,4687829,ok,R D2 R B' D B R2 D' R B R2
17324561232332,0,11,0,11,3415022,ok,R B R D B2 D B R2 B2 D' B'
17326452212111,0,11,0,11,7198631,ok,R2 B2 R' B' R' D R2 D R2 D' R2
17356241212313,0,11,0,11,3473411,ok,R B R' B' R D2 R B R' D2 R2
17356242211331,0,11,0,11,5503413,ok,R2 B R2 B R2 D B D' R B' R'
17362451211311,0,11,0,11,3409987,ok,R B R D2 R D' B' D R' D2 B
17362451231321,0,11,0,11,3831676,ok,R B D R' D2 B D' R' D B' R2
17362452213311,0,11,0,11,5891167,ok,R D' B2 D' R B2 R B2 D B D2
17364251231231,0,11,0,11,4581932,ok,R B2 D' B2 D R D2 B2 R' B' R2
17423653213232,0,11,0,11,3883773,ok,R B2 R' B R2 D' B R D R' D2
17425631122112,0,11,0,11,4165480,ok,R B D' B' R B' R' B R' D R'
17425631223113,0,11,0,11,3737546,ok,R B D B2 D B2 D' B2 R B R2
17425631313113,0,11,0,11,4050286,ok,R B D R2 D R2 D' B2 R D R2
17425631322113,0,11,0,11,4768428,ok,R D R2 B' R B' D R D R' D2
17425631322332,0,11,0,11,5602310,ok,R2 B R D2 B R' D R2 D R' B2
17425631323112,0,11,0,11,4823124,ok,R D B2 R' B D' B D B R' B2
17425631323223,0,11,0,11,3925129,ok,R B D2 R' D R' D B D2 R D'
17425631332112,0,11,0,11,3832866,ok,R B D' R' B R' B' R B' D R'
17426531112233,0,11,0,11,4161777,ok,R B D' R2 B D' B' D' R2 D2 B
17426531121212,0,11,0,11,4685252,ok,R B2 R D B2 R' B2 D R D B'
17426531132312,0,11,0,11,4589071,ok,R B2 D' B R2 B2 R' B D2 R' B2
17426531213123,0,11,0,11,5000286,ok,R D R' B2 R' B R D B2 D2 B
17426531223221,0,11,0,11,3683601,ok,R B R B D2 R2 B2 R B2 R' B2
17426531232233,0,11,0,11,5846109,ok,R D' R' B2 R' D' R2 D R B2 D'
17426531313131,0,11,0,11,4701392,ok,R B2 R D B' R B D B2 R D2
17426531331332,0,11,0,11,3866210,ok,R B D2 R' B' R' B2 D B' D2 B
17426532121211,0,11,0,11,4276017,ok,R B R B' R2 D R' B2 D2 R B'
17426532331331,0,11,0,11,4239966,ok,R B2 D R2 D R' B R2 B R B
17435622211133,0,11,0,11,5621922,ok,R B2 D' B R D R2 D2 B' R D
17435623211123,0,11,0,11,6052135,ok,R B2 D' R B D R2 D2 B' D B
17436521323232,0,11,0,11,3693369,ok,R B R' B D2 R D' B' D' B2 D'
17452363213232,0,11,0,11,3728931,ok,R B2 R' B R2 D' B R D R' D'
17452363322132,0,11,0,11,3751065,ok,R B R2 D' R' D' R B2 R B R
17452633213232,0,11,0,11,4820713,ok,R B D' B2 R2 B D' B2 D' B2 D2
17453262211133,0,11,0,11,4271743,ok,R B R2 B' R D' B R2 B' R2 B
17462352213311,0,11,0,11,4442961,ok,R B2 R B D2 B' R' B2 D R B
17463251122112,0,11,0,11,4113104,ok,R B D2 R D' B R2 B2 D' R' B2
17463251221331,0,11,0,11,3472574,ok,R B R2 B D B' R2 D R B D'
17463251313113,0,11,0,11,3994253,ok,R B R' B' D' R' B2 D R' B2 R
17463251321231,0,11,0,11,4312166,ok,R B2 R D' R2 B D R D2 B' R2
17463251323112,0,11,0,11,4923426,ok,R D2 R B D2 B2 D' B D2 R' B'
17463251331221,0,11,0,11,3688569,ok,R B D2 B' R' B2 D R' B R D'
17526431131121,0,11,0,11,4140925,ok,R B D2 R' D' B' D R' D B' D2
17526431231321,0,11,0,11,4358873,ok,R B2 R B2 D2 R D2 R' D2 R2 B'
17526432123233,0,11,0,11,5765940,ok,R D B R' D B' D B2 D' R2 B'
17543261111111,0,11,0,11,5870661,ok,R D B' R2 B R' B D R2 B2 D2
17543261132111,0,11,0,11,3744945,ok,R B R2 B D B2 R' B2 D R B2
17642531111111,0,11,0,11,4431038,ok,R B R B2 R D' B' R' D2 R2 B
17642531112233,0,11,0,11,5328013,ok,R D B' D' B R2 B R B2 R2 D'
17642533312211,0,11,0,11,3793521,ok,R B R D' B2 D' R' B D2 R' D2
17643251122112,0,11,0,11,4497131,ok,R B R' B R' D2 R B' D' B' D'
21345671111111,0,11,0,11,5527622,ok,R B' D2 R' B R' B' R D2 R B
21345762223322,0,11,0,11,6627158,ok,R D2 B' R2 B R2 D' R D2 R2 D'
21345762312323,0,11,0,11,5238327,ok,R B' R B' D R2 D2 B2 D B R'
21345762313223,0,11,0,11,4710339,ok,R B D2 R' B R D2 B2 R D' R'
21345763332233,0,11,0,11,5050778,ok,R B D2 R2 B' D' R B' D R2 D
21346752313322,0,11,0,11,5627116,ok,R D R2 B2 D R' D' R' B2 R2 D'
21347562312323,0,11,0,11,7044636,ok,R2 D2 R B' D B R2 D' R B R2
21354671122112,0,11,0,11,4107127,ok,R B R D2 R B' R D2 R B2 D
21354671131313,0,11,0,11,5059976,ok,R B' R2 D2 B R' D2 B D' R' D'
21354671221112,0,11,0,11,4177145,ok,R B R2 D B2 D R' B D2 B D
21354672311123,0,11,0,11,4630565,ok,R B' D2 R D2 R' D B' D2 B' D
21354672311132,0,11,0,11,5073289,ok,R D R2 B2 D B' R D' R2 D R'
21354672313211,0,11,0,11,14336700,ok,B2 R B' D R D2 B' R D R2 D'
21354673131113,0,11,0,11,5033287,ok,R B' R2 B D B2 R' D2 B R B'
21354761112233,0,11,0,11,4298628,ok,R B2 D2 R' B' R D' R2 B R' B2
21354761112311,0,11,0,11,4010858,ok,R B D B' D2 R2 D B' R B2 R2
21354761113211,0,11,0,11,4448851,ok,R B2 D2 R2 D B R B' R D' B2
21354761113322,0,11,0,11,4074494,ok,R B2 R D2 B2 R' D R' B2 D2 R2
21354761122211,0,11,0,11,5337746,ok,R D R D' R B' R B2 R' D2 B
21354761133311,0,11,0,11,4480057,ok,R B2 R2 B' R B' R2 D B' R' D2
21354762213311,0,11,0,11,3752678,ok,R B R' D2 R B R' D R' D B2
21354763312211,0,11,0,11,4010188,ok,R B D' R B' D' R2 B' R2 B' D'
21357462311111,0,11,0,11,5557969,ok,R B' R2 D2 R B D2 B R D' R
21357463213331,0,11,0,11,5144852,ok,R B2 R' B R' B' R D' R2 D B2
21357642221132,0,11,0,11,5353359,ok,R B2 D B2 D R B2 D' B R' B2
21364752311111,0,11,0,11,4810170,ok,R B R2 D' B' R2 B' D' B2 R D
21364753212212,0,11,0,11,4532428,ok,R B R D B D' B2 R B2 R B2
21365742221312,0,11,0,11,3924702,ok,R B R D' B2 R B R2 B' D' B'
21365742312323,0,11,0,11,4750688,ok,R D R' B R2 D R' B' D' B2 D'
21367451311331,0,11,0,11,4068439,ok,R B D R2 B D2 B R' D B2 R2
21367452112112,0,11,0,11,3997422,ok,R B R2 D' R B' R2 B' R2 D' R2
21374653333121,0,11,0,11,4457827,ok,R B2 R D R2 D R' B' R2 D2 B'
21375462312233,0,11,0,11,4361445,ok,R B R D2 R D' B' D R' D2 R'
21375463333211,0,11,0,11,4733553,ok,R B' R D' R2 D' B' R' D B2 R
21376541111123,0,11,0,11,4269049,ok,R B D B' R B2 R' B D' R B2
21376541112311,0,11,0,11,4122736,ok,R B D B' D2 R2 D B' R' B2 R2
21376541122211,0,11,0,11,5605089,ok,R D R D' R B' R B2 R' D2 B'
21376541131133,0,11,0,11,4362756,ok,R B D R' D R B2 R2 D' R' B
21457631321123,0,11,0,11,5818896,ok,R2 B D2 R' D R' D B D2 R D'
21473563331312,0,11,0,11,5208240,ok,R B R2 D2 B D' B D' R D' B'
21536742222131,0,11,0,11,5134251,ok,R B2 R D2 B' D' B R' B R' D
21654372231323,0,11,0,11,4507384,ok,R B2 D R2 D' R D' B D' B' D'
21654372233321,0,11,0,11,4118312,ok,R B2 R2 D2 B' D R B' D B' D2
21654373332122,0,11,0,11,4055241,ok,R B2 D2 R2 B R' B R2 D' R B'
21654373332221,0,11,0,11,4026156,ok,R B2 R' D' R2 B D' B2 D R' B2
21734652123131,0,11,0,11,3948629,ok,R B R D R D2 R D' B R2 D2
23147562123131,0,11,0,11,5718297,ok,R D R D2 R D B2 D' B' D2 R
23147651112323,0,11,0,11,4713067,ok,R B D B2 R2 D B' D' R B2 D2
23147652312323,0,11,0,11,4115961,ok,R B2 R B D2 R2 D' R' B2 R D'
23156471222132,0,11,0,11,4424729,ok,R B2 R' D R2 B' R' D' R2 B R
23156471333132,0,11,0,11,3750408,ok,R B R B2 R B R D' B2 R' B2
23156473323332,0,11,0,11,4161073,ok,R B R' B2 D' R2 D R' D2 B R'
23157461231333,0,11,0,11,4697170,ok,R B R' D2 B' R D R' B2 D2 R2
23157462131123,0,11,0,11,5857748,ok,R D B' R B' D R' B2 R D2 B'
23164573213133,0,11,0,11,4697810,ok,R B R B2 R D' R D' R B R
23164752131312,0,11,0,11,4478388,ok,R B D R2 B2 D B' D B' R D'
23164753333313,0,11,0,11,4358993,ok,R B R D2 R2 B' R B' R2 D2 B'
23165471111111,0,11,0,11,4727224,ok,R B R' D R' B R2 B2 R D' B'
23165471311133,0,11,0,11,4278287,ok,R B2 R B2 R2 D B D R' D2 R'
23165471312132,0,11,0,11,3980683,ok,R B D R' D2 B R D' B R2 B
23165472111122,0,11,0,11,4465980,ok,R B2 R2 B' D2 B D B' R2 D B'
23165472111332,0,11,0,11,3821303,ok,R B R2 B R B2 D B2 D R2 D
23165472132332,0,11,0,11,4397047,ok,R B' R B' R2 B R' D R B2 D'
23165472311111,0,11,0,11,4092815,ok,R B D' R D2 R' D B R2 D2 B2
23165473233221,0,11,0,11,4845664,ok,R D R' D2 R B D' B D' R B2
23165741112323,0,11,0,11,5930393,ok,R B R2 D' B D R2 B2 D R' D'
23165741231312,0,11,0,11,5408329,ok,R B2 D' R2 D B2 R' D R2 D2 R'
23165742123131,0,11,0,11,5358982,ok,R B D B2 D2 B D R D' R2 D'
23165742131321,0,11,0,11,6610710,ok,R D2 B' R2 B D2 R' D R2 D2 R'
23165742131333,0,11,0,11,7729785,ok,R2 B2 D2 B' D B' R2 D' R D' R2
23165742312323,0,11,0,11,5353179,ok,R B' R' B R B2 R2 D2 R B' R
23165743331312,0,11,0,11,7751604,ok,R2 B2 D2 B' R B' R2 D' B D' R2
23167541233322,0,11,0,11,4496181,ok,R B2 D' B2 R D' B' D R' D R'
23167542131222,0,11,0,11,4448809,ok,R B2 D' B2 R D' R' B R' B D'
23174652123131,0,11,0,11,4649256,ok,R B R2 B' R D2 B' R' D2 R B'
23175463211222,0,11,0,11,4866589,ok,R B R' D2 B2 D B' D2 B' R2 B2
23176452132221,0,11,0,11,4480554,ok,R B2 R2 B' R D' R D2 R B D2
23176453332233,0,11,0,11,4763809,ok,R B D' R D' R2 D B R2 D' R
23416752121211,0,11,0,11,6019495,ok,R B' R B' D' B D2 B R D' B2
23417563232123,0,11,0,11,3974291,ok,R B D' B2 D B' R B' D2 R2 B2
23456173212332,0,11,0,11,3466272,ok,R B R' B' D' R B2 D' B D2 B'
23456173233122,0,11,0,11,4418667,ok,R B' D R D2 B2 R B D2 B2 R'
23456713212332,0,11,0,11,3603648,ok,R B R2 B' R2 D B' R2 B R B'
23475162121112,0,11,0,11,5640816,ok,R B R2 B R2 B' D R' B' D2 R2
23517462131333,0,11,0,11,6071958,ok,R B' R B' D' B D2 B R D' B
23576412233321,0,11,0,11,4011605,ok,R B D B' R' B D2 B D2 R' B2
23576412312323,0,11,0,11,3850797,ok,R B R B' R' D B2 D B2 R' B2
23657142121112,0,11,0,11,6109997,ok,R B' R D R2 B2 D R' D2 R D2
23671452122333,0,11,0,11,8417893,ok,R2 B' R' B R' D B2 D R' D B2
23674153232321,0,11,0,11,3638588,ok,R B D R' B2 R' B' R' D R2 B'
23751461132123,0,11,0,11,3476325,ok,R B R' D' R B2 R B2 D' R2 D
23751463112321,0,11,0,11,3513916,ok,R B R' D R D B' R2 D R B'
23756143222331,0,11,0,11,4392029,ok,R B' D B D2 B' R D2 B' D2 B
23756411222312,0,11,0,11,5441780,ok,R B R' B R2 B2 D' R B' D' R
23756413222112,0,11,0,11,5688449,ok,R B D' R B2 R2 D' R D' B' R
23756413223312,0,11,0,11,5455689,ok,R B R' D' R B' R2 D2 R D' R
23756413322312,0,11,0,11,5712605,ok,R B D' B' D B' R2 D2 R B' R
24153672321233,0,11,0,11,4455184,ok,R B R B2 R2 D' B R2 B' D2 B2
24157361313212,0,11,0,11,4065786,ok,R B2 D B R2 B R2 D2 B D' R2
24157362323111,0,11,0,11,4008031,ok,R B2 D B R2 D2 B' R2 B D' B2
24167353132232,0,11,0,11,5896695,ok,R D B' R2 D R' B D B' D2 B'
24173652323231,0,11,0,11,3707522,ok,R B R B' R2 D R' D' R D' B2
24315673311311,0,11,0,11,7021821,ok,R2 B D' B' D' R D2 B' D R2 D'
24315761122322,0,11,0,11,4888915,ok,R B' R2 B' D' B2 D' B R B2 D2
24315762213323,0,11,0,11,4459973,ok,R B R' D R B2 D' R D R2 D'
24351671212211,0,11,0,11,5597744,ok,R D B' R' D' B D2 R' B D2 B'
24351673111133,0,11,0,11,5695434,ok,R D B' D B2 D' B D' B R D2
24351673311311,0,11,0,11,6592885,ok,R2 B D2 B' R2 D R' D2 R B D'
24351761111123,0,11,0,11,6758488,ok,R2 B D2 B2 R2 D' R' B R' B D2
24351761212232,0,11,0,11,4773565,ok,R B D' B' R B' D2 R2 B' D' B2
24367511323112,0,11,0,11,4984685,ok,R D' R2 B D' R D' R' D' B R2
24367513111121,0,11,0,11,3727367,ok,R B R' D2 R B' R B' R2 D2 B2
24376512222122,0,11,0,11,6120347,ok,R B' R D2 R D' R D' R2 D B2
24516732233111,0,11,0,11,4550473,ok,R B D R2 D R' B' D R' B2 R'
24531673123121,0,11,0,11,5100872,ok,R D B R2 B' D R2 B' D2 B D'
24536713231232,0,11,0,11,4545920,ok,R B R D2 B D2 B2 D R' B2 D2
24537613231322,0,11,0,11,5896226,ok,R D2 B R2 B' R B' D R' B' D
24561372111131,0,11,0,11,4446326,ok,R B' D2 B R' B R B2 D' B R
24563711121212,0,11,0,11,5658036,ok,R B R' B2 D' R' B2 D B D2 B2
24563712121232,0,11,0,11,5701964,ok,R B R' D2 B' R' D2 B R D2 R2
24563713121222,0,11,0,11,7309572,ok,R D2 R' B' R D' B D2 B D' R
24571362221213,0,11,0,11,5271962,ok,R B R2 B D R' B2 R' B' R2 D
24571631121212,0,11,0,11,5256025,ok,R B R' B R B2 D2 R' B2 R2 D'
24615371112332,0,11,0,11,4220868,ok,R B D2 B R' B' R B' D2 R D'
24615372213311,0,11,0,11,7998910,ok,R2 D R' B D R2 D B2 R2 D B
24615731122313,0,11,0,11,5553643,ok,R B2 D' B2 D B2 R' B D2 B2 D'
24615731132333,0,11,0,11,7604101,ok,R2 B R2 D2 B2 D' B R' D B2 D'
24615732111323,0,11,0,11,6714907,ok,R D2 B' D2 B D2 R' B D2 B2 D'
24615732213311,0,11,0,11,4585965,ok,R B R2 D' B R D2 B2 R B' R'
24615732233321,0,11,0,11,5449480,ok,R B' R' D B R2 B2 D2 B R' D
24615733113323,0,11,0,11,7820505,ok,R2 B D2 R2 B2 R' D B' D B2 D'
24615733311122,0,11,0,11,4779475,ok,R B R' D2 B2 D R D R' B2 D
24617532233321,0,11,0,11,6073514,ok,R2 B2 R B' R D R2 B' R B D2
24637512311132,0,11,0,11,5687326,ok,R D R B2 R B R2 B' D' B2 R
24651731113223,0,11,0,11,4443939,ok,R B D' B D' B D2 B2 D R D
24651731333333,0,11,0,11,4003937,ok,R B R2 B D' B' D B' R2 D B'
24715363311332,0,11,0,11,4800304,ok,R B R' D' B R' D2 B2 R' B' D2
24715631111111,0,11,0,11,5043300,ok,R B D B2 D2 B R D' B D' B'
24715631122121,0,11,0,11,5021331,ok,R B' D2 B R B2 D2 R2 B R' B'
24715631122133,0,11,0,11,4040724,ok,R B R D2 B2 D' R' B' R B2 R2
24715632313223,0,11,0,11,3668077,ok,R B R D' R B' R' D2 B2 R' B
24715633112111,0,11,0,11,3607987,ok,R B R D' B R' D R2 D2 R B'
24715633131131,0,11,0,11,4893617,ok,R B' D B2 R' B2 R B' D B R
24716532323231,0,11,0,11,5690247,ok,R B' R2 B' D B R2 B R' D2 R'
24731561111111,0,11,0,11,7053575,ok,R2 B R' B R2 D R' D' B' D2 B'
24731562311231,0,11,0,11,4114293,ok,R B2 D R B2 D2 R' D2 R D' B2
24736512222332,0,11,0,11,5913711,ok,R D B' D R' B R' B2 R D2 B'
24751362221231,0,11,0,11,7321121,ok,R2 B R2 D2 B' R' B D' B R2 B
24751362321113,0,11,0,11,8819101,ok,R2 D B2 R2 D' R' D R' B R2 B
24761531221223,0,11,0,11,5734730,ok,R D R' D2 B R' D B R' B2 R'
24763151111111,0,11,0,11,4707078,ok,R B R' B2 R D' R D' B2 D2 R2
24765313222112,0,11,0,11,4834709,ok,R B D' R B' D R2 D R' D R2
25134672233321,0,11,0,11,3977797,ok,R B D' R2 B R D R2 B' D B2
25134672312323,0,11,0,11,3821350,ok,R B R' D2 B R D B2 R' D B2
25134672313211,0,11,0,11,5111668,ok,R B' R B' D' B D2 B D R D'
25137461111111,0,11,0,11,5140227,ok,R B' R B R' D2 R' D' R' B D'
25137461211323,0,11,0,11,3546744,ok,R B R2 B' R D R2 D2 R B R'
25163741112323,0,11,0,11,4685929,ok,R B R2 B2 D2 R' B' D R' B R2
25314673111313,0,11,0,11,9574152,ok,R2 B D' B R' B R B2 D2 R2 B
25314673111331,0,11,0,11,9151496,ok,R2 B R2 D2 B2 R B D' R D' B
25314673131311,0,11,0,11,9456887,ok,R2 B R' D B' R D B2 R2 D2 B
25341673113311,0,11,0,11,7889996,ok,R2 D R' B' D' B R2 D' B R2 B'
25341762313223,0,11,0,11,6679655,ok,R2 B R' D R B2 D2 R' D2 R D
25364172311231,0,11,0,11,7282211,ok,R' B R B' D2 B D' B R B2 D2
25364173223231,0,11,0,11,3447067,ok,R B R D' R' D' R B D' R B2
25367411211122,0,11,0,11,4873009,ok,R B D2 B2 R B' R B' R D R2
25413672323111,0,11,0,11,7332662,ok,R' B R D' B2 D B' D R B2 D2
25413763121222,0,11,0,11,5102992,ok,R B R B' R B R2 D' B D B2
25436711311313,0,11,0,11,4309209,ok,R B2 D2 R2 B' D B' R B2 D' B
25436712123122,0,11,0,11,4005899,ok,R B D2 B R B2 D B2 D B2 D
25436712123332,0,11,0,11,4436027,ok,R B2 R2 B' R2 B D R' B2 D B'
25436712132122,0,11,0,11,4392080,ok,R B' R D2 B' D' B D' R2 D R'
25436712323231,0,11,0,11,4003767,ok,R B R' D R2 D' R B R2 D2 B2
25436713232321,0,11,0,11,4307671,ok,R B' R' B' D R2 B' R2 B D' R
25436713332122,0,11,0,11,4085590,ok,R B2 R' D B' D2 R2 B' D' B2 R'
25463713212332,0,11,0,11,4535325,ok,R B R' B' D2 B' D' B2 R B2 R'
25471362323132,0,11,0,11,4267538,ok,R B' R2 B D' B D B2 R' D R
25471631312213,0,11,0,11,6426851,ok,R B' D R2 D R' D R' B' R2 D2
25631741212121,0,11,0,11,7881688,ok,R2 B R' D B' D' R B2 R B D'
25634713321232,0,11,0,11,4962200,ok,R B2 D R' B' D2 R D2 R B2 R2
25641371213132,0,11,0,11,4794611,ok,R B D2 R2 B2 R' B D' B D2 B'
25714632123131,0,11,0,11,5107682,ok,R D R2 B2 D R' D B' R2 B R'
25714632223331,0,11,0,11,4534930,ok,R B' R2 D R2 D' B R' D2 R' D
25714632313211,0,11,0,11,12648036,ok,B R2 B' D' B D2 R' B' D R' B2
25714633121333,0,11,0,11,4953176,ok,R B' R' B D2 B R' D' B R2 B2
25716431212223,0,11,0,11,4776125,ok,R B D' B D' R2 D R B2 D' R
25716433223213,0,11,0,11,4511227,ok,R B2 R2 B' D B' R B2 R B D2
25731642232211,0,11,0,11,7931900,ok,R2 B R' B D R' B2 R' D2 R D
25734162221111,0,11,0,11,4496343,ok,R B R2 B2 R B2 D R2 D2 B R'
25734613113323,0,11,0,11,6092850,ok,R D2 R B D2 B D' B' D2 R2 B'
25736141111123,0,11,0,11,5408024,ok,R D R' D' B' D2 R2 B' R D' R
25736141233232,0,11,0,11,5129892,ok,R D2 B D2 B' R D' R D' B' R'
25736411133113,0,11,0,11,4883820,ok,R B' D B D2 R' B2 D R B2 R'
25736411231321,0,11,0,11,4409056,ok,R B2 R' D' B R2 D' B' R' D B2
25736411321312,0,11,0,11,3761655,ok,R B R D2 R B2 R D' R' D B2
25736411331113,0,11,0,11,4665853,ok,R B' R B D2 R' D2 B R D2 R'
25736413123112,0,11,0,11,3919912,ok,R B D B2 D R2 D R' B' D B2
25741361232113,0,11,0,11,5413337,ok,R B' R D2 B' R D R' B D2 B2
25741632222323,0,11,0,11,4570058,ok,R B2 D B2 D' R D' R B' R' D'
25741632312323,0,11,0,11,4125567,ok,R B2 R2 D2 B' D B D' R B' D2
25743611233232,0,11,0,11,4280230,ok,R B2 R D2 R2 B D' B' R D' B
25763142223133,0,11,0,11,5198536,ok,R B' D2 B R B2 D' B R2 B' R'
25763411332322,0,11,0,11,3945342,ok,R B D' R D2 R' B D' B D R2
26135742132221,0,11,0,11,4931572,ok,R B' D2 B' D' B2 D' R D B2 R2
26135742213323,0,11,0,11,4541443,ok,R B R' B D R2 B' D R B2 R'
26135742332312,0,11,0,11,4701102,ok,R B' R2 B' R' D2 R' B D B2 R2
26153471122121,0,11,0,11,4628181,ok,R B2 D' R' B2 R D2 B' D R B2
26153473131131,0,11,0,11,4199617,ok,R B D2 B2 R D' B D' R B R
26153473132121,0,11,0,11,4101421,ok,R B2 R' B2 R B2 D2 R' B' R2 B2
26154372332213,0,11,0,11,9116095,ok,R2 B' D2 B R' D R' B2 R' B R'
26175432331133,0,11,0,11,5033866,ok,R B2 R D2 B' D' R B' R B' D
26317451212211,0,11,0,11,7287834,ok,R2 B2 R' D' R' D B2 D B2 D' R2
26345711223113,0,11,0,11,3403215,ok,R B R2 D' R2 D' R D' R2 B2 R
26371453112111,0,11,0,11,4006032,ok,R B2 R' B' D' R D2 B D' R B'
26415731322323,0,11,0,11,3947312,ok,R B R B' D2 R B D2 B' D' B'
26415732121223,0,11,0,11,3930405,ok,R B R2 D' B D2 B' D' R2 B2 D
26415732233321,0,11,0,11,4872397,ok,R D R' B2 R' B' R' D R2 B D'
26435712222122,0,11,0,11,7202745,ok,R2 B R2 D2 B2 D' R D' R B2 R'
26435712233321,0,11,0,11,5326554,ok,R B' R D' B R2 B2 D2 B R D'
26435712311132,0,11,0,11,5076912,ok,R B R B2 R2 B R B D' B2 D'
26435712322322,0,11,0,11,6702844,ok,R D2 B' D2 B R2 D' B R2 B2 R'
26435713311122,0,11,0,11,5016167,ok,R B D' B2 R2 B R B D' B2 R
26435713333133,0,11,0,11,6102516,ok,R D B2 R2 D' B' R B' R B2 R
26437512122312,0,11,0,11,4476798,ok,R B2 D' R2 B D' B' R D' R D'
26453172211133,0,11,0,11,4951743,ok,R B' R2 B D B2 R' D R2 D' R'
26453711333333,0,11,0,11,4459548,ok,R B2 R2 B R' D2 B R2 B D2 B2
26513471122121,0,11,0,11,4722416,ok,R B2 R D' B2 R' B' R' D2 R' B
26517343333313,0,11,0,11,5752998,ok,R B2 R2 B D2 B2 R2 B' R2 B2 D
26534713333313,0,11,0,11,6168943,ok,R D' R B' R B2 D R' B' R' B2
26543171111111,0,11,0,11,4659506,ok,R B R' B2 R D' R D R2 B2 D2
26543171123111,0,11,0,11,3789282,ok,R B R2 B' R D' R2 B R2 B' R2
26547313131323,0,11,0,11,6161652,ok,R B2 D2 B' D R' D R2 D' R2 D
26573413331312,0,11,0,11,5093015,ok,R B R2 B2 R' B D2 R' B2 R B
26714531212133,0,11,0,11,4928599,ok,R B R' D B' R D' R2 D R2 B'
26714532121133,0,11,0,11,5326078,ok,R B2 D R2 D R D2 B' D R' B2
26715433231322,0,11,0,11,4539346,ok,R B D' R B D2 B2 D' B' D2 R
26741351232113,0,11,0,11,3933161,ok,R B R B2 D2 R B D2 R2 B' R'
26743512121232,0,11,0,11,6155150,ok,R B' R2 D' R' D R D' B2 D B
27134561131133,0,11,0,11,4563846,ok,R B R' B' D R D' R D2 R' B
27154632311132,0,11,0,11,4098322,ok,R B R' D R2 D R D B R2 D2
27314652313211,0,11,0,11,4979655,ok,R B' R B D B2 D B' D' R D'
27365412321212,0,11,0,11,5946275,ok,R B' R D2 R D' R D' R2 D B'
27415363131113,0,11,0,11,5757254,ok,R B R' B D' R' B R B D2 B2
27415632323231,0,11,0,11,4925737,ok,R B D2 R' B' R2 B' D' R2 B D
27415633321322,0,11,0,11,6073731,ok,R D R' D R D' B2 R D' R B'
27416532133232,0,11,0,11,4092185,ok,R B D2 R' D B' R2 B' R2 D' R2
27416533321232,0,11,0,11,4966846,ok,R B' D B R' B R' B2 D R D2
27435612122222,0,11,0,11,4414557,ok,R B R D2 B2 R D' B D' B D'
27453161123111,0,11,0,11,3646013,ok,R B R2 D B2 D R2 D2 B' D R
27453161132111,0,11,0,11,4280366,ok,R B2 D' B' D' B2 R D' B2 D' B2
27456133132223,0,11,0,11,4647274,ok,R B R' B' D B R2 D2 B2 D' B
27516341111111,0,11,0,11,4481099,ok,R B R B2 R B2 R B R B2 D2
27534161111111,0,11,0,11,4458813,ok,R B R B2 R D' B' R B' R2 D
27534161111123,0,11,0,11,5934678,ok,R D' R2 D' R B2 R D2 B D R2
27534162311111,0,11,0,11,4136781,ok,R B D B' R2 D B' R' B D' B2
27534612311132,0,11,0,11,4838895,ok,R B D2 B' R B2 D' R' B2 R B'
27536412332312,0,11,0,11,4485420,ok,R B2 R2 B' D R' D R2 D B D2
27543611111123,0,11,0,11,5253681,ok,R D2 R' D2 R' D R' D2 B2 D' R
27543611111132,0,11,0,11,3731800,ok,R B R' B2 D2 B R2 B D2 R B
27546312231122,0,11,0,11,7889427,ok,R2 B2 R D2 R2 D B2 R' D2 R2 B
27613543333133,0,11,0,11,5770199,ok,R B' R B R2 D2 B R' B2 R B2
27614353311332,0,11,0,11,5012726,ok,R B D' B R' B R' B2 D2 R' D'
27615431312333,0,11,0,11,5450380,ok,R D B D2 R2 B D' B R' D R'
27615432113321,0,11,0,11,5760151,ok,R D R2 B2 D R2 D R B' R B2
27615433313213,0,11,0,11,4009567,ok,R B R B2 R2 B D' R B' R B
27634511131133,0,11,0,11,4495777,ok,R B2 R' D' B' R D2 R B2 R' B2
27634512233321,0,11,0,11,4210364,ok,R B2 R B R2 D2 R' B' D2 B D'
27643513311233,0,11,0,11,6534030,ok,R D2 R2 D R2 D2 B2 D B2 D2 R'
31246753312211,0,11,0,11,5564425,ok,R D2 R D R2 D' B' R2 D B R
31247651113232,0,11,0,11,4003532,ok,R B R2 D2 B D2 B R' D' B2 D'
31247651323232,0,11,0,11,4727099,ok,R B' D2 B D' B D2 R' B2 R B2
31256471231222,0,11,0,11,4488155,ok,R B R B2 D B2 D2 B R' B2 D2
31257462222221,0,11,0,11,5338418,ok,R D2 R2 B2 D' R' B D' R2 D B'
31257462312311,0,11,0,11,4420435,ok,R B2 R2 D2 B' D' R D' R2 D B'
31257643311122,0,11,0,11,4645569,ok,R B D2 B' D B' R B2 R' D2 R
31264572122213,0,11,0,11,4571201,ok,R B D' R2 D' B D B R2 B2 R
31264573132313,0,11,0,11,4395799,ok,R B R B' D2 B R' D' B2 D2 R'
31264573222223,0,11,0,11,4517210,ok,R B2 R D' B2 R B R2 D' B' D
31264752132122,0,11,0,11,4555920,ok,R B2 R D' R B' R' B2 R' B2 D2
31264752313121,0,11,0,11,4847251,ok,R B2 R B' D B' D' R2 D' B2 R2
31265471111111,0,11,0,11,5739784,ok,R B' D B2 D' B R' D R2 B2 D2
31265471122112,0,11,0,11,4042787,ok,R B D2 R D' B R2 B2 D' R D2
31265471122133,0,11,0,11,4623823,ok,R B2 D R' B D R2 B' R D' R'
31265471312213,0,11,0,11,4108777,ok,R B R2 D' B2 D B D2 B' R2 B
31265471313113,0,11,0,11,3817480,ok,R B R B' D2 B D' B2 R D' R
31265471321111,0,11,0,11,3598381,ok,R B R2 B D' B D B2 R' D R'
31265472233321,0,11,0,11,5770172,ok,R2 B R' D2 B' D R D' R D2 B2
31265472312233,0,11,0,11,4108276,ok,R B R2 D' B2 D R D2 R' D2 R
31265741233331,0,11,0,11,5692381,ok,R D R D' B D' R B2 R B R
31267542222233,0,11,0,11,5318472,ok,R B2 R D R' B R2 D' R D B'
31267542313133,0,11,0,11,5766837,ok,R B' R D2 R' B D2 R' B2 R B2
31275461112233,0,11,0,11,5868265,ok,R B' D R2 B2 D2 R B' D R' B
31275461322233,0,11,0,11,5925739,ok,R B' D B2 R2 D2 B D' B D' R
31275462133211,0,11,0,11,4943515,ok,R B R2 B R' D2 R D2 R' B D'
31275462223211,0,11,0,11,4966138,ok,R B R2 B D' R2 D R2 D' B D'
31275462311213,0,11,0,11,5209049,ok,R B D2 B D' B2 D B2 D' B D'
31275462312212,0,11,0,11,5259095,ok,R B D2 B R' D2 R B2 R' B D'
31275463311122,0,11,0,11,5657859,ok,R B2 D' B D R D2 R2 B' R B
31276452133322,0,11,0,11,4074616,ok,R B R2 B' R D2 B2 R D' B D2
31276452313313,0,11,0,11,4792539,ok,R B' D R' B R2 D R' B' D' B2
31452671323211,0,11,0,11,3389206,ok,R B R D' B2 D B' D R B2 D2
31452671332232,0,11,0,11,3592724,ok,R B D' B D R D' R2 B R D'
31452672322331,0,11,0,11,3610505,ok,R B D' B' D B2 D B2 R' B2 R
31456722111221,0,11,0,11,4536626,ok,R B D R B' D2 R2 D' B2 R' B
31462751111111,0,11,0,11,4844303,ok,R B D' R2 D B' R D B2 R2 D'
31462751113322,0,11,0,11,4171395,ok,R B D' B' D R2 D B R2 B2 D'
31475261322233,0,11,0,11,4365193,ok,R B2 R' D2 B2 R' B D B' D2 B
31475262331313,0,11,0,11,5223040,ok,R D2 R2 B2 D' B' R D' R2 D R'
31475262333221,0,11,0,11,4343779,ok,R B2 R2 D2 B' D' B D' R2 D R'
31524673332122,0,11,0,11,6164663,ok,R D' R' D' R B' D' B2 D' R' B
31527643332122,0,11,0,11,3634741,ok,R B R' B R B' R D' B2 D2 R
31564272212111,0,11,0,11,6952451,ok,R2 B D2 B2 R D' B' D B2 R B
31564272213311,0,11,0,11,4037957,ok,R B D R' D R2 D' B R' D R2
31564273113311,0,11,0,11,4406750,ok,R B D B' R B R2 B2 D' B' R
31572461122133,0,11,0,11,4492317,ok,R B R2 D2 B R2 B R D' B R2
31624751112233,0,11,0,11,3823525,ok,R B R2 D' R2 B D' B' D B' R2
31624753312211,0,11,0,11,3748206,ok,R B R D R D2 B R' B D2 R2
31627452221333,0,11,0,11,5798206,ok,R B' R' B R' D B2 D R' D B2
31654272313322,0,11,0,11,6346076,ok,R B' R B2 R D' R B' D2 B R2
31754621331122,0,11,0,11,5579550,ok,R2 B R2 B D2 R B D' B D' B'
31765242322121,0,11,0,11,5462136,ok,R B' D B' D2 R B' R D R2 D
32145671111111,0,11,0,11,7623255,ok,R2 B' R B' D' B D2 B D R D'
32145671123333,0,11,0,11,4401911,ok,R B2 R' B R2 D' R' D' B R' B'
32145671132222,0,11,0,11,4130275,ok,R B2 R' D B' R2 D2 R' B' D2 B'
32145671221112,0,11,0,11,4427065,ok,R B' R D2 B R2 B' R B' D2 B2
32145671333333,0,11,0,11,4392864,ok,R B2 D' B D R' B R' D2 R' D
32145672113333,0,11,0,11,4138122,ok,R B D2 B' D R2 B' D' B R2 B2
32145672212222,0,11,0,11,4192139,ok,R B D' R2 B2 D' R D B R2 D2
32145673112222,0,11,0,11,3745627,ok,R B R' B2 D2 R D' R' D B' R
32145673311113,0,11,0,11,4274172,ok,R B2 R D B' R D2 R' B2 D R2
32146751232323,0,11,0,11,4254505,ok,R B2 R D B2 D2 B' D R2 B' R'
32146752232223,0,11,0,11,5229174,ok,R D R2 B' R B2 R' B D' R' B'
32147562313223,0,11,0,11,3752861,ok,R B R D' R D2 R' B R' D B2
32147562333233,0,11,0,11,6717960,ok,R2 B R' B' D R D' R D2 R' B
32147651123333,0,11,0,11,6566251,ok,R B2 R D R D2 B D' R2 D' R
32147651132222,0,11,0,11,5993984,ok,R B R' B D' B2 R2 B R D B2
32147651213333,0,11,0,11,6775679,ok,R B' R D R' B D2 R2 B' R D2
32147651312222,0,11,0,11,6236142,ok,R B D R' D2 B2 D' R' B R2 D'
32147652113333,0,11,0,11,6070773,ok,R B R B' D2 R2 D B D B' D2
32147652231332,0,11,0,11,5887681,ok,R B R D' B2 R2 B R D B' D2
32147652233213,0,11,0,11,7753545,ok,R D B2 R2 D2 B R B' D R' D'
32147652331322,0,11,0,11,6387258,ok,R B2 R2 B' R' B R' D B' R B2
32147652332213,0,11,0,11,7503816,ok,R D R2 B2 D2 R D B' D B' D'
32147653112222,0,11,0,11,6114515,ok,R B D B2 D2 R' B D' R D B2
32156471111111,0,11,0,11,4884469,ok,R B D' B D' B D2 B2 D R' B'
32156471113211,0,11,0,11,3891435,ok,R B R' B D2 B' R B R2 D2 B2
32156471232332,0,11,0,11,3587080,ok,R B R' D' R D2 R B' R D2 R'
32156472312332,0,11,0,11,3786790,ok,R B D' R B' D' R2 B2 D' R B'
32156472332132,0,11,0,11,3727802,ok,R B D B' R B' R D2 R' D2 B
32156472332321,0,11,0,11,4097216,ok,R B2 R' D B2 D' R D2 B' D' R2
32156472333332,0,11,0,11,4235798,ok,R B2 R2 D2 R' D B D2 B2 R2 B'
32156473223123,0,11,0,11,3479053,ok,R B R B' R B2 R' D2 B R' D
32156741112323,0,11,0,11,7095403,ok,R2 B R' B D R2 B' D R B2 R'
32156742311123,0,11,0,11,3829047,ok,R B R D B2 R' B R' D' B2 D2
32156742313223,0,11,0,11,4539424,ok,R B2 D' B D' R D2 R D R' D2
32156742333131,0,11,0,11,3843205,ok,R B R B2 R B R' D B2 R D2
32157641232323,0,11,0,11,4279804,ok,R B2 R B' D2 R D B D2 R' D2
32157642231323,0,11,0,11,4309572,ok,R B D2 B R B' D2 R B D B'
32164571111111,0,11,0,11,5315179,ok,R B' R D2 R' D2 B D' B' R' B
32164571111231,0,11,0,11,3709120,ok,R B D B' D2 R D2 R' B R' B
32164571232323,0,11,0,11,3817016,ok,R B R2 D' B R' B R B D' R2
32164572232223,0,11,0,11,4543491,ok,R B' R B' D R D' B D B' D'
32164572232313,0,11,0,11,4534933,ok,R B' R D' R B2 D' R' B D2 B'
32164572233321,0,11,0,11,4428849,ok,R B' D2 R B D2 B R2 B D' B2
32164572312323,0,11,0,11,4273456,ok,R B' R2 D B R2 B R2 B D' R2
32164573323212,0,11,0,11,4041989,ok,R B2 R B' D B2 D2 R B R2 B'
32165741111111,0,11,0,11,6386100,ok,R D B' D B' D B2 D2 B R' B'
32165741111132,0,11,0,11,4122381,ok,R B D2 B D' B' D R' D' R2 D
32165741233223,0,11,0,11,3964073,ok,R B2 R B2 D2 R' B D' B2 R2 D2
32165742211112,0,11,0,11,5187524,ok,R B' D2 R D' B' R D B' R D2
32165742331112,0,11,0,11,3816835,ok,R B R2 B R' D R' B' R' B R2
32165743311131,0,11,0,11,4040131,ok,R B R B2 D2 R2 B R' B2 R B'
32167451111111,0,11,0,11,5338984,ok,R B' R B R' D2 R' D' R' B D2
32167451213333,0,11,0,11,4262523,ok,R B2 D' R' B D' R B2 D' B D'
32167451222222,0,11,0,11,4091075,ok,R B D' B2 R D B2 D B2 D2 R
32167451312222,0,11,0,11,4065247,ok,R B R' D2 R' B2 R D2 R D B2
32167451333111,0,11,0,11,3932112,ok,R B D B2 R' B2 R B2 R2 D' B
32167452211121,0,11,0,11,4202882,ok,R B D2 R2 D R2 D' B D R2 B'
32167453222313,0,11,0,11,3628784,ok,R B R D B2 R B2 R B' R2 D2
32167453313333,0,11,0,11,4195360,ok,R B D2 B' D' B2 R B' R' B2 D2
32167453321232,0,11,0,11,4136163,ok,R B D2 B R' B D2 R' B R B'
32174561112323,0,11,0,11,5184441,ok,R B2 R' D' B R2 D' B' R B' R2
32174561232113,0,11,0,11,5409268,ok,R D R' D2 B R' B' R' D2 R2 B
32174561232233,0,11,0,11,4783598,ok,R B' R' D2 R' D' R2 D B D2 R'
32174562231212,0,11,0,11,4335059,ok,R B R' D2 R' B D R B2 R2 B
32174652312332,0,11,0,11,3720887,ok,R B R2 B2 D' R D' R2 D' B2 D'
32174652332132,0,11,0,11,3795340,ok,R B D B' R B' R D2 R' D2 B'
32175461111111,0,11,0,11,5477027,ok,R B' R B2 R' D B' D R2 B2 D2
32175461113112,0,11,0,11,3802563,ok,R B D2 B R' B R B2 D' B R'
32175461221112,0,11,0,11,3930274,ok,R B R2 D R' D R2 D2 B' R D2
32175461333111,0,11,0,11,4056807,ok,R B D R' B2 R D' B2 R B' R
32175462233111,0,11,0,11,4279290,ok,R B D2 R' B2 R B R2 B' D2 B
32175462312323,0,11,0,11,5692513,ok,R2 B R2 B' R D R2 D2 R B R'
32416753121222,0,11,0,11,6717926,ok,R D R2 B' D' B2 D' B D R2 D
32417562113321,0,11,0,11,6427994,ok,R B' R D' B' D B2 D R D' B
32417652132131,0,11,0,11,3966138,ok,R B2 R' D B2 D B2 D2 R' D B'
32417653132121,0,11,0,11,3444793,ok,R B R B2 D2 B' R' B2 R' B2 R
32451762331121,0,11,0,11,3513105,ok,R B R' B' D B2 D R2 B' R2 B
32456173212332,0,11,0,11,4515549,ok,R B D B D2 R B' D2 R2 B' D
32456711233133,0,11,0,11,8527230,ok,R2 D B2 R2 D' B' R B' R B2 R
32465172112121,0,11,0,11,4350991,ok,R B2 R2 D2 R' B R D2 R2 B2 R'
32465172132131,0,11,0,11,3568836,ok,R B R B' R D' B R2 B' D2 R
32465172133121,0,11,0,11,3736865,ok,R B R' D B' D' R2 B2 D' B R'
32465172332321,0,11,0,11,4178431,ok,R B2 R' D R2 D' R D2 B' D' B2
32465173123121,0,11,0,11,3918083,ok,R B2 R D' R2 D' B2 R B2 R' D
32465173132121,0,11,0,11,4031107,ok,R B2 R2 D2 B R' B' D R' B R2
32465173133111,0,11,0,11,4360818,ok,R B2 D2 R2 B' D R' D R2 B' R
32465173233221,0,11,0,11,4665972,ok,R D R D' R D' B' R2 D2 B' R
32475161232323,0,11,0,11,4766855,ok,R B R2 D2 B R2 B R D' B R
32475163331222,0,11,0,11,4897024,ok,R B R' B2 D2 B R' B2 R' B2 R2
32476513232231,0,11,0,11,4141313,ok,R B' R D' B R2 B2 D2 B' R D
32517463131311,0,11,0,11,6726056,ok,R D2 R D R' D B' D2 B' D R'
32546713323212,0,11,0,11,4530395,ok,R B D B D' R2 B2 R' B2 D' B
32547611121113,0,11,0,11,4202202,ok,R B D2 B2 D B' D B2 D2 B R'
32547611131112,0,11,0,11,3900819,ok,R B R2 B2 R D' R B2 R2 B R'
32547611213111,0,11,0,11,3989371,ok,R B R' B' D2 B' R2 B R' D' R
32547611312111,0,11,0,11,4177224,ok,R B D' R' D2 R' B2 R B' D' R
32547612111311,0,11,0,11,4060328,ok,R B R' D' B R2 B' R B D B2
32547613111211,0,11,0,11,3986842,ok,R B R D' B2 D R2 D R B' R'
32561471113133,0,11,0,11,4585252,ok,R B' R B' D2 R D R2 B' R B'
32561471121311,0,11,0,11,4111939,ok,R B D2 B' R B R D' B R' D2
32561471122211,0,11,0,11,4444964,ok,R B2 R' B2 R D' R' B D2 R D2
32561471131211,0,11,0,11,4151156,ok,R B2 R2 B R D' B' D B' D' R
32561471211131,0,11,0,11,5259934,ok,R D2 R2 B' R' B R' D2 R B' D2
32561471311121,0,11,0,11,4206922,ok,R B2 R2 B R' B D R' B D R
32561472133313,0,11,0,11,3988681,ok,R B R' D2 B2 R' B D R B2 D2
32561472213122,0,11,0,11,3974434,ok,R B R2 B' D R2 B' D' R B2 R2
32561473222223,0,11,0,11,3765402,ok,R B R B' D2 B R' D' B2 D2 R2
32561473323212,0,11,0,11,3818065,ok,R B R2 B' D B' D2 R2 B' R' B2
32567412122222,0,11,0,11,4388270,ok,R B R2 D' R B R B2 R2 D' R
32567412131312,0,11,0,11,5432065,ok,R B' D R' B2 D2 R D R' D B2
32567412222212,0,11,0,11,6672705,ok,R D' R2 D' R B R B2 R2 B R
32567413131212,0,11,0,11,4310834,ok,R B R2 B2 R' D' B2 R D2 R' D2
32567413133333,0,11,0,11,5282273,ok,R B' D B' D2 R2 B D B' R B2
32576142313223,0,11,0,11,4302594,ok,R B2 R' D R2 D' R D2 B' D' B
32615473332122,0,11,0,11,4436992,ok,R D R2 B' D2 B' D R' B2 D2 B
32647152133121,0,11,0,11,5057077,ok,R D2 R' D2 R' B D' B2 R2 B' R
32647153132121,0,11,0,11,3470009,ok,R B R' D2 B2 D B2 D B2 R D
32647512333233,0,11,0,11,7032249,ok,R2 B2 R' D' B' R D2 R B2 R' B2
32657143121213,0,11,0,11,5301183,ok,R B R B' D B' D R' D B2 R
32657412111212,0,11,0,11,5208322,ok,R B R D2 R B D B2 R' B R
32671453123313,0,11,0,11,5457985,ok,R B2 R2 D2 B' R2 B' D' B D' B'
32674152113333,0,11,0,11,6302047,ok,R D2 R2 D B2 D2 R2 D' B2 D2 R
32714652332132,0,11,0,11,4019652,ok,R B R D2 R' D R2 B' R2 B D'
32716452123212,0,11,0,11,6010353,ok,R B' R D' B' D B2 D R D' B2
32741651121311,0,11,0,11,5496632,ok,R D2 R' B R D B' R D' R2 B
32741651131211,0,11,0,11,4346524,ok,R B2 R' D R B R' D R' D2 B
32741651211131,0,11,0,11,4047030,ok,R B R' D' B D2 R' D2 R' B R'
32741651311121,0,11,0,11,4206911,ok,R B D' R2 D' B2 R B' D' B R'
32741652111113,0,11,0,11,4434486,ok,R B2 D B' R D' R2 D R' B' R
32741653111112,0,11,0,11,4428204,ok,R B2 R2 D2 B D' B R' D2 R D'
32745611223332,0,11,0,11,3879439,ok,R B R2 D B2 R' D' R' B2 R' D'
32745612313322,0,11,0,11,4509324,ok,R B R2 D B2 R' D' B' D2 B' R'
32745612322331,0,11,0,11,3780970,ok,R B R B2 R D B' D2 B' R' D2
32751643321232,0,11,0,11,4662102,ok,R B D B' R2 D2 B R' D' R D2
32754163211123,0,11,0,11,4009470,ok,R B R2 D B' R2 B' R' B R2 D'
32756141233121,0,11,0,11,4775952,ok,R B2 R2 B D2 B R2 D' B D2 B2
32761452121313,0,11,0,11,4430814,ok,R B R' B2 D R2 D' B D' R2 D'
32761452122222,0,11,0,11,4709573,ok,R B2 R' B2 D B R2 B2 R' B' D2
32761452222212,0,11,0,11,4413013,ok,R B D2 R' D' R2 D B D2 B D'
32761453121312,0,11,0,11,6174072,ok,R D' B2 R B D2 B' R' B2 R' B'
32761453133333,0,11,0,11,4511240,ok,R B D2 B2 D R D R' B2 R' B
32765411112221,0,11,0,11,4371903,ok,R B2 R' B R' B2 D2 B D' B R2
32765411121113,0,11,0,11,3965433,ok,R B R2 B' R D R2 D2 B D' R2
32765411131112,0,11,0,11,3784250,ok,R B R D2 B2 D B D' B2 D' R2
32765411133113,0,11,0,11,4137334,ok,R B2 R' B R D' R2 B2 R B2 R
32765411331113,0,11,0,11,4133944,ok,R B2 R' D R D' R2 B2 R D2 R
32765412221312,0,11,0,11,3934160,ok,R B D' B' R B' D' B R2 D' R2
32765412323222,0,11,0,11,4086837,ok,R B D2 B2 D' B' R2 D R D2 B'
32765413122212,0,11,0,11,3756745,ok,R B R' D' B R' D' R B2 D' R2
32765413223312,0,11,0,11,3731624,ok,R B2 R D R2 D2 B D' R D2 R'
32765413231223,0,11,0,11,4433077,ok,R B2 D' R' B D2 B D B2 R2 B
32765413322312,0,11,0,11,3687788,ok,R B2 R B D2 B2 R B' R B2 R'
34125672131213,0,11,0,11,4239498,ok,R B R2 B D R2 D' R' D2 B D'
34125672131312,0,11,0,11,4715416,ok,R B2 R' B2 D B D2 B2 D' R' D2
34125672221222,0,11,0,11,4419272,ok,R B R2 D2 R' D' B' D B2 R' D
34125673133333,0,11,0,11,4845924,ok,R B2 R' D2 B D R2 D2 R' D' R2
34127651121113,0,11,0,11,3952792,ok,R B R2 B' R D' B R2 D2 B2 D
34127651131112,0,11,0,11,3903767,ok,R B R B' R D' R2 B2 D R' B
34127651213111,0,11,0,11,4013710,ok,R B R' B' D2 B' R2 B R' D' R'
34127651312111,0,11,0,11,4193023,ok,R B D' R' D2 R' B2 R B' D' R'
34127652111311,0,11,0,11,3940032,ok,R B R2 D2 R' D2 R' B D2 B' D'
34127653111211,0,11,0,11,3969286,ok,R B R D' B2 D R2 D R B' R
34162752132212,0,11,0,11,8084459,ok,R2 B D R' B D' R D' R D2 B
34165271112212,0,11,0,11,4825998,ok,R B' D2 B' R B2 D2 R D' B2 R
34165271121311,0,11,0,11,4465081,ok,R B2 D' R' D2 B D B2 D2 B' R'
34165271131211,0,11,0,11,4180447,ok,R B2 R B' D R D2 B2 D B D2
34165271211131,0,11,0,11,5135963,ok,R D B' D B R D' R2 D R' D2
34165271311121,0,11,0,11,3923742,ok,R B R' D R D B' R2 B R' D2
34165271311133,0,11,0,11,4316913,ok,R B2 R B2 R2 D' B D R' D2 R
34165272323333,0,11,0,11,4023817,ok,R B R2 D2 R D2 R' B D B2 R'
34165273133312,0,11,0,11,5048498,ok,R D B' R2 B' R' B2 R D' R2 D2
34165273222322,0,11,0,11,3615171,ok,R B R2 B R2 D2 B R' B' D B2
34165273311131,0,11,0,11,3966677,ok,R B R D2 B' D' R B' D R2 B
34167252213323,0,11,0,11,4611700,ok,R B R' D' R B D2 R2 B2 D R
34172562132332,0,11,0,11,4568780,ok,R B2 R D' B D' B' R2 B' R2 D2
34172562313331,0,11,0,11,4885873,ok,R B2 R B' R B' D' R2 D' R2 B2
34175263321232,0,11,0,11,4682572,ok,R B2 R' B D2 R' B D B D' R2
34216572213122,0,11,0,11,6310034,ok,R D2 R2 D R2 D2 B2 D' R2 D2 B
34261572132131,0,11,0,11,3546183,ok,R B R B' R D' B R2 B' D2 R'
34261572133121,0,11,0,11,3721086,ok,R B R' B' R2 D2 B' D B R' D
34261573123121,0,11,0,11,3803312,ok,R B D' R' B D' R B2 D' R' B2
34265712212132,0,11,0,11,5919523,ok,R D R2 D2 R' D R2 B' R2 B R
34275161312213,0,11,0,11,4426470,ok,R B R B2 R D' B' R B' R2 B'
34275162112322,0,11,0,11,4264169,ok,R B D2 B' R B2 D2 R B' R D2
34275162213221,0,11,0,11,4686996,ok,R B' R B' R2 B' R' D' R D2 B
34516271111111,0,11,0,11,4574913,ok,R B D B' D2 B' D' R' B R2 D'
34516272312332,0,11,0,11,5012696,ok,R D2 R' B2 R' B D' R2 B2 R' B
34516722313223,0,11,0,11,5623145,ok,R D2 R D B2 D' B' D2 R B R
34517622231323,0,11,0,11,4695504,ok,R B2 D2 R D2 R B' R' B' D2 B'
34521672223232,0,11,0,11,4346280,ok,R B2 D R' B D' R2 D B' R' B
34526713232312,0,11,0,11,4009963,ok,R B R2 D' R' B' R B2 R B D
34527612211322,0,11,0,11,6620712,ok,R B2 R2 B' D R' B R' D B R2
34527612231122,0,11,0,11,6446078,ok,R B D2 B2 D' R B2 D R2 D2 R'
34527612231332,0,11,0,11,7072368,ok,R B' D R2 D2 B' D B' R' D B2
34527612331322,0,11,0,11,6447121,ok,R B2 R2 B D R' D R' D R' D2
34527613312133,0,11,0,11,6561550,ok,R B2 R2 B' D2 R' D B2 D2 B' R'
34561272122123,0,11,0,11,6135120,ok,R B D R' B2 D2 B D B R' D2
34561272122321,0,11,0,11,6408064,ok,R B2 R2 B' D' B R' D R' B R2
34561272212213,0,11,0,11,7774041,ok,R D B2 R2 D2 B R D' B R' D'
34561272213122,0,11,0,11,6363386,ok,R B D B' D2 R2 D R B R' D2
34561272232211,0,11,0,11,7515794,ok,R D R2 B2 D2 R D R' D B' D'
34561273221233,0,11,0,11,6080580,ok,R B R' D R' D2 B2 D R D R2
34561273233131,0,11,0,11,6025080,ok,R B R' B' D B R2 B2 D2 B R'
34561273311233,0,11,0,11,6309894,ok,R B D B' R2 D2 R' D' R B2 D'
34561273313321,0,11,0,11,7192769,ok,R B' R' D2 B' R D' B2 R2 B' R
34561273321133,0,11,0,11,6561705,ok,R B2 R2 B D2 R' B R2 B2 R' B'
34561273321223,0,11,0,11,6168625,ok,R B D R2 D2 B' R B' R D R2
34561721111111,0,11,0,11,4958492,ok,R B2 R' D' R' D B2 R D' R D'
34562171321111,0,11,0,11,4006407,ok,R B2 R B R' B2 D2 R D2 R' D'
34562171321231,0,11,0,11,3909864,ok,R B R B' D2 R D2 R' B R' B'
34562172232313,0,11,0,11,5164191,ok,R D R2 B' R D2 R' B D' B' R'
34567212223232,0,11,0,11,5063152,ok,R D R2 D' B R B2 D' R' D B
34617252111212,0,11,0,11,5563141,ok,R B R D2 R B D B2 R' B R'
34617252123212,0,11,0,11,5511979,ok,R B R B R2 D2 R' D' R2 B' D2
34617252132212,0,11,0,11,5891004,ok,R B2 R' B' R B' D B2 D B' R
34617522221333,0,11,0,11,5246180,ok,R B2 R' D B' R' B R' B2 R B2
34621572132131,0,11,0,11,4150696,ok,R B D R2 D' R D2 B' R2 B D'
34625172111212,0,11,0,11,5953554,ok,R B' R B2 R D' R B' D2 B R'
34627512232313,0,11,0,11,4185491,ok,R B D B2 R D2 R B' R B2 D2
34651271123111,0,11,0,11,4089885,ok,R B2 D' R B D R2 D R' B' D'
34651272332132,0,11,0,11,3905053,ok,R B2 R' D R2 D B2 D2 R' D R'
34675212222122,0,11,0,11,6086378,ok,R B' D R' B2 D B' D B D2 B
34715262221123,0,11,0,11,5986006,ok,R B' D' R B' D R2 D R' D R2
34716522223211,0,11,0,11,5319305,ok,R B2 D' R2 B D' B R' D B' D
34721652121313,0,11,0,11,5703914,ok,R D B2 D2 B' D' B2 R B2 R' B2
34721652131213,0,11,0,11,5163176,ok,R B' R B R' D' B D B' D R2
34721652221222,0,11,0,11,5775301,ok,R D B2 D2 B' D' R2 B R2 B' R2
34721652222212,0,11,0,11,5423843,ok,R B' D R D' R' D R B' D B2
34721653333313,0,11,0,11,5098112,ok,R B' R2 B' D B D R2 D2 R B
34725611212211,0,11,0,11,4514368,ok,R B2 D2 B D2 B R' D R2 D' R
34725612111113,0,11,0,11,3889659,ok,R B R2 D' R' D R' D2 B D B
34725612121322,0,11,0,11,4496504,ok,R B2 D' R D R' D B' D2 B' R
34725612231212,0,11,0,11,4505629,ok,R B2 D2 B R D2 R D R2 D' B
34725612231332,0,11,0,11,3954990,ok,R B D2 B' R D2 B' D' B D2 B2
34725612322232,0,11,0,11,4222400,ok,R B2 R2 B R' D R B' R D B
34725612331322,0,11,0,11,4174301,ok,R B2 R' D B2 R' D' R' D R' B'
34725613111112,0,11,0,11,4274720,ok,R B2 R2 D2 B' D R' D R2 D' B
34725613111133,0,11,0,11,4146658,ok,R B R2 B' D B2 D' B R D2 B2
34725613132223,0,11,0,11,4173672,ok,R B2 R2 D R D2 R B' D' R2 B
34725613311113,0,11,0,11,4159776,ok,R B D R B2 D2 R2 D B2 D' B
34761252323222,0,11,0,11,3936875,ok,R B R B' D2 B R2 B D R' B
35126741232212,0,11,0,11,4999938,ok,R B2 D2 B' R B' R2 D' B D' R2
35126742231233,0,11,0,11,4982430,ok,R B2 D2 B' D B' R2 D' R D' R2
35127462331331,0,11,0,11,5257776,ok,R B' R D' B2 R D' B D R2 D
35162472122231,0,11,0,11,3976275,ok,R B R' D2 R' B D2 B2 D' B2 R
35162472123233,0,11,0,11,5081074,ok,R B' R2 D R' D' R B D' B D2
35162473122221,0,11,0,11,3912236,ok,R B D B2 R2 B' D' B' D R2 D2
35162473323131,0,11,0,11,3981012,ok,R B R' D B2 R' B' R D' R2 B'
35162473332122,0,11,0,11,4423307,ok,R B' R B2 R D R D' R D2 R'
35162473332131,0,11,0,11,3944416,ok,R B D2 R' D' R D R2 B2 D2 R'
35162742213323,0,11,0,11,5129325,ok,R B R' B D R2 B2 D' R2 D B
35167242132212,0,11,0,11,5016956,ok,R B R2 B R D' B2 D' R' B2 D2
35172461232323,0,11,0,11,4764738,ok,R B R2 D' B' D2 B' R' B2 D B
35174262213131,0,11,0,11,5968039,ok,R B' D B2 D' R D2 B' R2 B R2
35174262231113,0,11,0,11,5254952,ok,R B2 R D B' R B2 D' R D R'
35246171111111,0,11,0,11,4427775,ok,R B R B2 R D' B' R B' R2 B2
35246171113322,0,11,0,11,3854491,ok,R B R' B D2 B2 D B R2 B D'
35246172213311,0,11,0,11,4294813,ok,R B2 R' D B2 D' R D2 B' D' R
35267141223233,0,11,0,11,3638312,ok,R B D B' R' B' D R D' R D2
35267141321132,0,11,0,11,7594183,ok,R' B D R' B2 R D' B R D2 B2
35271461322233,0,11,0,11,3946139,ok,R B R2 D2 B2 D' B' R' B R2 D'
35416721113112,0,11,0,11,3938689,ok,R B2 R D B' R2 D2 B R2 B' D'
35416723232213,0,11,0,11,5315531,ok,R D R' D' B' D' R2 B D' B2 D
35417622223133,0,11,0,11,5765262,ok,R D R2 D' R B' R B2 R' B2 R
35426712131132,0,11,0,11,4409659,ok,R B2 R2 D B' R D' R2 D R2 B2
35426712311312,0,11,0,11,3904370,ok,R B R2 B D2 B D' R' B R2 B
35426713111313,0,11,0,11,4674112,ok,R B2 R B2 R2 D B' R B2 R D2
35426713131113,0,11,0,11,4236414,ok,R B R B2 D' R B R' B D' B'
35426713312211,0,11,0,11,4471142,ok,R B2 D' R D' R D2 R B R' D2
35461271111231,0,11,0,11,4585184,ok,R B' D2 B R' D R2 B' D2 B R2
35461271321231,0,11,0,11,3905285,ok,R B R2 D2 B R2 B R' D' R2 D'
35461272222323,0,11,0,11,4052693,ok,R B R2 B R B' R2 D B D R'
35462171131313,0,11,0,11,4336439,ok,R B R D2 B2 D' B' R2 B' D2 B2
35462171212121,0,11,0,11,4541072,ok,R B D B2 R' B2 D B R2 B R'
35462171221223,0,11,0,11,3740510,ok,R B R D B D' B' D B2 R' B
35462171332331,0,11,0,11,4191229,ok,R B2 R' B R' B' R B D2 B D2
35462172213311,0,11,0,11,4474268,ok,R B2 D' R B' D R2 D R B' D2
35462172223331,0,11,0,11,4080980,ok,R B D R B2 D' R B' D' R2 D2
35462172312131,0,11,0,11,3957980,ok,R B R' B2 D' B R D R2 D2 R
35462173123211,0,11,0,11,4154214,ok,R B D2 B R2 B R' D' R D2 R
35462173131311,0,11,0,11,4636095,ok,R B2 R D2 R2 B D' B R2 B D2
35462173221221,0,11,0,11,4468485,ok,R B' R' D' B2 R B R B' D' B
35462712322322,0,11,0,11,4985281,ok,R B2 R2 B R2 B' D2 R B' D2 B2
35472163222313,0,11,0,11,4066174,ok,R B D2 R' B D R2 D R' B' D
35472163231322,0,11,0,11,4504065,ok,R B2 R' B D2 R' B D B D' R'
35476122221111,0,11,0,11,4618720,ok,R B R' D B2 R' B R' B2 D2 R
35614722321233,0,11,0,11,4814231,ok,R B2 D2 R D2 R B' R' B' D2 B2
35617423131332,0,11,0,11,4391187,ok,R B2 R2 D2 B' R' B D' B2 D B'
35624712121232,0,11,0,11,6244535,ok,R B R2 B D2 R' D B D2 B R2
35624712321212,0,11,0,11,7269635,ok,R B' D R2 D2 B' D B' R' D B
35624712321332,0,11,0,11,6114634,ok,R B R' B R2 D R' B2 R' B R'
35624712331232,0,11,0,11,6163923,ok,R B R' D B' R2 D B' R B D2
35714623111322,0,11,0,11,5314881,ok,R B D' B2 R2 B' R' D B' D R'
35721642221213,0,11,0,11,8177454,ok,R2 B D' R B' D' R D2 R D R'
35762142222113,0,11,0,11,4920099,ok,R B2 D2 B' D R' D2 B' R D' B2
36125471111333,0,11,0,11,4216151,ok,R B D' B D' B2 D' B D R B2
36125471212112,0,11,0,11,5969671,ok,R2 B R B2 R B' D B2 D R2 B
36125471213111,0,11,0,11,3855459,ok,R B R2 B2 R' D R2 B' D' B2 R
36125471222111,0,11,0,11,6075516,ok,R2 B R2 D B2 D B' R D2 R B
36125471312111,0,11,0,11,4054101,ok,R B D2 B2 D' B R2 D' B' D2 R
36125472111311,0,11,0,11,3839988,ok,R B R2 B2 R' D' B2 R B D2 R'
36125472121223,0,11,0,11,3684706,ok,R B R' B' R D' R' B R2 D' B2
36125473111211,0,11,0,11,4128302,ok,R B D2 B2 D' B' D2 R D B2 R'
36125473232222,0,11,0,11,4516156,ok,R B2 D' B' R D2 R B R2 D2 R
36125473323233,0,11,0,11,4366444,ok,R B2 R' D B' R2 D2 R D' R B2
36125743222331,0,11,0,11,7029863,ok,R2 D B' D' B' R D2 B' R B2 R'
36127451333222,0,11,0,11,3797408,ok,R B R B D' B2 R' D B D B
36145272122222,0,11,0,11,5145750,ok,R B' R B' D2 R2 B D R' D R2
36145272131213,0,11,0,11,6689780,ok,R D' R2 D' B R B R2 B2 R B
36145272131312,0,11,0,11,4576173,ok,R B D2 R' D B R B2 R2 D' B
36145273333313,0,11,0,11,5270356,ok,R B' R' D R2 D2 R D' B' D R2
36147251121311,0,11,0,11,4341308,ok,R B2 R2 D2 B R' D B' D2 B D
36147251131211,0,11,0,11,4547570,ok,R B2 D2 R' B R B2 R2 D B D
36147251211131,0,11,0,11,4732285,ok,R B' D R D2 B' D R' D R2 D'
36147251311121,0,11,0,11,3961312,ok,R B R2 B' D B2 D R2 D2 B' D
36147252111113,0,11,0,11,5060373,ok,R D R2 D' R B R2 D' R' D R
36147253111112,0,11,0,11,4247765,ok,R B D2 B' R B R2 D' R' B R
36152741231312,0,11,0,11,5625411,ok,R B' D' R D2 B' R D' B' D2 B'
36152742131321,0,11,0,11,4960883,ok,R B2 R2 B D2 B' R2 D R' D2 R2
36172452133133,0,11,0,11,5949889,ok,R D R2 D2 R' D B2 R' B2 R B
36217452131333,0,11,0,11,5771183,ok,R B' R B' D2 R D' B R D2 R
36217541223311,0,11,0,11,3395649,ok,R B R2 B' D B R2 B2 R B D'
36217543213112,0,11,0,11,3577682,ok,R B D' R2 B' D R B' D R2 B2
36241573212332,0,11,0,11,3747278,ok,R B R2 B2 D B' D' B R2 D B
36241753212311,0,11,0,11,4338465,ok,R B' R2 B' R D2 R D2 B R B2
36415272123212,0,11,0,11,5351500,ok,R B D R2 D B D R2 B' R B
36417522123311,0,11,0,11,4807198,ok,R B R' B2 D' R B D' B2 R2 D2
36514272212111,0,11,0,11,6662142,ok,R2 B R D' R D B2 D2 R' D' R
36521472113321,0,11,0,11,4694133,ok,R B D2 R B2 D' B' R' D2 R' B'
36521472331121,0,11,0,11,3959667,ok,R B D R2 B' D' R2 D' B R B2
36527411131133,0,11,0,11,3980885,ok,R B R2 D2 B' D2 B D' B' R D2
36527412111113,0,11,0,11,3922281,ok,R B R2 D' R' D R' D2 B D B'
36527412131222,0,11,0,11,4605835,ok,R B' R' D R' B' R D2 B' D2 B
36527412211322,0,11,0,11,4648239,ok,R B2 D' B' R D' R B2 D' B R'
36527412221312,0,11,0,11,4037403,ok,R B D2 B' R' B2 D R' D' B2 R2
36527412231122,0,11,0,11,4079733,ok,R B R2 D' R2 D R D2 B' R2 D'
36527412322232,0,11,0,11,4144755,ok,R B D' B D R D' R2 D B' R2
36527413111112,0,11,0,11,4138078,ok,R B D2 B' R B R2 D' R' B R'
36527413311311,0,11,0,11,3876200,ok,R B R B D2 R B2 R B' D2 R2
36541272323222,0,11,0,11,3894787,ok,R B R B' D2 B R2 B D R' B'
36542712121322,0,11,0,11,6039548,ok,R B2 R D2 R2 D' B2 R B2 R2 D'
36547212121313,0,11,0,11,5094318,ok,R B' R D2 B' D2 B R' B D2 B'
36547212122222,0,11,0,11,5396669,ok,R D R2 D2 R D R B' R2 B' R
36547212131312,0,11,0,11,5421695,ok,R D R2 D2 R D B R' B2 R' B
36547212221222,0,11,0,11,5144541,ok,R B' R2 D2 R D R B' R2 D R
36547213331333,0,11,0,11,4637356,ok,R B2 R' B D' R2 D B2 R' D R'
36712542121112,0,11,0,11,6291932,ok,R B R' D2 B2 D B R D' R' B
36712542121121,0,11,0,11,5899126,ok,R B R2 B R B2 D B2 D2 B' D'
36712542121211,0,11,0,11,6936516,ok,R B' R B2 R2 D' R B' R' D R
36712542122111,0,11,0,11,6218190,ok,R B D' R B' R2 D R' D R D2
36714252232223,0,11,0,11,4049189,ok,R B R B2 D B2 D R' B R2 D2
36714521232113,0,11,0,11,5589614,ok,R D B' D2 R D' B' D' B2 D2 R
36714522121322,0,11,0,11,5556135,ok,R D B' D2 B' D R D R2 D2 R
36714522122213,0,11,0,11,4503313,ok,R B D' B2 D' B R D R2 D2 R
36714523132223,0,11,0,11,4580029,ok,R B2 R B' D2 R B D2 R' B' D
36714523132322,0,11,0,11,4492338,ok,R B2 R B D' R B R B2 D B2
36721451131331,0,11,0,11,3950951,ok,R B D' B D' B2 R2 D B D R'
36721452121322,0,11,0,11,4517327,ok,R B2 D' B R D' B R' D2 R' B
36721452122123,0,11,0,11,3768256,ok,R B R2 B' R B2 D' B' R D2 R2
36721452122213,0,11,0,11,4513167,ok,R B2 D2 B R B2 R D R2 D' R
36721452122321,0,11,0,11,4222188,ok,R B2 R' D R2 B' D' R' D B' R'
36721452131111,0,11,0,11,4174658,ok,R B2 R2 B D' B D B' R D R
36721452223232,0,11,0,11,4040144,ok,R B D2 R' D' R D' R2 B D R
36721453113113,0,11,0,11,4391942,ok,R B' R D' B2 R D R2 B' R D'
36721453121111,0,11,0,11,5333911,ok,R D2 R2 B' D' B R' D2 R D' B2
36725411121212,0,11,0,11,6683965,ok,R B R2 B D B2 D2 B' R' D R'
36725411131313,0,11,0,11,6704500,ok,R B R2 D B' R2 B' D B' D R2
36725411212121,0,11,0,11,6723747,ok,R B R2 B D R' D B' R' D2 R2
36725411313131,0,11,0,11,6753346,ok,R B R2 B2 R' D' R2 D' B' R B'
36725412111212,0,11,0,11,7239685,ok,R B2 R D R' B R' B R2 B2 R'
36725412121112,0,11,0,11,6690328,ok,R B R2 B R D' R B' R' D2 R2
36725412121211,0,11,0,11,6891134,ok,R B2 R B D' R B' D R2 D2 R'
36725412121232,0,11,0,11,6724742,ok,R B R2 B R B2 R2 B' D' R B'
36725412123212,0,11,0,11,7125042,ok,R B2 R D B' R B' R B2 R2 B'
36725412321212,0,11,0,11,7006602,ok,R B2 R B R' B R' D B2 D2 B'
36725413111313,0,11,0,11,7717359,ok,R B' R2 B' D' B R' B R' D2 R2
36725413131113,0,11,0,11,6935241,ok,R B D2 R B' D2 B' D R' D R2
36725413131311,0,11,0,11,8104283,ok,R B' D2 B' D' B D' B R' D2 R2
36741252122123,0,11,0,11,6781159,ok,R B' R B2 R2 D' R B' R' D R2
36741252122321,0,11,0,11,6334118,ok,R B2 R2 B R B' R D' R B' D2
36741252122333,0,11,0,11,6112603,ok,R B R2 B2 R' B R2 D B2 D2 B'
36741252123323,0,11,0,11,6542187,ok,R B2 R2 B' R D' B R' D R B2
36741253233131,0,11,0,11,6454733,ok,R B2 R2 B R' D B' D R' B D2
36745211211221,0,11,0,11,3680724,ok,R B R2 B D' B R2 D' R B R'
36745212121223,0,11,0,11,3838759,ok,R B R2 B' R' D2 B R' D' R2 B2
36745212122312,0,11,0,11,4795869,ok,R B' D' B D' B' D B2 R' D2 R
36745212122333,0,11,0,11,4073939,ok,R B R D' R2 B D' B2 D B2 D2
36745212123323,0,11,0,11,4580196,ok,R B2 D' R' D B' R B2 D' R B'
36745212131111,0,11,0,11,3851594,ok,R B R' B D B D' R2 D R' B2
36745212223232,0,11,0,11,4045867,ok,R B D2 R' D' R D' R2 B D R'
36745213121111,0,11,0,11,4966355,ok,R D R' B D R B' D2 B R' B2
36745213131131,0,11,0,11,3777897,ok,R B R B2 D' B' R B' R B2 D
36745213133111,0,11,0,11,4145258,ok,R B2 R D2 R2 B' R B R' D2 R
36745213232213,0,11,0,11,3954095,ok,R B R D' R D2 R' B2 D R' D
36751243222322,0,11,0,11,4146768,ok,R B D B2 D B' D' R' D2 B D
36752142122132,0,11,0,11,4423794,ok,R B2 R2 D R' B D' R2 D B2 R2
36752142123221,0,11,0,11,4143665,ok,R B D2 B D2 B D' B' R B2 R
36752143132232,0,11,0,11,3687643,ok,R B R B D B' D' B D2 R' B
36752143133222,0,11,0,11,4491345,ok,R B' R' B' R2 D B D R' D' B
36752143211132,0,11,0,11,4188743,ok,R B D' B D2 R' B' D R' B2 R2
36754123232222,0,11,0,11,7208383,ok,R B' D B2 D' B R' B D R' B2
37246511112233,0,11,0,11,5071998,ok,R D R' D' B D2 B D R2 D2 B'
37256142321233,0,11,0,11,4772866,ok,R B D' R B2 D' R B' R2 D2 B
37415622333221,0,11,0,11,5372450,ok,R D2 R' D B R D' R2 B D' R'
37426513132313,0,11,0,11,6173314,ok,R B R2 B' R2 B D' R2 D' B D2
37452162323312,0,11,0,11,4435057,ok,R B R D B' D2 R2 D' R2 B' R
37516422333311,0,11,0,11,4211719,ok,R B D R2 D2 R D' B R' D B
37561241311112,0,11,0,11,4089989,ok,R B2 D' R B' D' R D2 R B D'
37612453122233,0,11,0,11,4149646,ok,R B R' B2 D B' R' B' D R2 D'
37612542221111,0,11,0,11,4866252,ok,R B2 D2 R B2 R B' D' R' D2 R2
37614252221123,0,11,0,11,5305012,ok,R B2 R' D R' B' R B' R2 B R2
37614521111111,0,11,0,11,5563343,ok,R B' D R2 D' R2 B D' R' D' R
37614521323232,0,11,0,11,3634015,ok,R B D R' B2 D R2 D' R D' B
37614522111221,0,11,0,11,4118491,ok,R B2 R B' R D' B' D R2 D' B
37614522113321,0,11,0,11,4678199,ok,R B' R2 D2 B' D B' D2 R B' D2
37614522313322,0,11,0,11,4875256,ok,R B' D2 R2 B' R B' R2 D R' D2
37614522323312,0,11,0,11,4089449,ok,R B2 R B' D R' B' D R2 D' R
37614523232213,0,11,0,11,4605165,ok,R B' R D' B R D' B R B' D'
37615421113322,0,11,0,11,5151998,ok,R B2 R' D B' R B' D R' D2 R2
37615422211133,0,11,0,11,5118478,ok,R B2 R D' R B' D R' B' D2 B2
37615422223133,0,11,0,11,5186473,ok,R B2 R D' B D' R D' R' D2 R2
37615422313121,0,11,0,11,4823622,ok,R B R B' D2 R' B R' B D' B'
37615422313331,0,11,0,11,5177773,ok,R B D B' D2 R' D R' B D' R'
37615423121132,0,11,0,11,5472044,ok,R B2 R2 B' D B2 R' D2 R D2 B'
37624152311213,0,11,0,11,5305565,ok,R B2 D' B2 R D' R B' R B' D
37624511232233,0,11,0,11,4793556,ok,R B' R' B2 R' B' D2 B D B2 R'
37624512121322,0,11,0,11,5530883,ok,R D B' R2 B' R B D B2 D2 B
37624512231212,0,11,0,11,4275420,ok,R B R' B2 R' D B D B2 D2 B
37624513131323,0,11,0,11,4554759,ok,R B D R B2 D2 R2 D B2 D' B2
37624513231313,0,11,0,11,4441653,ok,R B R2 B' D B2 D' B R D2 B'
37641252222323,0,11,0,11,4710617,ok,R B2 D2 R B2 R B' D' R' D2 R'
37642152213311,0,11,0,11,5539212,ok,R D2 R B R2 B' R' D2 B R B
37642513122221,0,11,0,11,4769291,ok,R B2 R' B D' B D2 B2 R2 D' R'
37645122312221,0,11,0,11,4020658,ok,R B R D2 R2 D R' B R' D R
37651242211133,0,11,0,11,5739598,ok,R D R2 D' B R' B R2 B' R2 B
37651422312311,0,11,0,11,5396777,ok,R D2 R' B D R D' R2 B D' B'
37652141113232,0,11,0,11,3890841,ok,R B R D' B2 R D2 R' D R' B'
37652143231322,0,11,0,11,4391566,ok,R B2 R D' B2 R2 B' R D R2 D
37654212311222,0,11,0,11,5065930,ok,R B D' B2 R' B R D' R2 B2 D2
41236753232321,0,11,0,11,4288770,ok,R B' R' B R' D2 B' D R D B2
41237561313131,0,11,0,11,6039067,ok,R B2 D2 B' D B' R B2 R' D2 R
41263751312222,0,11,0,11,6529252,ok,R D2 R2 D B2 D2 R2 D R2 D2 B'
41325671212211,0,11,0,11,4380586,ok,R B D2 B' R2 D R' D2 R B D'
41325762313223,0,11,0,11,4076916,ok,R B D2 B2 R2 D' R' B R' B D2
41325763131233,0,11,0,11,3897538,ok,R B R B2 D2 R' B D' R' B2 D2
41352671212112,0,11,0,11,6084706,ok,R B R' B' D B' D2 R2 D R' B
41352671212121,0,11,0,11,6272286,ok,R B R' D B2 D2 R' D B' R' B
41352671222111,0,11,0,11,6311515,ok,R B D' R' D B' R2 D2 R D' B
41357622313112,0,11,0,11,3495635,ok,R B D B' D2 B R' B R B2 D2
41367253111133,0,11,0,11,5736775,ok,R B' R2 B R2 B2 R B2 D B2 D'
41532672313211,0,11,0,11,7697778,ok,R2 B' R D R' D2 R' D' B' D B2
41532761233133,0,11,0,11,5136448,ok,R B D2 B2 D' R D2 B' R2 B D
41563273113311,0,11,0,11,4597294,ok,R B R2 B2 D R' D' B D2 R B
41576322212222,0,11,0,11,5663019,ok,R B D B' D2 B R' D B R' B2
41625372313211,0,11,0,11,12196733,ok,R' D R' B D B2 R' D B D2 B'
41625373121213,0,11,0,11,4299582,ok,R B R D2 R' D' R2 B D' R' D'
41625731222231,0,11,0,11,5007629,ok,R B D' B' D2 B' R' D2 B R2 B'
41635721212121,0,11,0,11,7341374,ok,R D2 R' D' R D' B R2 B D' B
41657321222312,0,11,0,11,4610641,ok,R B R' B R' D B2 D R' D B2
41673252212222,0,11,0,11,5976186,ok,R B D2 B' R2 B' R B D' R D2
41673521111111,0,11,0,11,4861458,ok,R B D' R2 D B' R D' B2 R2 D2
41723562313211,0,11,0,11,4650869,ok,R B R' B R2 D R' D' B' D2 B'
41725361232113,0,11,0,11,5258404,ok,R B R' B2 D2 B D R D' R2 B
41725361321213,0,11,0,11,6346120,ok,R D B2 R2 D' R' D R' B R2 B
41725362221213,0,11,0,11,5433954,ok,R B2 D' R2 D B2 R' D B2 D2 B'
41725362313211,0,11,0,11,5867475,ok,R B R2 B D2 B2 R2 B R2 B' D'
41725362313223,0,11,0,11,5902449,ok,R D B2 R' B R B2 D2 R D' R'
41725363121222,0,11,0,11,5063407,ok,R B D' R D' R B2 D B' R' B'
41725363121231,0,11,0,11,4847521,ok,R B R2 D2 B' R' B D' B R2 B
41725631111111,0,11,0,11,5798013,ok,R B' D' R' D R2 B' D2 B D' B
41725631211122,0,11,0,11,4513696,ok,R B2 R' D R' D2 B2 R' D' R2 B'
41725632322331,0,11,0,11,3951482,ok,R B2 R' B D2 B' R D2 B' R' B2
41725633111133,0,11,0,11,4266999,ok,R B D R' D B2 D' B2 R B' R
41725633121123,0,11,0,11,4116474,ok,R B2 R B' D R D2 B' R B D
41725633211111,0,11,0,11,4710383,ok,R B' D B' D2 B R2 D' R D B
41726352313322,0,11,0,11,4481044,ok,R B R2 D2 B R' B' R' D2 R2 B'
41726532312233,0,11,0,11,5565923,ok,R B2 R2 D' B R' B2 R' B' D R'
41735261323313,0,11,0,11,5575985,ok,R D' R D' R2 D' R' B' D B2 R
41735262312233,0,11,0,11,5228428,ok,R B2 D' B2 D' B R' D2 B2 R' B
41735263123223,0,11,0,11,4211471,ok,R B D' R2 B D' R' D' B D2 B'
41735621233232,0,11,0,11,4374970,ok,R B R B' R B2 D' B2 D R B2
41735622313322,0,11,0,11,5110430,ok,R B R2 D2 B D2 B R D' R D
41736521233232,0,11,0,11,5245834,ok,R D2 B D2 B' R D' R D' B' R
41736522332231,0,11,0,11,4066768,ok,R B D2 R2 B' R D' B D R' D'
41752631222123,0,11,0,11,3845515,ok,R B R B2 R B2 R D' B' R D2
41752632311123,0,11,0,11,4211967,ok,R B2 R' B' R D2 B' R' B' R D2
41752632312323,0,11,0,11,3872167,ok,R B R2 D2 B D' B D' R2 D R'
41752632313211,0,11,0,11,14488435,ok,B2 R B' R D R2 B' R B D2 B'
41756231321213,0,11,0,11,6077515,ok,R D2 R D R2 D B' D' R2 B2 D'
41756233121231,0,11,0,11,4745020,ok,R B2 R B D2 B R' D' R2 B2 D'
41762532221333,0,11,0,11,5297724,ok,R B' D R2 D' B D2 R' D2 R D2
41762533123331,0,11,0,11,4866751,ok,R B2 R B D' R B2 D' B R D'
41765231233232,0,11,0,11,4325057,ok,R B2 D B' R' D2 B R2 B D2 B2
41765322221312,0,11,0,11,3933057,ok,R B R' B R2 D' B2 D' B D' R'
41765322313211,0,11,0,11,8462765,ok,R2 D2 R B' R B R2 D' B D B2
41765323122212,0,11,0,11,4145405,ok,R B D' R B2 D' R2 D' B D' B'
42136752131312,0,11,0,11,5639990,ok,R B D R' B D' R D' R D2 B
42137561123333,0,11,0,11,5331732,ok,R B2 R2 B R2 B2 D2 B' D2 B2 R
42137653122131,0,11,0,11,4028746,ok,R B2 R' D2 R' B R' D2 B2 D' R
42137653132121,0,11,0,11,3396433,ok,R B R2 B R' B D' R D2 B' R
42157633231322,0,11,0,11,5358422,ok,R B2 D' B2 D B D2 R2 B' R' D2
42163751121212,0,11,0,11,6199473,ok,R B' R2 D' R' B R D' B2 D R
42165373223123,0,11,0,11,3369525,ok,R B R2 D' R2 D' B D' R2 B2 R
42167532131333,0,11,0,11,5793055,ok,R B2 D2 B' R D' R D2 R' D2 R
42315673112111,0,11,0,11,3616784,ok,R B R' B2 D' B D' R' D R2 D
42351671212211,0,11,0,11,5225860,ok,R B' R D B2 D' R B2 D' R2 D
42351763231133,0,11,0,11,7664229,ok,R2 B D2 R2 B' D' R B' D R2 D
42367153111121,0,11,0,11,3706136,ok,R B R' D2 R B' R B R2 D2 B2
42367153211123,0,11,0,11,4064623,ok,R B R2 B' D B' R2 D R2 D' R2
42516372233111,0,11,0,11,5067964,ok,R B2 D' R2 D' R D' B2 R2 D' B
42561733323122,0,11,0,11,3584813,ok,R B R D2 B2 R B R2 D2 B' R'
42573612323231,0,11,0,11,4456044,ok,R B2 R B2 R' B2 D2 R' B2 R2 D'
42573613322231,0,11,0,11,4129907,ok,R B R2 D' R' D' B R' B D' R2
42613572313211,0,11,0,11,4644316,ok,R B R' B2 R' D' B' R D2 B R'
42615371313332,0,11,0,11,7461886,ok,R2 B D2 R2 B2 R' B D' B D2 B'
42615372213311,0,11,0,11,5950918,ok,R D B2 R' B D R2 B2 D B' R'
42615372221213,0,11,0,11,5432740,ok,R B2 D' B2 D R2 B' R B2 R2 B'
42615372313211,0,11,0,11,6053490,ok,R B D2 B D2 B2 R2 B D2 B' D'
42651372213311,0,11,0,11,3942641,ok,R B R2 B2 D2 R' D' R D' B D2
42651733311122,0,11,0,11,4955892,ok,R B' R B2 D' R D R' D B2 D2
42673512232133,0,11,0,11,5440268,ok,R D B R2 B R B2 R' D' B2 R
42751632321233,0,11,0,11,5279258,ok,R B' D' B2 D B R2 D' R2 D R2
42751632323231,0,11,0,11,4221632,ok,R B D' R2 B2 D' R' B D' R B
43126572133313,0,11,0,11,5694337,ok,R B R2 B' R2 B' R D B' R D2
43167251232212,0,11,0,11,4812750,ok,R B R' B R' B D' R2 B2 D' R'
43176252123131,0,11,0,11,4000682,ok,R B R' B2 D R B R2 D' R D2
43176252311132,0,11,0,11,4255046,ok,R B D' B2 R B D R2 B' R D2
43216573132121,0,11,0,11,3554710,ok,R B R2 B2 D' B R' D2 R' D2 R'
43216573132223,0,11,0,11,3979322,ok,R B R' B' R B' D B2 R' D' B2
43216573212311,0,11,0,11,3902960,ok,R B R' D B2 D' R B' D' R D2
43216573212332,0,11,0,11,5617892,ok,R2 B R2 B2 D B' D' B R2 D B
43512671313332,0,11,0,11,4498754,ok,R B R' D R' D2 R B R2 D' B
43527612312323,0,11,0,11,3786537,ok,R B D R2 B' R D' R D' R2 B
43561271111111,0,11,0,11,4266407,ok,R B R D' B2 D' R' B' R B2 D'
43571262122222,0,11,0,11,5461873,ok,R B R D' B D' B R' D R2 B
43572161111111,0,11,0,11,5096990,ok,R B2 R' B' R' D R2 B D' B D'
43572612312323,0,11,0,11,4483802,ok,R B2 R' D2 R D' B D' B2 D R
43576211123222,0,11,0,11,4765047,ok,R B2 R D B2 D R' D' B2 R2 D'
43576212112232,0,11,0,11,5982396,ok,R D2 R D B2 D B' D' B2 R2 D'
43615271333312,0,11,0,11,4054485,ok,R B R' D R2 D R2 B' D B' R'
43615272113321,0,11,0,11,4494909,ok,R B R2 B' D2 R2 B R B' R D2
43617521223221,0,11,0,11,5913982,ok,R D B' D2 R D' R B D' R2 D'
43621752213323,0,11,0,11,5925978,ok,R B2 R B2 R2 B R2 D R2 D2 B2
43651722323132,0,11,0,11,4308999,ok,R B' R2 B R' B D R2 B' D R
43675122222122,0,11,0,11,6754923,ok,R B' D' R D R B2 R2 D' B D
43675211221331,0,11,0,11,4536240,ok,R B D R B D' R2 B R2 B D2
43721653231313,0,11,0,11,5201824,ok,R B R2 D B R2 D' R B2 R2 D
43751623123313,0,11,0,11,5261425,ok,R B R2 B' R2 D2 B D B' D B'
43765212222122,0,11,0,11,6597964,ok,R D B2 D2 B' R D2 B' D2 B R
45167323322231,0,11,0,11,4333149,ok,R B D' R D' B R2 B2 R B D
45176231131313,0,11,0,11,9350018,ok,R2 B R' B R' B D R2 B2 D2 R
45176231133113,0,11,0,11,9329693,ok,R2 B D2 R2 B2 D R B' R B' R
45176231331113,0,11,0,11,9061408,ok,R2 B R2 D2 B2 R B R' B D' R
45176233131113,0,11,0,11,9599371,ok,R2 B D' R B' R B R2 D2 B2 R
45176321131133,0,11,0,11,7919158,ok,R2 D R' D' B' D R2 B' R D2 R'
45213672221123,0,11,0,11,5047200,ok,R B' R B2 R' B D2 R' B2 R D2
45273162222122,0,11,0,11,5853791,ok,R B2 D2 B' R B' R D2 R' B2 R
45276131131133,0,11,0,11,6913944,ok,R2 B D' R' D' R D2 B' D B2 D'
45312671222312,0,11,0,11,3799457,ok,R B R' D2 R B' D2 R D R B2
45312672223331,0,11,0,11,4234324,ok,R B2 R' B' D R2 B' R' D' R D2
45312672233321,0,11,0,11,3962582,ok,R B D2 R2 B D' R B' D2 B R'
45312672313211,0,11,0,11,12419060,ok,B R2 B' R' D R2 B' D' B R' D2
45312673132313,0,11,0,11,6793710,ok,R2 B2 R D R2 D' R2 D R' B' D2
45312673222112,0,11,0,11,3780051,ok,R B R' D2 B' R2 B R' B2 D B'
45312673231313,0,11,0,11,6705141,ok,R2 B2 R B D2 B' R2 B R' B' D2
45312761113211,0,11,0,11,4354886,ok,R B2 R' B2 R D2 B2 R' D' B2 D2
45312761133311,0,11,0,11,4154671,ok,R B R2 B2 D B' D B' D R B
45312762221111,0,11,0,11,5094300,ok,R B' R' D2 R B R2 D' B2 D R2
45312762311111,0,11,0,11,4174804,ok,R B R' D2 B2 R' B' R B' D B
45321671212211,0,11,0,11,4553373,ok,R B D' B' D' R D2 B' D R2 D'
45321671221121,0,11,0,11,4553982,ok,R B' R B R2 D2 B R D2 R2 B'
45321673113311,0,11,0,11,7549293,ok,R2 B' D R B2 R' B R2 D' B2 D
45327612222323,0,11,0,11,4866600,ok,R B D2 R2 B2 R' B D' B' R B
45362712122222,0,11,0,11,5782437,ok,R B D' B R' D' R D2 R B R'
45367122223133,0,11,0,11,4947837,ok,R B' R2 B R B2 D' B D2 B' R'
45367211111132,0,11,0,11,4392458,ok,R B2 R' D' B2 R D' R2 D B' D2
45367211211122,0,11,0,11,4648081,ok,R B2 D2 R2 B D' B R2 D' B D'
45367213111133,0,11,0,11,4717324,ok,R B2 D2 R2 B D B' R2 D R' D
45376121131133,0,11,0,11,7308941,ok,R2 B' R B D2 B' R B2 D' B2 D
45376121331311,0,11,0,11,5353282,ok,R D B' R D2 R' D B' D B R2
45376211333123,0,11,0,11,4337141,ok,R B' R2 D2 B D' R2 B D' B' R'
45376213131323,0,11,0,11,6864145,ok,R2 B2 R D B2 D' R2 D B' R' D2
45376213333322,0,11,0,11,4014162,ok,R B D R' B2 R' D R D B2 D2
45612371133221,0,11,0,11,4561015,ok,R D R' B2 R B R' B D' B D2
45612372331121,0,11,0,11,3851332,ok,R B2 R' B R2 B' D R2 B' R' B2
45612373112231,0,11,0,11,3950035,ok,R B2 R2 B' D B D' R2 B2 D' R
45612373132121,0,11,0,11,3771981,ok,R B D' B R' D' R2 B2 D' R D'
45612373132223,0,11,0,11,4153887,ok,R B2 R B' D2 B' R2 D R2 D' R
45612373322111,0,11,0,11,3647708,ok,R B R' B' D R2 D R' B R2 B'
45612373332122,0,11,0,11,3889267,ok,R B2 R2 D2 R' B D B2 D2 R2 D'
45612373332221,0,11,0,11,3920839,ok,R B2 R2 D2 B D' R' D R' B D2
45613271331221,0,11,0,11,4456514,ok,R B R' B2 R' B D2 R' D2 R B'
45613272233111,0,11,0,11,5599768,ok,R B2 R2 D' R D' B2 D' R' B R'
45621373123331,0,11,0,11,4902461,ok,R B R' D' R2 D' R' B2 D B2 D'
45621373211111,0,11,0,11,6115964,ok,R D R' B D R2 D B2 R2 D B
45621732212123,0,11,0,11,5096282,ok,R B D2 R2 B2 R' D B' D B2 D'
45621732233333,0,11,0,11,4885925,ok,R B R2 D2 B2 D' B R' D B2 D'
45623712332123,0,11,0,11,3584496,ok,R B D' R D' B' R' D B2 R D'
45623713322321,0,11,0,11,3435106,ok,R B R' B D' R' B' R B2 D R'
45637123132121,0,11,0,11,3950261,ok,R B2 D' R' D' B2 R B' R2 B' D2
45637123332122,0,11,0,11,3460140,ok,R B R2 D B2 D B2 D2 R' B R
45671231132231,0,11,0,11,3514534,ok,R B D R' D' R' D B D' B D2
45671233112132,0,11,0,11,3777833,ok,R B2 R' B2 R' D R2 B R2 B R2
45673212212132,0,11,0,11,4549211,ok,R B R' D2 B2 D' R' D B' R B'
45673213211222,0,11,0,11,4646971,ok,R B D2 R2 B' D B' D' B2 R2 D
45713623223132,0,11,0,11,3739486,ok,R B D' B2 R' D R D' B R2 D2
45721363321313,0,11,0,11,4349578,ok,R B2 R2 B D' R2 B R2 B R2 B2
45721363322231,0,11,0,11,4197428,ok,R B D R2 B2 D' R D' R' D2 B2
45732612233321,0,11,0,11,3777120,ok,R B R D' R2 D' R' D R2 D2 B'
45736121122211,0,11,0,11,6138342,ok,R D B D2 B' D R2 B' D2 B R'
46123571111111,0,11,0,11,4583739,ok,R B R' B2 R D' R D' R2 B2 D2
46123573232123,0,11,0,11,5623781,ok,R D' B2 R D' R D' B' R' D R2
46125731333123,0,11,0,11,4532163,ok,R B D R' D B D2 R' D R B2
46127351131313,0,11,0,11,5680667,ok,R B R2 B R' D R D2 R D R'
46127352131333,0,11,0,11,6397084,ok,R B' R' B D B D2 B2 R' B D
46127353131323,0,11,0,11,6868331,ok,R B' R' D R D B2 D2 R' B R
46135272133313,0,11,0,11,5362037,ok,R B R B' D2 B D' R B R' B2
46153273131131,0,11,0,11,6486442,ok,R D' R2 B2 R' D2 B D2 B2 D B'
46157233333232,0,11,0,11,3954714,ok,R B R D' B D' B2 R' D B2 R'
46157321331233,0,11,0,11,4736148,ok,R B D' R' B R' D2 B2 R' D' R2
46215372121223,0,11,0,11,4187107,ok,R B D' B R2 D' R2 D' R B' R'
46215372313211,0,11,0,11,7239208,ok,R2 B2 R B' D R D2 B' R D R2
46257132211133,0,11,0,11,5152234,ok,R B' D2 B D R2 B' D R2 D' R'
46257313312211,0,11,0,11,8061460,ok,R2 D R' D B R2 B R2 D2 B D
46273512122312,0,11,0,11,4196439,ok,R B D' B2 D' R' D' R B2 D' R
46273513221212,0,11,0,11,3993288,ok,R B R' D2 R' D' R' B D2 R' B
46275311123222,0,11,0,11,4899927,ok,R B R2 D2 B' D' R D' R D2 R
46275312112232,0,11,0,11,6153607,ok,R D R2 B2 D' B' D B' R D2 R
46275312132212,0,11,0,11,5428543,ok,R B2 D' B2 D B2 R' B R2 B2 R'
46275312232133,0,11,0,11,4782487,ok,R B D R2 D2 R B R B' D2 B'
46275312313211,0,11,0,11,5828006,ok,R B R2 B R2 B2 D2 B D2 B' D'
46275313121222,0,11,0,11,5035146,ok,R B D' B D' R B2 D B' D' R'
46275313312211,0,11,0,11,5817446,ok,R D R2 B' R D R2 B2 D R' B'
46321752111131,0,11,0,11,4434665,ok,R B' D2 B D' R B R2 D' B R
46352171211233,0,11,0,11,3620903,ok,R B D' R D R B' R2 D B D'
46352172113231,0,11,0,11,3355937,ok,R B R B' D2 B D' B R B2 D2
46372511221331,0,11,0,11,4915153,ok,R B2 R' B D' R' B R' D2 R D2
46375211211332,0,11,0,11,3641627,ok,R B R' B' R2 D' R' D R2 B' R'
46375212113111,0,11,0,11,3994791,ok,R B D2 B R' D' R D' B' D2 B
46375212132131,0,11,0,11,3631030,ok,R B R D2 B2 R2 D B' R2 B D'
46375212132221,0,11,0,11,4006241,ok,R B D' B R2 D' R' B D' B2 R'
46375212332222,0,11,0,11,3912065,ok,R B R2 D' R' B R D2 B2 R2 D'
46375213112111,0,11,0,11,4957000,ok,R D R' B D' B R2 B2 R B' D'
46375213123121,0,11,0,11,4526318,ok,R B' D2 R D' R' D B D' R B2
46375213333121,0,11,0,11,3683637,ok,R B R2 B D' R D' B' R' D R2
46512371331221,0,11,0,11,4779969,ok,R B D' R2 B2 R D' B2 D' B2 D2
46512372113321,0,11,0,11,5190330,ok,R B R2 B' D2 R2 B R B' R D
46513272332111,0,11,0,11,3837282,ok,R B R2 D2 B' R B' R B R' D'
46513273113221,0,11,0,11,3821041,ok,R B R D' B2 D' R B2 D B' R
46523711331332,0,11,0,11,4575289,ok,R B R2 B' D B' D R' B D B2
46527133111121,0,11,0,11,3710185,ok,R B R' D2 R B' R B' D2 B2 R2
46572311223122,0,11,0,11,4871648,ok,R B' D B' R2 B' R' B' D R2 B
46572312132122,0,11,0,11,3974846,ok,R B R2 B' D B2 R2 D R' D R2
46721533123313,0,11,0,11,5072347,ok,R B R2 B' R D' B R' D R B2
47123562232133,0,11,0,11,5537250,ok,R D B D2 R' B' R2 B R D2 R
47123651233232,0,11,0,11,4105883,ok,R B' R D R' B D' B2 R B R2
47126351233232,0,11,0,11,5598495,ok,R D R' B R D' B2 R D' B D'
47126532133133,0,11,0,11,4691014,ok,R B D' R2 B2 R' B' D B' D B'
47132562311111,0,11,0,11,4483194,ok,R B2 R B2 R' B2 R B2 D2 R2 D'
47132563222331,0,11,0,11,5995398,ok,R2 B D' R' D R D' B R2 B' D
47132652233321,0,11,0,11,4471521,ok,R B2 R' D2 R B' D B' D2 B R
47135622132332,0,11,0,11,4192287,ok,R B D2 B' D B2 R2 D B' D R2
47136252133112,0,11,0,11,5919229,ok,R D2 R B R2 B R' D' B2 R2 D'
47152361233232,0,11,0,11,3704430,ok,R B R' D B D2 B2 D' R' D2 B
47152631322131,0,11,0,11,4760549,ok,R B2 R2 B' R B' R D2 R D R2
47156231332313,0,11,0,11,4769482,ok,R B' D' R D2 R D' B' D B2 D2
47156233211132,0,11,0,11,4560884,ok,R B' R2 D R2 D' R B' D2 B' R
47156233223312,0,11,0,11,3941747,ok,R B D' B D' R' B D2 R' B' D'
47156233233113,0,11,0,11,4648399,ok,R B' R' D R2 D R' B' D B2 D2
47156233322312,0,11,0,11,3784699,ok,R B R' D R' D' B R2 D' R' D'
47156321111111,0,11,0,11,4797208,ok,R B D R' B R' D B2 D2 B D'
47156321133311,0,11,0,11,4858639,ok,R B' R D2 R D R B' D R2 D'
47156322132311,0,11,0,11,4124033,ok,R B D2 R' D' B R D2 B2 R2 D'
47156322313232,0,11,0,11,3808540,ok,R B R2 B R' D' B R' B' R2 B
47156322332132,0,11,0,11,3558690,ok,R B R D2 R' D R2 B' R2 B' R2
47156322332312,0,11,0,11,3719781,ok,R B R' B R2 D' B' D B' D2 R'
47156323223123,0,11,0,11,4100020,ok,R B2 R2 B' R' B R2 D' R B R2
47162351322122,0,11,0,11,4168858,ok,R B D B2 D2 B R' D R' B D
47163522131222,0,11,0,11,3990560,ok,R B R' B2 R' B' D' R D2 B' R
47165321232113,0,11,0,11,5406390,ok,R B D' R2 B2 R B R D' B2 R
47165321322131,0,11,0,11,7871457,ok,R2 B2 D2 B' R D' R2 B' R B' R2
47165322132212,0,11,0,11,5424226,ok,R B2 D' R2 D R2 B' D R2 D2 R'
47165322133112,0,11,0,11,6186785,ok,R D R2 B2 D' R' D B' R B2 R
47165322232133,0,11,0,11,4662969,ok,R B R D2 R2 D B R B' R2 B'
47165322313211,0,11,0,11,6079755,ok,R B D2 B R2 B2 D2 B R2 B' D'
47216352131333,0,11,0,11,6508159,ok,R D B2 D2 B' R B2 D' B2 D R
47251363131113,0,11,0,11,6312788,ok,R B' R2 B R' D B' R2 B' R B'
47251632131312,0,11,0,11,5389932,ok,R B R' B R' D' B R2 B D R'
47256133212311,0,11,0,11,4113802,ok,R B D' R' D' R2 B2 D' R B' R
47256133321232,0,11,0,11,4059118,ok,R B R B' R B2 R' D R2 B' D'
47265312122222,0,11,0,11,4368559,ok,R B R B2 R' D' B2 R D' R' D'
47265312131312,0,11,0,11,4552384,ok,R B D B2 D' B' R2 D B' R' D'
47265312313211,0,11,0,11,12183334,ok,R' D R' D B D2 R' D R B2 R'
47321651311133,0,11,0,11,4564840,ok,R B R B R2 D' B2 D R2 B' D'
47352612123131,0,11,0,11,3916935,ok,R B R D' R' D R2 D R2 B' D2
47352612311132,0,11,0,11,4034367,ok,R B D R' D' R D2 R D2 B' D2
47352612313211,0,11,0,11,7609961,ok,R2 B' R2 B' R' D' R D2 B D' B
47512632312323,0,11,0,11,3875451,ok,R B R2 D2 R D' R' D2 R' D B'
47621532232331,0,11,0,11,3557941,ok,R B R' D R' B' R' B D2 R D'
47621533231121,0,11,0,11,3712934,ok,R B2 R B' R D R2 B' R B D2
47632152233321,0,11,0,11,3773814,ok,R B R D2 B' R B' D R' D2 B
47632153212311,0,11,0,11,4636616,ok,R B' D2 B' R B2 R B2 D B R2
47632153232321,0,11,0,11,4269303,ok,R B' R2 D' B R B R2 B D' B
47632513212332,0,11,0,11,5988078,ok,R2 B2 R' B' D' R D2 R D2 R' D2
47652132231323,0,11,0,11,4634124,ok,R B R2 D2 B2 D' R D' R' D B
47653213211231,0,11,0,11,5793493,ok,R2 B D2 R' D R D2 B R B' D'
47653213232111,0,11,0,11,3392324,ok,R B R B D2 B R' B' R' D2 R2
51264731113322,0,11,0,11,3924784,ok,R B R' D' R D2 R B D2 B2 R'
51264732213311,0,11,0,11,3700287,ok,R B R B2 R2 D2 R' D' R D' B
51267342312233,0,11,0,11,6537114,ok,R B' D B2 D B' R D' R' B2 D2
51324671211122,0,11,0,11,4258784,ok,R B R' B' D B' R B2 D2 R' D'
51324672212111,0,11,0,11,5502270,ok,R D R' B' D' B R2 D' B R2 B'
51324673113311,0,11,0,11,6482050,ok,R2 B R2 B' D2 R B' D2 B R D'
51324761111123,0,11,0,11,4801322,ok,R B R' D R B2 D2 R' D2 R D
51324763113332,0,11,0,11,4629364,ok,R B R' B' D B D' B2 R2 B R2
51342672212111,0,11,0,11,5247347,ok,R B' D R B2 R' B R2 D' B2 D
51342763312223,0,11,0,11,9298175,ok,R' B R' D R B2 D' R D R2 D'
51367241211113,0,11,0,11,3767776,ok,R B D' R2 D B2 R' B D B D'
51423671221331,0,11,0,11,3995230,ok,R B D2 B2 R D' B2 R B R2 D2
51426731111111,0,11,0,11,4671328,ok,R B D R2 D R' B' D R' B2 R2
51426733312211,0,11,0,11,4249870,ok,R B2 R' B D2 B' R D2 B' R' B
51472361131313,0,11,0,11,5664535,ok,R B2 R B R' B D' R2 D' B D'
51472633331312,0,11,0,11,5376102,ok,R B R2 D2 B D2 B R D' R B'
51623471321111,0,11,0,11,3411513,ok,R B R2 B' R B' D' B2 R B' R
51623743313321,0,11,0,11,5023307,ok,R B R' D B' D' R B2 R B D'
51624731312123,0,11,0,11,4865629,ok,R B2 R2 B R2 B' R2 D B' R2 B2
51624733323113,0,11,0,11,5310375,ok,R B' D' B D2 R' D B' D' R2 D'
51632741323232,0,11,0,11,3786052,ok,R B D' R2 B D R' D R2 D' R
51642371122313,0,11,0,11,5102665,ok,R B2 D2 R' B' D R' B2 D2 R D
51642731113322,0,11,0,11,5564709,ok,R D B2 D2 R' D B' R' B R2 D'
51647231113232,0,11,0,11,3643183,ok,R B R2 D2 B D2 B R' D' B2 D
51723643131311,0,11,0,11,5349984,ok,R B R' B D R' B2 R' D2 R D
51724362122222,0,11,0,11,4626097,ok,R B D' B2 D B R2 B R' B' D
51724363121213,0,11,0,11,4542916,ok,R B D' R2 D B R2 B D' B' D
51726433123313,0,11,0,11,5401355,ok,R B D2 B2 D' R B2 D' R2 D B
51732643121213,0,11,0,11,5643172,ok,R B D' R B' D' R D2 R D R'
51742632323231,0,11,0,11,4456599,ok,R B2 R' B2 D2 R' B2 R' D' B2 D2
51742632323333,0,11,0,11,4836576,ok,R B2 D' R' D2 R D2 B' R B D2
52134761232113,0,11,0,11,4272640,ok,R B D' R' D R2 D B D2 B2 R'
52147631121311,0,11,0,11,4324641,ok,R B2 R2 D2 B R' D B' D2 B D'
52147631131211,0,11,0,11,4515413,ok,R B2 D B' D B' R2 B D' B' R
52147631211131,0,11,0,11,3885464,ok,R B R B' D2 R B' R B' D B2
52147631311121,0,11,0,11,3967323,ok,R B R2 B' D B2 D R2 D2 B' D'
52147632111113,0,11,0,11,4292985,ok,R B2 R' B R B D' R D' R2 B
52147633111112,0,11,0,11,5531460,ok,R D2 R' D B D B' D R' D2 B
52163471112122,0,11,0,11,4489814,ok,R B2 R' D' R2 B2 D R B R' B2
52163471213111,0,11,0,11,3858378,ok,R B R2 B' D B' D R2 B2 D2 B'
52163471312111,0,11,0,11,3805395,ok,R B R B2 D2 B D B' R2 D2 B'
52163471333123,0,11,0,11,3525729,ok,R B R' D B2 D' B2 R D R B'
52163472111311,0,11,0,11,3843291,ok,R B R D2 B' R D' B' D2 R B
52163472131222,0,11,0,11,3779384,ok,R B D2 R2 D R B2 R B R2 B'
52163473111211,0,11,0,11,4073052,ok,R B D B2 R' B D' R' B2 D B
52163473111331,0,11,0,11,4028461,ok,R B2 R B R2 B' D2 B D' B' R2
52163473221323,0,11,0,11,3775778,ok,R B R2 B' D R2 B' R2 B D B2
52163473323332,0,11,0,11,6480395,ok,R2 B2 R' D R2 B' R' D' R2 B R
52167342121232,0,11,0,11,5346328,ok,R B R' D B R2 D2 B' R2 B2 D'
52167432121313,0,11,0,11,4804888,ok,R B2 R' D R' B2 R B2 D' R D'
52167432122222,0,11,0,11,5866020,ok,R D2 R' B2 D R D2 R2 D' B' D2
52167432131213,0,11,0,11,5110730,ok,R B' D2 R B R2 B' R' D2 R' B'
52167433133333,0,11,0,11,5669140,ok,R D B2 D2 B R D R' D2 R' B
52167433331333,0,11,0,11,4868637,ok,R B' R B2 D' B2 D R' B D2 B'
52174633223123,0,11,0,11,5061078,ok,R B' R' B' R D' R' D2 R' D' R
52314673311311,0,11,0,11,7994849,ok,R2 D B' R' D' B D2 R' B D2 B'
52314761322122,0,11,0,11,4557733,ok,R B2 R2 B D2 B' D2 R D' R2 D2
52341671111111,0,11,0,11,12699911,ok,B R' B2 R' D' B' R D2 B R' D
52341671122211,0,11,0,11,4648574,ok,R B2 D' R2 D' R D' B' R2 B R2
52341671311313,0,11,0,11,3776193,ok,R B R2 B' R B2 D' R2 D R B2
52341672211112,0,11,0,11,4692234,ok,R B2 D' R2 D' B D' B' D2 B R2
52341672232313,0,11,0,11,4359512,ok,R B2 R D R2 D' R2 D R' B' D2
52341672323222,0,11,0,11,4751575,ok,R B' R' D R' B' D R B2 R2 B
52341672323312,0,11,0,11,6245240,ok,R2 B R2 D B2 D R' B D2 B D
52341673133111,0,11,0,11,4006415,ok,R B D2 B' D R2 B' R2 B R B2
52341673232213,0,11,0,11,4273161,ok,R B2 R B D2 B' R2 B R' B' D2
52341673232333,0,11,0,11,3809909,ok,R B R B2 D' R D' B' R2 D B
52341673323212,0,11,0,11,6134820,ok,R2 B R D2 R B' R D2 R B2 D
52361472121313,0,11,0,11,5821911,ok,R D B2 D2 B' D' B2 R B2 R' D2
52361472131312,0,11,0,11,4814044,ok,R B2 R2 D' R D' B' R D2 B' D'
52367142211121,0,11,0,11,4915383,ok,R B2 R B' D2 R' B' R' B2 R' D
52367412322232,0,11,0,11,4120733,ok,R B D2 B' R B2 R D2 R2 B' R
52374161112323,0,11,0,11,4253005,ok,R B R D2 R D' B' D R' D2 R2
52376413222223,0,11,0,11,4614786,ok,R B R' D' R B D2 R2 B2 R' B
52463173212332,0,11,0,11,5530268,ok,R2 B R' B' D' R B2 D' B D2 B'
52463713212332,0,11,0,11,5550778,ok,R2 B R2 B' R2 D B' R2 B R B'
52471631223113,0,11,0,11,4154890,ok,R B' R2 D R' B D' R' B' R D2
52471631323112,0,11,0,11,4259508,ok,R B' D2 R D' R B' R' D' R B2
52614372313211,0,11,0,11,6880297,ok,R D R' B D B2 R' D B D2 B'
52641733212311,0,11,0,11,4035552,ok,R B R' B' D' R2 B2 D' B D' B
52641733232321,0,11,0,11,4108570,ok,R B2 R D R' D2 R B R2 B2 D'
52673413232123,0,11,0,11,3832417,ok,R B R2 D' R2 D' R D R' D2 B2
52713461232323,0,11,0,11,3781990,ok,R B R2 B' D2 R2 B R' B' R2 B
52714361232113,0,11,0,11,6246241,ok,R D B2 D2 R' B R' B' R D2 B'
52714633213223,0,11,0,11,4106642,ok,R B2 R' B' D2 R D' R2 D R' B2
52714633223123,0,11,0,11,4111551,ok,R B2 D2 R2 B D R' D2 B R' B
52731641233112,0,11,0,11,3616366,ok,R B R' D' B D' B D2 R2 B' D
52731641323112,0,11,0,11,3486353,ok,R B R' B' R B' D B2 R2 D' B
52736141322233,0,11,0,11,4110122,ok,R B R2 B2 D' B D' R' D R2 B'
52741362313211,0,11,0,11,4728965,ok,R B D R2 D B2 D R' D2 B2 R'
52741362313223,0,11,0,11,5396827,ok,R D B' D' B' R2 D2 B' R B' D
52741632122333,0,11,0,11,6085873,ok,R B R2 B2 R D B2 D2 B' D2 R
52741632123323,0,11,0,11,7516350,ok,R D R2 D2 R B D2 B2 D' B2 R
52741632212213,0,11,0,11,6367731,ok,R B D2 R D' R' D2 R' D2 B D'
52741632212231,0,11,0,11,6624736,ok,R B2 R' B R' B' R D R' D B'
52741632232211,0,11,0,11,6168227,ok,R B R2 D R' B' R2 B' D2 R D'
52741633221233,0,11,0,11,6079390,ok,R B D R2 B2 R' B' R2 D' R' D
52741633313312,0,11,0,11,5994117,ok,R B R' B D B2 D B' D2 R2 B
52741633313321,0,11,0,11,6456337,ok,R B D' R D' R' B R B' R B2
52741633321223,0,11,0,11,7147573,ok,R B' D B' R2 B R2 B' D2 B D'
52741633323311,0,11,0,11,6247300,ok,R B D' R D R2 D B' R2 D2 B
52743611111213,0,11,0,11,4124598,ok,R B D B' R2 B D' B D' B2 R
52743611111312,0,11,0,11,5095018,ok,R D B D' R2 D R' D B' D2 R
52743611112131,0,11,0,11,4121425,ok,R B D2 B' D B R2 D' B' D R
52743611113121,0,11,0,11,5181341,ok,R D B2 D' B D R2 B' R' B R
52743612131111,0,11,0,11,3929409,ok,R B R2 B' R D2 R B2 R2 D' B
52743613121111,0,11,0,11,4757771,ok,R B' D B R2 D' B R' B R2 B'
52761431111213,0,11,0,11,4094580,ok,R B D2 B' D B2 D B2 D2 R' B'
52761431111312,0,11,0,11,4121508,ok,R B D B' D2 R D' B D' B D2
52761431112131,0,11,0,11,4287972,ok,R B2 R2 D2 B R' B R' D2 R B'
52761431113121,0,11,0,11,4346223,ok,R B2 D R' D B' R2 B R' B' R
52761432131111,0,11,0,11,4176213,ok,R B D' B2 D' B2 R D' R' B R'
52761433121111,0,11,0,11,4010037,ok,R B R' B' R B2 D' B2 D' B R'
52763143222331,0,11,0,11,6349240,ok,R2 B' D B D2 B' R D2 B' D2 B
52763411222312,0,11,0,11,8437159,ok,R2 B R' D' R B' R2 D2 R D' R
52763411333123,0,11,0,11,5744251,ok,R B D2 R2 B2 D R D' B D' R
52763413222112,0,11,0,11,8724479,ok,R2 B D' B' D B' R2 D2 R B' R
52763413223312,0,11,0,11,8701458,ok,R2 B D' R B2 R2 D' R D' B' R
52763413322312,0,11,0,11,8445075,ok,R2 B R' B R2 B2 D' R B' D' R
53126471231231,0,11,0,11,5132152,ok,R D2 B R2 B' D R' B R' B' R'
53126471231321,0,11,0,11,4095309,ok,R B R' B2 D2 R' D' R D' B R
53126471321321,0,11,0,11,4390771,ok,R B' R' B2 R D R2 B' R2 B D2
53146272123233,0,11,0,11,5787705,ok,R D R B2 R' D R2 B' R2 B R'
53147262123131,0,11,0,11,4025845,ok,R B R2 D' R2 D' B D R' B2 D2
53162743312223,0,11,0,11,9422513,ok,R' B R' B D R2 B' D R B2 R'
53274163211222,0,11,0,11,5259010,ok,R B2 R B2 R2 B R2 D' R2 D2 B
53421671321111,0,11,0,11,5389749,ok,R2 B R D' B2 D B' D R B2 D2
53421671321231,0,11,0,11,3591346,ok,R B R2 D2 B R2 B R' D' R2 D
53426171112233,0,11,0,11,4159698,ok,R B R2 B2 D' R B' D' R D2 B'
53462711113322,0,11,0,11,5419985,ok,R D R2 D2 B' R D' R' B D2 R'
53467211321111,0,11,0,11,3428549,ok,R B R2 B' D R' B' D2 R D' R
53476121323112,0,11,0,11,4475087,ok,R D R2 D2 B' D B2 D' B R2 B'
53476121323322,0,11,0,11,4608219,ok,R D R2 D2 B' R B2 R' D B2 D'
53614721212121,0,11,0,11,5718281,ok,R B2 R B2 R2 B' R2 D B2 D2 R'
53621471331221,0,11,0,11,3760694,ok,R B R D' R2 B2 D B' R' D B2
53642171111111,0,11,0,11,4608350,ok,R B R' B2 R D' R D R2 B2 D'
53672142221213,0,11,0,11,7736270,ok,R2 B R B' D B' D R' D B2 R
53714622233111,0,11,0,11,6361172,ok,R B' R D2 R D' R D' B' R2 D2
53721463223312,0,11,0,11,4749090,ok,R B2 R B2 R2 B R2 D R2 D2 B
53724612121112,0,11,0,11,5627759,ok,R B D' R B R2 D2 B' R2 B2 D'
53726143333121,0,11,0,11,4045915,ok,R B R' D2 R B R2 B R' D' R
53741621323112,0,11,0,11,4152382,ok,R B' R2 D R' D B' R' B' R B2
53741621332112,0,11,0,11,4283201,ok,R B' D2 R D' B D' B' D' R D2
53742612323333,0,11,0,11,4913903,ok,R B2 R B' R2 D' B' R' D2 R' D
53761242121211,0,11,0,11,5581779,ok,R B R B2 R2 B' D2 R B D B2
53761242221213,0,11,0,11,5918051,ok,R B2 R' D' R B' R D2 R D' R
53761242321212,0,11,0,11,5540511,ok,R B R B2 R B R B2 D' R B'
53762143222331,0,11,0,11,4732247,ok,R B D' B' D B R' B2 D2 B D2
53762413322123,0,11,0,11,5171619,ok,R D R' D B2 D' R D' B D B2
54123673233323,0,11,0,11,4502065,ok,R B' R D R2 B' D R' B R2 B'
54126371331221,0,11,0,11,3824381,ok,R B R' B' D R D' R D2 R' D
54127632131213,0,11,0,11,5486752,ok,R B' D B R' D' R B R' D R2
54127632222212,0,11,0,11,5205150,ok,R B' R D R' D' R D B' D B2
54127633131212,0,11,0,11,5487456,ok,R D R2 D2 R' B' D2 R D2 R' B2
54127633133333,0,11,0,11,5749287,ok,R D B2 R' D B D B2 D2 R' B
54127633333313,0,11,0,11,5344789,ok,R B' D2 B' D B R D2 R2 D B
54163271133221,0,11,0,11,4237825,ok,R B2 D R' B R D2 B' D R D2
54163272233111,0,11,0,11,5503315,ok,R D R B R' B2 D' B R D R
54167231121113,0,11,0,11,3828585,ok,R B R2 B' R D' B R2 D2 B2 D'
54167231131112,0,11,0,11,3883678,ok,R B R D2 B2 D B D' R2 B2 D'
54167231221211,0,11,0,11,4145571,ok,R B2 R' D' B2 R2 D B D R' D2
54167231333213,0,11,0,11,3837590,ok,R B R' B D R B2 D' R D2 R'
54167232112112,0,11,0,11,4120557,ok,R B2 R' B' D2 R2 B R D R' D2
54167232133313,0,11,0,11,4363754,ok,R B2 R2 D B D' R2 D' R' D2 R
54167232333113,0,11,0,11,3815362,ok,R B R' B R2 B' R2 D B R D'
54167233232333,0,11,0,11,4919531,ok,R B' D' R B2 R B D' B' R2 D
54167233331213,0,11,0,11,4337924,ok,R B2 R2 D R B' D2 B' R' B2 R
54172633132313,0,11,0,11,5375196,ok,R B D2 R B D2 R' B R2 B2 D
54217362233213,0,11,0,11,8870950,ok,R2 B' R2 B R' D B' R2 B' R B'
54217632132212,0,11,0,11,7932213,ok,R2 B R' B R' D' B R2 B D R'
54231671123111,0,11,0,11,4113150,ok,R B2 D' R B D R2 D R' B' D
54231673123121,0,11,0,11,3603973,ok,R B R' D R D B2 R2 B D2 R2
54261373123121,0,11,0,11,3917578,ok,R B R D R2 B' R2 B R2 D' B'
54261732231233,0,11,0,11,4844784,ok,R B R' D B' R D' B2 R2 D' B'
54276132233312,0,11,0,11,4707474,ok,R B2 R' B R' B2 D' B R' D2 R2
54312671131331,0,11,0,11,4043662,ok,R B R' B D2 B' D R' B R B2
54312672212111,0,11,0,11,4420611,ok,R B R' D' R' D R2 B' D B2 D'
54312673311311,0,11,0,11,7512653,ok,R2 B' R D B2 D' R B2 D' R2 D
54317261113112,0,11,0,11,3620250,ok,R B D2 B' R D' R' B2 D B' R
54317621111222,0,11,0,11,4741948,ok,R B D R' D2 B2 R D' R' B D2
54321672212213,0,11,0,11,6434742,ok,R B D' B R' B R B2 D2 R2 B
54321672212231,0,11,0,11,6029914,ok,R B R2 D2 B2 R B D' R D' B
54321672232211,0,11,0,11,6295530,ok,R B R' D B' R D B2 R2 D2 B
54321673313312,0,11,0,11,9123910,ok,R2 B R' B' D B' D2 R2 D R' B
54321673313321,0,11,0,11,9373434,ok,R2 B R' D B2 D2 R' D B' R' B
54321673323311,0,11,0,11,9346389,ok,R2 B D' R' D B' R2 D2 R D' B
54321761211221,0,11,0,11,3926166,ok,R B R B' D B' D2 R' D R2 B'
54321763113113,0,11,0,11,5309564,ok,R D R' B D2 B' R D' B R B2
54326171111231,0,11,0,11,5339022,ok,R2 B R B' D2 B D' B R B2 D2
54326171112233,0,11,0,11,3786089,ok,R B R' D2 R' D2 R D' B' D' R
54326171321231,0,11,0,11,3848251,ok,R B D' R2 D' R2 D R' B' D' R
54326711112212,0,11,0,11,4908530,ok,R B D' B R2 D' R B' D2 R2 B
54327612223232,0,11,0,11,4287640,ok,R B2 R' B D R B' R B' D2 R
54361272223232,0,11,0,11,4371207,ok,R B2 D2 R' B D R2 D2 B R D
54362171113133,0,11,0,11,4558953,ok,R B R B D' B2 D R' B R' D'
54362711111231,0,11,0,11,3647616,ok,R B D' B2 R D R' B D2 B' R
54362711323112,0,11,0,11,4453938,ok,R D R' D' R D' B R2 D2 B' R
54367121112212,0,11,0,11,5413824,ok,R B' D' R2 D B R2 D' R2 D B2
54367121113211,0,11,0,11,4466069,ok,R B D' B2 R2 D' R' B R' B R
54367121113331,0,11,0,11,6169221,ok,R D2 B D2 B' D R' D R' B' R'
54367122211121,0,11,0,11,4950492,ok,R B2 D' B' R2 B D2 R' B R D2
54367122311111,0,11,0,11,4474058,ok,R B2 R' B2 D2 R' D2 R' D' R2 D2
54367123311113,0,11,0,11,4451995,ok,R B D2 B2 R B' R B' R D R
54367211132222,0,11,0,11,6071208,ok,R B D B2 R2 B' R B' D' B2 R'
54367211213333,0,11,0,11,7579956,ok,R D B2 D2 B D R2 D2 R' D2 B
54367211222132,0,11,0,11,6188052,ok,R B R' B D' B' D B R' B D2
54367211333213,0,11,0,11,6592812,ok,R B2 R' D B' R' B R B' D R'
54367212211322,0,11,0,11,7528188,ok,R D R2 D2 R B R2 B2 R' D2 B
54367212231122,0,11,0,11,6413092,ok,R B D2 B2 D B D2 B2 D' R2 B
54367212233213,0,11,0,11,6166441,ok,R B R2 D R' D' R2 D' R2 B D'
54367212332213,0,11,0,11,6336812,ok,R B D2 R D' B' R2 B' D2 R D'
54367212333113,0,11,0,11,6646911,ok,R B2 R' B D' R' B R D' B R'
54367213112222,0,11,0,11,7150655,ok,R B' D R' D2 R B2 R' D2 R D'
54367213312133,0,11,0,11,7000036,ok,R B' R B' R2 B R2 B' R2 B R'
54371261113331,0,11,0,11,4662453,ok,R B R2 B2 D B' D2 R D R2 B2
54371621113112,0,11,0,11,5467007,ok,R2 B D B' D2 B R' B R B2 D2
54371621113322,0,11,0,11,3749046,ok,R B R2 B' R2 D2 B D' B' D2 B
54376121322233,0,11,0,11,4383643,ok,R B D2 B2 R' B R' D' B R2 D'
54376211111132,0,11,0,11,4496741,ok,R B2 R2 D2 B' R B D' B D' R2
54376211111222,0,11,0,11,4146129,ok,R B R B2 R' D' B2 D' B2 D B2
54376211113133,0,11,0,11,4689211,ok,R B2 D B2 D' B R' D B' D' R'
54612371112311,0,11,0,11,6663273,ok,R2 B R2 B2 D2 R' D' R D' B D2
54612372222131,0,11,0,11,4914917,ok,R B D R B2 D B' D2 R2 B' R
54612732112223,0,11,0,11,4640152,ok,R B2 R' B D' R2 B' D B' D2 B2
54612733322213,0,11,0,11,4701635,ok,R B2 R' D R' B2 D' R B' D2 B2
54621371133311,0,11,0,11,4325106,ok,R B D' B D2 B' D B' D R D2
54621372211121,0,11,0,11,4732787,ok,R B' R D R2 B2 D R B2 R2 D'
54637211132111,0,11,0,11,3658200,ok,R B R' B2 R D2 B' D B R D'
54671232221213,0,11,0,11,4995015,ok,R B R2 B D R' B2 R' B' R2 D2
54712361323313,0,11,0,11,4740019,ok,R B2 D2 R' D' R D' B2 R2 D B
54712362223322,0,11,0,11,4967786,ok,R B2 R2 B D2 B D2 R' B R2 B2
54716232222113,0,11,0,11,4921077,ok,R B D' R B' R B' R2 D2 B' R'
54716321112323,0,11,0,11,4738629,ok,R B D' B2 D B' R B D2 R2 B'
54716322313223,0,11,0,11,3920361,ok,R B D B2 D2 R2 D' B' R B' R
54721631111111,0,11,0,11,15104505,ok,B2 R' B R' D' B R2 B R B D'
54721631122121,0,11,0,11,4436633,ok,R B2 D' R D2 R' D' B R' B2 R2
54721631311133,0,11,0,11,4204901,ok,R B D2 B' R D2 B' R2 B R D2
54721632133232,0,11,0,11,4104349,ok,R B2 R' B' R2 D2 B R D B' D2
54721632212222,0,11,0,11,4373932,ok,R B2 R2 D R D' R2 D' B' R2 B
54721632212231,0,11,0,11,3818029,ok,R B R' D R B R2 D' B D2 B'
54721633231322,0,11,0,11,4071051,ok,R B D B' R2 D2 R B D2 B D2
54721633313321,0,11,0,11,4376832,ok,R B2 R D' R D' B' R B' R D2
54721633333331,0,11,0,11,3844928,ok,R B R2 D2 R B R2 B D R2 D'
54723612131312,0,11,0,11,5928832,ok,R D2 R' D2 B R D2 R2 D' R' D2
54723612221222,0,11,0,11,4852806,ok,R B2 R' D B' R2 B R2 D' R D'
54723612222212,0,11,0,11,4969803,ok,R B' R2 B' D' B2 D B R2 D' R'
54723613121312,0,11,0,11,5453219,ok,R D B2 R' D' R2 D R B2 R D'
54723613333313,0,11,0,11,5508747,ok,R D B2 R' D' B2 D B D2 B R'
54761233322321,0,11,0,11,4248730,ok,R B D' B2 R2 D' B D' B' D R2
54763212322232,0,11,0,11,4025137,ok,R B R' B2 R' D2 B D' B' D B'
56123471222312,0,11,0,11,5915511,ok,R B D' B D' R' B D R' D B2
56123471223221,0,11,0,11,5615649,ok,R B R B2 D2 B' R' B2 D' R' B
56123471331332,0,11,0,11,7187293,ok,R D B2 D2 B D B2 D2 B' R2 D
56123471333123,0,11,0,11,6174693,ok,R B2 R' D R' B' R B R' D R'
56123472322121,0,11,0,11,5935605,ok,R B D2 B2 D B R2 B2 R' B2 D
56123472331331,0,11,0,11,5572590,ok,R B R2 B2 R D R2 D2 R' B2 D
56123473133132,0,11,0,11,6558055,ok,R B' R D' R2 D B2 D' B2 D R'
56123473133231,0,11,0,11,5522195,ok,R B R D2 B2 D' R' B2 D' B' R
56123473222112,0,11,0,11,5707532,ok,R B R' D R' D' B R B' D B2
56123473223312,0,11,0,11,5693918,ok,R B R' D R D2 R B' R2 D2 B
56123473322312,0,11,0,11,5902215,ok,R B D' B D R2 D B' D2 R2 B
56124371111231,0,11,0,11,3557236,ok,R B R' B2 D B R' B R2 B' R
56124371232323,0,11,0,11,4886334,ok,R D R' B' R D' B D2 R2 B' R
56127433332323,0,11,0,11,4355501,ok,R B2 R2 D2 B D' R B' D2 B R
56132472333332,0,11,0,11,4434097,ok,R B2 D2 R2 B D' R B2 D' B R'
56132473211111,0,11,0,11,4304206,ok,R B D' B' D' R2 B2 D' R D' B
56132473213211,0,11,0,11,4304262,ok,R B2 R D B' D2 B D B2 D2 R'
56143273332323,0,11,0,11,5376772,ok,R D2 R' B D B D' B R' D2 B
56147231222132,0,11,0,11,9563964,ok,R2 B D' B R2 B2 D' R D' R' D
56147231333213,0,11,0,11,5946966,ok,R B R2 D2 B2 R B R' B D' R
56147232233213,0,11,0,11,6190208,ok,R B R' B R' B D R2 B2 D2 R
56147232332213,0,11,0,11,6397575,ok,R B D' R B' R B R2 D2 B2 R
56147232333113,0,11,0,11,6202077,ok,R B D2 R2 B2 D R B' R B' R
56147322333233,0,11,0,11,5520268,ok,R D R' D' B' D R2 B' R D2 R'
56173421113112,0,11,0,11,3610854,ok,R B D2 B' D R' D' B2 R D' R
56174232323333,0,11,0,11,4870096,ok,R B' D B R2 D2 B R B2 R2 D'
56174321232113,0,11,0,11,5984760,ok,R D R2 D2 B' D R' D' B D2 R'
56213471111111,0,11,0,11,4929774,ok,R B D' B2 D B2 R' D R D B'
56213743313333,0,11,0,11,5806539,ok,R B R2 B' D2 R2 B R B' R B'
56243173133111,0,11,0,11,5290067,ok,R B' R2 B D2 B2 D R2 B D2 B'
56243713121333,0,11,0,11,5415588,ok,R B R2 D B D2 R' D B2 D2 R
56247132333233,0,11,0,11,4450649,ok,R B D' R' D' R D2 B' D B2 D'
56271433111313,0,11,0,11,5952005,ok,R B2 R B2 R2 B' R2 D' R2 D2 B
56271433123313,0,11,0,11,5807249,ok,R B2 R2 D' B R' B' D R D' R
56271433132313,0,11,0,11,6101408,ok,R B2 R2 D' R D' B' R D B' D
56274132331133,0,11,0,11,4735298,ok,R B R D B2 R D' B2 R2 D' B
56274312313211,0,11,0,11,6908580,ok,R D R' D B D2 R' D R B2 R'
56321473233323,0,11,0,11,3942820,ok,R B R' D2 R' D R B2 D' B D
56321742211112,0,11,0,11,5884140,ok,R D R D2 R' B R2 D' B2 D B'
56324171221331,0,11,0,11,3875685,ok,R B R' B R2 D' B D' R2 B2 D
56327411211332,0,11,0,11,3906180,ok,R B R' B' D B R2 D2 B2 R D
56327413213112,0,11,0,11,3861267,ok,R B R' B2 D2 R' B R' B' R D2
56341273121213,0,11,0,11,5642182,ok,R D B2 D2 B R B R' D2 R' B
56341273131212,0,11,0,11,5062242,ok,R B' R2 D2 R B D R' B2 D B
56347122333233,0,11,0,11,5060179,ok,R B' R B D2 B' R B2 D' B2 D
56347211213111,0,11,0,11,3984883,ok,R B D R' B D R' D R2 D2 R
56347211222132,0,11,0,11,4074625,ok,R B2 R B' D R' B' D R' B R2
56347211312111,0,11,0,11,3774997,ok,R B R B' R2 B' D' R D B2 R'
56347211331131,0,11,0,11,3671290,ok,R B R D' R2 B2 R D R2 D R2
56347212111221,0,11,0,11,6636829,ok,R2 B2 R' B R2 D' B' R' D2 B D
56347212111311,0,11,0,11,5012078,ok,R B' D' B R2 B R D' B' D2 R
56347212123233,0,11,0,11,4603224,ok,R B2 D' R B2 R' B' R B' D2 B2
56347212232223,0,11,0,11,4424430,ok,R B2 R D B2 D' R2 D B' R' D2
56347213111211,0,11,0,11,4800806,ok,R B' R' B R2 B D B' D' B2 R
56347213131332,0,11,0,11,4211472,ok,R B2 R2 D B R' D2 R' D' R2 D
56423171231231,0,11,0,11,3553176,ok,R B R' B' D B' R2 D2 B' R' D
56423171231321,0,11,0,11,4328413,ok,R B2 R2 D2 B' R D B' D B' R2
56423171321321,0,11,0,11,3909542,ok,R B2 D R2 D' B D' B R' D' R'
56423172112121,0,11,0,11,4449600,ok,R B2 D2 R2 B R' D B2 R' D B'
56423173132121,0,11,0,11,4024788,ok,R B2 R' B' R2 D R' D2 R D' B2
56423173133111,0,11,0,11,4408206,ok,R B2 D2 R2 B R D' R2 B R' B
56432713122122,0,11,0,11,4623534,ok,R B2 R' D B' R2 D' R B' R2 B2
56712341232113,0,11,0,11,4033438,ok,R B R' B' D R2 D R' B R2 B2
56712343211123,0,11,0,11,4426412,ok,R B2 R' B R2 B' D R2 B' R' B
56721343123331,0,11,0,11,4777340,ok,R B R2 B2 R' B R2 D' B2 D B
56721432312233,0,11,0,11,5549286,ok,R D R B' R' D R' D' R B2 R
56723411113313,0,11,0,11,4096133,ok,R B D R' D2 B2 D B R2 B R2
56723411121113,0,11,0,11,4164258,ok,R B D B' R2 B' D' B D B2 R'
56723411131112,0,11,0,11,3823083,ok,R B R D' R2 D' R' D B D2 R'
56723411222312,0,11,0,11,3748913,ok,R B2 R B' R D' B' D R' D R2
56723412122312,0,11,0,11,3672631,ok,R B R2 D2 R D B2 D R D2 R'
56723412323222,0,11,0,11,4015326,ok,R B D R2 B' R B' R' B2 D R
56723413221212,0,11,0,11,3872337,ok,R B D2 R2 D B R2 B R B2 R'
56723413222112,0,11,0,11,3815603,ok,R B2 R D' B R' B' D B' D R2
56723413331111,0,11,0,11,3875464,ok,R B R B' R2 D2 R B R2 B R2
56732143122113,0,11,0,11,5363737,ok,R B' R' D R2 B' R B' R' B2 R'
56741231121311,0,11,0,11,4034100,ok,R B R2 B' D B D2 R' B' D R
56741231131211,0,11,0,11,5232722,ok,R D B2 D' R B D2 R' D' B R
56741231211131,0,11,0,11,5081665,ok,R D B R' D2 R D' R B' D2 R
56741231311121,0,11,0,11,3889483,ok,R B R B' R2 B D' R D' B2 R
56741232111113,0,11,0,11,4451862,ok,R B2 D2 R' D R B2 R2 D R D
56741233111112,0,11,0,11,4399237,ok,R B2 R2 D2 B D' B R' D2 R D
56743212122222,0,11,0,11,4871043,ok,R B2 R2 D' B R' B' D R2 B' D'
56743212221222,0,11,0,11,5777501,ok,R D B2 D2 B' D' R2 B R2 B' D2
56743213121213,0,11,0,11,6021329,ok,R D B2 R' D R D B2 D2 R' B
56743213121312,0,11,0,11,5231497,ok,R B' R2 B' R D B D2 B2 D B
56743213331333,0,11,0,11,5689297,ok,R D R2 D2 R' B' R2 D R2 D' B2
57123461111111,0,11,0,11,4679733,ok,R B R' D2 R B2 D' R D R B'
57164322131312,0,11,0,11,4376615,ok,R B R' B2 R D R2 D R' B' D
57214361323232,0,11,0,11,3634545,ok,R B R' D2 B D B' D R2 D' R
57214632212213,0,11,0,11,7878984,ok,R2 B R' D R B' R2 B' R2 B R
57236141113232,0,11,0,11,3964257,ok,R B D' B2 D' R2 D B' R' D' R
57236141322233,0,11,0,11,3851900,ok,R B R' B2 R' B2 R D' R' D' R
57236141323232,0,11,0,11,5629867,ok,R2 B D R' B2 R D' B R D2 B2
57241631322113,0,11,0,11,3502485,ok,R B R2 B2 D' B R2 B' D R2 D'
57241631323112,0,11,0,11,3394505,ok,R B R2 B2 D' R D2 R' B R2 B'
57246131112233,0,11,0,11,4393543,ok,R B D2 B2 R' D R' D' R B2 D'
57264132111323,0,11,0,11,4895803,ok,R B2 R2 B R2 B R2 D' R B2 R2
57321641311112,0,11,0,11,4063266,ok,R B2 D' R B' D' R D2 R B D
57321642311132,0,11,0,11,4074176,ok,R B R' B D B D2 R2 D B2 R2
57364212213311,0,11,0,11,5516593,ok,R D B' R' D' B2 R2 D' R B' D
57364212313211,0,11,0,11,4648947,ok,R B R D2 R B2 R B' R2 D2 B'
57364213332122,0,11,0,11,3655138,ok,R B R2 B2 D R' D B' D B D
57642311113322,0,11,0,11,4070839,ok,R B D' R D2 R2 D B D2 B R'
61234572231323,0,11,0,11,4480774,ok,R B2 D R2 D' R D' B D' B' D
61234573232213,0,11,0,11,4038320,ok,R B R D2 B D2 B R' B R2 D2
61235741313131,0,11,0,11,7093323,ok,R B' D' B D R D2 R2 B' R B
61257343232123,0,11,0,11,4022985,ok,R B D' B2 D B' R B' R2 B2 D2
61274351313131,0,11,0,11,5378322,ok,R B D2 R B R2 D' B D2 B2 R
61274532231323,0,11,0,11,4412351,ok,R B R2 D2 B' R D B' R B2 D
61352472233321,0,11,0,11,3768012,ok,R B R' B D2 B R B R D2 B2
61352472313211,0,11,0,11,7443246,ok,R2 B' R2 B' D' B' D R2 B R' D
61452731311313,0,11,0,11,5522216,ok,R B' R' D' R D' R' B2 R' D' B
61453721111111,0,11,0,11,4821116,ok,R B D' R2 D B' R D B2 R2 D2
61453721311112,0,11,0,11,3895777,ok,R B D2 B' D B' D2 R D2 R' B2
61453723111121,0,11,0,11,3845850,ok,R B D B2 R2 D B R2 D2 B' D'
61472532123332,0,11,0,11,4305810,ok,R B D R' D R' B D2 B' D2 R'
61472533112111,0,11,0,11,3650341,ok,R B R B2 D2 R B' R' D R2 B2
61527431111111,0,11,0,11,5039532,ok,R B' R B D2 R' D R' B D' R2
61534272311132,0,11,0,11,5021557,ok,R B2 R' B2 R D' B R' B2 R B
61534721112311,0,11,0,11,4341275,ok,R B2 R' D2 R' D B' D2 R2 D' B
61534721113211,0,11,0,11,4092466,ok,R B D2 B R' B R' B D2 R' B
61543271111111,0,11,0,11,5289076,ok,R B' D2 R' B D R B2 R B' D
61543271112311,0,11,0,11,4482355,ok,R B' R2 B' D B2 D B2 R D B2
61572432312323,0,11,0,11,4106756,ok,R B R2 B' D B2 R' B' D2 B R'
61734523222331,0,11,0,11,5592665,ok,R2 B R B' R D B2 D2 R' B' D
62134572321323,0,11,0,11,5356831,ok,R B' R D R' B2 D2 B D' R2 D'
62135471122121,0,11,0,11,4390891,ok,R B2 R2 B' D' B R2 D' B D B2
62135472132131,0,11,0,11,3787830,ok,R B D R2 D' R' D2 B D2 B' D2
62135473122131,0,11,0,11,3660524,ok,R B R B' D2 R2 D R' D R2 D2
62135473123121,0,11,0,11,4782874,ok,R D R B' D B' D R2 D' B2 R
62135473131131,0,11,0,11,4387329,ok,R B2 R2 B' D B' R2 D R' D' B2
62135473132121,0,11,0,11,4293081,ok,R B2 D2 R2 D B D B' R B' R2
62135473232231,0,11,0,11,4042427,ok,R B2 R D2 B2 R' B D' R2 B2 D2
62135473322321,0,11,0,11,4309350,ok,R B2 D2 R' D' B R' D2 B D' R2
62135743222331,0,11,0,11,4473287,ok,R B R' B' R D' R2 B2 D' B' R2
62135743312223,0,11,0,11,7456525,ok,R2 B R2 B2 D2 R' B' D R' B R2
62147353123121,0,11,0,11,4114603,ok,R B2 D' R' B' D2 R B' D2 B' R2
62147353132121,0,11,0,11,3478398,ok,R B R B2 D' R B' D B' R' D2
62154733321121,0,11,0,11,3673029,ok,R B D' R' D B2 D R2 B' R2 B
62157342132212,0,11,0,11,5224973,ok,R B R2 B R D' B2 D' R' B2 D
62173543232132,0,11,0,11,4049878,ok,R B2 D R B2 R B2 D2 R B' D2
62174351122133,0,11,0,11,5649459,ok,R B R2 D2 B R2 B R D' B D'
62174533311212,0,11,0,11,5104654,ok,R B D' R2 B' R B D' R2 B2 D2
62317453112111,0,11,0,11,3574462,ok,R B D B2 D B' D' R D' R2 B
62317453312211,0,11,0,11,5753671,ok,R D' R2 D' B R2 B D2 R B D2
62351743112123,0,11,0,11,6608345,ok,R2 D R' B R2 D R' B' D' B2 D'
62371453311311,0,11,0,11,4953709,ok,R B D' B' D R B' D R2 D' R
62374511322311,0,11,0,11,3496401,ok,R B R' B2 D' B D R' D B2 R2
62374513112321,0,11,0,11,4116135,ok,R B' R2 B' R' D' R D2 B D' B2
62374513312112,0,11,0,11,3341102,ok,R B R B2 D R' D B2 D B' D2
62435172211133,0,11,0,11,6018266,ok,R D R' D2 B2 D R B D' R2 B
62435172311132,0,11,0,11,6456536,ok,R D B R2 B2 R D R D' B2 D'
62435711222222,0,11,0,11,4044705,ok,R B R' D R' B R2 B2 R D R
62453713311122,0,11,0,11,5100224,ok,R B' D B2 R' B D B' R B2 R2
62471532232133,0,11,0,11,4219217,ok,R B R B2 R B D2 B' R' B2 D
62475131322323,0,11,0,11,4071684,ok,R B R' D B2 R' B2 R' D B' D'
62531472321233,0,11,0,11,4485164,ok,R B D' B D R2 D2 B' D' R D2
62543711211113,0,11,0,11,4395843,ok,R B2 D' B' R' D2 B D' R2 D' R2
62543711311112,0,11,0,11,3711556,ok,R B R D2 B' R B' R D' R' B2
62571432321233,0,11,0,11,5499307,ok,R B' D' B2 D B' R2 D B2 D' R2
62735143223213,0,11,0,11,4932466,ok,R B' D2 B' R' B2 R' B D R2 B2
63125741112323,0,11,0,11,7447316,ok,R2 B R' B D R2 B2 D' R2 D B
63125743131233,0,11,0,11,3962446,ok,R B R' B D' R B2 R2 B R B
63125743133312,0,11,0,11,4197964,ok,R B D2 B D' R' B D' R2 B R'
63142571111111,0,11,0,11,4567962,ok,R B R' D' B R2 B R B' R2 B2
63142571132321,0,11,0,11,6368852,ok,R2 B' D2 R B D2 B R2 B D' B2
63142573112123,0,11,0,11,6189024,ok,R2 B' R2 D B R2 B R2 B D' R2
63172452312323,0,11,0,11,3688512,ok,R B R B R D2 R B' R D2 B2
63172452313211,0,11,0,11,7572673,ok,R2 B' R B R' D2 R' D' R' B D2
63174522332132,0,11,0,11,4034419,ok,R B R2 D' R2 D B2 R' D R B'
63247511123132,0,11,0,11,3782076,ok,R B D' B D' B' D' R B2 D B'
63251743133231,0,11,0,11,5714146,ok,R D R' B2 D R' D R D' B2 D'
63452711311313,0,11,0,11,4381795,ok,R B2 D2 R2 B R B' R2 D B' R
63452712333221,0,11,0,11,4133307,ok,R B2 R B D' B2 D B D2 B2 R'
63471522123131,0,11,0,11,4650524,ok,R B' R' B' R D2 R' D2 R' D R
63471522323132,0,11,0,11,5101585,ok,R D2 B' R B' R' B D2 B D B
63471522332132,0,11,0,11,4168730,ok,R B' R' D' B R2 B' D2 B' D R
63472512123332,0,11,0,11,4583432,ok,R B R B2 R' D B2 R' B2 R B'
63512743313333,0,11,0,11,5930773,ok,R B D' B R B2 D2 R' D2 R2 B'
63541271212211,0,11,0,11,6988856,ok,R2 B D B' R B R2 B2 D' B' R
63542713121333,0,11,0,11,6504839,ok,R B' R B2 R D' R B' R' D2 B2
63574212123131,0,11,0,11,3994903,ok,R B R2 D2 R B' D' R2 D' R D'
63574212313211,0,11,0,11,6458569,ok,R D' R B R B2 R D' B' R B'
63712542221111,0,11,0,11,4306809,ok,R B R' B D B2 D2 R' B' R D2
63714252123131,0,11,0,11,5017186,ok,R B2 R' B2 R B' R D' B2 D B
63714521112323,0,11,0,11,4863228,ok,R B D2 R' D' R' B R' B R' B2
63714522332132,0,11,0,11,3687370,ok,R B R D2 R' D R2 B' R2 B D2
63721541233322,0,11,0,11,4197119,ok,R B D' R2 D' R' D' B D2 R' D
63724153121213,0,11,0,11,5802766,ok,R D B R2 D2 B D' R D' R D'
63725141112323,0,11,0,11,7156268,ok,R D R2 B' R B R2 D2 B R' D'
63725141233121,0,11,0,11,4861993,ok,R B R' B D' B D2 R B' D' B'
63725142123131,0,11,0,11,6561359,ok,R D B D2 B2 D B R D' R2 D'
63725142223133,0,11,0,11,5941715,ok,R D R' B2 D2 B R B R' D2 B
63725143122113,0,11,0,11,5460427,ok,R B2 D' R2 D R2 B' D B2 D2 B'
63725143123313,0,11,0,11,7674914,ok,R2 B2 D2 B' D R' D2 B' R D' B2
63741252222323,0,11,0,11,4547127,ok,R B2 D B2 D' R D' R B' R' D
63741522123131,0,11,0,11,4691633,ok,R B R D2 R B R2 B' R' D2 B
63742511232221,0,11,0,11,4652353,ok,R B R2 D2 B' D B' R' D2 B2 R
63745123122212,0,11,0,11,3978316,ok,R B R2 D' B R2 B' D' R2 B2 D
63751242221321,0,11,0,11,5565892,ok,R B' D B R' B2 D2 B D' B2 D'
63751423122311,0,11,0,11,4902744,ok,R B D' R B' R B' D2 B D2 R'
63752141111111,0,11,0,11,5949160,ok,R D R' D B' D R2 D2 R D' R'
63752141122211,0,11,0,11,5012071,ok,R B' R2 D R' B' R B R' B D2
63752141123213,0,11,0,11,3925811,ok,R B R' B2 R' D B2 D2 B' D2 R
63752142332132,0,11,0,11,3626729,ok,R B R D2 R' D' R2 B D2 B' D2
63752143123223,0,11,0,11,3800805,ok,R B D R2 B2 R' B' R' D R2 D2
63752143212323,0,11,0,11,3720218,ok,R B R B2 R2 B D R' D B' R'
63752143223123,0,11,0,11,4369661,ok,R B' R2 B D B2 R2 D2 B D' R'
63752411223212,0,11,0,11,3815442,ok,R B R D' B2 D' B D R D2 R2
63752411333213,0,11,0,11,6422143,ok,R2 B2 R' B R D' R2 B2 R B2 R
63752412312323,0,11,0,11,4973340,ok,R D B2 R2 D B' R B' R2 B D'
63752412322112,0,11,0,11,3993302,ok,R B D B' D2 B' R D R D2 R2
63752412333113,0,11,0,11,6407193,ok,R2 B2 R' D R D' R2 B2 R D2 R
63754213122122,0,11,0,11,4182989,ok,R B R' B D' B2 D B D2 R' D
64125371131313,0,11,0,11,6567825,ok,R B' D2 B R' D R' B2 R' B R'
64157321133212,0,11,0,11,8709303,ok,R2 D R2 B2 D' R' D B' R B2 R
64231572311132,0,11,0,11,4790062,ok,R B D R2 B' R' D2 R B R2 B
64257131113223,0,11,0,11,4254408,ok,R B D B2 R2 D' B R' B' D2 R2
64271533221212,0,11,0,11,4522310,ok,R B2 D' R2 B D' R' B D' R D'
64275131212223,0,11,0,11,5104779,ok,R B D2 R2 B' R' D B' D R2 D
64275131312123,0,11,0,11,4932241,ok,R B R' D R' D B2 R D' R' D'
64275132211133,0,11,0,11,6097637,ok,R D B' D2 R2 D B R B' R2 D
64275132232133,0,11,0,11,5902598,ok,R D R B2 R2 B D R B' D2 B'
64275133231112,0,11,0,11,5585806,ok,R B2 D' B2 D R2 B' R D2 R2 D'
64275133312211,0,11,0,11,4702100,ok,R B D2 R' B D B2 R2 D R' B'
64275311112332,0,11,0,11,4503051,ok,R B2 R2 B R' B2 D R2 D B2 D2
64275311222222,0,11,0,11,3903303,ok,R B R D2 B2 R' B D' B' R2 D2
64275313312211,0,11,0,11,4164377,ok,R B D2 B2 R2 D' B' R B' R D2
64321572111131,0,11,0,11,4999916,ok,R D2 B' R B R D2 R D' B' D
64321572132131,0,11,0,11,4154799,ok,R B' R2 B R D2 B2 R B D R2
64321572311132,0,11,0,11,4652863,ok,R B' R2 B D R2 B2 D R B R2
64325713121222,0,11,0,11,8306363,ok,R2 B D' B R' D' R D2 R B R'
64351272132131,0,11,0,11,4175884,ok,R B D2 R' D2 R B2 D' B D B'
64357212313211,0,11,0,11,4778277,ok,R B D B2 D R2 D B' R2 D2 B'
64357213231322,0,11,0,11,5787330,ok,R D2 B R2 B' R B' D R' B' D'
64357213312211,0,11,0,11,5291447,ok,R D R' B' D' B2 R2 D' B R' D
64531271212211,0,11,0,11,6757990,ok,R2 B R2 B2 D R' D' B D2 R B
64531272132131,0,11,0,11,3811412,ok,R B D R2 D' R D2 B' R2 B D2
64531273122131,0,11,0,11,3734205,ok,R B R B' D2 R2 D R' D' R2 D2
64531273123121,0,11,0,11,4896723,ok,R D R B' D B' D R2 D' B2 R'
64531273311311,0,11,0,11,4090210,ok,R B R D' R D B2 D2 R' D' R
64531273312211,0,11,0,11,3806927,ok,R B R B' R D2 R' D R' D R2
64572131122223,0,11,0,11,4147957,ok,R B R' D2 B D' B' R' D B2 D'
64713253112111,0,11,0,11,3562055,ok,R B D R' B2 D' R B' D' R B2
65123471112311,0,11,0,11,4023520,ok,R B R' D' R' D2 B2 R' B R' B
65123471233232,0,11,0,11,3492354,ok,R B R' B D R2 D R' D' B' D2
65123472312311,0,11,0,11,4180702,ok,R B2 R B R' D2 R B D2 B2 R'
65132471212112,0,11,0,11,4345662,ok,R B D' R D' R' B R2 D' B' R'
65132471222111,0,11,0,11,4201323,ok,R B R' B D' B' D B2 R' D' R'
65132471231321,0,11,0,11,4833582,ok,R B' D2 R D2 R' B R' D2 R' B
65132471323121,0,11,0,11,4657821,ok,R B' D' B D2 B R' B' R D2 R2
65132472131231,0,11,0,11,3787197,ok,R B R B' D2 B' D B R D2 R2
65132472212231,0,11,0,11,6269439,ok,R2 B2 R B R2 B' D2 B D' B' R2
65132472233321,0,11,0,11,4961446,ok,R D B2 R2 D R' B R' B2 R D'
65132473111331,0,11,0,11,4833447,ok,R B' R2 B R B2 D' B2 R B R'
65132473313312,0,11,0,11,3932821,ok,R B R B2 R B' D B2 D R2 B
65132473323311,0,11,0,11,4023072,ok,R B R2 D B2 D B' R D2 R B
65132741223323,0,11,0,11,3921161,ok,R B R' D' R B' D B2 R2 D' B'
65132743222331,0,11,0,11,4915522,ok,R D B' D' B' R D2 B' R B2 R'
65134721233232,0,11,0,11,4434426,ok,R B2 D' R2 D R B2 D2 R' B' R2
65147321232113,0,11,0,11,5661357,ok,R B' D R2 B' R B D' R D2 R2
65172431132333,0,11,0,11,4793025,ok,R B2 R B R2 B D' R' B2 D2 R'
65174232123131,0,11,0,11,4165375,ok,R B R2 D2 B R' B D' B2 D B'
65174232133313,0,11,0,11,4135407,ok,R B R B' D2 R' B D R B2 R2
65174232323312,0,11,0,11,4592307,ok,R B2 R' B D2 R' B' D' B2 R D
65174233323212,0,11,0,11,4564721,ok,R B2 R' D B2 R' B' D' R2 B D
65174233331213,0,11,0,11,4345020,ok,R B D R' B2 D' R D R B2 R2
65174322313211,0,11,0,11,4456926,ok,R B R B2 R B2 R B' D2 R2 B'
65174323223123,0,11,0,11,4376437,ok,R B2 D' B' D2 B R2 D' R D R2
65213741111111,0,11,0,11,4868984,ok,R B D' R2 D B' R D' R2 D2 B2
65241371111111,0,11,0,11,4668976,ok,R B2 R B' D R D2 B' R D R2
65243712121322,0,11,0,11,6186572,ok,R B2 R D2 R2 D B2 R D2 R2 B2
65271341332331,0,11,0,11,4567930,ok,R B R2 D2 B R' B D' B R' B'
65271432231233,0,11,0,11,4661598,ok,R B R B' D R' D R2 D B D
65274131111111,0,11,0,11,5496901,ok,R B' R D' B2 D B2 R' D B D
65274131311313,0,11,0,11,3819859,ok,R B R D' R B2 R' D2 B R' B
65274131312213,0,11,0,11,4303770,ok,R B2 R B' R D R2 B' R D R
65274132123332,0,11,0,11,4149005,ok,R B D R' D R' B D2 B' D2 R
65274133132223,0,11,0,11,4128807,ok,R B2 R B2 R2 D R B D' R2 D'
65274133232321,0,11,0,11,3722556,ok,R B D' R D' B R2 B2 R B' R'
65274133312223,0,11,0,11,4045937,ok,R B R D' R2 B R D' R D2 R
65314272311132,0,11,0,11,3837550,ok,R B R B' R2 B' D' R B2 R2 D'
65314272313211,0,11,0,11,6376837,ok,R D' R B' R' D R2 D B D B'
65321472111122,0,11,0,11,4909147,ok,R B D B2 D' B R2 D' R2 D B'
65417321232113,0,11,0,11,3994356,ok,R B D R2 B2 D R D2 B2 R' B'
65417323223123,0,11,0,11,3681004,ok,R B D2 B' R B' D2 R B2 R' D2
65417323232123,0,11,0,11,3993256,ok,R B D' B2 D B' R B D2 R2 B2
65423713321322,0,11,0,11,4457227,ok,R B R2 D2 B2 D' R D' R B2 R'
65432173232321,0,11,0,11,4351622,ok,R B' R2 D' B R B R2 B D' B'
65471231132213,0,11,0,11,5218852,ok,R B2 R B R' B R2 D' R B R'
65714323223123,0,11,0,11,4276204,ok,R B2 R D' R2 B' R' D' R2 D' R
65723143321313,0,11,0,11,3988288,ok,R B R2 B R' B' D B' D2 R B'
65732411333123,0,11,0,11,8523850,ok,R2 B D2 R2 B2 D R D' B D' R
65742311212313,0,11,0,11,3912170,ok,R B2 R' B2 R' B R2 D B2 D B2
67132541133311,0,11,0,11,6942512,ok,R D' R2 B2 R' B2 D B2 D2 B D'
67145323133312,0,11,0,11,4374602,ok,R B2 R2 B D' B2 R B2 R B2 R2
67154233323332,0,11,0,11,6464428,ok,R B D' B R2 B2 D' R D' R' D
67215343333133,0,11,0,11,5403835,ok,R B R2 B D2 B' D R' D' B2 R2
67231541323112,0,11,0,11,5082919,ok,R D' B2 R D' B R' B' D' R B2
67231543323122,0,11,0,11,5101828,ok,R D' R2 B D' B D' R' D' R D2
67234513332122,0,11,0,11,3993704,ok,R B R2 B2 D R' D B' D B D2
67245131313323,0,11,0,11,4156707,ok,R B D R2 D' R' D2 B D' B' R'
67245311112311,0,11,0,11,6156648,ok,R D R' D B R2 B R2 D2 B D
67245311133233,0,11,0,11,4978009,ok,R B D' R' D2 R' D' B2 R D2 R'
67254311131133,0,11,0,11,6670541,ok,R2 B D2 B' D2 R D' R2 D B D'
67254313311113,0,11,0,11,4132194,ok,R B R' D R2 D' B D' R B D2
67312452233321,0,11,0,11,4250478,ok,R B D2 B' D B2 R' B' R2 B R'
67312541121221,0,11,0,11,4130068,ok,R B D R' B2 R' B R2 D R' B
67312542221111,0,11,0,11,5270031,ok,R B' R' D2 R B' R2 D R2 D' R2
67321451111123,0,11,0,11,3989083,ok,R B R' B R' D' B2 R2 D' B R
67321451112311,0,11,0,11,4285630,ok,R B D' R B2 R' B R' D' B R2
67321451212211,0,11,0,11,6944782,ok,R2 B R' D' R D R' B R2 B' R
67321451311133,0,11,0,11,4460305,ok,R B D' B' R D' R B2 D' R' D2
67321452111122,0,11,0,11,4148459,ok,R B R D' R D' B D2 B' D2 R'
67321453113311,0,11,0,11,4650615,ok,R B2 R' D' R' D B2 D B2 D' R2
67321542232133,0,11,0,11,4402905,ok,R B D B2 R' B' R2 B D R2 D
67341252222323,0,11,0,11,4678702,ok,R B D2 R2 B' R B R' B R2 D
67342512222113,0,11,0,11,4724428,ok,R B R' B R B' D2 R D' B R'
67345122223133,0,11,0,11,6165413,ok,R D B' R2 D2 R D B R' B2 D
67345122232133,0,11,0,11,5948860,ok,R D R D2 R2 D R D B' R2 B'
67345211111123,0,11,0,11,3981497,ok,R B R' B R' D' B2 R2 D' B R'
67345211111132,0,11,0,11,4294608,ok,R B2 R2 D2 B D' B' D R' D R2
67345211112233,0,11,0,11,4138015,ok,R B2 R2 B' R B D' B2 R2 D' B
67345211113322,0,11,0,11,4012665,ok,R B D' B' D R2 D B' D R2 D'
67345211211122,0,11,0,11,4449315,ok,R B2 R2 D2 R' D R D2 R2 B2 R'
67345211311133,0,11,0,11,4384885,ok,R B2 R B' R2 B' R2 D B2 D' B
67345212111122,0,11,0,11,4021561,ok,R B R D' R D' B D2 B' D2 R
67345213111133,0,11,0,11,4732522,ok,R B2 D2 R2 B' R D' R D2 B' R
67354121111111,0,11,0,11,4593834,ok,R B R B2 R B R2 B R B R'
67354211212121,0,11,0,11,4518708,ok,R B R' B2 R D' B2 R D B D2
67354211313113,0,11,0,11,6599753,ok,R2 B2 R' D B D' R2 B2 R B2 R
67354211333111,0,11,0,11,6573921,ok,R2 B2 R' B D B' R2 D2 R D2 R
67354212111221,0,11,0,11,4575660,ok,R B2 R' B R2 D' B' R' D2 B D
67354212212222,0,11,0,11,4292221,ok,R B D R2 D B D B' R2 D' R2
67354212311132,0,11,0,11,4340724,ok,R B D2 R2 B R' B R' D2 R B'
67354213111313,0,11,0,11,5282617,ok,R B' D R B2 D' B2 R D R2 D'
67354213131311,0,11,0,11,5040847,ok,R B' R D B2 R' D2 B D B2 D'
67354213211132,0,11,0,11,4287352,ok,R B2 R' D' R D2 B' D' R' B R2
67354213313333,0,11,0,11,4315647,ok,R B D R2 D B2 D B' R' B R2
67412353132121,0,11,0,11,4981836,ok,R D2 R' B2 R' D B' R2 D2 R' D
67412353332221,0,11,0,11,3879248,ok,R B D' B2 R2 B D2 B R2 D R
67412531131133,0,11,0,11,4746510,ok,R B D2 B2 R B' R' B D2 R D
67435121332112,0,11,0,11,3596357,ok,R B D2 R' D2 R' B D' B2 R2 B
67435123123121,0,11,0,11,3613672,ok,R B D2 R' D2 R' D R' D2 B2 D
67452313321232,0,11,0,11,5104082,ok,R B2 R D2 R2 B R' B' R B' R
71234563231322,0,11,0,11,4793034,ok,R B2 D B' R D B' R2 D2 B D
71263541333222,0,11,0,11,6071264,ok,R2 B' R2 D B D2 B R2 B R' B2
71263542323123,0,11,0,11,6131116,ok,R2 B' D2 R B R2 B D2 B R' D2
71264533131323,0,11,0,11,6168639,ok,R B R2 B R2 B' R D2 B' D2 B
71264533221323,0,11,0,11,6088874,ok,R B R2 D B' R2 D2 R B' R' D2
71264533231223,0,11,0,11,7126032,ok,R B' D R2 D' R D' R D R' B2
71264533231313,0,11,0,11,6495049,ok,R B D2 B' D2 B D' R2 D' R D2
71326451211311,0,11,0,11,3986260,ok,R B2 R' D' B' R D2 B R' D B'
71326453132121,0,11,0,11,3896791,ok,R B2 R' B2 R' B R' B2 D2 B' D
71326543333313,0,11,0,11,5767561,ok,R B2 R2 B R2 B2 D2 B R2 B2 D'
71345262132131,0,11,0,11,4495532,ok,R D B2 R' D2 R' D B' D2 R2 D
71362453113311,0,11,0,11,4733255,ok,R B R' D' R D R' B R2 B' R
71365423331312,0,11,0,11,5464112,ok,R B2 R2 D2 B' D2 B' D' B R' B'
71423563213232,0,11,0,11,4496867,ok,R B R' D2 R' D R2 B' D2 B R'
71423653213232,0,11,0,11,4213488,ok,R B' R' D' R B2 D' B R2 B' D
71426353312211,0,11,0,11,4488367,ok,R B2 R D R2 D' R' B2 D B R
71426533333223,0,11,0,11,5075524,ok,R B2 R' D B' D B2 D2 R2 B' D'
71432561232323,0,11,0,11,4528562,ok,R B' R B2 R' D2 B R' D' B' R
71432561323232,0,11,0,11,3534414,ok,R B R D' B2 R B2 R' D B' D
71432562111221,0,11,0,11,4222990,ok,R B2 R' D' B' R D2 B' R2 B R2
71432563232213,0,11,0,11,4492823,ok,R B2 D B R2 D2 B D' R B2 R'
71432563323113,0,11,0,11,3807752,ok,R B D2 R' B R2 D R' D' B' D
71432563323122,0,11,0,11,4083998,ok,R B2 D R B2 D2 R B' D B2 D'
71432563332113,0,11,0,11,3835607,ok,R B R2 D' B R2 D B' D' B' R
71435261322233,0,11,0,11,5256165,ok,R B2 R' D R' B R' D R' B2 R2
71435262222122,0,11,0,11,4766184,ok,R B R D' B2 R' B R' D R' D'
71435263211123,0,11,0,11,5575638,ok,R B2 R B' R B' R B' D' B2 D2
71435263311122,0,11,0,11,5211788,ok,R B2 R B' D B' R D' R' B2 R2
71435263333133,0,11,0,11,5309531,ok,R B2 R2 B' R D2 B' D2 B R2 D'
71435263333223,0,11,0,11,5359740,ok,R B2 R2 B' D R2 B' D2 B D2 R'
71435623333331,0,11,0,11,5229099,ok,R D2 R2 B2 D' B' D B' R2 B D'
71436253333112,0,11,0,11,5743920,ok,R D' B R' B R2 D R' D' B' D2
71452363213232,0,11,0,11,4111187,ok,R B2 D R' B D B' R2 D2 B R
71452632222131,0,11,0,11,5489456,ok,R D R' B R' D R' D2 R B2 D'
71453262222221,0,11,0,11,4396809,ok,R B2 R' D B D R' D2 B D' B'
71453623311122,0,11,0,11,5984837,ok,R D B2 D' B D' R B2 R' D2 R
71456321322323,0,11,0,11,4160236,ok,R B2 R D R' B2 D2 R D2 R' B'
71456322111221,0,11,0,11,4356706,ok,R B2 R' D' B' R' D2 B D2 B' R2
71462531113322,0,11,0,11,5219305,ok,R D B' R2 D R' D' B' D2 B2 R
71462532111212,0,11,0,11,4496519,ok,R B D R' D2 B D' B2 R2 D R'
71462532121112,0,11,0,11,4642392,ok,R B2 R B R2 D' B2 R D B R'
71462533111223,0,11,0,11,5585412,ok,R D2 B' D R2 D2 R' D R2 B' R2
71462533221113,0,11,0,11,4573776,ok,R B2 D' B D2 B2 D' R D2 B' R2
71463523331222,0,11,0,11,4675973,ok,R B D2 R2 B' R B' D' B2 R2 D
71523463131311,0,11,0,11,5945899,ok,R B2 R B' R2 B' D B2 R B' R2
71523463231313,0,11,0,11,6152907,ok,R B2 R2 D' B D' B' D R B' D
71523463331312,0,11,0,11,5864931,ok,R B2 R2 D' R B' R' D R B' R
71532463221332,0,11,0,11,4531247,ok,R B R D2 R D' R B' D B D
71534262122222,0,11,0,11,5733849,ok,R D R D2 B2 R D' R B' R D'
71542633132322,0,11,0,11,4416952,ok,R B R2 D' R2 D R2 B' D B R'
71543622111131,0,11,0,11,3736294,ok,R B R D2 B2 D' R' B2 R' D2 R
71543623111121,0,11,0,11,4154536,ok,R B2 R' B R2 B R2 B2 D' R D'
71546233331213,0,11,0,11,5698998,ok,R B D R' B2 R D' R D R' B2
71546322231212,0,11,0,11,5909097,ok,R B R' B R' D B2 D R' D B'
71562433123232,0,11,0,11,4260091,ok,R B D B' D2 B' D R2 B R' B
71563243221221,0,11,0,11,4791281,ok,R B D' B2 R D' R D R' B2 R'
71625433213133,0,11,0,11,7649755,ok,R2 B D B' D B' R B' R B2 D
71643252231212,0,11,0,11,5814938,ok,R B D2 B2 R' B R' D' B R B'
71643523331213,0,11,0,11,5976158,ok,R B D2 B' D2 B' R D R' B D2
72134562312212,0,11,0,11,5406748,ok,R B2 D' R2 B D' R B' D B' D
72136541322233,0,11,0,11,4008282,ok,R B D2 R' D2 B D' R' B D' R2
72143563222331,0,11,0,11,4061116,ok,R B D' R' D R D' B R2 B' D
72143651121113,0,11,0,11,4073093,ok,R B R' D' R2 D' B2 D R' B' R'
72143651131112,0,11,0,11,4335606,ok,R B D' B' D2 B' D2 B D' B' R'
72143651213111,0,11,0,11,3941959,ok,R B R2 B' D B' D R2 B2 D2 B
72143651312111,0,11,0,11,3876861,ok,R B R B2 D2 B D B' R2 D2 B
72143652111311,0,11,0,11,3950185,ok,R B R D2 B' R D' B' D2 R B'
72143653111211,0,11,0,11,3930034,ok,R B R2 B R D' R B D B2 R'
72145631233223,0,11,0,11,3875137,ok,R B R' B' D R2 D R' D' B D
72145633232231,0,11,0,11,3889336,ok,R B R' D' R D2 R B' D' B D
72145633312223,0,11,0,11,6271516,ok,R D2 B R' D B R2 D' R D B2
72146352232223,0,11,0,11,4639851,ok,R B R2 B' R2 B R' D R B' D2
72163452122222,0,11,0,11,5758784,ok,R D R2 B' D B D R2 D2 B' R
72163453121213,0,11,0,11,4848072,ok,R B2 R2 D' B D' B' D R2 B' D'
72163453131212,0,11,0,11,5478008,ok,R D R2 D2 R' B' D2 R D2 R' D2
72163453133333,0,11,0,11,4686679,ok,R B2 R2 D' R B' R' D R2 B' R'
72163453331333,0,11,0,11,5768926,ok,R D R2 D2 R' B' R2 D R2 D' R2
72164353131113,0,11,0,11,5629923,ok,R B2 R D R' B D' B2 D' B R'
72165431113331,0,11,0,11,4004977,ok,R B R' B D' R2 B2 D R B R'
72165432111113,0,11,0,11,4164957,ok,R B2 R2 B R B' D' B D' B' R
72165432111122,0,11,0,11,5537150,ok,R D2 R' B2 R B' R' B D2 R D2
72165432211112,0,11,0,11,4551176,ok,R B2 R' D2 R D' R' D B2 R D2
72165432323312,0,11,0,11,4027957,ok,R B D2 B' R B' R2 D2 B' R' B2
72165433111112,0,11,0,11,3914410,ok,R B R2 B' D B D R' D R' D2
72165433121333,0,11,0,11,4323251,ok,R B2 R2 D2 R D' B2 R B D2 R2
72165433221233,0,11,0,11,4121013,ok,R B2 R' B R' B2 D2 B' R' B2 R'
72165433233323,0,11,0,11,4451750,ok,R B' R B R' B2 D R2 D R' D
72165433321223,0,11,0,11,3830139,ok,R B R' D2 B2 R B' R' B D' B
72165433331213,0,11,0,11,4219959,ok,R B D' B2 R2 D' R D R B2 D2
72345611111111,0,11,0,11,5441192,ok,R B' R2 B' R' D' R D2 B D' B
72345611133113,0,11,0,11,3747403,ok,R B R B2 D' R2 D R2 D2 B' D
72345611221223,0,11,0,11,3410449,ok,R B R D2 B' R B2 R' D R2 D2
72345611222222,0,11,0,11,3699748,ok,R B R' B2 R' D' B2 D B' D2 B2
72345611331332,0,11,0,11,3994875,ok,R B2 D' B' D B' R D2 B' R B'
72345612122111,0,11,0,11,4267446,ok,R B2 D R' B2 D' R B R' D B
72345612331331,0,11,0,11,3380029,ok,R B R B' R2 D R' D2 R B2 R2
72345613221221,0,11,0,11,3602418,ok,R B D2 B R2 B' R2 B' D B D2
72345613333331,0,11,0,11,4550901,ok,R B' D' R D' B' R B2 D' B2 D
72356141112323,0,11,0,11,4370574,ok,R B R' D2 R B' R B R2 D2 B'
72356141232113,0,11,0,11,4038618,ok,R B R' B' D R2 D R D2 R2 B'
72356143211123,0,11,0,11,3867611,ok,R B R D2 R2 B2 R' B' D B' D
72361453232333,0,11,0,11,3883552,ok,R B R B2 D' R D' B' R2 D B'
72361542333233,0,11,0,11,6941257,ok,R2 B D R' D R B2 R2 D' R' B
72365412222212,0,11,0,11,4249192,ok,R B R2 B R D2 R' D' R2 B D'
72365413121312,0,11,0,11,6043290,ok,R D' R2 B R B2 R' D' B2 D' B'
72365413131212,0,11,0,11,4417678,ok,R B R2 D2 R' B' D' B D2 R' D
72365413331333,0,11,0,11,4504353,ok,R B2 R D' B D2 B' D2 R D' B'
72435163333313,0,11,0,11,6378870,ok,R D' B D' R2 D' B' D' B R2 D
72513641232323,0,11,0,11,4034193,ok,R B R2 B' D2 R2 B R' B' R2 B'
72513641233322,0,11,0,11,4702004,ok,R B' R2 B R' D B2 R' D2 R D2
72516342313223,0,11,0,11,4382390,ok,R B2 R B R2 B' D' B2 R B R
72531463321232,0,11,0,11,4816955,ok,R B' R2 D B2 D' R2 D' B' D B2
72534163211123,0,11,0,11,5020120,ok,R B2 R D B2 D' R' B2 D B D
72541631111213,0,11,0,11,4121649,ok,R B D2 B' D B2 D B2 D2 R' B
72541631111312,0,11,0,11,4582303,ok,R B' R B R2 D' R D' B D2 B'
72541631112131,0,11,0,11,4289678,ok,R B2 R2 D2 B R' B R' D2 R B
72541631113121,0,11,0,11,4456083,ok,R B2 D2 R' D B R2 B2 D R B
72541632131111,0,11,0,11,3937827,ok,R B R D' R2 D R' B D' B2 R
72541633121111,0,11,0,11,4882503,ok,R D R D' R2 D B' D B' D2 R
72543162311111,0,11,0,11,3757689,ok,R B R2 B D' B D' B R2 D' R
72543163211111,0,11,0,11,4175320,ok,R B2 R' B2 R' D R' B2 D2 B' R
72543611221223,0,11,0,11,5529590,ok,R B R D' R2 B2 R' B' R D2 B'
72543611223221,0,11,0,11,5791082,ok,R B D' B D' R2 B2 R D B D2
72543611331332,0,11,0,11,6537623,ok,R B' D B R' B R2 D2 B' R B2
72543611332331,0,11,0,11,5871778,ok,R B2 R D B D2 R B' D2 B' R
72543612331331,0,11,0,11,5557671,ok,R B R2 B2 R' B R2 D R2 D2 R
72543613132232,0,11,0,11,7079558,ok,R D R' D R' B R2 D2 B2 R B'
72543613133222,0,11,0,11,5719950,ok,R B R' D B' D R2 B2 D2 R B'
72543613221221,0,11,0,11,5977800,ok,R B2 R2 B D2 R' B D2 B2 D' R'
72543613223312,0,11,0,11,6597645,ok,R B' R' B2 R D2 R' B D2 B D'
72543613322312,0,11,0,11,6821146,ok,R B' D' B2 D B2 D' R D2 R D'
72546311323112,0,11,0,11,3891653,ok,R B2 R D R2 D2 R' B R2 D' R'
72546313323212,0,11,0,11,4348036,ok,R B2 R' B' R' D' R2 B R2 B' R2
72561342313223,0,11,0,11,5842841,ok,R D' B2 D' B D2 B R2 D R D2
72561432213122,0,11,0,11,6930049,ok,R B' R D2 R2 B' D B' D' B R2
72561433221233,0,11,0,11,6146644,ok,R B D R2 B2 R' D B' D' R2 B
72561433311233,0,11,0,11,7905952,ok,R D2 R2 D R' D R' B R' D B2
72561433321133,0,11,0,11,6592470,ok,R B2 R2 B D' R B' D R' D B2
72561433321223,0,11,0,11,6508674,ok,R B2 R2 B' D2 R' D R2 D2 R' D'
72563411111213,0,11,0,11,4059524,ok,R B R' D2 R' B2 D R' B' D R'
72563411111312,0,11,0,11,3985281,ok,R B R' B2 R' B D B2 R' B R
72563411112131,0,11,0,11,5475365,ok,R D2 R' D R D B' D B' R2 D
72563411113121,0,11,0,11,4351293,ok,R B2 R' D B R B' D R' B2 D
72563412131111,0,11,0,11,3949719,ok,R B R2 B' R D2 R B2 R2 D' B'
72563413121111,0,11,0,11,3894251,ok,R B R D' B2 R B' D R' B D2
72643513212311,0,11,0,11,4096689,ok,R B D' B R2 B' R B' D' B D2
72643513212332,0,11,0,11,3808655,ok,R B2 R' B' D' R D2 R D2 R' D2
73125463133132,0,11,0,11,4564229,ok,R B R' B2 D B' R B D' B2 D'
73146522113231,0,11,0,11,3700309,ok,R B D B D2 B D B2 D2 R' D'
73246153312211,0,11,0,11,3951407,ok,R B D R2 D2 B2 D' R' D B' R
73456123231322,0,11,0,11,4510690,ok,R B R D B' D2 B R' B R' B'
73516243323113,0,11,0,11,3915669,ok,R B R B2 R2 D' B D' R2 B2 D'
73516243332131,0,11,0,11,4175296,ok,R B D B2 R2 D R' D R' B R'
73541262321212,0,11,0,11,5224501,ok,R B R B2 R B R B2 D' R B
73542163321133,0,11,0,11,5251112,ok,R B2 R2 B D2 B2 R2 B D2 B2 R'
73542613132121,0,11,0,11,3825379,ok,R B D R' B2 D2 B R' B' D2 B2
73542613132322,0,11,0,11,3903124,ok,R B R B2 R' D B2 R' B2 R B2
73564213321322,0,11,0,11,5058309,ok,R B2 R B2 D' B' D R' B R' B
73614251112323,0,11,0,11,5189950,ok,R B D B2 D B' D' R D' R2 D'
73615241112323,0,11,0,11,6890526,ok,R B' R B2 D2 R2 B R' B R' D
73615241113322,0,11,0,11,5644286,ok,R B' R D2 B2 R2 D B' R B' R
73615242223133,0,11,0,11,5491694,ok,R B2 D' R D R B2 R2 D' B D
73615243123313,0,11,0,11,5191234,ok,R B2 R2 B' D R2 B' D2 B R2 D'
73615243213313,0,11,0,11,5366778,ok,R B2 R2 B' R B2 D' B2 D B2 R'
73615243331312,0,11,0,11,5227181,ok,R B2 R2 B' D B2 R' D2 R B2 D'
73615243332311,0,11,0,11,5414465,ok,R B2 R2 B' R D2 B' D2 B D2 R'
73615421113322,0,11,0,11,4059900,ok,R B D2 R2 B2 R' D' B' R D2 B'
73615423213211,0,11,0,11,5390172,ok,R D2 R' D R B D' R2 B R' B'
73615423333331,0,11,0,11,4274439,ok,R B2 R' B D B R' D2 B R' D'
73624513121132,0,11,0,11,6915936,ok,R D2 B' D2 R D' B R' B R' D
73624513332131,0,11,0,11,6212725,ok,R D2 B' D2 R D' R D' B D' B
73625141112323,0,11,0,11,5077812,ok,R B R2 B' R2 D2 B D B' D R2
73625143121213,0,11,0,11,4317621,ok,R B R B2 D2 R D' B R' B D'
73625143333313,0,11,0,11,4508631,ok,R B R' B D2 B R2 D' B R' D'
73625412222323,0,11,0,11,4428666,ok,R B D2 B2 R B' R2 D B R2 D2
73642511111111,0,11,0,11,5832399,ok,R B2 R' D' R D2 B' D' R D' R2
73642511113232,0,11,0,11,5021096,ok,R B' D' B2 R D R2 D' R' B2 R'
73642511113322,0,11,0,11,5003487,ok,R D R' B2 D R' B' R' B2 R2 D
73642513223222,0,11,0,11,5467956,ok,R D2 B' D B2 D2 B' R D2 B' D2
73645121113211,0,11,0,11,4945589,ok,R B D2 R' B' D2 B' D' R2 B D
73645122222311,0,11,0,11,4726827,ok,R B D B D R' D2 B D2 B R2
73645211223113,0,11,0,11,3594778,ok,R B R D' B2 D B' D2 R D' R
73645211231111,0,11,0,11,4593428,ok,R B' D R2 D' R D' B R2 D2 B2
73645211321111,0,11,0,11,3594919,ok,R B R2 B R' B D R2 B' D R'
73645211332112,0,11,0,11,3739544,ok,R B D2 R D' R D2 R2 B' R B2
73645213112231,0,11,0,11,3881593,ok,R B D2 R' D R D2 B R B' D'
73645213333112,0,11,0,11,4119705,ok,R B2 D B' D B R2 D' B D' R'
73651241113322,0,11,0,11,4341350,ok,R B2 R' D2 B2 R' D R D' B2 D
73652413211312,0,11,0,11,4643871,ok,R B R' B R' B D' B2 D B2 R'
73652413331321,0,11,0,11,5215180,ok,R B2 D B2 D B R2 D' B D' R2
73654122111122,0,11,0,11,5774870,ok,R D' R2 B R2 B' R' D2 B2 R B'
73654122221111,0,11,0,11,4019760,ok,R B R2 B R' B R' D' B2 R B'
73654211111132,0,11,0,11,4748199,ok,R B R2 B' R2 D2 B D B' D R
74123563323221,0,11,0,11,3719742,ok,R B R B' D2 B' R B2 D R' B
74123652322121,0,11,0,11,5789437,ok,R B D2 B2 D' R D2 B R2 B2 R'
74123653132232,0,11,0,11,7407168,ok,R D2 R2 D B' R B' R B' R B2
74123653133132,0,11,0,11,6027457,ok,R B2 R2 B' R2 D' R D2 R2 D' R'
74123653133222,0,11,0,11,5969180,ok,R B2 R2 B R' B R' D B' R B2
74123653133231,0,11,0,11,5498643,ok,R B R D2 B2 D' B R' D' R2 B
74125631313311,0,11,0,11,3931660,ok,R B R2 B D2 R2 B R' B' R B2
74125632121121,0,11,0,11,4111522,ok,R B2 R' B D' B R2 D' B' D B'
74125632122111,0,11,0,11,3808679,ok,R B R' B2 D2 B' R' D2 R D2 B'
74125632131111,0,11,0,11,3928695,ok,R B R D' R2 D R' B D' B2 R'
74125632321332,0,11,0,11,3816693,ok,R B R2 D2 R B2 R' D B R2 D'
74125633121111,0,11,0,11,4804841,ok,R D R D' R2 D B' D B' D2 R'
74125633131233,0,11,0,11,3743777,ok,R B R' D2 R' B' D2 B R' D2 R2
74125633132232,0,11,0,11,3405823,ok,R B R B2 D' R B2 R' D B2 D2
74125633133222,0,11,0,11,3601732,ok,R B D2 B D2 B' D2 B' D R D2
74125633133312,0,11,0,11,4791570,ok,R D R' D2 R' B' R2 B R' D2 R2
74125633332323,0,11,0,11,4498388,ok,R B2 D' B' D2 R B R2 B2 R' D'
74126352333122,0,11,0,11,5316045,ok,R D' R B D2 B2 R2 D' R' B R2
74132561321231,0,11,0,11,4998316,ok,R B' D' R2 B D R2 D' R' D2 R'
74132562121121,0,11,0,11,4641538,ok,R B2 D B2 D R B D R2 D B'
74132562122111,0,11,0,11,4346888,ok,R B D2 R' B' D' B2 R D' B2 D
74132563131221,0,11,0,11,5356370,ok,R D2 B' R B2 R2 B' D R2 B' D2
74132563132112,0,11,0,11,4369996,ok,R B2 D' R B2 R2 B' R D2 B' D2
74136522322121,0,11,0,11,5415601,ok,R B R' D B2 R D' R2 D' R B'
74152363132232,0,11,0,11,5326215,ok,R B R2 D B D2 B2 R' B' D' B2
74152363133132,0,11,0,11,5361467,ok,R B R2 B' D2 B R' D2 R' D R2
74152363133222,0,11,0,11,6056059,ok,R B' R B2 R' D B' R B D' B2
74152363133231,0,11,0,11,5351469,ok,R B R2 B2 R' B2 D' R' B2 R' B'
74156322122123,0,11,0,11,4060557,ok,R B R' B R B2 R D' R2 B R2
74156322122321,0,11,0,11,4160370,ok,R B D R2 B' R2 D B D2 B D'
74156322313223,0,11,0,11,4169923,ok,R B2 R B R2 B' D' B2 R B R'
74156323132331,0,11,0,11,3934458,ok,R B R' D2 B' D B R D2 R2 D
74156323133123,0,11,0,11,4061503,ok,R B D2 R2 B D' R D B' R2 B'
74163251121122,0,11,0,11,4510761,ok,R B2 D2 B D2 B D' B D2 B' R
74163252112211,0,11,0,11,4180007,ok,R B D2 R' B D' B2 R D R2 D2
74163252131111,0,11,0,11,4505261,ok,R B2 D2 R2 D' B' R B' R2 B D
74163253121111,0,11,0,11,4473037,ok,R B' R D R2 B' R' B D2 B' R'
74163253131332,0,11,0,11,3759232,ok,R B R' B2 D2 R' D B D B2 R2
74163253133132,0,11,0,11,3703890,ok,R B D' R2 B2 D R' D' B D' B
74163253133213,0,11,0,11,4011424,ok,R B2 R2 D2 R B' D2 R B R2 D2
74163253133231,0,11,0,11,3823077,ok,R B2 R' B D' R2 B2 R' D' B2 D'
74163253332323,0,11,0,11,4098277,ok,R B D2 B' D B R D' R D' R2
74165231121212,0,11,0,11,7078044,ok,R B D2 B D B' D B' R' B2 R2
74165231131313,0,11,0,11,6658533,ok,R B R' D R' B' R2 B' R' B2 R2
74165231212121,0,11,0,11,6740001,ok,R B R2 B D R' D B' R' B2 R2
74165231313131,0,11,0,11,6951250,ok,R B D2 R B' R2 B' D R' B R2
74165232111212,0,11,0,11,7031897,ok,R B D' B2 R' B R2 B R' B' D2
74165232121112,0,11,0,11,6688973,ok,R B R2 B R D' R B' R' B2 R2
74165232121211,0,11,0,11,6773400,ok,R B R' D2 B' R D2 R D' B' D2
74165233111313,0,11,0,11,7318425,ok,R B2 R2 B' R D' R D' R' D2 R'
74165233131113,0,11,0,11,6714517,ok,R B R2 B2 R' D' B2 D' R' B D'
74165233131311,0,11,0,11,7124454,ok,R B2 R2 B' R B' R D' R' B2 R'
74165233131323,0,11,0,11,6749316,ok,R B R' B D' R' B2 R' D' B2 D2
74165233132313,0,11,0,11,7265515,ok,R B2 R2 B' R' D2 R' D' R D' R
74165233231313,0,11,0,11,7270969,ok,R B2 R2 B' R' B2 R' B' D B' R
74213652323132,0,11,0,11,3886408,ok,R B R' D B R' D B' D2 B2 R
74251633111313,0,11,0,11,5318314,ok,R B R' D R B' R2 B' R2 B R
74256311321222,0,11,0,11,7399364,ok,R2 B R2 D2 B' D' R D' R D2 R
74256313111232,0,11,0,11,8602443,ok,R2 D R2 B2 D' B' D B' R D2 R
74265312333233,0,11,0,11,4468581,ok,R B D2 B' D2 R D' R2 D B D'
74312652333332,0,11,0,11,4461555,ok,R B R2 B2 D B' D B' D R B2
74321563311131,0,11,0,11,4784180,ok,R B D2 R' D2 R D2 B' D B D'
74321653233323,0,11,0,11,4869018,ok,R D R B' D2 B R' D B' R2 D
74325163131323,0,11,0,11,5196625,ok,R B R D' B2 D B' R B D' B2
74325612221222,0,11,0,11,4236577,ok,R B R2 B2 R' D' R2 B D2 B' R2
74325613121312,0,11,0,11,5397554,ok,R B' R' B D2 B2 D R' B' R D2
74325613131212,0,11,0,11,4242085,ok,R B R2 B2 R' D' B2 R D2 R' B2
74325613133333,0,11,0,11,4549897,ok,R B D2 R' D R B R2 B2 D' B
74361253112132,0,11,0,11,5127706,ok,R D2 B R' B R B2 D' B R D2
74361253211231,0,11,0,11,3747148,ok,R B R B' D' B D' R' D R2 D
74365211121221,0,11,0,11,4086194,ok,R B2 R' B D' R2 B2 R B' D R2
74365211213111,0,11,0,11,3851004,ok,R B R2 B' D B R2 B2 D B' R2
74365211312111,0,11,0,11,3800045,ok,R B R B2 D2 B D B' D2 B' R2
74365211313113,0,11,0,11,4206264,ok,R B2 R' D B D' R2 B2 R B2 R
74365211333111,0,11,0,11,4189630,ok,R B2 R' B D B' R2 D2 R D2 R
74365212111311,0,11,0,11,3878490,ok,R B R2 B2 D B D' B R2 B R2
74365212222323,0,11,0,11,3990669,ok,R B R' D R' B2 R' D B D R2
74365212333332,0,11,0,11,3797502,ok,R B R2 B D2 B' D2 B D' R' B2
74365213111211,0,11,0,11,4062065,ok,R B D2 B2 R B R' B D2 B R2
74365213121333,0,11,0,11,3959562,ok,R B R2 B' D' B2 D' B R B2 D2
74512361322233,0,11,0,11,5165295,ok,R D R' B' D B2 D B R2 B2 D'
74512362313223,0,11,0,11,3861424,ok,R B R B' D2 B' R' B D2 R' D2
74513263121222,0,11,0,11,7870957,ok,R2 B R D' B D' B R' D R2 B
74521632222212,0,11,0,11,5185070,ok,R B' D2 R B D2 B' D' B2 D' R'
74521633121213,0,11,0,11,5819802,ok,R D2 R' B2 D R B2 R2 B' R' D2
74521633121312,0,11,0,11,5354767,ok,R D R2 B' D' R2 D B R2 B D'
74521633133333,0,11,0,11,5916651,ok,R D2 R' D2 B R B2 R2 B' D' R2
74521633333313,0,11,0,11,5292572,ok,R D R2 B' D' B2 D B R2 B R'
74523611121113,0,11,0,11,4066600,ok,R B R' D' R2 D' B2 D R' B' R
74523611131112,0,11,0,11,4210464,ok,R B D' B' D2 B' D2 B D' B' R
74523611213111,0,11,0,11,4152061,ok,R B D2 B2 D B' R D2 R2 D R'
74523611312111,0,11,0,11,3944417,ok,R B R2 B2 R D' B D2 B2 D R'
74523612111311,0,11,0,11,4103585,ok,R B R' D2 B' D B' R' D2 B R
74523613111211,0,11,0,11,3933308,ok,R B R D' B2 D B' R' B D' B2
74532163123223,0,11,0,11,4713650,ok,R B2 R' D R' D B2 D2 R2 B' R'
74561231111222,0,11,0,11,4142030,ok,R B D2 B D' R D2 B' R D R'
74561232111113,0,11,0,11,4204249,ok,R B2 R D' R D R2 B2 R B D2
74561232221111,0,11,0,11,4661322,ok,R B' R2 B' R D2 B2 R B' D2 R
74561233111112,0,11,0,11,4544594,ok,R B2 D' R' B2 D B D2 B2 D' R'
74561233131233,0,11,0,11,4083176,ok,R B D' R2 B D B2 D R2 D2 B
74561233233323,0,11,0,11,4809695,ok,R D R B' D2 B R' D B' R2 D'
74561233311233,0,11,0,11,4091744,ok,R B R' B2 R' D2 R B2 R D R2
74561233321133,0,11,0,11,4033770,ok,R B R2 B D2 B' D2 B' R D R2
74561233321313,0,11,0,11,4918611,ok,R D R' B2 R' B' R2 B D' R2 D2
74563211232332,0,11,0,11,4050612,ok,R B D2 R B2 D' B' D' B2 D' B'
74653213133222,0,11,0,11,4758606,ok,R B D' R2 B D' R D B' R2 B'
75132463233233,0,11,0,11,4724440,ok,R B R2 D2 B' R D' R' B2 D2 R
75143263231313,0,11,0,11,5732026,ok,R B2 R2 D2 B' D2 B' R' B R' B'
75146321323331,0,11,0,11,5210242,ok,R B2 D2 B' R D' R2 B' R B' R2
75213642223133,0,11,0,11,4515057,ok,R B D2 B' R B' R D2 R' B2 R
75231463211123,0,11,0,11,6548696,ok,R D B2 D' R B' D B2 D' R2 D
75234161322233,0,11,0,11,4048657,ok,R B D R' B2 D B2 D' B R' D'
75234162221111,0,11,0,11,5349117,ok,R D B2 D' B' D2 R B' R B R'
75236143213232,0,11,0,11,3780296,ok,R B R' B R2 B' D R B R' B'
75241632222323,0,11,0,11,4634674,ok,R B D2 B2 R B' R2 D B D2 R2
75243162211322,0,11,0,11,7902563,ok,R2 B2 R B2 R2 B R2 D' R2 D2 B
75243611113232,0,11,0,11,4177025,ok,R B2 R B' R2 D R B D2 R' B2
75243613213232,0,11,0,11,3645046,ok,R B D2 B' D' B2 R B' D R D'
75246131333312,0,11,0,11,5123895,ok,R B' R' B D2 R' B R' D' B2 D'
75246311111111,0,11,0,11,9679714,ok,R2 D R' D B D2 R' D R B2 R'
75246313212311,0,11,0,11,4312333,ok,R B D' R D2 B' D' B D' R2 D2
75246313312211,0,11,0,11,4189093,ok,R B2 R D R2 D' R' B2 D B R'
75246313332332,0,11,0,11,4191088,ok,R B2 R2 D R' D B' R2 B R2 D2
75261432123233,0,11,0,11,4775611,ok,R B' R2 D B2 D' R' B2 D2 R B'
75264132121232,0,11,0,11,4961525,ok,R B2 R' D R' B' R D B2 D B2
75264132223331,0,11,0,11,3885368,ok,R B R B D2 R' B R' B' R2 B2
75264132321212,0,11,0,11,5216553,ok,R B' R B' R2 B D2 R D' R2 D
75264133121333,0,11,0,11,4195493,ok,R B R D2 R B D' R B2 D B2
75264133331213,0,11,0,11,4254044,ok,R B R2 D2 B D' B R B' R2 B'
75264311223122,0,11,0,11,4538992,ok,R B2 R2 B R2 B D2 R' D B2 D2
75264313231112,0,11,0,11,5209985,ok,R B2 D2 R' D' B R' B2 D2 R D
75312463333133,0,11,0,11,5357222,ok,R B R2 B' D2 B' D B R' B R2
75314621133221,0,11,0,11,3397630,ok,R B R B' R' D' B R D' R B2
75314621313212,0,11,0,11,7403501,ok,R' B D B' D2 B R' B R B2 D2
75314623113122,0,11,0,11,3819275,ok,R B2 R' D2 R' D B2 R B2 R D2
75316241231231,0,11,0,11,5351086,ok,R D R B' R B' R D2 R D R
75321461311112,0,11,0,11,4154987,ok,R B2 D' B R D R2 D R' D' B'
75321463132121,0,11,0,11,3762496,ok,R B2 R' B D2 B D2 B2 R' D R'
75346122133133,0,11,0,11,4778266,ok,R B R' D' R B R' D2 B2 D B2
75346211133122,0,11,0,11,3984761,ok,R B2 R B2 D2 R' D B' D2 R2 B2
75346211211311,0,11,0,11,5059588,ok,R D B' R D' B D2 B2 D R' D'
75346211311211,0,11,0,11,3757141,ok,R B R2 B D' R' B R' B' D2 B
75346212323333,0,11,0,11,4799184,ok,R B' R2 B R B2 D2 R2 B R' D'
75346213112132,0,11,0,11,3598251,ok,R B R' B2 R D R' B D' R D2
75346213132121,0,11,0,11,3757814,ok,R B D R' B2 D2 B R' B D2 B2
75346213132322,0,11,0,11,3791693,ok,R B R B2 R' D' B2 R D2 R' B2
75346213332122,0,11,0,11,4025838,ok,R B2 R2 B' D R' D2 B R' B' R2
75412631223332,0,11,0,11,3470872,ok,R B R D2 B R' D R2 D R' B2
75416323232213,0,11,0,11,4647753,ok,R B R2 B' D2 B D' B R B' D2
75431263133213,0,11,0,11,5310148,ok,R D2 R2 B2 D' R' D B' R2 B R'
75462132123212,0,11,0,11,7017826,ok,R B' R D2 R2 B' D B' D' B R
75613243131332,0,11,0,11,5368999,ok,R D2 R' B R B R' D2 B R' B'
75613243133213,0,11,0,11,4367637,ok,R B2 R' B R D R' D2 B D' R'
75634123323122,0,11,0,11,4185573,ok,R B D2 B' D2 B R' B R B' R2
75641323232111,0,11,0,11,3959470,ok,R B2 R' D2 R' B R2 D B2 D R2
75642132213311,0,11,0,11,3829711,ok,R B R' B R' D' B2 R' D2 R' D2
76123453233323,0,11,0,11,4090285,ok,R B D R' B2 D R' B R' B R2
76125343333133,0,11,0,11,5427147,ok,R B2 R B2 D' B' R B' D R' B
76143252131312,0,11,0,11,4510682,ok,R B D2 B2 D R B D' R2 D' B
76143252221222,0,11,0,11,4587428,ok,R B2 R B' R B2 R' D2 B D' R'
76143253131212,0,11,0,11,4644971,ok,R B2 R D' R B2 R' D2 B D' B'
76143253331333,0,11,0,11,4301916,ok,R B R' D2 B R2 B' D R' D2 R'
76143253333313,0,11,0,11,6031904,ok,R D' R2 B R D2 R' D' R2 D' B'
76145231121113,0,11,0,11,3819825,ok,R B R2 B2 R' D B2 R' D' B2 R
76145231122112,0,11,0,11,6615727,ok,R2 B2 R' B D2 R' B' D' B2 R D
76145231131112,0,11,0,11,4128285,ok,R B D2 B2 D' B D2 R' B' D2 R
76145231221112,0,11,0,11,6603846,ok,R2 B2 R' D B2 R' B' D' R2 B D
76145231311331,0,11,0,11,3721923,ok,R B R' B D' R2 D' R B R D2
76145232123332,0,11,0,11,3990758,ok,R B R2 B R2 B' D2 B R' D' B2
76145232233213,0,11,0,11,4933214,ok,R B' R2 B D' B2 R D B D' R
76145232331313,0,11,0,11,3839457,ok,R B R2 B' R' D2 R' B D B2 R2
76145232332213,0,11,0,11,5103325,ok,R B' D2 B D' R2 B D R B' R
76145233133213,0,11,0,11,4078776,ok,R B D2 B' D' B2 D' R D B2 R2
76145233232333,0,11,0,11,3875200,ok,R B R2 B2 D R D' B D2 B D2
76154323333112,0,11,0,11,4745149,ok,R B2 D2 R' B' R D' B2 R2 D R
76213543213133,0,11,0,11,4895833,ok,R B2 D R2 D B R2 D' B R' D2
76213543311332,0,11,0,11,4593015,ok,R B D' B R' B R' D2 R B2 D'
76215341231231,0,11,0,11,4414058,ok,R B R D' R B2 D' R2 D B R2
76215433333133,0,11,0,11,5225993,ok,R B R' D2 B D' B R B' R2 B'
76231451123111,0,11,0,11,4181253,ok,R B2 D' B R' D' R D2 R D B'
76245311121131,0,11,0,11,4057893,ok,R B D' B D2 B' R D R2 B2 D2
76245311131121,0,11,0,11,3656547,ok,R B R' B D' R B2 R2 B R' D'
76245311213312,0,11,0,11,3866942,ok,R B D' R' D R2 D B' R B2 R'
76245312132131,0,11,0,11,3947786,ok,R B2 R2 B' R2 B R D' B2 R D'
76245313122122,0,11,0,11,3842053,ok,R B D B' R2 D R B' D B2 D
76245313123121,0,11,0,11,3869283,ok,R B2 R D2 R2 B R D R' D2 R'
76253141123132,0,11,0,11,3581193,ok,R B D R' B2 R D' B R D2 B2
76253141211332,0,11,0,11,3512605,ok,R B R' B D B D' R2 B D B'
76253413322312,0,11,0,11,4833517,ok,R B2 R D2 R2 D B2 R D2 R2 B
76254133311323,0,11,0,11,7728488,ok,R2 B D2 R2 B' R' D B' D R2 D
76254313211111,0,11,0,11,6878524,ok,R2 B D2 B2 R2 D' B' R B' R D2
76312452212111,0,11,0,11,7139884,ok,R2 B D' B' D R B' D R2 D' R
76312453211111,0,11,0,11,4178801,ok,R B R' B R2 B' D B' D' B R2
76312453311311,0,11,0,11,4593832,ok,R B2 R' B' R' D R2 D R2 D' R2
76312542321212,0,11,0,11,4484532,ok,R B D B' R2 D B' D2 R2 B R'
76312542322121,0,11,0,11,4207814,ok,R B2 D B2 D R' D B2 D B R
76312543322222,0,11,0,11,5572212,ok,R D2 B' R D2 R2 D' R D2 B' R2
76315241112113,0,11,0,11,4398609,ok,R B' R D2 R' D R' B R2 D2 B2
76315241113112,0,11,0,11,3770151,ok,R B D2 B D' R B R2 D' B R'
76315241223113,0,11,0,11,3673525,ok,R B R2 D R' B R2 B2 D' R B2
76315241322122,0,11,0,11,3889166,ok,R B D2 R' B2 R D B2 D' R2 D
76315241323313,0,11,0,11,4098562,ok,R B2 D B' R D R2 B' D B' R'
76315241332112,0,11,0,11,3752651,ok,R B D B' D2 B R' B2 D B' R
76315243211231,0,11,0,11,3567129,ok,R B R2 B R2 D B D' R B' R'
76315243323323,0,11,0,11,4288363,ok,R B2 D R' D B R2 D' B R' D'
76321452122123,0,11,0,11,6127032,ok,R B D R' B2 D2 B D B R' B2
76321452122321,0,11,0,11,6251916,ok,R B2 R B D B2 R B' R2 B' D
76321452122333,0,11,0,11,6122767,ok,R B R2 B2 R' B D2 R D2 R2 D
76321452123323,0,11,0,11,7103362,ok,R B' D R B2 R B' D2 R2 B R'
76321452212231,0,11,0,11,5932730,ok,R B R2 D2 B2 R B D' R D' B'
76321452213122,0,11,0,11,6228996,ok,R B D B' D2 R2 D R B R' B2
76321453233131,0,11,0,11,6514257,ok,R B2 R2 B R2 D' B R2 B2 R' D'
76321453311233,0,11,0,11,7437165,ok,R D R' B R' B R2 D2 B2 R B'
76321453313312,0,11,0,11,6992069,ok,R B' R' D2 R B2 R' D R2 D R'
76321453321133,0,11,0,11,6207678,ok,R B R' D' R B D2 B2 R2 B R'
76321453323311,0,11,0,11,7130034,ok,R B' D' R2 D B2 D' B D2 B R'
76321542211112,0,11,0,11,5919708,ok,R D B D' R B' D B2 D' B2 R'
76321543211111,0,11,0,11,3978636,ok,R B R D' B2 R2 B D' B' R2 B2
76321543311131,0,11,0,11,4394202,ok,R B D B2 D' B R2 D' R2 D B2
76324151112233,0,11,0,11,4082275,ok,R B D B' D2 R B2 R' D R' D'
76324151112323,0,11,0,11,4929468,ok,R B2 R B D' R2 B2 D R2 D' B'
76324153323122,0,11,0,11,4038591,ok,R B2 R' B' D' R' D2 B R2 B' D2
76325411111213,0,11,0,11,4220048,ok,R B2 R2 B D' R D B' R B R
76325411111312,0,11,0,11,5208548,ok,R D2 R2 B' R' D B' D2 B D' B2
76325411112131,0,11,0,11,3855377,ok,R B R2 B' R D B D' B R' B2
76325411113121,0,11,0,11,4228685,ok,R B2 R2 B D B' D' B R' B' R
76325411122121,0,11,0,11,4176953,ok,R B2 R' B2 R B' D' B D2 R B2
76325411331311,0,11,0,11,4500833,ok,R B' D R' B2 D B R2 D' R D'
76325412112121,0,11,0,11,5244285,ok,R D2 R' B2 R D' B' D B2 R B2
76325412231212,0,11,0,11,4505353,ok,R B2 D2 B D B2 D B R2 B' R
76325412333233,0,11,0,11,4480444,ok,R B2 D2 B R2 B D' R B2 R' B
76325413222223,0,11,0,11,4149861,ok,R B2 R2 D R B2 R D' B' D2 R
76341251111213,0,11,0,11,4117304,ok,R B D' R D R B' R2 B R' B2
76341251111312,0,11,0,11,5133209,ok,R D B' R D R D' B2 D R' B2
76341251112131,0,11,0,11,4533927,ok,R B2 D' B' R2 D B D2 B2 D' R'
76341251113121,0,11,0,11,4155791,ok,R B2 R B' R D R2 B2 R D B2
76341251221121,0,11,0,11,4357749,ok,R B' R2 B' D B2 R2 D B' D2 R
76341251311313,0,11,0,11,4174459,ok,R B2 R B2 R2 D' R D R' B2 R
76341252232313,0,11,0,11,4074402,ok,R B D B' R B2 R' B2 D B' D
76341252323333,0,11,0,11,4468583,ok,R B2 R' D B' D R2 B' R' B D'
76341253221212,0,11,0,11,4598817,ok,R B' R' B D' R' B D2 R' B2 R
76341253233131,0,11,0,11,3702037,ok,R B R2 B R2 B' D2 B' D B R2
76342511111231,0,11,0,11,3490516,ok,R B R B' D2 R B2 R' D R' D
76342511111321,0,11,0,11,4487989,ok,R B' D B2 D' B2 R B' D' R' D
76342511323112,0,11,0,11,3689405,ok,R B D2 R' B R' B D R B' R2
76342512232223,0,11,0,11,4419702,ok,R B2 D R D2 B2 R D' R D2 R'
76342513213112,0,11,0,11,5370086,ok,R2 B R B2 D R' D B2 D B' D2
76342513322111,0,11,0,11,5590147,ok,R2 B R' B2 D' B D R' D B2 R2
76342513323122,0,11,0,11,3905600,ok,R B2 R' B' D' R D2 B' D2 B D2
76342513323212,0,11,0,11,4207052,ok,R B2 R' B' R' D R2 B' D2 B R2
76345122211112,0,11,0,11,5744430,ok,R D B D' R B' D B2 D' B2 R
76345122211121,0,11,0,11,4605776,ok,R B2 R2 B' R' D B2 R' D B D2
76345122213311,0,11,0,11,3849981,ok,R B R' B R' D' B2 R' D2 R' D'
76345122311111,0,11,0,11,4646803,ok,R B2 D2 R2 D R D B' R D' R2
76345123211111,0,11,0,11,3921107,ok,R B R D' B2 R2 B D' B R2 B2
76345123311113,0,11,0,11,4530219,ok,R B2 R2 B' R D' R2 B R' B' D2
76345123311131,0,11,0,11,4323859,ok,R B D B2 D' B' R2 D B2 D' B2
76345123312211,0,11,0,11,3689490,ok,R B R B' R B' D' B2 R2 D' R
76351421112323,0,11,0,11,5317021,ok,R B' R2 B D' R B2 D' B2 D R2
76351421113322,0,11,0,11,3960502,ok,R B R2 B' R2 D2 B D' B' D2 B'
76351423321232,0,11,0,11,4181667,ok,R B R2 B' D' B2 R B' R D R'
76354121121212,0,11,0,11,4891382,ok,R B2 R' B R2 B D R' B' D B2
76354121122121,0,11,0,11,4107143,ok,R B R B2 D' R2 B D R2 D R'
76354121311313,0,11,0,11,4188251,ok,R B R D2 B' R B D' B D' R'
76354121313131,0,11,0,11,4612182,ok,R B D R B D' R' B D2 R' D
76354122111212,0,11,0,11,5362166,ok,R B' R D' R2 D R2 B D' R2 D
76354122112121,0,11,0,11,4462799,ok,R B D' R B R2 B R' D2 B D2
76354122212222,0,11,0,11,4258983,ok,R B R2 D2 B R' B R B' D2 B'
76354123211123,0,11,0,11,4562289,ok,R B2 R D B2 D' R' B2 D B D'
76354123211132,0,11,0,11,3966634,ok,R B R' D R2 B' D' B R' D2 R2
76354123313333,0,11,0,11,4655275,ok,R B2 R2 D B' D B' R2 B D2 R2
76354212213323,0,11,0,11,4233404,ok,R B D2 B D R2 B D2 B D2 B
76354212312233,0,11,0,11,4353392,ok,R B2 R D' R D R2 B' R B R
76354212313322,0,11,0,11,4638535,ok,R B' R B2 D' B' D B' R2 B D'
76354212333332,0,11,0,11,4266452,ok,R B2 R' B R' D2 B2 R' B' R2 D'
76354213222223,0,11,0,11,4183708,ok,R B2 R D2 R2 B D R D' R2 D'
76354213312223,0,11,0,11,3923969,ok,R B R B' R2 D B D' R B2 R
76421351131121,0,11,0,11,3391239,ok,R B R B' D2 B' R' B' R D2 B'
76512343213313,0,11,0,11,6797677,ok,R D2 B' R2 D R' B R' B D' B
76512343332311,0,11,0,11,6780474,ok,R D2 B' R2 D R' D R' B D' R
76514321112323,0,11,0,11,4531702,ok,R B D B2 D B' D' R D' R2 D2
76514321232113,0,11,0,11,4181871,ok,R B D' R' D R2 D B' R B2 R2
76521433232333,0,11,0,11,4046919,ok,R B R' B2 D' B R' D' R2 B D
76523413223231,0,11,0,11,4267904,ok,R B2 D R' D R D2 B' R B R2
76524313331222,0,11,0,11,5276719,ok,R B2 R D2 R2 D B2 R' D2 R2 B
76541232131213,0,11,0,11,6960688,ok,R D' B2 D' R B D R2 D2 R B
76541232221222,0,11,0,11,4281687,ok,R B R2 B2 R' D' R2 B D2 B' D2
76541233121213,0,11,0,11,4415053,ok,R B R2 D' R D B R2 B2 D' B
76541233331333,0,11,0,11,4754872,ok,R B D2 B2 D' B' R2 D B2 D' B2
76541233333313,0,11,0,11,5378035,ok,R B' D' R D2 R2 D R' B' D R2
76543211111111,0,11,0,11,9105305,ok,R2 D' R B R B2 R D' B' R B'
76543211212112,0,11,0,11,4682828,ok,R B' D B2 R B2 R' B D' B2 D2
76543211223221,0,11,0,11,3805785,ok,R B2 R' D R' B2 D2 B' D' B2 D'
76543211332331,0,11,0,11,3800162,ok,R B2 R' B D2 R' D' B' D R' D'
76543211333333,0,11,0,11,4197692,ok,R B2 D' R B D' B D' B2 D' B
76543212132323,0,11,0,11,4182419,ok,R B D' R D' B2 R2 D R B D'
76543212222221,0,11,0,11,4016576,ok,R B2 R2 D2 R D' R2 B R B2 D2
76543212323213,0,11,0,11,4125596,ok,R B D2 R' B R' D2 B D B2 D2
76543213113131,0,11,0,11,4153725,ok,R B2 R2 D B R2 B D' B' R2 D
