state,expected_exit,expected_length,exit,length,iret,status,moves
12345672121232,0,11,0,11,8132278,ok,R B D2 B R D' B D' B' R2 B2
12345672123212,0,11,0,11,7798024,ok,R B R' B2 D' R B2 R D' R' D2
12345672321212,0,11,0,11,8185488,ok,R B D' R2 B' R B2 R B' R' D2
12345673131323,0,11,0,11,7900824,ok,R B R2 D B' D2 B' R B' R D2
12345673132313,0,11,0,11,9353277,ok,R B' D2 B' R' B D' R D' R2 D2
12345673231313,0,11,0,11,9088425,ok,R B' R2 B' R' D B' R D' R2 D2
12345761111111,0,11,0,11,5457006,ok,R B R' D2 B' D R' D' B D2 B
12346571111231,0,11,0,11,4043465,ok,R B R' B2 R' B' D' R D2 B D'
12346751113133,0,11,0,11,5629573,ok,R B2 D R' D B D' R2 B2 D R
12347561112212,0,11,0,11,5154642,ok,R B D' R D R2 D2 B' R' B D2
12347651111111,0,11,0,11,8540354,ok,R2 B' R B D B2 D B' D' R D'
12347651122112,0,11,0,11,5285829,ok,R B' D R2 B R2 B' D B' D2 B2
12347651133311,0,11,0,11,4817939,ok,R B2 R B R' B D2 B' R2 D R2
12347652111221,0,11,0,11,4342372,ok,R B R2 B' R D' B2 R2 D' B' R2
12347652123233,0,11,0,11,5135114,ok,R B2 R' D2 R B' R' D R2 B D2
12347652123332,0,11,0,11,6330443,ok,R D2 R' D2 R B' D' R D2 B D2
12347652223232,0,11,0,11,4791809,ok,R B2 R2 B D R' B' D B' R' B
12347653111133,0,11,0,11,5112721,ok,R B2 R2 D B D2 B D' R' D2 B
12347653132223,0,11,0,11,4376796,ok,R B R D' B2 D R' D' R2 D2 B2
12347653132322,0,11,0,11,4276879,ok,R B R D B2 R2 D2 R D2 R' B
12347653332323,0,11,0,11,4817937,ok,R B2 R2 D2 B' D B' R B2 R' B
12354671111111,0,11,0,11,6025868,ok,R B' R2 D' B R' B' D R2 D B
12354761112323,0,11,0,11,7980738,ok,R2 B R' D R B2 D' R D R2 D'
12354762121112,0,11,0,11,5683244,ok,R B2 R' D R2 D R B' R' D R2
12354762121211,0,11,0,11,6176740,ok,R B' D R' D2 R D2 B D' B2 D
12354762311123,0,11,0,11,4642177,ok,R B D B D2 R' D B' R' B2 R2
12354763131131,0,11,0,11,5173651,ok,R B2 R B2 R2 D R' D R2 D R2
12354763133111,0,11,0,11,4701436,ok,R B R B2 D2 B' D' R2 D' R2 D2
12354763211123,0,11,0,11,5504124,ok,R B2 D' B R' D R2 D R D' R2
12356471113133,0,11,0,11,4972910,ok,R B R2 D2 B' D B D' B D2 R
12356741133131,0,11,0,11,6762998,ok,R B R2 B D2 B' R B2 D' B2 D
12356741313131,0,11,0,11,7035148,ok,R B R2 D B' D2 R2 D R' B' R2
12356743113131,0,11,0,11,7081499,ok,R B D2 B' R2 B D' B2 D' B R2
12357461111222,0,11,0,11,5448859,ok,R B' R2 D B2 D' B2 D' R' D R2
12357461113331,0,11,0,11,5241298,ok,R B2 D2 R D2 R D' R' B' D2 B'
12357462211112,0,11,0,11,5398801,ok,R B' R B R2 B2 D2 R' D' R D2
12357641113331,0,11,0,11,5085892,ok,R B R2 B2 D B' D2 R D B2 R2
12364571112212,0,11,0,11,5671961,ok,R B2 D2 R D2 R D' R' B' D2 B2
12364751112212,0,11,0,11,4860528,ok,R B D2 B D' R D' R' D2 B R'
12364751113133,0,11,0,11,5110905,ok,R B2 R' D R2 B' R D R D' B'
12364753311131,0,11,0,11,4906999,ok,R B D2 R' B R B2 R D' B' R
12365471111111,0,11,0,11,6015138,ok,R B' R2 B' D' B' D R2 B R' D
12365471211122,0,11,0,11,5097640,ok,R B2 D B' D2 R' D R D' R D
12365471313113,0,11,0,11,4225113,ok,R B R D2 B' R2 B D2 B2 R' B
12365472223232,0,11,0,11,4725691,ok,R B2 R D' B R D2 B2 D R D2
12365472321233,0,11,0,11,5458140,ok,R B' D2 B' D B2 R2 D R' D2 B
12365473232312,0,11,0,11,4298760,ok,R B D B D2 R D2 R B' R2 D2
12365473332323,0,11,0,11,4311481,ok,R B R2 B' R D B2 R' D' B D'
12365741113331,0,11,0,11,5143013,ok,R B D' B R D2 R2 D' R' B2 D
12367451123333,0,11,0,11,7602620,ok,R B2 R2 B R D' R D' R D' R2
12367451132222,0,11,0,11,6933726,ok,R B D B2 R2 B' R B' D' B2 R
12367451213333,0,11,0,11,7380804,ok,R B2 R2 B' R B' D R' D B D2
12367451312222,0,11,0,11,9016129,ok,R D2 R2 D B' D R' D B' D R2
12367452113333,0,11,0,11,8156302,ok,R B' D B2 D2 R' D R' B' R B2
12367453112222,0,11,0,11,7356185,ok,R B2 R2 B' R2 D' R B2 R2 B' D'
12367541112212,0,11,0,11,6360473,ok,R B' D' R2 D B' R2 D B2 D' B2
12367541113331,0,11,0,11,7287822,ok,R D2 B D2 B' D R' D R' B' R
12367541331131,0,11,0,11,4668631,ok,R B R2 D2 B' D R' D B D' B'
12374561121212,0,11,0,11,7051862,ok,R B R2 B R2 D' R B D2 B R2
12374561211212,0,11,0,11,6948894,ok,R B R' B R' B2 D R' D B D2
12374562111212,0,11,0,11,8244311,ok,R B' D B2 D2 R' D R' B' R B
12374651111222,0,11,0,11,5698212,ok,R B2 D B' D' B2 R B2 R B2 R2
12375461111222,0,11,0,11,5504112,ok,R B2 R' D R2 B' R D R D' B2
12375641113112,0,11,0,11,5203542,ok,R D R' B2 R' D' R' D B2 R D'
12376451111222,0,11,0,11,5795221,ok,R B' D R D' B D' R2 B R D2
12376451113133,0,11,0,11,5533267,ok,R B2 D B2 D' B R' D B' D' R
12376451221211,0,11,0,11,4774242,ok,R B D2 R' D R' B2 R' B2 D' R2
12376541112323,0,11,0,11,5769149,ok,R B2 R' B' D R2 B' R' D B' D2
12376541232233,0,11,0,11,6833080,ok,R D' B' R2 B' D' R2 D B R2 D'
12376541322233,0,11,0,11,4736041,ok,R B D' B2 R D' B' R' D2 R2 B
12376542121232,0,11,0,11,5271207,ok,R B2 R B D2 R' B2 D B R B'
12376542123212,0,11,0,11,4860790,ok,R B R D' R2 B D' R2 B2 D B'
12376543133132,0,11,0,11,4255678,ok,R B R D' B2 D R' D' R2 D2 B'
12376543133231,0,11,0,11,4230231,ok,R B R D B2 R2 D2 R D2 R' B2
12456731132321,0,11,0,11,7703373,ok,R2 D R' B2 R' B' R' D R2 B D'
12456731233223,0,11,0,11,4575183,ok,R B' R B' D R2 D2 B2 D' B D
12456733223321,0,11,0,11,4604344,ok,R B' R D' R' D R D2 B' D' B
12463751231231,0,11,0,11,4874649,ok,R B2 R B2 R2 D R' D' R D' R
12467351131121,0,11,0,11,4867112,ok,R B' D2 R' B R B D2 B R' B
12467351231321,0,11,0,11,4216519,ok,R B D B2 R' B R' B D' R2 B
12473561132123,0,11,0,11,4632317,ok,R B' R D R' D2 R' D' B' D B'
12536741112323,0,11,0,11,4980803,ok,R B R D2 R D' B' D' B2 D2 R
12537461332112,0,11,0,11,4655354,ok,R B D2 R D' R D2 R2 B' R' D
12543671111111,0,11,0,11,6183878,ok,R B' R D R' D2 R' D' B' D B2
12543671211212,0,11,0,11,4826208,ok,R B2 D R' D2 B' R B D' R B
12543671331113,0,11,0,11,4426814,ok,R B D R2 B' R2 B D2 B2 R' D
12543672121121,0,11,0,11,4520577,ok,R B D2 R2 D B2 D' B R B2 D'
12543672321332,0,11,0,11,4671787,ok,R B2 R' B R' D B2 R' D' B R'
12543672322232,0,11,0,11,4525958,ok,R B D R' D2 R D' B D' R2 B'
12543672331232,0,11,0,11,4291609,ok,R B R2 B D' R B2 R D2 B D2
12543673111331,0,11,0,11,4411768,ok,R B D R' D R2 D' B2 R B' R
12543673221323,0,11,0,11,4624110,ok,R B2 R D2 R2 B' D R D' R2 D
12543673231223,0,11,0,11,4426754,ok,R B D B2 R' D' B R' B D2 R
12543673233323,0,11,0,11,5620738,ok,R D R' D B R B' R2 B D' B2
12546371221331,0,11,0,11,4620348,ok,R B2 D2 R B2 R D' R' D' B2 D2
12563472131213,0,11,0,11,5739494,ok,R B' R2 B' R' D2 R B R2 D' B'
12563473131212,0,11,0,11,5381128,ok,R B2 R' B R' B2 R D2 B' R D'
12564733323122,0,11,0,11,4423809,ok,R B R B D' B2 R2 B' D2 R' B
12567433232333,0,11,0,11,4584169,ok,R B R' B' R D2 R' B D R B2
12576343212221,0,11,0,11,5663929,ok,R B2 R' B R' D R2 D2 B2 R' D'
12637451132111,0,11,0,11,5425842,ok,R D R' D2 R B' D B R2 D2 B2
12637451332112,0,11,0,11,4076475,ok,R B R2 B R B2 D' R2 B R D2
12643571321321,0,11,0,11,4489909,ok,R B D2 R2 B' D B R' B D2 R
12645371131121,0,11,0,11,5030225,ok,R B' D2 R' B R B D2 B R' B'
12673542331133,0,11,0,11,6216358,ok,R D R' D R' D B' R2 B R2 D'
12734561112323,0,11,0,11,4953805,ok,R B R D2 R D' B' D R' B2 D2
12734561322233,0,11,0,11,4371931,ok,R B R2 D' R2 B D' R' D B' R2
12734562313223,0,11,0,11,4190519,ok,R B R B R D2 B D' B D2 R2
12745631111111,0,11,0,11,14645208,ok,B R' B R B' D2 B' R' B' R D2
12745632111122,0,11,0,11,4818850,ok,R B D2 B R2 B' R2 B R' D' R2
12745632212213,0,11,0,11,5686283,ok,R B' D2 B R' B2 D B R D' B
12745632222221,0,11,0,11,4621975,ok,R B D2 B' R' B2 R' B D R2 B2
12745632232211,0,11,0,11,5495239,ok,R B' R2 B R' B2 D B D R' B
12745633131131,0,11,0,11,5154871,ok,R B2 D' B' D B2 D R B2 D2 B
12745633313312,0,11,0,11,4511454,ok,R B2 R B R2 B2 D B' D B2 D'
12745633313333,0,11,0,11,4804021,ok,R B D' R' B R' D' B D2 R' D2
12745633323311,0,11,0,11,4569342,ok,R B2 R D B2 D2 R B' D R2 D'
12753462231323,0,11,0,11,5158434,ok,R B R2 B2 D R' D2 B R D2 B2
12763452322232,0,11,0,11,4648668,ok,R B D R' D2 R D' B D' R2 B
12765432121313,0,11,0,11,5235106,ok,R B D2 B2 D' B' D2 R B2 R' D2
12765432222212,0,11,0,11,7922367,ok,R D' B2 D' B D R D2 R2 D R
12765433121213,0,11,0,11,5938441,ok,R B' R D' B2 R2 D R B' D B2
12765433331333,0,11,0,11,5426352,ok,R B D2 B2 D' B' R2 D B2 D' R2
13245671321111,0,11,0,11,5245745,ok,R D R' B D2 R D' R' B' D2 B'
13246571111111,0,11,0,11,6620935,ok,R B2 R' B' R D2 B' R' B D' B2
13246571112233,0,11,0,11,4464052,ok,R B R' B2 D B' D' R' B2 R2 D
13246571113232,0,11,0,11,6919397,ok,R D' B' D2 R D R2 D' B' R2 B'
13246572321332,0,11,0,11,5242292,ok,R B2 D R2 D R D B R2 B R'
13246572331232,0,11,0,11,4737187,ok,R B R2 B D' R B2 R D2 B D
13246573221233,0,11,0,11,4899469,ok,R B2 R B R' B R B D2 R B2
13246573321223,0,11,0,11,4994709,ok,R B2 R B' R2 D B D2 R' D' R
13246752133211,0,11,0,11,6093892,ok,R B2 D' B2 R D' B D' B R' D
13247563212131,0,11,0,11,5433850,ok,R B R' B2 D2 B' D' B D' R D'
13254761322233,0,11,0,11,5160487,ok,R B' R' D2 B D' R' B D' R2 D'
13254761323322,0,11,0,11,4437101,ok,R B2 R B R2 B2 R' D R2 B' D'
13254762321233,0,11,0,11,6130302,ok,R D B2 D' R' B2 D B' D R B'
13254763323122,0,11,0,11,5250504,ok,R D R' B' D' B' R2 D R' D2 R
13257641112233,0,11,0,11,4509580,ok,R B R2 D2 B2 D' R' D' R B2 D'
13265741112323,0,11,0,11,7445563,ok,R D R2 D' B2 R2 D R B' D B2
13265742131312,0,11,0,11,6365488,ok,R D R B2 D2 R B' D R' B D'
13267451122211,0,11,0,11,5532681,ok,R B' R2 D B2 D' B' D2 R2 B R'
13267451311133,0,11,0,11,4640741,ok,R B R D2 R D' B' D' R2 B R
13267541111132,0,11,0,11,5916881,ok,R B2 R2 D' R B' R2 B' R' D R'
13267541232212,0,11,0,11,5400169,ok,R B R D' B R' D B2 D R D
13274651112323,0,11,0,11,6572520,ok,R B2 D' B2 D' R D' R2 B2 D' R
13275461112233,0,11,0,11,4962225,ok,R B2 R' B2 D2 R' D B R' B2 R
13275463213211,0,11,0,11,4909992,ok,R B2 R2 D2 B' R' D R' D2 R B'
13275641112233,0,11,0,11,6004199,ok,R B2 R' B D' R B' R B' R2 B2
13275641112323,0,11,0,11,7458745,ok,R B2 R' B R' B R' B D' R2 D2
13275642131333,0,11,0,11,5662707,ok,R B D R' B2 D' R B' D B' D'
13275643212221,0,11,0,11,6065050,ok,R B2 R2 B' R B2 D' B2 D R2 B'
13276451113211,0,11,0,11,6520531,ok,R B' R2 B' R D R2 D R' D2 R'
13276451233133,0,11,0,11,6490626,ok,R B' R B R' B2 D2 B R' B2 R'
13276541133122,0,11,0,11,4811020,ok,R B' R2 D B D2 B R2 B R' B2
13276541213312,0,11,0,11,6463896,ok,R2 B D' R2 B' D R B' D R2 B2
13276541321123,0,11,0,11,4824755,ok,R B' D2 R B R2 B D2 B R' D2
13276541322311,0,11,0,11,6212742,ok,R2 B R2 B' D B R2 B2 R B D'
13276541323112,0,11,0,11,4061933,ok,R B R2 D' B D' B R B R' B2
13276541323322,0,11,0,11,4236368,ok,R B D2 R' B D' R D B R' D2
13276542323312,0,11,0,11,4832225,ok,R B2 R' D' R' D B2 R' D2 R B2
13276543323122,0,11,0,11,4674130,ok,R B' R B' R B2 D' B' D B2 D'
13462571111111,0,11,0,11,5204743,ok,R B D R2 D R' B' D' B2 D2 R
13462572213311,0,11,0,11,4334741,ok,R B R2 D B' D2 B' D' R D2 B'
13527461211113,0,11,0,11,5173198,ok,R B' D' B D2 R' B D R D' R2
13542671231231,0,11,0,11,4144547,ok,R B R' B R D2 R2 D' R' D2 B
13546271213213,0,11,0,11,4633323,ok,R B D2 R2 B' D R' B D B' D'
13546271231231,0,11,0,11,5976552,ok,R D2 B R2 B' D R' B R' B' R
13546271321321,0,11,0,11,5133776,ok,R B' R' B2 R D' R2 B D2 B' D2
13572641122133,0,11,0,11,6585668,ok,R D R2 D' R2 B2 D R D' B D2
13576241312213,0,11,0,11,6428743,ok,R B2 R2 D' B D' B2 D' R' D R'
13576241321321,0,11,0,11,5169189,ok,R B R' D B R' B2 D R' B D'
13627451332112,0,11,0,11,4602852,ok,R B R' B' D' B D2 B' D R' B'
13642571221223,0,11,0,11,6130735,ok,R B R2 D B R2 B2 D' R' D' B2
13642571223221,0,11,0,11,6118912,ok,R B R2 B2 R' B2 D' R' D2 R' B'
13642573221221,0,11,0,11,6936415,ok,R B' R D2 R' D R' D R D' B2
13645271221331,0,11,0,11,4295178,ok,R B D2 B2 R D' B2 R B D2 R2
13647521111111,0,11,0,11,5016977,ok,R B R D B2 D R' B' R' B2 R2
13675241112323,0,11,0,11,5499526,ok,R B D2 R2 B2 R' B' D' R D2 B'
13675242331313,0,11,0,11,4952194,ok,R B2 R' D R D R' B2 D B' R'
13725642332132,0,11,0,11,5091320,ok,R D B2 R' D2 R' B R' D2 B2 D
13754262123323,0,11,0,11,9836738,ok,R2 B' D' R B' D R2 D R' D R2
13762451321321,0,11,0,11,4304984,ok,R B R2 B2 R B2 D R2 D2 B D'
13764251211311,0,11,0,11,3946608,ok,R B R B' D2 R' B R' B' R B2
13764252323231,0,11,0,11,4566596,ok,R B D2 B D' R B' R B2 D' B
13765422121211,0,11,0,11,6126413,ok,R B D B2 D R D B2 R' D R
14263751131121,0,11,0,11,4610210,ok,R B' R D B2 R' D B' D B' R2
14267351321321,0,11,0,11,4674745,ok,R B D2 R2 B2 R' D B' D' R B
14275633323122,0,11,0,11,4970384,ok,R D R2 B' D2 B' R D' B2 R2 B
14325671111111,0,11,0,11,17006024,ok,B2 R' B R D B2 D R' B' R D'
14325672112121,0,11,0,11,4516145,ok,R B D2 B D2 B' D2 B R' B' R2
14325672231323,0,11,0,11,4672038,ok,R B D' R D' B2 D' B R D B2
14325672323222,0,11,0,11,4558853,ok,R B D2 B2 R D B' R D2 R B2
14325673123232,0,11,0,11,4660491,ok,R B2 R' D R' B2 D2 B R' D B2
14325673232333,0,11,0,11,4376157,ok,R B R2 B2 R' D' R2 B R B2 D'
14325673311131,0,11,0,11,5303751,ok,R B2 D' R' D B2 D B D2 R2 D
14327652131213,0,11,0,11,5082855,ok,R B D2 R' D' B2 D R D2 R D'
14327653121213,0,11,0,11,5407322,ok,R B2 R' D2 B D B2 D2 B' R' D2
14352672212111,0,11,0,11,4865319,ok,R B R2 B' D2 R B' D2 B R D'
14356721112323,0,11,0,11,5053013,ok,R B D B2 D B' D' R' B2 R2 D
14356721322233,0,11,0,11,5912271,ok,R D B' R' D B2 D R D2 R2 B'
14367252322232,0,11,0,11,4679542,ok,R B D2 B' R B2 R D2 R2 B' R'
14367523311113,0,11,0,11,8237843,ok,R D' R' B' R B' R' D2 R' D' B
14523672121313,0,11,0,11,5227335,ok,R B D2 B2 D' B' D2 R B2 R' B2
14523673121312,0,11,0,11,6307694,ok,R B' D' B D2 B2 D B' D' R D2
14527631121311,0,11,0,11,4843953,ok,R B2 R2 D2 B' R D' R D2 R' B
14527631131211,0,11,0,11,4665352,ok,R B D2 R' D' B R' D2 B R B
14527631133311,0,11,0,11,4504668,ok,R B R B D2 R2 B2 R B2 R' B
14527631211131,0,11,0,11,5099320,ok,R B' R B R2 D' B' D B2 D' R'
14527631311121,0,11,0,11,5028725,ok,R B2 D2 R2 D' R' D R' B2 R B
14527632122213,0,11,0,11,5073647,ok,R B2 D2 B D R2 D R D2 R' B
14527632212111,0,11,0,11,5158228,ok,R B2 D2 B R2 B R' D B2 D' R
14527632333332,0,11,0,11,6073827,ok,R D2 R' D2 R D' B' R D2 B R2
14527633132322,0,11,0,11,4710603,ok,R B2 R D R' B D2 B' D2 R D2
14527633312133,0,11,0,11,4853974,ok,R B D' B2 R2 D R' B' R B' D
14536273311311,0,11,0,11,5432797,ok,R B D2 B2 R D' B' D B2 R B
14537622231323,0,11,0,11,4793059,ok,R B R2 B2 D R' D2 B R B2 D2
14563272323222,0,11,0,11,4420706,ok,R B R B' D2 B D' R' B D' R2
14567231312213,0,11,0,11,6427736,ok,R D R' D' B D2 B D' R' B R
14567231321123,0,11,0,11,5499567,ok,R D R' B' D B2 D B' R' B R
14573261333111,0,11,0,11,5242923,ok,R B D2 R D' B R2 B2 D' R' B
14625731111111,0,11,0,11,6534011,ok,R B' D R' B2 R D2 B' D R D
14625731131121,0,11,0,11,5199490,ok,R B' D' B' D R2 B' R2 B R' D
14625731322233,0,11,0,11,4684741,ok,R B2 R2 B' D R B' D2 R2 B' R
14625732112121,0,11,0,11,4923285,ok,R B2 R' B D' B2 R2 D' R' B2 D'
14625732113321,0,11,0,11,5488473,ok,R B' R D' R2 D B' D B D2 R'
14625732213323,0,11,0,11,4631453,ok,R B R2 B D R' D2 R' D2 R' B2
14625732233111,0,11,0,11,5093704,ok,R B2 R D' B R D2 B' D R B
14625733133111,0,11,0,11,4591593,ok,R B D B' R D2 R' B2 D B' R
14632571111111,0,11,0,11,8006542,ok,R2 B R' B2 R' D' B' R D2 B R'
14632571321132,0,11,0,11,4728924,ok,R B' R B' R' D B R2 D' B' D
14652733321331,0,11,0,11,5123121,ok,R B R B D2 R D' B2 R2 D' R
14673251111111,0,11,0,11,6374825,ok,R B' D' R D2 B' D B R B' R2
14723651111213,0,11,0,11,4623711,ok,R B D B' R2 B D' B D' B2 R'
14723651111312,0,11,0,11,5879282,ok,R D B D' R2 D R' D B' D2 R'
14723651112131,0,11,0,11,4660369,ok,R B D2 B' D B R2 D' B' D R'
14723651113121,0,11,0,11,4466928,ok,R B R2 D' R' B R' D2 B R D'
14723651211212,0,11,0,11,4254430,ok,R B R2 B R' D B2 D B2 R D2
14723652322121,0,11,0,11,3970195,ok,R B R2 D' R2 D B R2 D' R2 B'
14723652331232,0,11,0,11,4893317,ok,R B2 D B' R2 D' R B D' B R
14723653232222,0,11,0,11,4445255,ok,R B D R2 B' D' R D' R D2 B
14723653313111,0,11,0,11,4606921,ok,R B R2 D2 B' R2 B R' D' R B2
14723653321313,0,11,0,11,5640070,ok,R D B' D2 R D B2 D R2 D2 B
14725361111111,0,11,0,11,5288926,ok,R B R B' D R' D B2 D2 B D'
14725361111123,0,11,0,11,4612725,ok,R B D R2 D2 R D B' D R' D'
14725361322332,0,11,0,11,4956852,ok,R B2 D2 R' D' R D' R2 B R' D2
14725362211121,0,11,0,11,5735731,ok,R B' D2 B D R2 B2 D2 R B' D'
14725363211213,0,11,0,11,4479420,ok,R B R2 D' R' D R D2 B2 R2 D'
14725363213121,0,11,0,11,4341192,ok,R B R B2 D2 B' R' B' R D2 R2
14725363223213,0,11,0,11,4568158,ok,R B D' R B2 D' R' B R' D2 B'
14725363311113,0,11,0,11,5840821,ok,R B' D R2 B' R2 B D' R B R
14726531223122,0,11,0,11,5087016,ok,R B' D2 R2 B' D B' R2 D B' R2
14726531232122,0,11,0,11,5092769,ok,R B' R2 D2 B' R D' B2 R D' R2
14726531233313,0,11,0,11,4537315,ok,R B D2 R' B D2 R D' B' D' B
14726531333312,0,11,0,11,4223241,ok,R B R2 D' B D2 R B' D' B' D
14726532232313,0,11,0,11,5240572,ok,R B2 D B D2 R2 B D' B D2 B'
14726533323122,0,11,0,11,4439506,ok,R B2 R B' R B2 R2 D B D2 B'
14735621221112,0,11,0,11,4580005,ok,R B R' D' B R' B' D B' D R'
14735621223113,0,11,0,11,4229451,ok,R B R' B' R D' B' D R' D R'
14735621223332,0,11,0,11,6692377,ok,R2 B D' B2 R' D R D' B R2 D2
14735621233112,0,11,0,11,5633014,ok,R D B2 R' B R' D R B R' D2
14735621323112,0,11,0,11,5361811,ok,R D R2 B' R D' B R D R' B2
14735621332112,0,11,0,11,4152768,ok,R B R D2 R D2 R' B2 D B R2
14735621333111,0,11,0,11,4428077,ok,R B R B2 R D2 R' D2 B D R2
14735621333222,0,11,0,11,4152456,ok,R B R2 B D2 R B D' B D' B'
14736251111132,0,11,0,11,4958592,ok,R B2 R D R2 B2 R' D' B2 D R'
14736251112332,0,11,0,11,4566927,ok,R B R D2 B2 R B' D' B D2 R2
14736253222223,0,11,0,11,4624930,ok,R B R' D' B D' B D2 R' D' B2
14736521132222,0,11,0,11,5012560,ok,R B2 R D R' B R D B2 R B2
14736521133131,0,11,0,11,4943136,ok,R B D B D2 R2 B2 R B2 R' D2
14736521211212,0,11,0,11,4739477,ok,R B R2 B R' D B2 D B2 R D
14736521213333,0,11,0,11,4854353,ok,R B2 R D R2 B' R2 D R B D'
14736521221313,0,11,0,11,5022338,ok,R B2 D' R D2 R2 D' B D2 R' D2
14736521321231,0,11,0,11,6791941,ok,R D' R' D2 R' D' B2 D R D2 B'
14736521322233,0,11,0,11,4529469,ok,R B R' D2 B D' R' B' R2 B2 D
14736521332121,0,11,0,11,5706957,ok,R D R' D2 R' B R B D2 B2 D
14736523112222,0,11,0,11,5041890,ok,R B2 R D' R2 B R D2 B' D' R
14736523113131,0,11,0,11,4750875,ok,R B R2 B' R D2 R' D R B2 D'
14752363222121,0,11,0,11,4370279,ok,R B R2 B R2 B D' B' D R2 D
14752363232222,0,11,0,11,5621524,ok,R B' R D R B' R2 B' R2 B' D2
14752363233131,0,11,0,11,5005670,ok,R B2 R D2 R2 B R' B R2 B R2
14752631111111,0,11,0,11,6194928,ok,R B' R' D' R D2 B' D2 B R' B
14752631112311,0,11,0,11,5144409,ok,R B' R B' D2 B D2 R' D R B
14752631323223,0,11,0,11,4564853,ok,R B2 R2 B' R D B' D2 R2 B' R
14752632332132,0,11,0,11,4411314,ok,R B2 R2 B' D2 B R D' R2 B D'
14752633213223,0,11,0,11,4492726,ok,R B2 R2 D2 B R' D' R D' B D2
14752633222223,0,11,0,11,4788311,ok,R B2 R D' B2 D' R2 B D2 B' R
14752633223123,0,11,0,11,4637935,ok,R B2 D2 R2 B' R B' R D2 B' D
14752633223231,0,11,0,11,5035427,ok,R D R B' D R' B' D2 R2 B' D
14753261221112,0,11,0,11,4539610,ok,R B R2 D R' D R2 D2 B' R' B2
14753261323112,0,11,0,11,5639777,ok,R D2 R D B2 D2 B' D B2 R' B'
14753261333111,0,11,0,11,4551019,ok,R B R2 D' R' D' R' B R' D2 R
14762351221331,0,11,0,11,5222237,ok,R D R2 D' R' B2 D B' R B D'
14762351321231,0,11,0,11,5601198,ok,R B' D' R2 B D' B' D B' R2 B'
14762351331221,0,11,0,11,4282679,ok,R B2 R B' R2 D2 R' B R D2 R
14763251221223,0,11,0,11,8049906,ok,R D R' D' B R D2 R2 B2 R D'
14763251222312,0,11,0,11,7476924,ok,R B' R' B2 D' R B' R2 D2 R' D
14763251332331,0,11,0,11,7058970,ok,R B2 R2 B' R' D B' D R' B D2
14763251333123,0,11,0,11,6670261,ok,R B D2 R2 B2 D R D' B D' R'
14763252322121,0,11,0,11,6469513,ok,R B R' B' R B2 D' R B' R' D
14763253132232,0,11,0,11,6355467,ok,R B R B' R2 D2 R' D' B D2 R'
14763253133132,0,11,0,11,6349198,ok,R B R D2 R2 B' R D' B R D2
14763253133222,0,11,0,11,6880757,ok,R B2 R2 B R2 D' B D2 B2 D' B'
14763253133231,0,11,0,11,6658896,ok,R B D' R D' R2 B2 R B R D2
14763253221221,0,11,0,11,6407731,ok,R B R' B R' D B2 R2 D2 B R'
14763253222112,0,11,0,11,7342278,ok,R B' R B' R B' D B2 D2 B' D2
14763521113211,0,11,0,11,5041165,ok,R B2 R B2 D2 R B2 R' B2 R2 D'
14763521113223,0,11,0,11,4609368,ok,R B R2 D' R' B' D R' B D' B2
14763523222331,0,11,0,11,3891858,ok,R B R B' R D B2 D2 R' B' D
14765231111213,0,11,0,11,4982442,ok,R B2 D2 R2 D' R' B R' B2 R D
14765231111312,0,11,0,11,5196112,ok,R B' R D R' B2 D B2 D B' R
14765231112131,0,11,0,11,4854138,ok,R B2 R2 D2 B' R B' R D2 R' D
14765231113121,0,11,0,11,4440126,ok,R B R2 D' R' B R' D2 B R D
14765231133131,0,11,0,11,4486955,ok,R B D B D2 R2 B2 R B2 R' D
14765232211211,0,11,0,11,4575680,ok,R B R2 D' B R' D2 B D R2 D2
14765232232322,0,11,0,11,4540030,ok,R B R' D R' B2 D2 R D R D'
14765232331313,0,11,0,11,4550370,ok,R B2 R2 D2 R B' R2 D B R2 D2
14765233113131,0,11,0,11,4291764,ok,R B R2 B' R D2 R' D R B2 D2
14765233323332,0,11,0,11,4581334,ok,R B D2 B' D B' R2 D2 B' D' B2
15236471111111,0,11,0,11,5877153,ok,R B' R2 B' D' B' D R2 B R' D2
15236473231121,0,11,0,11,4102567,ok,R B R' D2 B' D R D' R D2 B2
15243671331221,0,11,0,11,4615602,ok,R B2 R' D B2 R' B D R B' D2
15246371331332,0,11,0,11,6376098,ok,R B D' B R' B2 D R' B D B2
15246371332331,0,11,0,11,6168628,ok,R B R' B2 D2 B R D R' D' R
15246372331331,0,11,0,11,6094827,ok,R B R2 B D B2 R D2 R2 D' B'
15267431223113,0,11,0,11,4634758,ok,R B R2 D R' B R2 B2 D' R' D
15273641112323,0,11,0,11,5746756,ok,R B2 R' B2 D2 R' B D R' B2 R
15324673113311,0,11,0,11,7898867,ok,R2 B R' D' R' D R2 B' D B2 D'
15342671211311,0,11,0,11,3949080,ok,R B R B' D2 R' B R' B' R D2
15346271321321,0,11,0,11,4237368,ok,R B R' D R D2 R2 B' R' D B2
15367421211113,0,11,0,11,5608127,ok,R D B' D2 B D' R B R2 D2 B2
15367421223113,0,11,0,11,4185347,ok,R B D2 B D R2 B' R2 D R D2
15367423211123,0,11,0,11,4847996,ok,R B D' B R B' D R' B2 R2 D
15426371111111,0,11,0,11,5207317,ok,R B D R2 D R' B' D R' D2 B2
15426371112233,0,11,0,11,4595161,ok,R B D2 R' D2 B D' B' R D' R2
15463271313113,0,11,0,11,5120879,ok,R B R2 D R' D R2 D2 B' R' B
15624732123212,0,11,0,11,6241062,ok,R B' D B' R2 B D2 R D' B2 D
15624732133313,0,11,0,11,5200845,ok,R B D2 R2 B R' B D R' B2 R'
15624732333332,0,11,0,11,4886889,ok,R B R' D B R2 B D' B2 R D2
15627431223113,0,11,0,11,4187567,ok,R B R' D' R' D' R2 B R' D2 R
15627431322113,0,11,0,11,5740635,ok,R D2 R B R2 B2 R' D B2 R' D'
15627431332112,0,11,0,11,4268346,ok,R B D2 R D' R D2 R2 B' R' D2
15634722123332,0,11,0,11,6631662,ok,R D' R2 B R2 B' D' B2 R2 D R'
15634722321233,0,11,0,11,4812322,ok,R B D2 B R' B D' B' R2 D R'
15637423211123,0,11,0,11,5415233,ok,R B R2 B' D B' D R2 D' R2 D
15642371111111,0,11,0,11,11044436,ok,R2 D R' B D B2 R' D B D2 B'
15642372213311,0,11,0,11,4740420,ok,R B2 R B D2 B' R' B2 D R B'
15642372231332,0,11,0,11,4887634,ok,R B D' B R B2 R B' D2 R B2
15642372331322,0,11,0,11,4549572,ok,R B R D2 B' R2 D R B2 R D'
15642373212311,0,11,0,11,4646748,ok,R B R' B D2 R' D' R D' B2 D2
15642373221323,0,11,0,11,4929101,ok,R B D B D R' D' B R2 D' B
15642373231223,0,11,0,11,5576956,ok,R B' R B R B' D2 B' D2 B' D2
15643271221331,0,11,0,11,4493751,ok,R B2 D2 R B2 R D' R' D' B2 D'
15643271331221,0,11,0,11,4766560,ok,R B' R' B' D B2 R' B D2 B' D
15643273223111,0,11,0,11,4221803,ok,R B R B2 R D' B' R' B2 D R
15647233213232,0,11,0,11,4222527,ok,R B R B' R2 D2 B D' B' D R2
15672341113232,0,11,0,11,5443997,ok,R B' D' B2 R D' B' R B' R2 B'
15672341323112,0,11,0,11,4320116,ok,R B2 R B D2 B2 D' B R2 D' B'
15672342323312,0,11,0,11,4965941,ok,R B2 R' D' R' D' B2 R B2 R' B2
15672343213232,0,11,0,11,4221364,ok,R B2 R D' R2 B2 R' D R B2 R
15672433312133,0,11,0,11,5964632,ok,R B D B' D B' R B' R B2 D
15724362212132,0,11,0,11,5760080,ok,R B D' R' D B R' D2 B2 D R2
15724631111111,0,11,0,11,5385488,ok,R B R D2 R2 D R B' D R' B'
15724631211311,0,11,0,11,4393093,ok,R B D B' D R' B D2 B2 D B'
15724631322233,0,11,0,11,4964377,ok,R B2 D2 R' B' D R' D2 B R' B2
15724632123233,0,11,0,11,6207081,ok,R D B R' D B' D B2 D' R2 B
15724632313223,0,11,0,11,4593421,ok,R B D' R' B2 D' B' R D2 B' D'
15724632323231,0,11,0,11,5096108,ok,R B2 D2 R2 D R B R' B D' B2
15724632323333,0,11,0,11,5061149,ok,R B2 R2 B' D' R B2 D' B R D2
15724633132322,0,11,0,11,4256942,ok,R B R B2 R' D B2 R' B2 R' D2
15734622331223,0,11,0,11,5101716,ok,R B R B D B' D2 R B2 R B2
15746321111111,0,11,0,11,6789410,ok,R D2 R B' R B R2 D' B D B2
15746321323211,0,11,0,11,4065362,ok,R B D R B2 R D R2 D2 B' D'
15746322313112,0,11,0,11,3817278,ok,R B R B D2 B D R2 D2 B' D'
15762342122213,0,11,0,11,7088816,ok,R B D' R B' D R2 D R' D R'
15763241111111,0,11,0,11,6027328,ok,R B' R' D R2 B' D B D B' R2
15763242323132,0,11,0,11,4321488,ok,R B D R2 B2 R' B' R2 B' D2 B
16243571132132,0,11,0,11,4310770,ok,R B R2 D' R D' B2 D' R2 B' R2
16243571231231,0,11,0,11,4652459,ok,R B' R B R' B D' R2 B R B2
16243571321321,0,11,0,11,4458857,ok,R B2 D R2 D' B D' B R' D' R
16245371231231,0,11,0,11,4827795,ok,R B2 D R' D' B2 R D2 R D2 R2
16254733312223,0,11,0,11,8336930,ok,R D R2 B' D' R2 D' B R B2 R
16257431132111,0,11,0,11,4901155,ok,R B' R' B D2 R' D R B D' R2
16257433223123,0,11,0,11,4157556,ok,R B D B2 R2 B' D' B2 D' B2 D
16273541122133,0,11,0,11,7048816,ok,R B' R2 D2 R D R2 D R B' R
16273541321321,0,11,0,11,6240258,ok,R B' D R D' B2 R2 B R' B2 R'
16275341312213,0,11,0,11,5864712,ok,R B2 D' R2 D' B D' B2 R2 D' R
16275343122221,0,11,0,11,4809994,ok,R B D' B2 R D' R' D' R B2 R'
16327453232333,0,11,0,11,4506336,ok,R B R2 D2 R' B2 R' B D2 B' R'
16342571331221,0,11,0,11,4771655,ok,R B2 D B' D B D' B2 R2 D R
16345271111111,0,11,0,11,10290361,ok,R2 D' R B' R' D R2 D B D B'
16345271133131,0,11,0,11,4639811,ok,R B2 R B D' R D2 R' D2 B R2
16345271222111,0,11,0,11,5063899,ok,R B' R B2 D R2 D' B D' B2 D2
16345272322232,0,11,0,11,4891721,ok,R B2 D2 R2 D' B' D R' D2 R D
16345272333212,0,11,0,11,4453397,ok,R B R2 D' B D' R2 B D B2 D2
16345273122323,0,11,0,11,5430079,ok,R B' D B' D2 R B D2 R' B R'
16345273233323,0,11,0,11,5828991,ok,R D2 R2 B' D' R B' D2 B R' B2
16347252131312,0,11,0,11,6581484,ok,R D R2 B' D R B D2 B2 R' B
16347253121312,0,11,0,11,6227880,ok,R B' D2 B' R B R D2 R2 D B
16357421223113,0,11,0,11,4815025,ok,R B D' R' D' B D2 B' R D' B'
16374521112323,0,11,0,11,5077517,ok,R B D B2 D B' D' R D' B2 R2
16374523211123,0,11,0,11,4523768,ok,R B R' B' R2 D' R' D R2 B' R2
16423572112121,0,11,0,11,5399487,ok,R B D2 B2 R D' B D' R B R2
16427531211311,0,11,0,11,4331159,ok,R B D R2 B2 D R' B' D B2 R2
16427531231321,0,11,0,11,4779527,ok,R B2 R D B2 R2 B' D' B2 D R'
16427532333233,0,11,0,11,7874280,ok,R2 B D2 B2 R B' R' B D2 R D
16453271111111,0,11,0,11,6523559,ok,R D R' B2 R B' R D R2 B2 D2
16453271211113,0,11,0,11,4363411,ok,R B D2 B R B2 D' R2 B R B2
16453272111131,0,11,0,11,4411799,ok,R B D' R B R' D R' D2 R2 B
16475233132313,0,11,0,11,6515386,ok,R B2 R2 D2 B' R2 B' R' D R' B'
16523473332323,0,11,0,11,4471871,ok,R B R2 B' R D B2 R' D' B D
16523741112212,0,11,0,11,5244666,ok,R B R D2 R2 B' R D2 R' D2 R2
16524731112212,0,11,0,11,6054317,ok,R D R2 D' B' R2 D B' R D B'
16524731112233,0,11,0,11,5203350,ok,R B' R' B2 D B' D' R D' R2 D'
16524731113133,0,11,0,11,5147502,ok,R B2 R B' D2 R2 D' B R D2 R
16527341111111,0,11,0,11,5108817,ok,R B D R2 D B2 D R B R2 D2
16527431123333,0,11,0,11,7612193,ok,R B2 R2 B' D' R B' D R' D B2
16527431222132,0,11,0,11,7916854,ok,R B' R D' R B' R D2 R2 D' B2
16527431312222,0,11,0,11,8582563,ok,R D R' B' D R D2 R2 B2 R B'
16527431333213,0,11,0,11,6802162,ok,R B R2 D2 B2 R B R' B D' R'
16527432113333,0,11,0,11,6897766,ok,R B R B' D2 R2 D B D B' R2
16527432211322,0,11,0,11,7960091,ok,R B' R B R' B D2 R2 B' D R2
16527432231122,0,11,0,11,7157143,ok,R B R' D' B D2 R' B R' D' B
16527432231332,0,11,0,11,6834082,ok,R B R D' B2 R2 B R D B' R2
16527432331322,0,11,0,11,7300264,ok,R B2 R B R D2 B R' D2 R' D
16527432333113,0,11,0,11,7107082,ok,R B D2 R2 B2 D R B' R B' R'
16527433312133,0,11,0,11,6969189,ok,R B R B2 R2 D' B R' B R B2
16532471111222,0,11,0,11,5814253,ok,R B2 R B2 R2 D B' R' B D' R
16534271111111,0,11,0,11,5734732,ok,R B' R2 D' B D B R2 B R' D
16534271111132,0,11,0,11,4281567,ok,R B R B2 D' R B' R B' R2 D
16534273211111,0,11,0,11,5379254,ok,R B' D2 B' D B2 D R2 B D B2
16534723211123,0,11,0,11,7039706,ok,R D2 R B D2 B' D' B2 R B D
16537421111222,0,11,0,11,4745443,ok,R B R2 B' R' D2 B R' B R B'
16537421113322,0,11,0,11,4790553,ok,R B2 R D' B2 R D B R2 D' R2
16537421113331,0,11,0,11,5039713,ok,R B D2 B D R' B2 D R D B'
16537421223113,0,11,0,11,4187648,ok,R B R2 D R' B R2 B2 D' R' D2
16537421233112,0,11,0,11,5889209,ok,R D2 R D R2 D2 R' B D2 R' D'
16537421332112,0,11,0,11,4243216,ok,R B R2 D' R' B' R' B R' B2 R
16542371221331,0,11,0,11,3992892,ok,R B R2 B D' B R' D' R2 B R'
16542371331221,0,11,0,11,4425092,ok,R B2 R' D B2 R' B D R B' D'
16542372112331,0,11,0,11,6155939,ok,R D' R D R2 D2 B2 R' D' R B2
16543271221223,0,11,0,11,8449651,ok,R D2 R2 D R' B R' B R' B R2
16543271223221,0,11,0,11,6296029,ok,R B R B2 D2 B' D R' D' B2 R
16543271331332,0,11,0,11,6824488,ok,R B2 R2 B' D B' D R' B D B2
16543271332331,0,11,0,11,6889323,ok,R B2 R2 B D B' R B' D B' R2
16543272331331,0,11,0,11,6379506,ok,R B R2 B2 R' B D2 R B2 R2 B'
16543273221221,0,11,0,11,6805514,ok,R B2 R2 B D' B R' D R' B R2
16543721111111,0,11,0,11,5233670,ok,R B D R2 D R' B' D R' B2 D
16543721113211,0,11,0,11,4293285,ok,R B R D' R2 B D' B' R D' R2
16547233332323,0,11,0,11,4938630,ok,R B2 R2 D2 B D' R B' D2 B R'
16547321113331,0,11,0,11,6192877,ok,R B2 D' R2 D B D2 R2 B' D' R2
16572431111111,0,11,0,11,5922718,ok,R B' R' D B' D2 R' D B R D2
16572433213223,0,11,0,11,4269147,ok,R B D' R2 B2 R D2 R D2 B R
16573241123123,0,11,0,11,4994079,ok,R B' R D R2 D2 B2 R' B' R B2
16573241312312,0,11,0,11,4493665,ok,R B D R2 D R' B' D' R2 B R
16574231113133,0,11,0,11,5272814,ok,R B R2 D2 B2 D' B R' D' R D
16723451122133,0,11,0,11,5288717,ok,R B R' D2 B2 R' D B' D' R B2
16723451322311,0,11,0,11,4693882,ok,R B D' R2 B2 D' B R' D' R D2
16725431121311,0,11,0,11,4471122,ok,R B R2 B' D B D2 R' B' D R'
16725431131211,0,11,0,11,4615786,ok,R B D2 R' D' B R' D2 B R B'
16725431211122,0,11,0,11,4655876,ok,R B R' D2 B2 D' B' D2 B R2 D'
16725431211131,0,11,0,11,5727452,ok,R D B R' D2 R D' R B' D2 R'
16725431311121,0,11,0,11,4328790,ok,R B R B' R2 B D' R D' B2 R'
16725432211121,0,11,0,11,5122117,ok,R B2 R' D R' D R2 B' D' R D'
16725432232223,0,11,0,11,4496526,ok,R B R B' R D2 R' D2 B R' D
16725433113311,0,11,0,11,4610581,ok,R B D R B2 D R2 D B' D2 R2
16725433122212,0,11,0,11,4355039,ok,R B R2 B' D' B2 R B' D' B2 R2
16725433333232,0,11,0,11,4144353,ok,R B R2 B R' B R2 D' B D B'
16735242122213,0,11,0,11,6245711,ok,R B R2 B2 D' R B' D' R D R'
16742352232313,0,11,0,11,5557645,ok,R B D2 B' R2 B R' B D R' D2
16743252323222,0,11,0,11,4542034,ok,R B R2 B D R' D B D R2 B'
16745232121313,0,11,0,11,5323039,ok,R B2 R B' D B2 D' B2 R D' B'
16745232122222,0,11,0,11,4949765,ok,R B R2 B2 R B D B' D2 B' R
16745233121213,0,11,0,11,4889310,ok,R B R2 B2 R B R D' B2 D' B
16745233333313,0,11,0,11,7083206,ok,R D' B2 R B R2 B' D' B2 D' B'
16753241221112,0,11,0,11,5398732,ok,R B D' R B' D2 B R' B' R' D'
17246351111111,0,11,0,11,5088118,ok,R B R B2 R D' B' R B' D2 R2
17265433111313,0,11,0,11,7765061,ok,R D2 R B R' D R' B2 R' B R'
17324561211323,0,11,0,11,5364650,ok,R D2 R B' D B R2 D' R B R2
17324561232332,0,11,0,11,3907211,ok,R B R D B2 D B R2 B2 D' B'
17326452212111,0,11,0,11,8241409,ok,R2 B2 R' B' R' D R2 D R2 D' R2
17356241212313,0,11,0,11,3972026,ok,R B R' B' R D2 R B R' D2 R2
17356242211331,0,11,0,11,6298448,ok,R2 B R2 B R2 D B D' R B' R'
17362451211311,0,11,0,11,3900906,ok,R B R D2 R D' B' D R' D2 B
17362451231321,0,11,0,11,4385041,ok,R B D R' D2 B D' R' D B' R2
17362452213311,0,11,0,11,6739139,ok,R D' B2 D' R B2 R B2 D B D2
17364251231231,0,11,0,11,5244225,ok,R B2 D' B2 D R D2 B2 R' B' R2
17423653213232,0,11,0,11,4443741,ok,R B2 R' B R2 D' B R D R' D2
17425631122112,0,11,0,11,4765343,ok,R B D' B' R B' R' B R' D R'
17425631223113,0,11,0,11,4275751,ok,R B D B2 D B2 D' B2 R B R2
17425631313113,0,11,0,11,4634731,ok,R B D R2 D R2 D' B2 R D R2
17425631322113,0,11,0,11,5457077,ok,R D R2 B' R B' D R D R' D2
17425631322332,0,11,0,11,6413524,ok,R2 B R D2 B R' D R2 D R' B2
17425631323112,0,11,0,11,5519947,ok,R D B2 R' B D' B D B R' B2
17425631323223,0,11,0,11,4493520,ok,R B D2 R' D R' D B D2 R D'
17425631332112,0,11,0,11,4385256,ok,R B D' R' B R' B' R B' D R'
17426531112233,0,11,0,11,4762995,ok,R B D' R2 B D' B' D' R2 D2 B
17426531121212,0,11,0,11,5363734,ok,R B2 R D B2 R' B2 D R D B'
17426531132312,0,11,0,11,5254214,ok,R B2 D' B R2 B2 R' B D2 R' B2
17426531213123,0,11,0,11,5725190,ok,R D R' B2 R' B R D B2 D2 B
17426531223221,0,11,0,11,4218154,ok,R B R B D2 R2 B2 R B2 R' B2
17426531232233,0,11,0,11,6691814,ok,R D' R' B2 R' D' R2 D R B2 D'
17426531313131,0,11,0,11,5380713,ok,R B2 R D B' R B D B2 R D2
17426531331332,0,11,0,11,4426912,ok,R B D2 R' B' R' B2 D B' D2 B
17426532121211,0,11,0,11,4894834,ok,R B R B' R2 D R' B2 D2 R B'
17426532331331,0,11,0,11,4856440,ok,R B2 D R2 D R' B R2 B R B
17435622211133,0,11,0,11,6436257,ok,R B2 D' B R D R2 D2 B' R D
17435623211123,0,11,0,11,6932344,ok,R B2 D' R B D R2 D2 B' D B
17436521323232,0,11,0,11,4223391,ok,R B R' B D2 R D' B' D' B2 D'
17452363213232,0,11,0,11,4265297,ok,R B2 R' B R2 D' B R D R' D'
17452363322132,0,11,0,11,4291637,ok,R B R2 D' R' D' R B2 R B R
17452633213232,0,11,0,11,5519749,ok,R B D' B2 R2 B D' B2 D' B2 D2
17453262211133,0,11,0,11,4888542,ok,R B R2 B' R D' B R2 B' R2 B
17462352213311,0,11,0,11,5084781,ok,R B2 R B D2 B' R' B2 D R B
17463251122112,0,11,0,11,4705780,ok,R B D2 R D' B R2 B2 D' R' B2
17463251221331,0,11,0,11,3973870,ok,R B R2 B D B' R2 D R B D'
17463251313113,0,11,0,11,4570250,ok,R B R' B' D' R' B2 D R' B2 R
17463251321231,0,11,0,11,4936057,ok,R B2 R D' R2 B D R D2 B' R2
17463251323112,0,11,0,11,5635459,ok,R D2 R B D2 B2 D' B D2 R' B'
17463251331221,0,11,0,11,4220664,ok,R B D2 B' R' B2 D R' B R D'
17526431131121,0,11,0,11,4735963,ok,R B D2 R' D' B' D R' D B' D2
17526431231321,0,11,0,11,4988745,ok,R B2 R B2 D2 R D2 R' D2 R2 B'
17526432123233,0,11,0,11,6598229,ok,R D B R' D B' D B2 D' R2 B'
17543261111111,0,11,0,11,6719682,ok,R D B' R2 B R' B D R2 B2 D2
17543261132111,0,11,0,11,4284163,ok,R B R2 B D B2 R' B2 D R B2
17642531111111,0,11,0,11,5073240,ok,R B R B2 R D' B' R' D2 R2 B
17642531112233,0,11,0,11,6096226,ok,R D B' D' B R2 B R B2 R2 D'
17642533312211,0,11,0,11,4339260,ok,R B R D' B2 D' R' B D2 R' D2
17643251122112,0,11,0,11,5147854,ok,R B R' B R' D2 R B' D' B' D'
21345671111111,0,11,0,11,6328029,ok,R B' D2 R' B R' B' R D2 R B
21345762223322,0,11,0,11,7586579,ok,R D2 B' R2 B R2 D' R D2 R2 D'
21345762312323,0,11,0,11,5994307,ok,R B' R B' D R2 D2 B2 D B R'
21345762313223,0,11,0,11,5389952,ok,R B D2 R' B R D2 B2 R D' R'
21345763332233,0,11,0,11,5782133,ok,R B D2 R2 B' D' R B' D R2 D
21346752313322,0,11,0,11,6442073,ok,R D R2 B2 D R' D' R' B2 R2 D'
21347562312323,0,11,0,11,8062145,ok,R2 D2 R B' D B R2 D' R B R2
21354671122112,0,11,0,11,4703025,ok,R B R D2 R B' R D2 R B2 D
21354671131313,0,11,0,11,5791992,ok,R B' R2 D2 B R' D2 B D' R' D'
21354671221112,0,11,0,11,4782796,ok,R B R2 D B2 D R' B D2 B D
21354672311123,0,11,0,11,5298205,ok,R B' D2 R D2 R' D B' D2 B' D
21354672311132,0,11,0,11,5807221,ok,R D R2 B2 D B' R D' R2 D R'
21354672313211,0,11,0,11,16419774,ok,B2 R B' D R D2 B' R D R2 D'
21354673131113,0,11,0,11,5761650,ok,R B' R2 B D B2 R' D2 B R B'
21354761112233,0,11,0,11,4917653,ok,R B2 D2 R' B' R D' R2 B R' B2
21354761112311,0,11,0,11,4587298,ok,R B D B' D2 R2 D B' R B2 R2
21354761113211,0,11,0,11,5089562,ok,R B2 D2 R2 D B R B' R D' B2
21354761113322,0,11,0,11,4660136,ok,R B2 R D2 B2 R' D R' B2 D2 R2
21354761122211,0,11,0,11,6107152,ok,R D R D' R B' R B2 R' D2 B
21354761133311,0,11,0,11,5126317,ok,R B2 R2 B' R B' R2 D B' R' D2
21354762213311,0,11,0,11,4291438,ok,R B R' D2 R B R' D R' D B2
21354763312211,0,11,0,11,4585451,ok,R B D' R B' D' R2 B' R2 B' D'
21357462311111,0,11,0,11,6359287,ok,R B' R2 D2 R B D2 B R D' R
21357463213331,0,11,0,11,5889169,ok,R B2 R' B R' B' R D' R2 D B2
21357642221132,0,11,0,11,6127251,ok,R B2 D B2 D R B2 D' B R' B2
21364752311111,0,11,0,11,5504668,ok,R B R2 D' B' R2 B' D' B2 R D
21364753212212,0,11,0,11,5188805,ok,R B R D B D' B2 R B2 R B2
21365742221312,0,11,0,11,4490444,ok,R B R D' B2 R B R2 B' D' B'
21365742312323,0,11,0,11,5432923,ok,R D R' B R2 D R' B' D' B2 D'
21367451311331,0,11,0,11,4657836,ok,R B D R2 B D2 B R' D B2 R2
21367452112112,0,11,0,11,4573391,ok,R B R2 D' R B' R2 B' R2 D' R2
21374653333121,0,11,0,11,5103079,ok,R B2 R D R2 D R' B' R2 D2 B'
21375462312233,0,11,0,11,4991694,ok,R B R D2 R D' B' D R' D2 R'
21375463333211,0,11,0,11,5417378,ok,R B' R D' R2 D' B' R' D B2 R
21376541111123,0,11,0,11,4884168,ok,R B D B' R B2 R' B D' R B2
21376541112311,0,11,0,11,4715273,ok,R B D B' D2 R2 D B' R' B2 R2
21376541122211,0,11,0,11,6413643,ok,R D R D' R B' R B2 R' D2 B'
21376541131133,0,11,0,11,4992552,ok,R B D R' D R B2 R2 D' R' B
21457631321123,0,11,0,11,6661139,ok,R2 B D2 R' D R' D B D2 R D'
21473563331312,0,11,0,11,5963139,ok,R B R2 D2 B D' B D' R D' B'
21536742222131,0,11,0,11,5876045,ok,R B2 R D2 B' D' B R' B R' D
21654372231323,0,11,0,11,5156919,ok,R B2 D R2 D' R D' B D' B' D'
21654372233321,0,11,0,11,4708599,ok,R B2 R2 D2 B' D R B' D B' D2
21654373332122,0,11,0,11,4641010,ok,R B2 D2 R2 B R' B R2 D' R B'
21654373332221,0,11,0,11,4606615,ok,R B2 R' D' R2 B D' B2 D R' B2
21734652123131,0,11,0,11,4516853,ok,R B R D R D2 R D' B R2 D2
23147562123131,0,11,0,11,6548665,ok,R D R D2 R D B2 D' B' D2 R
23147651112323,0,11,0,11,5394629,ok,R B D B2 R2 D B' D' R B2 D2
23147652312323,0,11,0,11,4707353,ok,R B2 R B D2 R2 D' R' B2 R D'
23156471222132,0,11,0,11,5064588,ok,R B2 R' D R2 B' R' D' R2 B R
23156471333132,0,11,0,11,4295207,ok,R B R B2 R B R D' B2 R' B2
23156473323332,0,11,0,11,4763076,ok,R B R' B2 D' R2 D R' D2 B R'
23157461231333,0,11,0,11,5378255,ok,R B R' D2 B' R D R' B2 D2 R2
23157462131123,0,11,0,11,6706273,ok,R D B' R B' D R' B2 R D2 B'
23164573213133,0,11,0,11,5378808,ok,R B R B2 R D' R D' R B R
23164752131312,0,11,0,11,5126157,ok,R B D R2 B2 D B' D B' R D'
23164753333313,0,11,0,11,4988183,ok,R B R D2 R2 B' R B' R2 D2 B'
23165471111111,0,11,0,11,5410555,ok,R B R' D R' B R2 B2 R D' B'
23165471311133,0,11,0,11,4895553,ok,R B2 R B2 R2 D B D R' D2 R'
23165471312132,0,11,0,11,4554510,ok,R B D R' D2 B R D' B R2 B
23165472111122,0,11,0,11,5109720,ok,R B2 R2 B' D2 B D B' R2 D B'
23165472111332,0,11,0,11,4372256,ok,R B R2 B R B2 D B2 D R2 D
23165472132332,0,11,0,11,5032733,ok,R B' R B' R2 B R' D R B2 D'
23165472311111,0,11,0,11,4680286,ok,R B D' R D2 R' D B R2 D2 B2
23165473233221,0,11,0,11,5548164,ok,R D R' D2 R B D' B D' R B2
23165741112323,0,11,0,11,6795669,ok,R B R2 D' B D R2 B2 D R' D'
23165741231312,0,11,0,11,6193098,ok,R B2 D' R2 D B2 R' D R2 D2 R'
23165742123131,0,11,0,11,6137255,ok,R B D B2 D2 B D R D' R2 D'
23165742131321,0,11,0,11,7569793,ok,R D2 B' R2 B D2 R' D R2 D2 R'
23165742131333,0,11,0,11,8848256,ok,R2 B2 D2 B' D B' R2 D' R D' R2
23165742312323,0,11,0,11,6126959,ok,R B' R' B R B2 R2 D2 R B' R
23165743331312,0,11,0,11,8872991,ok,R2 B2 D2 B' R B' R2 D' B D' R2
23167541233322,0,11,0,11,5145512,ok,R B2 D' B2 R D' B' D R' D R'
23167542131222,0,11,0,11,5089227,ok,R B2 D' B2 R D' R' B R' B D'
23174652123131,0,11,0,11,5323271,ok,R B R2 B' R D2 B' R' D2 R B'
23175463211222,0,11,0,11,5571060,ok,R B R' D2 B2 D B' D2 B' R2 B2
23176452132221,0,11,0,11,5128652,ok,R B2 R2 B' R D' R D2 R B D2
23176453332233,0,11,0,11,5451760,ok,R B D' R D' R2 D B R2 D' R
23416752121211,0,11,0,11,6891504,ok,R B' R B' D' B D2 B R D' B2
23417563232123,0,11,0,11,4545152,ok,R B D' B2 D B' R B' D2 R2 B2
23456173212332,0,11,0,11,3965865,ok,R B R' B' D' R B2 D' B D2 B'
23456173233122,0,11,0,11,5057234,ok,R B' D R D2 B2 R B D2 B2 R'
23456713212332,0,11,0,11,4122899,ok,R B R2 B' R2 D B' R2 B R B'
23475162121112,0,11,0,11,6460245,ok,R B R2 B R2 B' D R' B' D2 R2
23517462131333,0,11,0,11,6953593,ok,R B' R B' D' B D2 B R D' B
23576412233321,0,11,0,11,4587788,ok,R B D B' R' B D2 B D2 R' B2
23576412312323,0,11,0,11,4404650,ok,R B R B' R' D B2 D B2 R' B2
23657142121112,0,11,0,11,6995814,ok,R B' R D R2 B2 D R' D2 R D2
23671452122333,0,11,0,11,9638490,ok,R2 B' R' B R' D B2 D R' D B2
23674153232321,0,11,0,11,4161869,ok,R B D R' B2 R' B' R' D R2 B'
23751461132123,0,11,0,11,3976387,ok,R B R' D' R B2 R B2 D' R2 D
23751463112321,0,11,0,11,4017929,ok,R B R' D R D B' R2 D R B'
23756143222331,0,11,0,11,5026500,ok,R B' D B D2 B' R D2 B' D2 B
23756411222312,0,11,0,11,6232802,ok,R B R' B R2 B2 D' R B' D' R
23756413222112,0,11,0,11,6514976,ok,R B D' R B2 R2 D' R D' B' R
23756413223312,0,11,0,11,6249138,ok,R B R' D' R B' R2 D2 R D' R
23756413322312,0,11,0,11,6543762,ok,R B D' B' D B' R2 D2 R B' R
24153672321233,0,11,0,11,5098376,ok,R B R B2 R2 D' B R2 B' D2 B2
24157361313212,0,11,0,11,4651455,ok,R B2 D B R2 B R2 D2 B D' R2
24157362323111,0,11,0,11,4583481,ok,R B2 D B R2 D2 B' R2 B D' B2
24167353132232,0,11,0,11,6752328,ok,R D B' R2 D R' B D B' D2 B'
24173652323231,0,11,0,11,4239645,ok,R B R B' R2 D R' D' R D' B2
24315673311311,0,11,0,11,8038774,ok,R2 B D' B' D' R D2 B' D R2 D'
24315761122322,0,11,0,11,5595611,ok,R B' R2 B' D' B2 D' B R B2 D2
24315762213323,0,11,0,11,5106540,ok,R B R' D R B2 D' R D R2 D'
24351671212211,0,11,0,11,6406501,ok,R D B' R' D' B D2 R' B D2 B'
24351673111133,0,11,0,11,6519126,ok,R D B' D B2 D' B D' B R D2
24351673311311,0,11,0,11,7545219,ok,R2 B D2 B' R2 D R' D2 R B D'
24351761111123,0,11,0,11,7733924,ok,R2 B D2 B2 R2 D' R' B R' B D2
24351761212232,0,11,0,11,5465173,ok,R B D' B' R B' D2 R2 B' D' B2
24367511323112,0,11,0,11,5704318,ok,R D' R2 B D' R D' R' D' B R2
24367513111121,0,11,0,11,4263429,ok,R B R' D2 R B' R B' R2 D2 B2
24376512222122,0,11,0,11,7010189,ok,R B' R D2 R D' R D' R2 D B2
24516732233111,0,11,0,11,5208492,ok,R B D R2 D R' B' D R' B2 R'
24531673123121,0,11,0,11,5840739,ok,R D B R2 B' D R2 B' D2 B D'
24536713231232,0,11,0,11,5203245,ok,R B R D2 B D2 B2 D R' B2 D2
24537613231322,0,11,0,11,6748876,ok,R D2 B R2 B' R B' D R' B' D
24561372111131,0,11,0,11,5085337,ok,R B' D2 B R' B R B2 D' B R
24563711121212,0,11,0,11,6479282,ok,R B R' B2 D' R' B2 D B D2 B2
24563712121232,0,11,0,11,6528605,ok,R B R' D2 B' R' D2 B R D2 R2
24563713121222,0,11,0,11,8371713,ok,R D2 R' B' R D' B D2 B D' R
24571362221213,0,11,0,11,6035848,ok,R B R2 B D R' B2 R' B' R2 D
24571631121212,0,11,0,11,6016786,ok,R B R' B R B2 D2 R' B2 R2 D'
24615371112332,0,11,0,11,4830546,ok,R B D2 B R' B' R B' D2 R D'
24615372213311,0,11,0,11,9153973,ok,R2 D R' B D R2 D B2 R2 D B
24615731122313,0,11,0,11,6356935,ok,R B2 D' B2 D B2 R' B D2 B2 D'
24615731132333,0,11,0,11,8704381,ok,R2 B R2 D2 B2 D' B R' D B2 D'
24615732111323,0,11,0,11,7687034,ok,R D2 B' D2 B D2 R' B D2 B2 D'
24615732213311,0,11,0,11,5247708,ok,R B R2 D' B R D2 B2 R B' R'
24615732233321,0,11,0,11,6237500,ok,R B' R' D B R2 B2 D2 B R' D
24615733113323,0,11,0,11,8953362,ok,R2 B D2 R2 B2 R' D B' D B2 D'
24615733311122,0,11,0,11,5471345,ok,R B R' D2 B2 D R D R' B2 D
24617532233321,0,11,0,11,6948289,ok,R2 B2 R B' R D R2 B' R B D2
24637512311132,0,11,0,11,6512386,ok,R D R B2 R B R2 B' D' B2 R
24651731113223,0,11,0,11,5086166,ok,R B D' B D' B D2 B2 D R D
24651731333333,0,11,0,11,4580128,ok,R B R2 B D' B' D B' R2 D B'
24715363311332,0,11,0,11,5493575,ok,R B R' D' B R' D2 B2 R' B' D2
24715631111111,0,11,0,11,5773300,ok,R B D B2 D2 B R D' B D' B'
24715631122121,0,11,0,11,5745406,ok,R B' D2 B R B2 D2 R2 B R' B'
24715631122133,0,11,0,11,4623369,ok,R B R D2 B2 D' R' B' R B2 R2
24715632313223,0,11,0,11,4193335,ok,R B R D' R B' R' D2 B2 R' B
24715633112111,0,11,0,11,4126322,ok,R B R D' B R' D R2 D2 R B'
24715633131131,0,11,0,11,5601640,ok,R B' D B2 R' B2 R B' D B R
24716532323231,0,11,0,11,6511262,ok,R B' R2 B' D B R2 B R' D2 R'
24731561111111,0,11,0,11,8073197,ok,R2 B R' B R2 D R' D' B' D2 B'
24731562311231,0,11,0,11,4704759,ok,R B2 D R B2 D2 R' D2 R D' B2
24736512222332,0,11,0,11,6771506,ok,R D B' D R' B R' B2 R D2 B'
24751362221231,0,11,0,11,8383841,ok,R2 B R2 D2 B' R' B D' B R2 B
24751362321113,0,11,0,11,10100042,ok,R2 D B2 R2 D' R' D R' B R2 B
24761531221223,0,11,0,11,6566790,ok,R D R' D2 B R' D B R' B2 R'
24763151111111,0,11,0,11,5387784,ok,R B R' B2 R D' R D' B2 D2 R2
24765313222112,0,11,0,11,5534945,ok,R B D' R B' D R2 D R' D R2
25134672233321,0,11,0,11,4550582,ok,R B D' R2 B R D R2 B' D B2
25134672312323,0,11,0,11,4371251,ok,R B R' D2 B R D B2 R' D B2
25134672313211,0,11,0,11,5852888,ok,R B' R B' D' B D2 B D R D'
25137461111111,0,11,0,11,5881979,ok,R B' R B R' D2 R' D' R' B D'
25137461211323,0,11,0,11,4056585,ok,R B R2 B' R D R2 D2 R B R'
25163741112323,0,11,0,11,5365614,ok,R B R2 B2 D2 R' B' D R' B R2
25314673111313,0,11,0,11,10967284,ok,R2 B D' B R' B R B2 D2 R2 B
25314673111331,0,11,0,11,10486082,ok,R2 B R2 D2 B2 R B D' R D' B
25314673131311,0,11,0,11,10832161,ok,R2 B R' D B' R D B2 R2 D2 B
25341673113311,0,11,0,11,9032296,ok,R2 D R' B' D' B R2 D' B R2 B'
25341762313223,0,11,0,11,7643380,ok,R2 B R' D R B2 D2 R' D2 R D
25364172311231,0,11,0,11,8332422,ok,R' B R B' D2 B D' B R B2 D2
25364173223231,0,11,0,11,3943154,ok,R B R D' R' D' R B D' R B2
25367411211122,0,11,0,11,5580350,ok,R B D2 B2 R B' R B' R D R2
25413672323111,0,11,0,11,8390023,ok,R' B R D' B2 D B' D R B2 D2
25413763121222,0,11,0,11,5843054,ok,R B R B' R B R2 D' B D B2
25436711311313,0,11,0,11,4932208,ok,R B2 D2 R2 B' D B' R B2 D' B
25436712123122,0,11,0,11,4584859,ok,R B D2 B R B2 D B2 D B2 D
25436712123332,0,11,0,11,5075551,ok,R B2 R2 B' R2 B D R' B2 D B'
25436712132122,0,11,0,11,5025103,ok,R B' R D2 B' D' B D' R2 D R'
25436712323231,0,11,0,11,4579827,ok,R B R' D R2 D' R B R2 D2 B2
25436713232321,0,11,0,11,4928867,ok,R B' R' B' D R2 B' R2 B D' R
25436713332122,0,11,0,11,4675126,ok,R B2 R' D B' D2 R2 B' D' B2 R'
25463713212332,0,11,0,11,5191721,ok,R B R' B' D2 B' D' B2 R B2 R'
25471362323132,0,11,0,11,4880697,ok,R B' R2 B D' B D B2 R' D R
25471631312213,0,11,0,11,7361727,ok,R B' D R2 D R' D R' B' R2 D2
25631741212121,0,11,0,11,9023936,ok,R2 B R' D B' D' R B2 R B D'
25634713321232,0,11,0,11,5678944,ok,R B2 D R' B' D2 R D2 R B2 R2
25641371213132,0,11,0,11,5489788,ok,R B D2 R2 B2 R' B D' B D2 B'
25714632123131,0,11,0,11,5847080,ok,R D R2 B2 D R' D B' R2 B R'
25714632223331,0,11,0,11,5189355,ok,R B' R2 D R2 D' B R' D2 R' D
25714632313211,0,11,0,11,14484869,ok,B R2 B' D' B D2 R' B' D R' B2
25714633121333,0,11,0,11,5668772,ok,R B' R' B D2 B R' D' B R2 B2
25716431212223,0,11,0,11,5466223,ok,R B D' B D' R2 D R B2 D' R
25716433223213,0,11,0,11,5163676,ok,R B2 R2 B' D B' R B2 R B D2
25731642232211,0,11,0,11,9083142,ok,R2 B R' B D R' B2 R' D2 R D
25734162221111,0,11,0,11,5146947,ok,R B R2 B2 R B2 D R2 D2 B R'
25734613113323,0,11,0,11,6973838,ok,R D2 R B D2 B D' B' D2 R2 B'
25736141111123,0,11,0,11,6187715,ok,R D R' D' B' D2 R2 B' R D' R
25736141233232,0,11,0,11,5870961,ok,R D2 B D2 B' R D' R D' B' R'
25736411133113,0,11,0,11,5591826,ok,R B' D B D2 R' B2 D R B2 R'
25736411231321,0,11,0,11,5048610,ok,R B2 R' D' B R2 D' B' R' D B2
25736411321312,0,11,0,11,4307465,ok,R B R D2 R B2 R D' R' D B2
25736411331113,0,11,0,11,5342461,ok,R B' R B D2 R' D2 B R D2 R'
25736413123112,0,11,0,11,4488351,ok,R B D B2 D R2 D R' B' D B2
25741361232113,0,11,0,11,6200301,ok,R B' R D2 B' R D R' B D2 B2
25741632222323,0,11,0,11,5229126,ok,R B2 D B2 D' R D' R B' R' D'
25741632312323,0,11,0,11,4716980,ok,R B2 R2 D2 B' D B D' R B' D2
25743611233232,0,11,0,11,4899859,ok,R B2 R D2 R2 B D' B' R D' B
25763142223133,0,11,0,11,5949408,ok,R B' D2 B R B2 D' B R2 B' R'
25763411332322,0,11,0,11,4514513,ok,R B D' R D2 R' B D' B D R2
26135742132221,0,11,0,11,5645948,ok,R B' D2 B' D' B2 D' R D B2 R2
26135742213323,0,11,0,11,5200684,ok,R B R' B D R2 B' D R B2 R'
26135742332312,0,11,0,11,5382594,ok,R B' R2 B' R' D2 R' B D B2 R2
26153471122121,0,11,0,11,5295870,ok,R B2 D' R' B2 R D2 B' D R B2
26153473131131,0,11,0,11,4806480,ok,R B D2 B2 R D' B D' R B R
26153473132121,0,11,0,11,4694318,ok,R B2 R' B2 R B2 D2 R' B' R2 B2
26154372332213,0,11,0,11,10439963,ok,R2 B' D2 B R' D R' B2 R' B R'
26175432331133,0,11,0,11,5761800,ok,R B2 R D2 B' D' R B' R B' D
26317451212211,0,11,0,11,8342537,ok,R2 B2 R' D' R' D B2 D B2 D' R2
26345711223113,0,11,0,11,3891502,ok,R B R2 D' R2 D' R D' R2 B2 R
26371453112111,0,11,0,11,4582603,ok,R B2 R' B' D' R D2 B D' R B'
26415731322323,0,11,0,11,4517633,ok,R B R B' D2 R B D2 B' D' B'
26415732121223,0,11,0,11,4495898,ok,R B R2 D' B D2 B' D' R2 B2 D
26415732233321,0,11,0,11,5572708,ok,R D R' B2 R' B' R' D R2 B D'
26435712222122,0,11,0,11,8245038,ok,R2 B R2 D2 B2 D' R D' R B2 R'
26435712233321,0,11,0,11,6095872,ok,R B' R D' B R2 B2 D2 B R D'
26435712311132,0,11,0,11,5813572,ok,R B R B2 R2 B R B D' B2 D'
26435712322322,0,11,0,11,7675873,ok,R D2 B' D2 B R2 D' B R2 B2 R'
26435713311122,0,11,0,11,5740444,ok,R B D' B2 R2 B R B D' B2 R
26435713333133,0,11,0,11,6984885,ok,R D B2 R2 D' B' R B' R B2 R
26437512122312,0,11,0,11,5120720,ok,R B2 D' R2 B D' B' R D' R D'
26453172211133,0,11,0,11,5668057,ok,R B' R2 B D B2 R' D R2 D' R'
26453711333333,0,11,0,11,5102840,ok,R B2 R2 B R' D2 B R2 B D2 B2
26513471122121,0,11,0,11,5405912,ok,R B2 R D' B2 R' B' R' D2 R' B
26517343333313,0,11,0,11,6587411,ok,R B2 R2 B D2 B2 R2 B' R2 B2 D
26534713333313,0,11,0,11,7062094,ok,R D' R B' R B2 D R' B' R' B2
26543171111111,0,11,0,11,5333172,ok,R B R' B2 R D' R D R2 B2 D2
26543171123111,0,11,0,11,4333688,ok,R B R2 B' R D' R2 B R2 B' R2
26547313131323,0,11,0,11,7055364,ok,R B2 D2 B' D R' D R2 D' R2 D
26573413331312,0,11,0,11,5830845,ok,R B R2 B2 R' B D2 R' B2 R B
26714531212133,0,11,0,11,5641177,ok,R B R' D B' R D' R2 D R2 B'
26714532121133,0,11,0,11,6096277,ok,R B2 D R2 D R D2 B' D R' B2
26715433231322,0,11,0,11,5196100,ok,R B D' R B D2 B2 D' B' D2 R
26741351232113,0,11,0,11,4498512,ok,R B R B2 D2 R B D2 R2 B' R'
26743512121232,0,11,0,11,7046709,ok,R B' R2 D' R' D R D' B2 D B
27134561131133,0,11,0,11,5222837,ok,R B R' B' D R D' R D2 R' B
27154632311132,0,11,0,11,4688288,ok,R B R' D R2 D R D B R2 D2
27314652313211,0,11,0,11,5702417,ok,R B' R B D B2 D B' D' R D'
27365412321212,0,11,0,11,6807062,ok,R B' R D2 R D' R D' R2 D B'
27415363131113,0,11,0,11,6591957,ok,R B R' B D' R' B R B D2 B2
27415632323231,0,11,0,11,5636710,ok,R B D2 R' B' R2 B' D' R2 B D
27415633321322,0,11,0,11,6955184,ok,R D R' D R D' B2 R D' R B'
27416532133232,0,11,0,11,4682423,ok,R B D2 R' D B' R2 B' R2 D' R2
27416533321232,0,11,0,11,5684616,ok,R B' D B R' B R' B2 D R D2
27435612122222,0,11,0,11,5052398,ok,R B R D2 B2 R D' B D' B D'
27453161123111,0,11,0,11,4170091,ok,R B R2 D B2 D R2 D2 B' D R
27453161132111,0,11,0,11,4896119,ok,R B2 D' B' D' B2 R D' B2 D' B2
27456133132223,0,11,0,11,5322319,ok,R B R' B' D B R2 D2 B2 D' B
27516341111111,0,11,0,11,5129312,ok,R B R B2 R B2 R B R B2 D2
27534161111111,0,11,0,11,5102641,ok,R B R B2 R D' B' R B' R2 D
27534161111123,0,11,0,11,6791586,ok,R D' R2 D' R B2 R D2 B D R2
27534162311111,0,11,0,11,4732625,ok,R B D B' R2 D B' R' B D' B2
27534612311132,0,11,0,11,5541193,ok,R B D2 B' R B2 D' R' B2 R B'
27536412332312,0,11,0,11,5134935,ok,R B2 R2 B' D R' D R2 D B D2
27543611111123,0,11,0,11,6009543,ok,R D2 R' D2 R' D R' D2 B2 D' R
27543611111132,0,11,0,11,4266512,ok,R B R' B2 D2 B R2 B D2 R B
27546312231122,0,11,0,11,9034944,ok,R2 B2 R D2 R2 D B2 R' D2 R2 B
27613543333133,0,11,0,11,6607657,ok,R B' R B R2 D2 B R' B2 R B2
27614353311332,0,11,0,11,5736376,ok,R B D' B R' B R' B2 D2 R' D'
27615431312333,0,11,0,11,6240983,ok,R D B D2 R2 B D' B R' D R'
27615432113321,0,11,0,11,6595919,ok,R D R2 B2 D R2 D R B' R B2
27615433313213,0,11,0,11,4589348,ok,R B R B2 R2 B D' R B' R B
27634511131133,0,11,0,11,5143202,ok,R B2 R' D' B' R D2 R B2 R' B2
27634512233321,0,11,0,11,4815788,ok,R B2 R B R2 D2 R' B' D2 B D'
27643513311233,0,11,0,11,7478146,ok,R D2 R2 D R2 D2 B2 D B2 D2 R'
31246753312211,0,11,0,11,6367852,ok,R D2 R D R2 D' B' R2 D B R
31247651113232,0,11,0,11,4581136,ok,R B R2 D2 B D2 B R' D' B2 D'
31247651323232,0,11,0,11,5406219,ok,R B' D2 B D' B D2 R' B2 R B2
31256471231222,0,11,0,11,5138016,ok,R B R B2 D B2 D2 B R' B2 D2
31257462222221,0,11,0,11,6109037,ok,R D2 R2 B2 D' R' B D' R2 D B'
31257462312311,0,11,0,11,5059497,ok,R B2 R2 D2 B' D' R D' R2 D B'
31257643311122,0,11,0,11,5316669,ok,R B D2 B' D B' R B2 R' D2 R
31264572122213,0,11,0,11,5232086,ok,R B D' R2 D' B D B R2 B2 R
31264573132313,0,11,0,11,5032073,ok,R B R B' D2 B R' D' B2 D2 R'
31264573222223,0,11,0,11,5170810,ok,R B2 R D' B2 R B R2 D' B' D
31264752132122,0,11,0,11,5215544,ok,R B2 R D' R B' R' B2 R' B2 D2
31264752313121,0,11,0,11,5546862,ok,R B2 R B' D B' D' R2 D' B2 R2
31265471111111,0,11,0,11,6571226,ok,R B' D B2 D' B R' D R2 B2 D2
31265471122112,0,11,0,11,4625078,ok,R B D2 R D' B R2 B2 D' R D2
31265471122133,0,11,0,11,5291159,ok,R B2 D R' B D R2 B' R D' R'
31265471312213,0,11,0,11,4700762,ok,R B R2 D' B2 D B D2 B' R2 B
31265471313113,0,11,0,11,4368627,ok,R B R B' D2 B D' B2 R D' R
31265471321111,0,11,0,11,4116392,ok,R B R2 B D' B D B2 R' D R'
31265472233321,0,11,0,11,6599961,ok,R2 B R' D2 B' D R D' R D2 B2
31265472312233,0,11,0,11,4700264,ok,R B R2 D' B2 D R D2 R' D2 R
31265741233331,0,11,0,11,6519163,ok,R D R D' B D' R B2 R B R
31267542222233,0,11,0,11,6088979,ok,R B2 R D R' B R2 D' R D B'
31267542313133,0,11,0,11,6603489,ok,R B' R D2 R' B D2 R' B2 R B2
31275461112233,0,11,0,11,6719206,ok,R B' D R2 B2 D2 R B' D R' B
31275461322233,0,11,0,11,6782439,ok,R B' D B2 R2 D2 B D' B D' R
31275462133211,0,11,0,11,5659148,ok,R B R2 B R' D2 R D2 R' B D'
31275462223211,0,11,0,11,5683791,ok,R B R2 B D' R2 D R2 D' B D'
31275462311213,0,11,0,11,5962026,ok,R B D2 B D' B2 D B2 D' B D'
31275462312212,0,11,0,11,6020759,ok,R B D2 B R' D2 R B2 R' B D'
31275463311122,0,11,0,11,6476561,ok,R B2 D' B D R D2 R2 B' R B
31276452133322,0,11,0,11,4664272,ok,R B R2 B' R D2 B2 R D' B D2
31276452313313,0,11,0,11,5485243,ok,R B' D R' B R2 D R' B' D' B2
31452671323211,0,11,0,11,3874923,ok,R B R D' B2 D B' D R B2 D2
31452671332232,0,11,0,11,4109506,ok,R B D' B D R D' R2 B R D'
31452672322331,0,11,0,11,4130153,ok,R B D' B' D B2 D B2 R' B2 R
31456722111221,0,11,0,11,5193976,ok,R B D R B' D2 R2 D' B2 R' B
31462751111111,0,11,0,11,5545489,ok,R B D' R2 D B' R D B2 R2 D'
31462751113322,0,11,0,11,4771922,ok,R B D' B' D R2 D B R2 B2 D'
31475261322233,0,11,0,11,4992403,ok,R B2 R' D2 B2 R' B D B' D2 B
31475262331313,0,11,0,11,5977411,ok,R D2 R2 B2 D' B' R D' R2 D R'
31475262333221,0,11,0,11,4971628,ok,R B2 R2 D2 B' D' B D' R2 D R'
31524673332122,0,11,0,11,7059527,ok,R D' R' D' R B' D' B2 D' R' B
31527643332122,0,11,0,11,4160131,ok,R B R' B R B' R D' B2 D2 R
31564272212111,0,11,0,11,7957628,ok,R2 B D2 B2 R D' B' D B2 R B
31564272213311,0,11,0,11,4617532,ok,R B D R' D R2 D' B R' D R2
31564273113311,0,11,0,11,5042841,ok,R B D B' R B R2 B2 D' B' R
31572461122133,0,11,0,11,5143680,ok,R B R2 D2 B R2 B R D' B R2
31624751112233,0,11,0,11,4373246,ok,R B R2 D' R2 B D' B' D B' R2
31624753312211,0,11,0,11,4287124,ok,R B R D R D2 B R' B D2 R2
31627452221333,0,11,0,11,6638373,ok,R B' R' B R' D B2 D R' D B2
31654272313322,0,11,0,11,7270525,ok,R B' R B2 R D' R B' D2 B R2
31754621331122,0,11,0,11,6385020,ok,R2 B R2 B D2 R B D' B D' B'
31765242322121,0,11,0,11,6255081,ok,R B' D B' D2 R B' R D R2 D
32145671111111,0,11,0,11,8730240,ok,R2 B' R B' D' B D2 B D R D'
32145671123333,0,11,0,11,5037692,ok,R B2 R' B R2 D' R' D' B R' B'
32145671132222,0,11,0,11,4727194,ok,R B2 R' D B' R2 D2 R' B' D2 B'
32145671221112,0,11,0,11,5066478,ok,R B' R D2 B R2 B' R B' D2 B2
32145671333333,0,11,0,11,5027993,ok,R B2 D' B D R' B R' D2 R' D
32145672113333,0,11,0,11,4737166,ok,R B D2 B' D R2 B' D' B R2 B2
32145672212222,0,11,0,11,4797747,ok,R B D' R2 B2 D' R D B R2 D2
32145673112222,0,11,0,11,4287645,ok,R B R' B2 D2 R D' R' D B' R
32145673311113,0,11,0,11,4892443,ok,R B2 R D B' R D2 R' B2 D R2
32146751232323,0,11,0,11,4865901,ok,R B2 R D B2 D2 B' D R2 B' R'
32146752232223,0,11,0,11,5982443,ok,R D R2 B' R B2 R' B D' R' B'
32147562313223,0,11,0,11,4292805,ok,R B R D' R D2 R' B R' D B2
32147562333233,0,11,0,11,7688555,ok,R2 B R' B' D R D' R D2 R' B
32147651123333,0,11,0,11,7521781,ok,R B2 R D R D2 B D' R2 D' R
32147651132222,0,11,0,11,6865865,ok,R B R' B D' B2 R2 B R D B2
32147651213333,0,11,0,11,7763490,ok,R B' R D R' B D2 R2 B' R D2
32147651312222,0,11,0,11,7140602,ok,R B D R' D2 B2 D' R' B R2 D'
32147652113333,0,11,0,11,6953338,ok,R B R B' D2 R2 D B D B' D2
32147652231332,0,11,0,11,6745276,ok,R B R D' B2 R2 B R D B' D2
32147652233213,0,11,0,11,8881540,ok,R D B2 R2 D2 B R B' D R' D'
32147652331322,0,11,0,11,7317501,ok,R B2 R2 B' R' B R' D B' R B2
32147652332213,0,11,0,11,8594782,ok,R D R2 B2 D2 R D B' D B' D'
32147653112222,0,11,0,11,7003929,ok,R B D B2 D2 R' B D' R D B2
32156471111111,0,11,0,11,5590925,ok,R B D' B D' B D2 B2 D R' B'
32156471113211,0,11,0,11,4450832,ok,R B R' B D2 B' R B R2 D2 B2
32156471232332,0,11,0,11,4104401,ok,R B R' D' R D2 R B' R D2 R'
32156472312332,0,11,0,11,4332335,ok,R B D' R B' D' R2 B2 D' R B'
32156472332132,0,11,0,11,4265301,ok,R B D B' R B' R D2 R' D2 B
32156472332321,0,11,0,11,4688491,ok,R B2 R' D B2 D' R D2 B' D' R2
32156472333332,0,11,0,11,4846414,ok,R B2 R2 D2 R' D B D2 B2 R2 B'
32156473223123,0,11,0,11,3981291,ok,R B R B' R B2 R' D2 B R' D
32156741112323,0,11,0,11,8127340,ok,R2 B R' B D R2 B' D R B2 R'
32156742311123,0,11,0,11,4381445,ok,R B R D B2 R' B R' D' B2 D2
32156742313223,0,11,0,11,5193660,ok,R B2 D' B D' R D2 R D R' D2
32156742333131,0,11,0,11,4400963,ok,R B R B2 R B R' D B2 R D2
32157641232323,0,11,0,11,4896041,ok,R B2 R B' D2 R D B D2 R' D2
32157642231323,0,11,0,11,4933071,ok,R B D2 B R B' D2 R B D B'
32164571111111,0,11,0,11,6084138,ok,R B' R D2 R' D2 B D' B' R' B
32164571111231,0,11,0,11,4241946,ok,R B D B' D2 R D2 R' B R' B
32164571232323,0,11,0,11,4364733,ok,R B R2 D' B R' B R B D' R2
32164572232223,0,11,0,11,5196697,ok,R B' R B' D R D' B D B' D'
32164572232313,0,11,0,11,5187474,ok,R B' R D' R B2 D' R' B D2 B'
32164572233321,0,11,0,11,5064313,ok,R B' D2 R B D2 B R2 B D' B2
32164572312323,0,11,0,11,4887263,ok,R B' R2 D B R2 B R2 B D' R2
32164573323212,0,11,0,11,4623623,ok,R B2 R B' D B2 D2 R B R2 B'
32165741111111,0,11,0,11,7310192,ok,R D B' D B' D B2 D2 B R' B'
32165741111132,0,11,0,11,4715308,ok,R B D2 B D' B' D R' D' R2 D
32165741233223,0,11,0,11,4536240,ok,R B2 R B2 D2 R' B D' B2 R2 D2
32165742211112,0,11,0,11,5935406,ok,R B' D2 R D' B' R D B' R D2
32165742331112,0,11,0,11,4366814,ok,R B R2 B R' D R' B' R' B R2
32165743311131,0,11,0,11,4623710,ok,R B R B2 D2 R2 B R' B2 R B'
32167451111111,0,11,0,11,6112437,ok,R B' R B R' D2 R' D' R' B D2
32167451213333,0,11,0,11,4877100,ok,R B2 D' R' B D' R B2 D' B D'
32167451222222,0,11,0,11,4682525,ok,R B D' B2 R D B2 D B2 D2 R
32167451312222,0,11,0,11,4651847,ok,R B R' D2 R' B2 R D2 R D B2
32167451333111,0,11,0,11,4500787,ok,R B D B2 R' B2 R B2 R2 D' B
32167452211121,0,11,0,11,4809871,ok,R B D2 R2 D R2 D' B D R2 B'
32167453222313,0,11,0,11,4155255,ok,R B R D B2 R B2 R B' R2 D2
32167453313333,0,11,0,11,4799795,ok,R B D2 B' D' B2 R B' R' B2 D2
32167453321232,0,11,0,11,4732933,ok,R B D2 B R' B D2 R' B R B'
32174561112323,0,11,0,11,5936195,ok,R B2 R' D' B R2 D' B' R B' R2
32174561232113,0,11,0,11,6193352,ok,R D R' D2 B R' B' R' D2 R2 B
32174561232233,0,11,0,11,5473861,ok,R B' R' D2 R' D' R2 D B D2 R'
32174562231212,0,11,0,11,4962570,ok,R B R' D2 R' B D R B2 R2 B
32174652312332,0,11,0,11,4256680,ok,R B R2 B2 D' R D' R2 D' B2 D'
32174652332132,0,11,0,11,4342472,ok,R B D B' R B' R D2 R' D2 B'
32175461111111,0,11,0,11,6270417,ok,R B' R B2 R' D B' D R2 B2 D2
32175461113112,0,11,0,11,4350260,ok,R B D2 B R' B R B2 D' B R'
32175461221112,0,11,0,11,4496330,ok,R B R2 D R' D R2 D2 B' R D2
32175461333111,0,11,0,11,4642800,ok,R B D R' B2 R D' B2 R B' R
32175462233111,0,11,0,11,4897696,ok,R B D2 R' B2 R B R2 B' D2 B
32175462312323,0,11,0,11,6512754,ok,R2 B R2 B' R D R2 D2 R B R'
32416753121222,0,11,0,11,7694157,ok,R D R2 B' D' B2 D' B D R2 D
32417562113321,0,11,0,11,7363991,ok,R B' R D' B' D B2 D R D' B
32417652132131,0,11,0,11,4538062,ok,R B2 R' D B2 D B2 D2 R' D B'
32417653132121,0,11,0,11,3941652,ok,R B R B2 D2 B' R' B2 R' B2 R
32451762331121,0,11,0,11,4018448,ok,R B R' B' D B2 D R2 B' R2 B
32456173212332,0,11,0,11,5170347,ok,R B D B D2 R B' D2 R2 B' D
32456711233133,0,11,0,11,9761132,ok,R2 D B2 R2 D' B' R B' R B2 R
32465172112121,0,11,0,11,4977994,ok,R B2 R2 D2 R' B R D2 R2 B2 R'
32465172132131,0,11,0,11,4082119,ok,R B R B' R D' B R2 B' D2 R
32465172133121,0,11,0,11,4274504,ok,R B R' D B' D' R2 B2 D' B R'
32465172332321,0,11,0,11,4780387,ok,R B2 R' D R2 D' R D2 B' D' B2
32465173123121,0,11,0,11,4482462,ok,R B2 R D' R2 D' B2 R B2 R' D
32465173132121,0,11,0,11,4613781,ok,R B2 R2 D2 B R' B' D R' B R2
32465173133111,0,11,0,11,4990538,ok,R B2 D2 R2 B' D R' D R2 B' R
32465173233221,0,11,0,11,5341797,ok,R D R D' R D' B' R2 D2 B' R
32475161232323,0,11,0,11,5454265,ok,R B R2 D2 B R2 B R D' B R
32475163331222,0,11,0,11,5605811,ok,R B R' B2 D2 B R' B2 R' B2 R2
32476513232231,0,11,0,11,4737996,ok,R B' R D' B R2 B2 D2 B' R D
32517463131311,0,11,0,11,7699769,ok,R D2 R D R' D B' D2 B' D R'
32546713323212,0,11,0,11,5187176,ok,R B D B D' R2 B2 R' B2 D' B
32547611121113,0,11,0,11,4807811,ok,R B D2 B2 D B' D B2 D2 B R'
32547611131112,0,11,0,11,4463131,ok,R B R2 B2 R D' R B2 R2 B R'
32547611213111,0,11,0,11,4563763,ok,R B R' B' D2 B' R2 B R' D' R
32547611312111,0,11,0,11,4779367,ok,R B D' R' D2 R' B2 R B' D' R
32547612111311,0,11,0,11,4645947,ok,R B R' D' B R2 B' R B D B2
32547613111211,0,11,0,11,4561526,ok,R B R D' B2 D R2 D R B' R'
32561471113133,0,11,0,11,5246707,ok,R B' R B' D2 R D R2 B' R B'
32561471121311,0,11,0,11,4705125,ok,R B D2 B' R B R D' B R' D2
32561471122211,0,11,0,11,5085597,ok,R B2 R' B2 R D' R' B D2 R D2
32561471131211,0,11,0,11,4749013,ok,R B2 R2 B R D' B' D B' D' R
32561471211131,0,11,0,11,6019253,ok,R D2 R2 B' R' B R' D2 R B' D2
32561471311121,0,11,0,11,4814127,ok,R B2 R2 B R' B D R' B D R
32561472133313,0,11,0,11,4564699,ok,R B R' D2 B2 R' B D R B2 D2
32561472213122,0,11,0,11,4548756,ok,R B R2 B' D R2 B' D' R B2 R2
32561473222223,0,11,0,11,4307732,ok,R B R B' D2 B R' D' B2 D2 R2
32561473323212,0,11,0,11,4368199,ok,R B R2 B' D B' D2 R2 B' R' B2
32567412122222,0,11,0,11,5021227,ok,R B R2 D' R B R B2 R2 D' R
32567412131312,0,11,0,11,6216851,ok,R B' D R' B2 D2 R D R' D B2
32567412222212,0,11,0,11,7640011,ok,R D' R2 D' R B R B2 R2 B R
32567413131212,0,11,0,11,4931438,ok,R B R2 B2 R' D' B2 R D2 R' D2
32567413133333,0,11,0,11,6044025,ok,R B' D B' D2 R2 B D B' R B2
32576142313223,0,11,0,11,4920500,ok,R B2 R' D R2 D' R D2 B' D' B
32615473332122,0,11,0,11,5076593,ok,R D R2 B' D2 B' D R' B2 D2 B
32647152133121,0,11,0,11,5787237,ok,R D2 R' D2 R' B D' B2 R2 B' R
32647153132121,0,11,0,11,3970820,ok,R B R' D2 B2 D B2 D B2 R D
32647512333233,0,11,0,11,8049483,ok,R2 B2 R' D' B' R D2 R B2 R' B2
32657143121213,0,11,0,11,6070137,ok,R B R B' D B' D R' D B2 R
32657412111212,0,11,0,11,5963147,ok,R B R D2 R B D B2 R' B R
32671453123313,0,11,0,11,6248145,ok,R B2 R2 D2 B' R2 B' D' B D' B'
32674152113333,0,11,0,11,7212396,ok,R D2 R2 D B2 D2 R2 D' B2 D2 R
32714652332132,0,11,0,11,4602426,ok,R B R D2 R' D R2 B' R2 B D'
32716452123212,0,11,0,11,6880043,ok,R B' R D' B' D B2 D R D' B2
32741651121311,0,11,0,11,6289553,ok,R D2 R' B R D B' R D' R2 B
32741651131211,0,11,0,11,4972263,ok,R B2 R' D R B R' D R' D2 B
32741651211131,0,11,0,11,4629690,ok,R B R' D' B D2 R' D2 R' B R'
32741651311121,0,11,0,11,4812433,ok,R B D' R2 D' B2 R B' D' B R'
32741652111113,0,11,0,11,5073349,ok,R B2 D B' R D' R2 D R' B' R
32741653111112,0,11,0,11,5065166,ok,R B2 R2 D2 B D' B R' D2 R D'
32745611223332,0,11,0,11,4438936,ok,R B R2 D B2 R' D' R' B2 R' D'
32745612313322,0,11,0,11,5160584,ok,R B R2 D B2 R' D' B' D2 B' R'
32745612322331,0,11,0,11,4327460,ok,R B R B2 R D B' D2 B' R' D2
32751643321232,0,11,0,11,5337313,ok,R B D B' R2 D2 B R' D' R D2
32754163211123,0,11,0,11,4585944,ok,R B R2 D B' R2 B' R' B R2 D'
32756141233121,0,11,0,11,5467829,ok,R B2 R2 B D2 B R2 D' B D2 B2
32761452121313,0,11,0,11,5069545,ok,R B R' B2 D R2 D' B D' R2 D'
32761452122222,0,11,0,11,5387551,ok,R B2 R' B2 D B R2 B2 R' B' D2
32761452222212,0,11,0,11,5048607,ok,R B D2 R' D' R2 D B D2 B D'
32761453121312,0,11,0,11,7063160,ok,R D' B2 R B D2 B' R' B2 R' B'
32761453133333,0,11,0,11,5161265,ok,R B D2 B2 D R D R' B2 R' B
32765411112221,0,11,0,11,5003043,ok,R B2 R' B R' B2 D2 B D' B R2
32765411121113,0,11,0,11,4537189,ok,R B R2 B' R D R2 D2 B D' R2
32765411131112,0,11,0,11,4329828,ok,R B R D2 B2 D B D' B2 D' R2
32765411133113,0,11,0,11,4735320,ok,R B2 R' B R D' R2 B2 R B2 R
32765411331113,0,11,0,11,4731638,ok,R B2 R' D R D' R2 B2 R D2 R
32765412221312,0,11,0,11,4501101,ok,R B D' B' R B' D' B R2 D' R2
32765412323222,0,11,0,11,4677027,ok,R B D2 B2 D' B' R2 D R D2 B'
32765413122212,0,11,0,11,4298494,ok,R B R' D' B R' D' R B2 D' R2
32765413223312,0,11,0,11,4271990,ok,R B2 R D R2 D2 B D' R D2 R'
32765413231223,0,11,0,11,5074844,ok,R B2 D' R' B D2 B D B2 R2 B
32765413322312,0,11,0,11,4221474,ok,R B2 R B D2 B2 R B' R B2 R'
34125672131213,0,11,0,11,4850938,ok,R B R2 B D R2 D' R' D2 B D'
34125672131312,0,11,0,11,5395318,ok,R B2 R' B2 D B D2 B2 D' R' D2
34125672221222,0,11,0,11,5056124,ok,R B R2 D2 R' D' B' D B2 R' D
34125673133333,0,11,0,11,5545547,ok,R B2 R' D2 B D R2 D2 R' D' R2
34127651121113,0,11,0,11,4523421,ok,R B R2 B' R D' B R2 D2 B2 D
34127651131112,0,11,0,11,4466970,ok,R B R B' R D' R2 B2 D R' B
34127651213111,0,11,0,11,4592523,ok,R B R' B' D2 B' R2 B R' D' R'
34127651312111,0,11,0,11,4797613,ok,R B D' R' D2 R' B2 R B' D' R'
34127652111311,0,11,0,11,4507415,ok,R B R2 D2 R' D2 R' B D2 B' D'
34127653111211,0,11,0,11,4542357,ok,R B R D' B2 D R2 D R B' R
34162752132212,0,11,0,11,9255755,ok,R2 B D R' B D' R D' R D2 B
34165271112212,0,11,0,11,5524441,ok,R B' D2 B' R B2 D2 R D' B2 R
34165271121311,0,11,0,11,5109699,ok,R B2 D' R' D2 B D B2 D2 B' R'
34165271131211,0,11,0,11,4784563,ok,R B2 R B' D R D2 B2 D B D2
34165271211131,0,11,0,11,5878659,ok,R D B' D B R D' R2 D R' D2
34165271311121,0,11,0,11,4490624,ok,R B R' D R D B' R2 B R' D2
34165271311133,0,11,0,11,4940839,ok,R B2 R B2 R2 D' B D R' D2 R
34165272323333,0,11,0,11,4604797,ok,R B R2 D2 R D2 R' B D B2 R'
34165273133312,0,11,0,11,5778192,ok,R D B' R2 B' R' B2 R D' R2 D2
34165273222322,0,11,0,11,4138470,ok,R B R2 B R2 D2 B R' B' D B2
34165273311131,0,11,0,11,4539993,ok,R B R D2 B' D' R B' D R2 B
34167252213323,0,11,0,11,5279043,ok,R B R' D' R B D2 R2 B2 D R
34172562132332,0,11,0,11,5229652,ok,R B2 R D' B D' B' R2 B' R2 D2
34172562313331,0,11,0,11,5591391,ok,R B2 R B' R B' D' R2 D' R2 B2
34175263321232,0,11,0,11,5361097,ok,R B2 R' B D2 R' B D B D' R2
34216572213122,0,11,0,11,7222192,ok,R D2 R2 D R2 D2 B2 D' R2 D2 B
34261572132131,0,11,0,11,4056421,ok,R B R B' R D' B R2 B' D2 R'
34261572133121,0,11,0,11,4257068,ok,R B R' B' R2 D2 B' D B R' D
34261573123121,0,11,0,11,4351778,ok,R B D' R' B D' R B2 D' R' B2
34265712212132,0,11,0,11,6776438,ok,R D R2 D2 R' D R2 B' R2 B R
34275161312213,0,11,0,11,5066354,ok,R B R B2 R D' B' R B' R2 B'
34275162112322,0,11,0,11,4880837,ok,R B D2 B' R B2 D2 R B' R D2
34275162213221,0,11,0,11,5363646,ok,R B' R B' R2 B' R' D' R D2 B
34516271111111,0,11,0,11,5234869,ok,R B D B' D2 B' D' R' B R2 D'
34516272312332,0,11,0,11,5736187,ok,R D2 R' B2 R' B D' R2 B2 R' B
34516722313223,0,11,0,11,6433901,ok,R D2 R D B2 D' B' D2 R B R
34517622231323,0,11,0,11,5375171,ok,R B2 D2 R D2 R B' R' B' D2 B'
34521672223232,0,11,0,11,4972786,ok,R B2 D R' B D' R2 D B' R' B
34526713232312,0,11,0,11,4591079,ok,R B R2 D' R' B' R B2 R B D
34527612211322,0,11,0,11,7583524,ok,R B2 R2 B' D R' B R' D B R2
34527612231122,0,11,0,11,7383512,ok,R B D2 B2 D' R B2 D R2 D2 R'
34527612231332,0,11,0,11,8103002,ok,R B' D R2 D2 B' D B' R' D B2
34527612331322,0,11,0,11,7386191,ok,R B2 R2 B D R' D R' D R' D2
34527613312133,0,11,0,11,7515503,ok,R B2 R2 B' D2 R' D B2 D2 B' R'
34561272122123,0,11,0,11,7027427,ok,R B D R' B2 D2 B D B R' D2
34561272122321,0,11,0,11,7339995,ok,R B2 R2 B' D' B R' D R' B R2
34561272212213,0,11,0,11,8903823,ok,R D B2 R2 D2 B R D' B R' D'
34561272213122,0,11,0,11,7286320,ok,R B D B' D2 R2 D R B R' D2
34561272232211,0,11,0,11,8607810,ok,R D R2 B2 D2 R D R' D B' D'
34561273221233,0,11,0,11,6964597,ok,R B R' D R' D2 B2 D R D R2
34561273233131,0,11,0,11,6901184,ok,R B R' B' D B R2 B2 D2 B R'
34561273311233,0,11,0,11,7223934,ok,R B D B' R2 D2 R' D' R B2 D'
34561273313321,0,11,0,11,8239348,ok,R B' R' D2 B' R D' B2 R2 B' R
34561273321133,0,11,0,11,7514312,ok,R B2 R2 B D2 R' B R2 B2 R' B'
34561273321223,0,11,0,11,7065793,ok,R B D R2 D2 B' R B' R D R2
34561721111111,0,11,0,11,5674144,ok,R B2 R' D' R' D B2 R D' R D'
34562171321111,0,11,0,11,4582525,ok,R B2 R B R' B2 D2 R D2 R' D'
34562171321231,0,11,0,11,4474402,ok,R B R B' D2 R D2 R' B R' B'
34562172232313,0,11,0,11,5909279,ok,R D R2 B' R D2 R' B D' B' R'
34567212223232,0,11,0,11,5793693,ok,R D R2 D' B R B2 D' R' D B
34617252111212,0,11,0,11,6371675,ok,R B R D2 R B D B2 R' B R'
34617252123212,0,11,0,11,6311355,ok,R B R B R2 D2 R' D' R2 B' D2
34617252132212,0,11,0,11,6745244,ok,R B2 R' B' R B' D B2 D B' R
34617522221333,0,11,0,11,6006175,ok,R B2 R' D B' R' B R' B2 R B2
34621572132131,0,11,0,11,4751532,ok,R B D R2 D' R D2 B' R2 B D'
34625172111212,0,11,0,11,6816154,ok,R B' R B2 R D' R B' D2 B R'
34627512232313,0,11,0,11,4788747,ok,R B D B2 R D2 R B' R B2 D2
34651271123111,0,11,0,11,4678647,ok,R B2 D' R B D R2 D R' B' D'
34651272332132,0,11,0,11,4468662,ok,R B2 R' D R2 D B2 D2 R' D R'
34675212222122,0,11,0,11,6971077,ok,R B' D R' B2 D B' D B D2 B
34715262221123,0,11,0,11,6852527,ok,R B' D' R B' D R2 D R' D R2
34716522223211,0,11,0,11,6087884,ok,R B2 D' R2 B D' B R' D B' D
34721652121313,0,11,0,11,6526817,ok,R D B2 D2 B' D' B2 R B2 R' B2
34721652131213,0,11,0,11,5908260,ok,R B' R B R' D' B D B' D R2
34721652221222,0,11,0,11,6608785,ok,R D B2 D2 B' D' R2 B R2 B' R2
34721652222212,0,11,0,11,6207232,ok,R B' D R D' R' D R B' D B2
34721653333313,0,11,0,11,5834688,ok,R B' R2 B' D B D R2 D2 R B
34725611212211,0,11,0,11,5165932,ok,R B2 D2 B D2 B R' D R2 D' R
34725612111113,0,11,0,11,4451797,ok,R B R2 D' R' D R' D2 B D B
34725612121322,0,11,0,11,5144734,ok,R B2 D' R D R' D B' D2 B' R
34725612231212,0,11,0,11,5155979,ok,R B2 D2 B R D2 R D R2 D' B
34725612231332,0,11,0,11,4525851,ok,R B D2 B' R D2 B' D' B D2 B2
34725612322232,0,11,0,11,4832722,ok,R B2 R2 B R' D R B' R D B
34725612331322,0,11,0,11,4776201,ok,R B2 R' D B2 R' D' R' D R' B'
34725613111112,0,11,0,11,4890673,ok,R B2 R2 D2 B' D R' D R2 D' B
34725613111133,0,11,0,11,4744980,ok,R B R2 B' D B2 D' B R D2 B2
34725613132223,0,11,0,11,4775619,ok,R B2 R2 D R D2 R B' D' R2 B
34725613311113,0,11,0,11,4760887,ok,R B D R B2 D2 R2 D B2 D' B
34761252323222,0,11,0,11,4505589,ok,R B R B' D2 B R2 B D R' B
35126741232212,0,11,0,11,5721068,ok,R B2 D2 B' R B' R2 D' B D' R2
35126742231233,0,11,0,11,5701375,ok,R B2 D2 B' D B' R2 D' R D' R2
35127462331331,0,11,0,11,6018240,ok,R B' R D' B2 R D' B D R2 D
35162472122231,0,11,0,11,4548903,ok,R B R' D2 R' B D2 B2 D' B2 R
35162472123233,0,11,0,11,5814326,ok,R B' R2 D R' D' R B D' B D2
35162473122221,0,11,0,11,4476897,ok,R B D B2 R2 B' D' B' D R2 D2
35162473323131,0,11,0,11,4555536,ok,R B R' D B2 R' B' R D' R2 B'
35162473332122,0,11,0,11,5062232,ok,R B' R B2 R D R D' R D2 R'
35162473332131,0,11,0,11,4514188,ok,R B D2 R' D' R D R2 B2 D2 R'
35162742213323,0,11,0,11,5874173,ok,R B R' B D R2 B2 D' R2 D B
35167242132212,0,11,0,11,5743635,ok,R B R2 B R D' B2 D' R' B2 D2
35172461232323,0,11,0,11,5452579,ok,R B R2 D' B' D2 B' R' B2 D B
35174262213131,0,11,0,11,6833081,ok,R B' D B2 D' R D2 B' R2 B R2
35174262231113,0,11,0,11,6016257,ok,R B2 R D B' R B2 D' R D R'
35246171111111,0,11,0,11,5068218,ok,R B R B2 R D' B' R B' R2 B2
35246171113322,0,11,0,11,4409203,ok,R B R' B D2 B2 D B R2 B D'
35246172213311,0,11,0,11,4912630,ok,R B2 R' D B2 D' R D2 B' D' R
35267141223233,0,11,0,11,4161130,ok,R B D B' R' B' D R D' R D2
35267141321132,0,11,0,11,8689221,ok,R' B D R' B2 R D' B R D2 B2
35271461322233,0,11,0,11,4511395,ok,R B R2 D2 B2 D' B' R' B R2 D'
35416721113112,0,11,0,11,4504919,ok,R B2 R D B' R2 D2 B R2 B' D'
35416723232213,0,11,0,11,6080900,ok,R D R' D' B' D' R2 B D' B2 D
35417622223133,0,11,0,11,6599695,ok,R D R2 D' R B' R B2 R' B2 R
35426712131132,0,11,0,11,5048635,ok,R B2 R2 D B' R D' R2 D R2 B2
35426712311312,0,11,0,11,4469497,ok,R B R2 B D2 B D' R' B R2 B
35426713111313,0,11,0,11,5350139,ok,R B2 R B2 R2 D B' R B2 R D2
35426713131113,0,11,0,11,4848126,ok,R B R B2 D' R B R' B D' B'
35426713312211,0,11,0,11,5116810,ok,R B2 D' R D' R D2 R B R' D2
35461271111231,0,11,0,11,5244567,ok,R B' D2 B R' D R2 B' D2 B R2
35461271321231,0,11,0,11,4469059,ok,R B R2 D2 B R2 B R' D' R2 D'
35461272222323,0,11,0,11,4637891,ok,R B R2 B R B' R2 D B D R'
35462171131313,0,11,0,11,4962783,ok,R B R D2 B2 D' B' R2 B' D2 B2
35462171212121,0,11,0,11,5197586,ok,R B D B2 R' B2 D B R2 B R'
35462171221223,0,11,0,11,4282456,ok,R B R D B D' B' D B2 R' B
35462171332331,0,11,0,11,4798457,ok,R B2 R' B R' B' R B D2 B D2
35462172213311,0,11,0,11,5118712,ok,R B2 D' R B' D R2 D R B' D2
35462172223331,0,11,0,11,4670146,ok,R B D R B2 D' R B' D' R2 D2
35462172312131,0,11,0,11,4531004,ok,R B R' B2 D' B R D R2 D2 R
35462173123211,0,11,0,11,4755835,ok,R B D2 B R2 B R' D' R D2 R
35462173131311,0,11,0,11,5305778,ok,R B2 R D2 R2 B D' B R2 B D2
35462173221221,0,11,0,11,5116032,ok,R B' R' D' B2 R B R B' D' B
35462712322322,0,11,0,11,5707836,ok,R B2 R2 B R2 B' D2 R B' D2 B2
35472163222313,0,11,0,11,4654270,ok,R B D2 R' B D R2 D R' B' D
35472163231322,0,11,0,11,5154905,ok,R B2 R' B D2 R' B D B D' R'
35476122221111,0,11,0,11,5287186,ok,R B R' D B2 R' B R' B2 D2 R
35614722321233,0,11,0,11,5510910,ok,R B2 D2 R D2 R B' R' B' D2 B2
35617423131332,0,11,0,11,5023940,ok,R B2 R2 D2 B' R' B D' B2 D B'
35624712121232,0,11,0,11,7153469,ok,R B R2 B D2 R' D B D2 B R2
35624712321212,0,11,0,11,8327138,ok,R B' D R2 D2 B' D B' R' D B
35624712321332,0,11,0,11,7005490,ok,R B R' B R2 D R' B2 R' B R'
35624712331232,0,11,0,11,7062653,ok,R B R' D B' R2 D B' R B D2
35714623111322,0,11,0,11,6084348,ok,R B D' B2 R2 B' R' D B' D R'
35721642221213,0,11,0,11,9364833,ok,R2 B D' R B' D' R D2 R D R'
35762142222113,0,11,0,11,5631344,ok,R B2 D2 B' D R' D2 B' R D' B2
36125471111333,0,11,0,11,4825347,ok,R B D' B D' B2 D' B D R B2
36125471212112,0,11,0,11,6833392,ok,R2 B R B2 R B' D B2 D R2 B
36125471213111,0,11,0,11,4411754,ok,R B R2 B2 R' D R2 B' D' B2 R
36125471222111,0,11,0,11,6954866,ok,R2 B R2 D B2 D B' R D2 R B
36125471312111,0,11,0,11,4639474,ok,R B D2 B2 D' B R2 D' B' D2 R
36125472111311,0,11,0,11,4394116,ok,R B R2 B2 R' D' B2 R B D2 R'
36125472121223,0,11,0,11,4214632,ok,R B R' B' R D' R' B R2 D' B2
36125473111211,0,11,0,11,4724009,ok,R B D2 B2 D' B' D2 R D B2 R'
36125473232222,0,11,0,11,5169986,ok,R B2 D' B' R D2 R B R2 D2 R
36125473323233,0,11,0,11,4996217,ok,R B2 R' D B' R2 D2 R D' R B2
36125743222331,0,11,0,11,8047443,ok,R2 D B' D' B' R D2 B' R B2 R'
36127451333222,0,11,0,11,4348125,ok,R B R B D' B2 R' D B D B
36145272122222,0,11,0,11,5887940,ok,R B' R B' D2 R2 B D R' D R2
36145272131213,0,11,0,11,7659597,ok,R D' R2 D' B R B R2 B2 R B
36145272131312,0,11,0,11,5236930,ok,R B D2 R' D B R B2 R2 D' B
36145273333313,0,11,0,11,6031454,ok,R B' R' D R2 D2 R D' B' D R2
36147251121311,0,11,0,11,4967235,ok,R B2 R2 D2 B R' D B' D2 B D
36147251131211,0,11,0,11,5203581,ok,R B2 D2 R' B R B2 R2 D B D
36147251211131,0,11,0,11,5415773,ok,R B' D R D2 B' D R' D R2 D'
36147251311121,0,11,0,11,4532832,ok,R B R2 B' D B2 D R2 D2 B' D
36147252111113,0,11,0,11,5791347,ok,R D R2 D' R B R2 D' R' D R
36147253111112,0,11,0,11,4860335,ok,R B D2 B' R B R2 D' R' B R
36152741231312,0,11,0,11,6442040,ok,R B' D' R D2 B' R D' B' D2 B'
36152742131321,0,11,0,11,5680176,ok,R B2 R2 B D2 B' R2 D R' D2 R2
36172452133133,0,11,0,11,6811161,ok,R D R2 D2 R' D B2 R' B2 R B
36217452131333,0,11,0,11,6609470,ok,R B' R B' D2 R D' B R D2 R
36217541223311,0,11,0,11,3884159,ok,R B R2 B' D B R2 B2 R B D'
36217543213112,0,11,0,11,4092391,ok,R B D' R2 B' D R B' D R2 B2
36241573212332,0,11,0,11,4288294,ok,R B R2 B2 D B' D' B R2 D B
36241753212311,0,11,0,11,4965464,ok,R B' R2 B' R D2 R D2 B R B2
36415272123212,0,11,0,11,6127853,ok,R B D R2 D B D R2 B' R B
36417522123311,0,11,0,11,5502175,ok,R B R' B2 D' R B D' B2 R2 D2
36514272212111,0,11,0,11,7625882,ok,R2 B R D' R D B2 D2 R' D' R
36521472113321,0,11,0,11,5372630,ok,R B D2 R B2 D' B' R' D2 R' B'
36521472331121,0,11,0,11,4531718,ok,R B D R2 B' D' R2 D' B R B2
36527411131133,0,11,0,11,4555349,ok,R B R2 D2 B' D2 B D' B' R D2
36527412111113,0,11,0,11,4488545,ok,R B R2 D' R' D R' D2 B D B'
36527412131222,0,11,0,11,5270061,ok,R B' R' D R' B' R D2 B' D2 B
36527412211322,0,11,0,11,5319684,ok,R B2 D' B' R D' R B2 D' B R'
36527412221312,0,11,0,11,4619329,ok,R B D2 B' R' B2 D R' D' B2 R2
36527412231122,0,11,0,11,4669289,ok,R B R2 D' R2 D R D2 B' R2 D'
36527412322232,0,11,0,11,4743585,ok,R B D' B D R D' R2 D B' R2
36527413111112,0,11,0,11,4734877,ok,R B D2 B' R B R2 D' R' B R'
36527413311311,0,11,0,11,4436725,ok,R B R B D2 R B2 R B' D2 R2
36541272323222,0,11,0,11,4457727,ok,R B R B' D2 B R2 B D R' B'
36542712121322,0,11,0,11,6915790,ok,R B2 R D2 R2 D' B2 R B2 R2 D'
36547212121313,0,11,0,11,5828500,ok,R B' R D2 B' D2 B R' B D2 B'
36547212122222,0,11,0,11,6175898,ok,R D R2 D2 R D R B' R2 B' R
36547212131312,0,11,0,11,6204607,ok,R D R2 D2 R D B R' B2 R' B
36547212221222,0,11,0,11,5886559,ok,R B' R2 D2 R D R B' R2 D R
36547213331333,0,11,0,11,5306558,ok,R B2 R' B D' R2 D B2 R' D R'
36712542121112,0,11,0,11,7208005,ok,R B R' D2 B2 D B R D' R' B
36712542121121,0,11,0,11,6758606,ok,R B R2 B R B2 D B2 D2 B' D'
36712542121211,0,11,0,11,7945289,ok,R B' R B2 R2 D' R B' R' D R
36712542122111,0,11,0,11,7123754,ok,R B D' R B' R2 D R' D R D2
36714252232223,0,11,0,11,4633211,ok,R B R B2 D B2 D R' B R2 D2
36714521232113,0,11,0,11,6399144,ok,R D B' D2 R D' B' D' B2 D2 R
36714522121322,0,11,0,11,6360826,ok,R D B' D2 B' D R D R2 D2 R
36714522122213,0,11,0,11,5154330,ok,R B D' B2 D' B R D R2 D2 R
36714523132223,0,11,0,11,5243409,ok,R B2 R B' D2 R B D2 R' B' D
36714523132322,0,11,0,11,5143263,ok,R B2 R B D' R B R B2 D B2
36721451131331,0,11,0,11,4522977,ok,R B D' B D' B2 R2 D B D R'
36721452121322,0,11,0,11,5168733,ok,R B2 D' B R D' B R' D2 R' B
36721452122123,0,11,0,11,4312096,ok,R B R2 B' R B2 D' B' R D2 R2
36721452122213,0,11,0,11,5164534,ok,R B2 D2 B R B2 R D R2 D' R
36721452122321,0,11,0,11,4831153,ok,R B2 R' D R2 B' D' R' D B' R'
36721452131111,0,11,0,11,4777597,ok,R B2 R2 B D' B D B' R D R
36721452223232,0,11,0,11,4622964,ok,R B D2 R' D' R D' R2 B D R
36721453113113,0,11,0,11,5027029,ok,R B' R D' B2 R D R2 B' R D'
36721453121111,0,11,0,11,6103187,ok,R D2 R2 B' D' B R' D2 R D' B2
36725411121212,0,11,0,11,7659086,ok,R B R2 B D B2 D2 B' R' D R'
36725411131313,0,11,0,11,7679675,ok,R B R2 D B' R2 B' D B' D R2
36725411212121,0,11,0,11,7704387,ok,R B R2 B D R' D B' R' D2 R2
36725411313131,0,11,0,11,7735217,ok,R B R2 B2 R' D' R2 D' B' R B'
36725412111212,0,11,0,11,8292999,ok,R B2 R D R' B R' B R2 B2 R'
36725412121112,0,11,0,11,7663894,ok,R B R2 B R D' R B' R' D2 R2
36725412121211,0,11,0,11,7895228,ok,R B2 R B D' R B' D R2 D2 R'
36725412121232,0,11,0,11,7703995,ok,R B R2 B R B2 R2 B' D' R B'
36725412123212,0,11,0,11,8161607,ok,R B2 R D B' R B' R B2 R2 B'
36725412321212,0,11,0,11,8026666,ok,R B2 R B R' B R' D B2 D2 B'
36725413111313,0,11,0,11,8838455,ok,R B' R2 B' D' B R' B R' D2 R2
36725413131113,0,11,0,11,7943928,ok,R B D2 R B' D2 B' D R' D R2
36725413131311,0,11,0,11,9282994,ok,R B' D2 B' D' B D' B R' D2 R2
36741252122123,0,11,0,11,7769053,ok,R B' R B2 R2 D' R B' R' D R2
36741252122321,0,11,0,11,7257697,ok,R B2 R2 B R B' R D' R B' D2
36741252122333,0,11,0,11,7001407,ok,R B R2 B2 R' B R2 D B2 D2 B'
36741252123323,0,11,0,11,7493715,ok,R B2 R2 B' R D' B R' D R B2
36741253233131,0,11,0,11,7394179,ok,R B2 R2 B R' D B' D R' B D2
36745211211221,0,11,0,11,4211834,ok,R B R2 B D' B R2 D' R B R'
36745212121223,0,11,0,11,4392822,ok,R B R2 B' R' D2 B R' D' R2 B2
36745212122312,0,11,0,11,5488913,ok,R B' D' B D' B' D B2 R' D2 R
36745212122333,0,11,0,11,4663319,ok,R B R D' R2 B D' B2 D B2 D2
36745212123323,0,11,0,11,5242431,ok,R B2 D' R' D B' R B2 D' R B'
36745212131111,0,11,0,11,4407610,ok,R B R' B D B D' R2 D R' B2
36745212223232,0,11,0,11,4630078,ok,R B D2 R' D' R D' R2 B D R'
36745213121111,0,11,0,11,5683217,ok,R D R' B D R B' D2 B R' B2
36745213131131,0,11,0,11,4324098,ok,R B R B2 D' B' R B' R B2 D
36745213133111,0,11,0,11,4744854,ok,R B2 R D2 R2 B' R B R' D2 R
36745213232213,0,11,0,11,4526227,ok,R B R D' R D2 R' B2 D R' D
36751243222322,0,11,0,11,4747245,ok,R B D B2 D B' D' R' D2 B D
36752142122132,0,11,0,11,5064379,ok,R B2 R2 D R' B D' R2 D B2 R2
36752142123221,0,11,0,11,4744466,ok,R B D2 B D2 B D' B' R B2 R
36752143132232,0,11,0,11,4222703,ok,R B R B D B' D' B D2 R' B
36752143133222,0,11,0,11,5142614,ok,R B' R' B' R2 D B D R' D' B
36752143211132,0,11,0,11,4792588,ok,R B D' B D2 R' B' D R' B2 R2
36754123232222,0,11,0,11,8260728,ok,R B' D B2 D' B R' B D R' B2
37246511112233,0,11,0,11,5803851,ok,R D R' D' B D2 B D R2 D2 B'
37256142321233,0,11,0,11,5464563,ok,R B D' R B2 D' R B' R2 D2 B
37415622333221,0,11,0,11,6149156,ok,R D2 R' D B R D' R2 B D' R'
37426513132313,0,11,0,11,7069689,ok,R B R2 B' R2 B D' R2 D' B D2
37452162323312,0,11,0,11,5077738,ok,R B R D B' D2 R2 D' R2 B' R
37516422333311,0,11,0,11,4820567,ok,R B D R2 D2 R D' B R' D B
37561241311112,0,11,0,11,4679071,ok,R B2 D' R B' D' R D2 R B D'
37612453122233,0,11,0,11,4749111,ok,R B R' B2 D B' R' B' D R2 D'
37612542221111,0,11,0,11,5569496,ok,R B2 D2 R B2 R B' D' R' D2 R2
37614252221123,0,11,0,11,6074455,ok,R B2 R' D R' B' R B' R2 B R2
37614521111111,0,11,0,11,6367541,ok,R B' D R2 D' R2 B D' R' D' R
37614521323232,0,11,0,11,4157587,ok,R B D R' B2 D R2 D' R D' B
37614522111221,0,11,0,11,4710615,ok,R B2 R B' R D' B' D R2 D' B
37614522113321,0,11,0,11,5351336,ok,R B' R2 D2 B' D B' D2 R B' D2
37614522313322,0,11,0,11,5577706,ok,R B' D2 R2 B' R B' R2 D R' D2
37614522323312,0,11,0,11,4677451,ok,R B2 R B' D R' B' D R2 D' R
37614523232213,0,11,0,11,5268375,ok,R B' R D' B R D' B R B' D'
37615421113322,0,11,0,11,5896087,ok,R B2 R' D B' R B' D R' D2 R2
37615422211133,0,11,0,11,5858752,ok,R B2 R D' R B' D R' B' D2 B2
37615422223133,0,11,0,11,5935570,ok,R B2 R D' B D' R D' R' D2 R2
37615422313121,0,11,0,11,5521218,ok,R B R B' D2 R' B R' B D' B'
37615422313331,0,11,0,11,5925737,ok,R B D B' D2 R' D R' B D' R'
37615423121132,0,11,0,11,6263575,ok,R B2 R2 B' D B2 R' D2 R D2 B'
37624152311213,0,11,0,11,6073665,ok,R B2 D' B2 R D' R B' R B' D
37624511232233,0,11,0,11,5485441,ok,R B' R' B2 R' B' D2 B D B2 R'
37624512121322,0,11,0,11,6332135,ok,R D B' R2 B' R B D B2 D2 B
37624512231212,0,11,0,11,4894590,ok,R B R' B2 R' D B D B2 D2 B
37624513131323,0,11,0,11,5214975,ok,R B D R B2 D2 R2 D B2 D' B2
37624513231313,0,11,0,11,5084687,ok,R B R2 B' D B2 D' B R D2 B'
37641252222323,0,11,0,11,5390224,ok,R B2 D2 R B2 R B' D' R' D2 R'
37642152213311,0,11,0,11,6338668,ok,R D2 R B R2 B' R' D2 B R B
37642513122221,0,11,0,11,5460116,ok,R B2 R' B D' B D2 B2 R2 D' R'
37645122312221,0,11,0,11,4602418,ok,R B R D2 R2 D R' B R' D R
37651242211133,0,11,0,11,6570784,ok,R D R2 D' B R' B R2 B' R2 B
37651422312311,0,11,0,11,6177358,ok,R D2 R' B D R D' R2 B D' B'
37652141113232,0,11,0,11,4452319,ok,R B R D' B2 R D2 R' D R' B'
37652143231322,0,11,0,11,5025712,ok,R B2 R D' B2 R2 B' R D R2 D
37654212311222,0,11,0,11,5798259,ok,R B D' B2 R' B R D' R2 B2 D2
41236753232321,0,11,0,11,4905781,ok,R B' R' B R' D2 B' D R D B2
41237561313131,0,11,0,11,6913606,ok,R B2 D2 B' D B' R B2 R' D2 R
41263751312222,0,11,0,11,7472470,ok,R D2 R2 D B2 D2 R2 D R2 D2 B'
41325671212211,0,11,0,11,5012184,ok,R B D2 B' R2 D R' D2 R B D'
41325762313223,0,11,0,11,4662238,ok,R B D2 B2 R2 D' R' B R' B D2
41325763131233,0,11,0,11,4459780,ok,R B R B2 D2 R' B D' R' B2 D2
41352671212112,0,11,0,11,6972756,ok,R B R' B' D B' D2 R2 D R' B
41352671212121,0,11,0,11,7185120,ok,R B R' D B2 D2 R' D B' R' B
41352671222111,0,11,0,11,7231207,ok,R B D' R' D B' R2 D2 R D' B
41357622313112,0,11,0,11,3997108,ok,R B D B' D2 B R' B R B2 D2
41367253111133,0,11,0,11,6571531,ok,R B' R2 B R2 B2 R B2 D B2 D'
41532672313211,0,11,0,11,8814117,ok,R2 B' R D R' D2 R' D' B' D B2
41532761233133,0,11,0,11,5878756,ok,R B D2 B2 D' R D2 B' R2 B D
41563273113311,0,11,0,11,5262998,ok,R B R2 B2 D R' D' B D2 R B
41576322212222,0,11,0,11,6485359,ok,R B D B' D2 B R' D B R' B2
41625372313211,0,11,0,11,13975286,ok,R' D R' B D B2 R' D B D2 B'
41625373121213,0,11,0,11,4921227,ok,R B R D2 R' D' R2 B D' R' D'
41625731222231,0,11,0,11,5731483,ok,R B D' B' D2 B' R' D2 B R2 B'
41635721212121,0,11,0,11,8407547,ok,R D2 R' D' R D' B R2 B D' B
41657321222312,0,11,0,11,5277271,ok,R B R' B R' D B2 D R' D B2
41673252212222,0,11,0,11,6846066,ok,R B D2 B' R2 B' R B D' R D2
41673521111111,0,11,0,11,5563778,ok,R B D' R2 D B' R D' B2 R2 D2
41723562313211,0,11,0,11,5321938,ok,R B R' B R2 D R' D' B' D2 B'
41725361232113,0,11,0,11,6021982,ok,R B R' B2 D2 B D R D' R2 B
41725361321213,0,11,0,11,7267074,ok,R D B2 R2 D' R' D R' B R2 B
41725362221213,0,11,0,11,6219242,ok,R B2 D' R2 D B2 R' D B2 D2 B'
41725362313211,0,11,0,11,6721512,ok,R B R2 B D2 B2 R2 B R2 B' D'
41725362313223,0,11,0,11,6755845,ok,R D B2 R' B R B2 D2 R D' R'
41725363121222,0,11,0,11,5794140,ok,R B D' R D' R B2 D B' R' B'
41725363121231,0,11,0,11,5549917,ok,R B R2 D2 B' R' B D' B R2 B
41725631111111,0,11,0,11,6637555,ok,R B' D' R' D R2 B' D2 B D' B
41725631211122,0,11,0,11,5162743,ok,R B2 R' D R' D2 B2 R' D' R2 B'
41725632322331,0,11,0,11,4521382,ok,R B2 R' B D2 B' R D2 B' R' B2
41725633111133,0,11,0,11,4883034,ok,R B D R' D B2 D' B2 R B' R
41725633121123,0,11,0,11,4711322,ok,R B2 R B' D R D2 B' R B D
41725633211111,0,11,0,11,5389343,ok,R B' D B' D2 B R2 D' R D B
41726352313322,0,11,0,11,5129654,ok,R B R2 D2 B R' B' R' D2 R2 B'
41726532312233,0,11,0,11,6372197,ok,R B2 R2 D' B R' B2 R' B' D R'
41735261323313,0,11,0,11,6383870,ok,R D' R D' R2 D' R' B' D B2 R
41735262312233,0,11,0,11,5985037,ok,R B2 D' B2 D' B R' D2 B2 R' B
41735263123223,0,11,0,11,4820818,ok,R B D' R2 B D' R' D' B D2 B'
41735621233232,0,11,0,11,5008667,ok,R B R B' R B2 D' B2 D R B2
41735622313322,0,11,0,11,5852138,ok,R B R2 D2 B D2 B R D' R D
41736521233232,0,11,0,11,6005649,ok,R D2 B D2 B' R D' R D' B' R
41736522332231,0,11,0,11,4652675,ok,R B D2 R2 B' R D' B D R' D'
41752631222123,0,11,0,11,4402290,ok,R B R B2 R B2 R D' B' R D2
41752632311123,0,11,0,11,4819630,ok,R B2 R' B' R D2 B' R' B' R D2
41752632312323,0,11,0,11,4431352,ok,R B R2 D2 B D' B D' R2 D R'
41752632313211,0,11,0,11,16593332,ok,B2 R B' R D R2 B' R B D2 B'
41756231321213,0,11,0,11,6957869,ok,R D2 R D R2 D B' D' R2 B2 D'
41756233121231,0,11,0,11,5431276,ok,R B2 R B D2 B R' D' R2 B2 D'
41762532221333,0,11,0,11,6063307,ok,R B' D R2 D' B D2 R' D2 R D2
41762533123331,0,11,0,11,5570085,ok,R B2 R B D' R B2 D' B R D'
41765231233232,0,11,0,11,4951070,ok,R B2 D B' R' D2 B R2 B D2 B2
41765322221312,0,11,0,11,4499433,ok,R B R' B R2 D' B2 D' B D' R'
41765322313211,0,11,0,11,9689402,ok,R2 D2 R B' R B R2 D' B D B2
41765323122212,0,11,0,11,4741969,ok,R B D' R B2 D' R2 D' B D' B'
42136752131312,0,11,0,11,6458479,ok,R B D R' B D' R D' R D2 B
42137561123333,0,11,0,11,6101632,ok,R B2 R2 B R2 B2 D2 B' D2 B2 R
42137653122131,0,11,0,11,4609075,ok,R B2 R' D2 R' B R' D2 B2 D' R
42137653132121,0,11,0,11,3886327,ok,R B R2 B R' B D' R D2 B' R
42157633231322,0,11,0,11,6134796,ok,R B2 D' B2 D B D2 R2 B' R' D2
42163751121212,0,11,0,11,7096944,ok,R B' R2 D' R' B R D' B2 D R
42165373223123,0,11,0,11,3853999,ok,R B R2 D' R2 D' B D' R2 B2 R
42167532131333,0,11,0,11,6632596,ok,R B2 D2 B' R D' R D2 R' D2 R
42315673112111,0,11,0,11,4137494,ok,R B R' B2 D' B D' R' D R2 D
42351671212211,0,11,0,11,5983590,ok,R B' R D B2 D' R B2 D' R2 D
42351763231133,0,11,0,11,8776398,ok,R2 B D2 R2 B' D' R B' D R2 D
42367153111121,0,11,0,11,4239406,ok,R B R' D2 R B' R B R2 D2 B2
42367153211123,0,11,0,11,4648724,ok,R B R2 B' D B' R2 D R2 D' R2
42516372233111,0,11,0,11,5803068,ok,R B2 D' R2 D' R D' B2 R2 D' B
42561733323122,0,11,0,11,4102420,ok,R B R D2 B2 R B R2 D2 B' R'
42573612323231,0,11,0,11,5097746,ok,R B2 R B2 R' B2 D2 R' B2 R2 D'
42573613322231,0,11,0,11,4726504,ok,R B R2 D' R' D' B R' B D' R2
42613572313211,0,11,0,11,5315686,ok,R B R' B2 R' D' B' R D2 B R'
42615371313332,0,11,0,11,8546249,ok,R2 B D2 R2 B2 R' B D' B D2 B'
42615372213311,0,11,0,11,6810255,ok,R D B2 R' B D R2 B2 D B' R'
42615372221213,0,11,0,11,6219250,ok,R B2 D' B2 D R2 B' R B2 R2 B'
42615372313211,0,11,0,11,6936147,ok,R B D2 B D2 B2 R2 B D2 B' D'
42651372213311,0,11,0,11,4507552,ok,R B R2 B2 D2 R' D' R D' B D2
42651733311122,0,11,0,11,5671712,ok,R B' R B2 D' R D R' D B2 D2
42673512232133,0,11,0,11,6228210,ok,R D B R2 B R B2 R' D' B2 R
42751632321233,0,11,0,11,6042979,ok,R B' D' B2 D B R2 D' R2 D R2
42751632323231,0,11,0,11,4830075,ok,R B D' R2 B2 D' R' B D' R B
43126572133313,0,11,0,11,6523197,ok,R B R2 B' R2 B' R D B' R D2
43167251232212,0,11,0,11,5507633,ok,R B R' B R' B D' R2 B2 D' R'
43176252123131,0,11,0,11,4576966,ok,R B R' B2 D R B R2 D' R D2
43176252311132,0,11,0,11,4868100,ok,R B D' B2 R B D R2 B' R D2
43216573132121,0,11,0,11,4067995,ok,R B R2 B2 D' B R' D2 R' D2 R'
43216573132223,0,11,0,11,4552727,ok,R B R' B' R B' D B2 R' D' B2
43216573212311,0,11,0,11,4466962,ok,R B R' D B2 D' R B' D' R D2
43216573212332,0,11,0,11,6430116,ok,R2 B R2 B2 D B' D' B R2 D B
43512671313332,0,11,0,11,5151746,ok,R B R' D R' D2 R B R2 D' B
43527612312323,0,11,0,11,4329516,ok,R B D R2 B' R D' R D' R2 B
43561271111111,0,11,0,11,4882161,ok,R B R D' B2 D' R' B' R B2 D'
43571262122222,0,11,0,11,6256096,ok,R B R D' B D' B R' D R2 B
43572161111111,0,11,0,11,5832405,ok,R B2 R' B' R' D R2 B D' B D'
43572612312323,0,11,0,11,5130447,ok,R B2 R' D2 R D' B D' B2 D R
43576211123222,0,11,0,11,5453766,ok,R B2 R D B2 D R' D' B2 R2 D'
43576212112232,0,11,0,11,6848749,ok,R D2 R D B2 D B' D' B2 R2 D'
43615271333312,0,11,0,11,4642357,ok,R B R' D R2 D R2 B' D B' R'
43615272113321,0,11,0,11,5146624,ok,R B R2 B' D2 R2 B R B' R D2
43617521223221,0,11,0,11,6771665,ok,R D B' D2 R D' R B D' R2 D'
43621752213323,0,11,0,11,6791634,ok,R B2 R B2 R2 B R2 D R2 D2 B2
43651722323132,0,11,0,11,4928786,ok,R B' R2 B R' B D R2 B' D R
43675122222122,0,11,0,11,7735843,ok,R B' D' R D R B2 R2 D' B D
43675211221331,0,11,0,11,5195938,ok,R B D R B D' R2 B R2 B D2
43721653231313,0,11,0,11,5954812,ok,R B R2 D B R2 D' R B2 R2 D
43751623123313,0,11,0,11,6025535,ok,R B R2 B' R2 D2 B D B' D B'
43765212222122,0,11,0,11,7555927,ok,R D B2 D2 B' R D2 B' D2 B R
45167323322231,0,11,0,11,4960279,ok,R B D' R D' B R2 B2 R B D
45176231131313,0,11,0,11,10710019,ok,R2 B R' B R' B D R2 B2 D2 R
45176231133113,0,11,0,11,10688666,ok,R2 B D2 R2 B2 D R B' R B' R
45176231331113,0,11,0,11,10381275,ok,R2 B R2 D2 B2 R B R' B D' R
45176233131113,0,11,0,11,10995417,ok,R2 B D' R B' R B R2 D2 B2 R
45176321131133,0,11,0,11,9063906,ok,R2 D R' D' B' D R2 B' R D2 R'
45213672221123,0,11,0,11,5776625,ok,R B' R B2 R' B D2 R' B2 R D2
45273162222122,0,11,0,11,6703241,ok,R B2 D2 B' R B' R D2 R' B2 R
45276131131133,0,11,0,11,7914771,ok,R2 B D' R' D' R D2 B' D B2 D'
45312671222312,0,11,0,11,4349838,ok,R B R' D2 R B' D2 R D R B2
45312672223331,0,11,0,11,4844052,ok,R B2 R' B' D R2 B' R' D' R D2
45312672233321,0,11,0,11,4534006,ok,R B D2 R2 B D' R B' D2 B R'
45312672313211,0,11,0,11,14222742,ok,B R2 B' R' D R2 B' D' B R' D2
45312673132313,0,11,0,11,7776643,ok,R2 B2 R D R2 D' R2 D R' B' D2
45312673222112,0,11,0,11,4326977,ok,R B R' D2 B' R2 B R' B2 D B'
45312673231313,0,11,0,11,7674338,ok,R2 B2 R B D2 B' R2 B R' B' D2
45312761113211,0,11,0,11,4981427,ok,R B2 R' B2 R D2 B2 R' D' B2 D2
45312761133311,0,11,0,11,4753760,ok,R B R2 B2 D B' D B' D R B
45312762221111,0,11,0,11,5829881,ok,R B' R' D2 R B R2 D' B2 D R2
45312762311111,0,11,0,11,4776087,ok,R B R' D2 B2 R' B' R B' D B
45321671212211,0,11,0,11,5210686,ok,R B D' B' D' R D2 B' D R2 D'
45321671221121,0,11,0,11,5212692,ok,R B' R B R2 D2 B R D2 R2 B'
45321673113311,0,11,0,11,8644031,ok,R2 B' D R B2 R' B R2 D' B2 D
45327612222323,0,11,0,11,5571022,ok,R B D2 R2 B2 R' B D' B' R B
45362712122222,0,11,0,11,6622684,ok,R B D' B R' D' R D2 R B R'
45367122223133,0,11,0,11,5662561,ok,R B' R2 B R B2 D' B D2 B' R'
45367211111132,0,11,0,11,5023300,ok,R B2 R' D' B2 R D' R2 D B' D2
45367211211122,0,11,0,11,5318026,ok,R B2 D2 R2 B D' B R2 D' B D'
45367213111133,0,11,0,11,5398983,ok,R B2 D2 R2 B D B' R2 D R' D
45376121131133,0,11,0,11,8366764,ok,R2 B' R B D2 B' R B2 D' B2 D
45376121331311,0,11,0,11,6129408,ok,R D B' R D2 R' D B' D B R2
45376211333123,0,11,0,11,4965777,ok,R B' R2 D2 B D' R2 B D' B' R'
45376213131323,0,11,0,11,7857424,ok,R2 B2 R D B2 D' R2 D B' R' D2
45376213333322,0,11,0,11,4595131,ok,R B D R' B2 R' D R D B2 D2
45612371133221,0,11,0,11,5220310,ok,R D R' B2 R B R' B D' B D2
45612372331121,0,11,0,11,4407275,ok,R B2 R' B R2 B' D R2 B' R' B2
45612373112231,0,11,0,11,4520724,ok,R B2 R2 B' D B D' R2 B2 D' R
45612373132121,0,11,0,11,4316781,ok,R B D' B R' D' R2 B2 D' R D'
45612373132223,0,11,0,11,4753668,ok,R B2 R B' D2 B' R2 D R2 D' R
45612373322111,0,11,0,11,4174362,ok,R B R' B' D R2 D R' B R2 B'
45612373332122,0,11,0,11,4450263,ok,R B2 R2 D2 R' B D B2 D2 R2 D'
45612373332221,0,11,0,11,4485926,ok,R B2 R2 D2 B D' R' D R' B D2
45613271331221,0,11,0,11,5104017,ok,R B R' B2 R' B D2 R' D2 R B'
45613272233111,0,11,0,11,6412496,ok,R B2 R2 D' R D' B2 D' R' B R'
45621373123331,0,11,0,11,5611445,ok,R B R' D' R2 D' R' B2 D B2 D'
45621373211111,0,11,0,11,6998766,ok,R D R' B D R2 D B2 R2 D B
45621732212123,0,11,0,11,5833425,ok,R B D2 R2 B2 R' D B' D B2 D'
45621732233333,0,11,0,11,5591445,ok,R B R2 D2 B2 D' B R' D B2 D'
45623712332123,0,11,0,11,4100106,ok,R B D' R D' B' R' D B2 R D'
45623713322321,0,11,0,11,3929389,ok,R B R' B D' R' B' R B2 D R'
45637123132121,0,11,0,11,4519695,ok,R B2 D' R' D' B2 R B' R2 B' D2
45637123332122,0,11,0,11,3960002,ok,R B R2 D B2 D B2 D2 R' B R
45671231132231,0,11,0,11,4019760,ok,R B D R' D' R' D B D' B D2
45671233112132,0,11,0,11,4322734,ok,R B2 R' B2 R' D R2 B R2 B R2
45673212212132,0,11,0,11,5205440,ok,R B R' D2 B2 D' R' D B' R B'
45673213211222,0,11,0,11,5317543,ok,R B D2 R2 B' D B' D' B2 R2 D
45713623223132,0,11,0,11,4277451,ok,R B D' B2 R' D R D' B R2 D2
45721363321313,0,11,0,11,4977404,ok,R B2 R2 B D' R2 B R2 B R2 B2
45721363322231,0,11,0,11,4805037,ok,R B D R2 B2 D' R D' R' D2 B2
45732612233321,0,11,0,11,4319433,ok,R B R D' R2 D' R' D R2 D2 B'
45736121122211,0,11,0,11,7029467,ok,R D B D2 B' D R2 B' D2 B R'
46123571111111,0,11,0,11,5246680,ok,R B R' B2 R D' R D' R2 B2 D2
46123573232123,0,11,0,11,6433442,ok,R D' B2 R D' R D' B' R' D R2
46125731333123,0,11,0,11,5190233,ok,R B D R' D B D2 R' D R B2
46127351131313,0,11,0,11,6504734,ok,R B R2 B R' D R D2 R D R'
46127352131333,0,11,0,11,7323170,ok,R B' R' B D B D2 B2 R' B D
46127353131323,0,11,0,11,7864881,ok,R B' R' D R D B2 D2 R' B R
46135272133313,0,11,0,11,6139245,ok,R B R B' D2 B D' R B R' B2
46153273131131,0,11,0,11,7428368,ok,R D' R2 B2 R' D2 B D2 B2 D B'
46157233333232,0,11,0,11,4525866,ok,R B R D' B D' B2 R' D B2 R'
46157321331233,0,11,0,11,5421602,ok,R B D' R' B R' D2 B2 R' D' R2
46215372121223,0,11,0,11,4790763,ok,R B D' B R2 D' R2 D' R B' R'
46215372313211,0,11,0,11,8288098,ok,R2 B2 R B' D R D2 B' R D R2
46257132211133,0,11,0,11,5897246,ok,R B' D2 B D R2 B' D R2 D' R'
46257313312211,0,11,0,11,9225075,ok,R2 D R' D B R2 B R2 D2 B D
46273512122312,0,11,0,11,4800526,ok,R B D' B2 D' R' D' R B2 D' R
46273513221212,0,11,0,11,4567784,ok,R B R' D2 R' D' R' B D2 R' B
46275311123222,0,11,0,11,5610370,ok,R B R2 D2 B' D' R D' R D2 R
46275312112232,0,11,0,11,7046759,ok,R D R2 B2 D' B' D B' R D2 R
46275312132212,0,11,0,11,6212778,ok,R B2 D' B2 D B2 R' B R2 B2 R'
46275312232133,0,11,0,11,5474628,ok,R B D R2 D2 R B R B' D2 B'
46275312313211,0,11,0,11,6677203,ok,R B R2 B R2 B2 D2 B D2 B' D'
46275313121222,0,11,0,11,5761841,ok,R B D' B D' R B2 D B' D' R'
46275313312211,0,11,0,11,6657570,ok,R D R2 B' R D R2 B2 D R' B'
46321752111131,0,11,0,11,5072356,ok,R B' D2 B D' R B R2 D' B R
46352171211233,0,11,0,11,4141591,ok,R B D' R D R B' R2 D B D'
46352172113231,0,11,0,11,3837770,ok,R B R B' D2 B D' B R B2 D2
46372511221331,0,11,0,11,5628626,ok,R B2 R' B D' R' B R' D2 R D2
46375211211332,0,11,0,11,4166398,ok,R B R' B' R2 D' R' D R2 B' R'
46375212113111,0,11,0,11,4568302,ok,R B D2 B R' D' R D' B' D2 B
46375212132131,0,11,0,11,4154426,ok,R B R D2 B2 R2 D B' R2 B D'
46375212132221,0,11,0,11,4583642,ok,R B D' B R2 D' R' B D' B2 R'
46375212332222,0,11,0,11,4476778,ok,R B R2 D' R' B R D2 B2 R2 D'
46375213112111,0,11,0,11,5673113,ok,R D R' B D' B R2 B2 R B' D'
46375213123121,0,11,0,11,5180592,ok,R B' D2 R D' R' D B D' R B2
46375213333121,0,11,0,11,4216209,ok,R B R2 B D' R D' B' R' D R2
46512371331221,0,11,0,11,5472230,ok,R B D' R2 B2 R D' B2 D' B2 D2
46512372113321,0,11,0,11,5944763,ok,R B R2 B' D2 R2 B R B' R D
46513272332111,0,11,0,11,4391365,ok,R B R2 D2 B' R B' R B R' D'
46513273113221,0,11,0,11,4373542,ok,R B R D' B2 D' R B2 D B' R
46523711331332,0,11,0,11,5237464,ok,R B R2 B' D B' D R' B D B2
46527133111121,0,11,0,11,4244056,ok,R B R' D2 R B' R B' D2 B2 R2
46572311223122,0,11,0,11,5578005,ok,R B' D B' R2 B' R' B' D R2 B
46572312132122,0,11,0,11,4550763,ok,R B R2 B' D B2 R2 D R' D R2
46721533123313,0,11,0,11,5809092,ok,R B R2 B' R D' B R' D R B2
47123562232133,0,11,0,11,6339006,ok,R D B D2 R' B' R2 B R D2 R
47123651233232,0,11,0,11,4698447,ok,R B' R D R' B D' B2 R B R2
47126351233232,0,11,0,11,6411091,ok,R D R' B R D' B2 R D' B D'
47126532133133,0,11,0,11,5366905,ok,R B D' R2 B2 R' B' D B' D B'
47132562311111,0,11,0,11,5129172,ok,R B2 R B2 R' B2 R B2 D2 R2 D'
47132563222331,0,11,0,11,6863375,ok,R2 B D' R' D R D' B R2 B' D
47132652233321,0,11,0,11,5115912,ok,R B2 R' D2 R B' D B' D2 B R
47135622132332,0,11,0,11,4798831,ok,R B D2 B' D B2 R2 D B' D R2
47136252133112,0,11,0,11,6776492,ok,R D2 R B R2 B R' D' B2 R2 D'
47152361233232,0,11,0,11,4238435,ok,R B R' D B D2 B2 D' R' D2 B
47152631322131,0,11,0,11,5451544,ok,R B2 R2 B' R B' R D2 R D R2
47156231332313,0,11,0,11,5459283,ok,R B' D' R D2 R D' B' D B2 D2
47156233211132,0,11,0,11,5220060,ok,R B' R2 D R2 D' R B' D2 B' R
47156233223312,0,11,0,11,4512538,ok,R B D' B D' R' B D2 R' B' D'
47156233233113,0,11,0,11,5322144,ok,R B' R' D R2 D R' B' D B2 D2
47156233322312,0,11,0,11,4333257,ok,R B R' D R' D' B R2 D' R' D'
47156321111111,0,11,0,11,5491329,ok,R B D R' B R' D B2 D2 B D'
47156321133311,0,11,0,11,5559913,ok,R B' R D2 R D R B' D R2 D'
47156322132311,0,11,0,11,4719127,ok,R B D2 R' D' B R D2 B2 R2 D'
47156322313232,0,11,0,11,4354600,ok,R B R2 B R' D' B R' B' R2 B
47156322332132,0,11,0,11,4069652,ok,R B R D2 R' D R2 B' R2 B' R2
47156322332312,0,11,0,11,4254633,ok,R B R' B R2 D' B' D B' D2 R'
47156323223123,0,11,0,11,4691540,ok,R B2 R2 B' R' B R2 D' R B R2
47162351322122,0,11,0,11,4773119,ok,R B D B2 D2 B R' D R' B D
47163522131222,0,11,0,11,4565319,ok,R B R' B2 R' B' D' R D2 B' R
47165321232113,0,11,0,11,6192787,ok,R B D' R2 B2 R B R D' B2 R
47165321322131,0,11,0,11,9014615,ok,R2 B2 D2 B' R D' R2 B' R B' R2
47165322132212,0,11,0,11,6207829,ok,R B2 D' R2 D R2 B' D R2 D2 R'
47165322133112,0,11,0,11,7086208,ok,R D R2 B2 D' R' D B' R B2 R
47165322232133,0,11,0,11,5337832,ok,R B R D2 R2 D B R B' R2 B'
47165322313211,0,11,0,11,6966851,ok,R B D2 B R2 B2 D2 B R2 B' D'
47216352131333,0,11,0,11,7452858,ok,R D B2 D2 B' R B2 D' B2 D R
47251363131113,0,11,0,11,7228834,ok,R B' R2 B R' D B' R2 B' R B'
47251632131312,0,11,0,11,6171166,ok,R B R' B R' D' B R2 B D R'
47256133212311,0,11,0,11,4707667,ok,R B D' R' D' R2 B2 D' R B' R
47256133321232,0,11,0,11,4644726,ok,R B R B' R B2 R' D R2 B' D'
47265312122222,0,11,0,11,5000146,ok,R B R B2 R' D' B2 R D' R' D'
47265312131312,0,11,0,11,5211103,ok,R B D B2 D' B' R2 D B' R' D'
47265312313211,0,11,0,11,13961047,ok,R' D R' D B D2 R' D R B2 R'
47321651311133,0,11,0,11,5226515,ok,R B R B R2 D' B2 D R2 B' D'
47352612123131,0,11,0,11,4480275,ok,R B R D' R' D R2 D R2 B' D2
47352612311132,0,11,0,11,4614307,ok,R B D R' D' R D2 R D2 B' D2
47352612313211,0,11,0,11,8714437,ok,R2 B' R2 B' R' D' R D2 B D' B
47512632312323,0,11,0,11,4432875,ok,R B R2 D2 R D' R' D2 R' D B'
47621532232331,0,11,0,11,4069516,ok,R B R' D R' B' R' B D2 R D'
47621533231121,0,11,0,11,4246663,ok,R B2 R B' R D R2 B' R B D2
47632152233321,0,11,0,11,4314764,ok,R B R D2 B' R B' D R' D2 B
47632153212311,0,11,0,11,5306651,ok,R B' D2 B' R B2 R B2 D B R2
47632153232321,0,11,0,11,4885098,ok,R B' R2 D' B R B R2 B D' B
47632513212332,0,11,0,11,6853987,ok,R2 B2 R' B' D' R D2 R D2 R' D2
47652132231323,0,11,0,11,5306115,ok,R B R2 D2 B2 D' R D' R' D B
47653213211231,0,11,0,11,6630841,ok,R2 B D2 R' D R D2 B R B' D'
47653213232111,0,11,0,11,3879678,ok,R B R B D2 B R' B' R' D2 R2
51264731113322,0,11,0,11,4489232,ok,R B R' D' R D2 R B D2 B2 R'
51264732213311,0,11,0,11,4231530,ok,R B R B2 R2 D2 R' D' R D' B
51267342312233,0,11,0,11,7487380,ok,R B' D B2 D B' R D' R' B2 D2
51324671211122,0,11,0,11,4871113,ok,R B R' B' D B' R B2 D2 R' D'
51324672212111,0,11,0,11,6297504,ok,R D R' B' D' B R2 D' B R2 B'
51324673113311,0,11,0,11,7417366,ok,R2 B R2 B' D2 R B' D2 B R D'
51324761111123,0,11,0,11,5493534,ok,R B R' D R B2 D2 R' D2 R D
51324763113332,0,11,0,11,5300261,ok,R B R' B' D B D' B2 R2 B R2
51342672212111,0,11,0,11,6008214,ok,R B' D R B2 R' B R2 D' B2 D
51342763312223,0,11,0,11,10648569,ok,R' B R' D R B2 D' R D R2 D'
51367241211113,0,11,0,11,4308988,ok,R B D' R2 D B2 R' B D B D'
51423671221331,0,11,0,11,4571972,ok,R B D2 B2 R D' B2 R B R2 D2
51426731111111,0,11,0,11,5347549,ok,R B D R2 D R' B' D R' B2 R2
51426733312211,0,11,0,11,4861360,ok,R B2 R' B D2 B' R D2 B' R' B
51472361131313,0,11,0,11,6484495,ok,R B2 R B R' B D' R2 D' B D'
51472633331312,0,11,0,11,6157866,ok,R B R2 D2 B D2 B R D' R B'
51623471321111,0,11,0,11,3901077,ok,R B R2 B' R B' D' B2 R B' R
51623743313321,0,11,0,11,5749339,ok,R B R' D B' D' R B2 R B D'
51624731312123,0,11,0,11,5568047,ok,R B2 R2 B R2 B' R2 D B' R2 B2
51624733323113,0,11,0,11,6080291,ok,R B' D' B D2 R' D B' D' R2 D'
51632741323232,0,11,0,11,4330591,ok,R B D' R2 B D R' D R2 D' R
51642371122313,0,11,0,11,5839825,ok,R B2 D2 R' B' D R' B2 D2 R D
51642731113322,0,11,0,11,6367739,ok,R D B2 D2 R' D B' R' B R2 D'
51647231113232,0,11,0,11,4167723,ok,R B R2 D2 B D2 B R' D' B2 D
51723643131311,0,11,0,11,6125614,ok,R B R' B D R' B2 R' D2 R D
51724362122222,0,11,0,11,5296734,ok,R B D' B2 D B R2 B R' B' D
51724363121213,0,11,0,11,5200516,ok,R B D' R2 D B R2 B D' B' D
51726433123313,0,11,0,11,6185950,ok,R B D2 B2 D' R B2 D' R2 D B
51732643121213,0,11,0,11,6462846,ok,R B D' R B' D' R D2 R D R'
51742632323231,0,11,0,11,5096855,ok,R B2 R' B2 D2 R' B2 R' D' B2 D2
51742632323333,0,11,0,11,5533152,ok,R B2 D' R' D2 R D2 B' R B D2
52134761232113,0,11,0,11,4888683,ok,R B D' R' D R2 D B D2 B2 R'
52147631121311,0,11,0,11,4947789,ok,R B2 R2 D2 B R' D B' D2 B D'
52147631131211,0,11,0,11,5165610,ok,R B2 D B' D B' R2 B D' B' R
52147631211131,0,11,0,11,4445521,ok,R B R B' D2 R B' R B' D B2
52147631311121,0,11,0,11,4539388,ok,R B R2 B' D B2 D R2 D2 B' D'
52147632111113,0,11,0,11,4912304,ok,R B2 R' B R B D' R D' R2 B
52147633111112,0,11,0,11,6330487,ok,R D2 R' D B D B' D R' D2 B
52163471112122,0,11,0,11,5139032,ok,R B2 R' D' R2 B2 D R B R' B2
52163471213111,0,11,0,11,4415292,ok,R B R2 B' D B' D R2 B2 D2 B'
52163471312111,0,11,0,11,4355191,ok,R B R B2 D2 B D B' R2 D2 B'
52163471333123,0,11,0,11,4035913,ok,R B R' D B2 D' B2 R D R B'
52163472111311,0,11,0,11,4398222,ok,R B R D2 B' R D' B' D2 R B
52163472131222,0,11,0,11,4325576,ok,R B D2 R2 D R B2 R B R2 B'
52163473111211,0,11,0,11,4661950,ok,R B D B2 R' B D' R' B2 D B
52163473111331,0,11,0,11,4609701,ok,R B2 R B R2 B' D2 B D' B' R2
52163473221323,0,11,0,11,4321465,ok,R B R2 B' D R2 B' R2 B D B2
52163473323332,0,11,0,11,7418083,ok,R2 B2 R' D R2 B' R' D' R2 B R
52167342121232,0,11,0,11,6120134,ok,R B R' D B R2 D2 B' R2 B2 D'
52167432121313,0,11,0,11,5497861,ok,R B2 R' D R' B2 R B2 D' R D'
52167432122222,0,11,0,11,6710912,ok,R D2 R' B2 D R D2 R2 D' B' D2
52167432131213,0,11,0,11,5847600,ok,R B' D2 R B R2 B' R' D2 R' B'
52167433133333,0,11,0,11,6488806,ok,R D B2 D2 B R D R' D2 R' B
52167433331333,0,11,0,11,5570166,ok,R B' R B2 D' B2 D R' B D2 B'
52174633223123,0,11,0,11,5794650,ok,R B' R' B' R D' R' D2 R' D' R
52314673311311,0,11,0,11,9153099,ok,R2 D B' R' D' B D2 R' B D2 B'
52314761322122,0,11,0,11,5217494,ok,R B2 R2 B D2 B' D2 R D' R2 D2
52341671111111,0,11,0,11,14544443,ok,B R' B2 R' D' B' R D2 B R' D
52341671122211,0,11,0,11,5319909,ok,R B2 D' R2 D' R D' B' R2 B R2
52341671311313,0,11,0,11,4322150,ok,R B R2 B' R B2 D' R2 D R B2
52341672211112,0,11,0,11,5368606,ok,R B2 D' R2 D' B D' B' D2 B R2
52341672232313,0,11,0,11,4988104,ok,R B2 R D R2 D' R2 D R' B' D2
52341672323222,0,11,0,11,5437283,ok,R B' R' D R' B' D R B2 R2 B
52341672323312,0,11,0,11,7150441,ok,R2 B R2 D B2 D R' B D2 B D
52341673133111,0,11,0,11,4585604,ok,R B D2 B' D R2 B' R2 B R B2
52341673232213,0,11,0,11,4889012,ok,R B2 R B D2 B' R2 B R' B' D2
52341673232333,0,11,0,11,4359581,ok,R B R B2 D' R D' B' R2 D B
52341673323212,0,11,0,11,7024733,ok,R2 B R D2 R B' R D2 R B2 D
52361472121313,0,11,0,11,6662341,ok,R D B2 D2 B' D' B2 R B2 R' D2
52361472131312,0,11,0,11,5508439,ok,R B2 R2 D' R D' B' R D2 B' D'
52367142211121,0,11,0,11,5626463,ok,R B2 R B' D2 R' B' R' B2 R' D
52367412322232,0,11,0,11,4715038,ok,R B D2 B' R B2 R D2 R2 B' R
52374161112323,0,11,0,11,4867684,ok,R B R D2 R D' B' D R' D2 R2
52376413222223,0,11,0,11,5284407,ok,R B R' D' R B D2 R2 B2 R' B
52463173212332,0,11,0,11,6330347,ok,R2 B R' B' D' R B2 D' B D2 B'
52463713212332,0,11,0,11,6352778,ok,R2 B R2 B' R2 D B' R2 B R B'
52471631223113,0,11,0,11,4753025,ok,R B' R2 D R' B D' R' B' R D2
52471631323112,0,11,0,11,4872607,ok,R B' D2 R D' R B' R' D' R B2
52614372313211,0,11,0,11,7882804,ok,R D R' B D B2 R' D B D2 B'
52641733212311,0,11,0,11,4618512,ok,R B R' B' D' R2 B2 D' B D' B
52641733232321,0,11,0,11,4700768,ok,R B2 R D R' D2 R B R2 B2 D'
52673413232123,0,11,0,11,4383823,ok,R B R2 D' R2 D' R D R' D2 B2
52713461232323,0,11,0,11,4324683,ok,R B R2 B' D2 R2 B R' B' R2 B
52714361232113,0,11,0,11,7152905,ok,R D B2 D2 R' B R' B' R D2 B'
52714633213223,0,11,0,11,4699109,ok,R B2 R' B' D2 R D' R2 D R' B2
52714633223123,0,11,0,11,4704867,ok,R B2 D2 R2 B D R' D2 B R' B
52731641233112,0,11,0,11,4137304,ok,R B R' D' B D' B D2 R2 B' D
52731641323112,0,11,0,11,3989317,ok,R B R' B' R B' D B2 R2 D' B
52736141322233,0,11,0,11,4702547,ok,R B R2 B2 D' B D' R' D R2 B'
52741362313211,0,11,0,11,5413275,ok,R B D R2 D B2 D R' D2 B2 R'
52741362313223,0,11,0,11,6173405,ok,R D B' D' B' R2 D2 B' R B' D
52741632122333,0,11,0,11,6970847,ok,R B R2 B2 R D B2 D2 B' D2 R
52741632123323,0,11,0,11,8610365,ok,R D R2 D2 R B D2 B2 D' B2 R
52741632212213,0,11,0,11,7292190,ok,R B D2 R D' R' D2 R' D2 B D'
52741632212231,0,11,0,11,7591649,ok,R B2 R' B R' B' R D R' D B'
52741632232211,0,11,0,11,7064753,ok,R B R2 D R' B' R2 B' D2 R D'
52741633221233,0,11,0,11,6963451,ok,R B D R2 B2 R' B' R2 D' R' D
52741633313312,0,11,0,11,6868657,ok,R B R' B D B2 D B' D2 R2 B
52741633313321,0,11,0,11,7395387,ok,R B D' R D' R' B R B' R B2
52741633321223,0,11,0,11,8186526,ok,R B' D B' R2 B R2 B' D2 B D'
52741633323311,0,11,0,11,7157955,ok,R B D' R D R2 D B' R2 D2 B
52743611111213,0,11,0,11,4719780,ok,R B D B' R2 B D' B D' B2 R
52743611111312,0,11,0,11,5830053,ok,R D B D' R2 D R' D B' D2 R
52743611112131,0,11,0,11,4715397,ok,R B D2 B' D B R2 D' B' D R
52743611113121,0,11,0,11,5928779,ok,R D B2 D' B D R2 B' R' B R
52743612131111,0,11,0,11,4495555,ok,R B R2 B' R D2 R B2 R2 D' B
52743613121111,0,11,0,11,5443345,ok,R B' D B R2 D' B R' B R2 B'
52761431111213,0,11,0,11,4685151,ok,R B D2 B' D B2 D B2 D2 R' B'
52761431111312,0,11,0,11,4715923,ok,R B D B' D2 R D' B D' B D2
52761431112131,0,11,0,11,4906714,ok,R B2 R2 D2 B R' B R' D2 R B'
52761431113121,0,11,0,11,4973362,ok,R B2 D R' D B' R2 B R' B' R
52761432131111,0,11,0,11,4777175,ok,R B D' B2 D' B2 R D' R' B R'
52761433121111,0,11,0,11,4587043,ok,R B R' B' R B2 D' B2 D' B R'
52763143222331,0,11,0,11,7267440,ok,R2 B' D B D2 B' R D2 B' D2 B
52763411222312,0,11,0,11,9666551,ok,R2 B R' D' R B' R2 D2 R D' R
52763411333123,0,11,0,11,6580900,ok,R B D2 R2 B2 D R D' B D' R
52763413222112,0,11,0,11,9996015,ok,R2 B D' B' D B' R2 D2 R B' R
52763413223312,0,11,0,11,9968711,ok,R2 B D' R B2 R2 D' R D' B' R
52763413322312,0,11,0,11,9674432,ok,R2 B R' B R2 B2 D' R B' D' R
53126471231231,0,11,0,11,5873919,ok,R D2 B R2 B' D R' B R' B' R'
53126471231321,0,11,0,11,4688034,ok,R B R' B2 D2 R' D' R D' B R
53126471321321,0,11,0,11,5024108,ok,R B' R' B2 R D R2 B' R2 B D2
53146272123233,0,11,0,11,6627042,ok,R D R B2 R' D R2 B' R2 B R'
53147262123131,0,11,0,11,4605511,ok,R B R2 D' R2 D' B D R' B2 D2
53162743312223,0,11,0,11,10792452,ok,R' B R' B D R2 B' D R B2 R'
53274163211222,0,11,0,11,6020270,ok,R B2 R B2 R2 B R2 D' R2 D2 B
53421671321111,0,11,0,11,6165661,ok,R2 B R D' B2 D B' D R B2 D2
53421671321231,0,11,0,11,4109543,ok,R B R2 D2 B R2 B R' D' R2 D
53426171112233,0,11,0,11,4758062,ok,R B R2 B2 D' R B' D' R D2 B'
53462711113322,0,11,0,11,6201597,ok,R D R2 D2 B' R D' R' B D2 R'
53467211321111,0,11,0,11,3920748,ok,R B R2 B' D R' B' D2 R D' R
53476121323112,0,11,0,11,5121262,ok,R D R2 D2 B' D B2 D' B R2 B'
53476121323322,0,11,0,11,5272429,ok,R D R2 D2 B' R B2 R' D B2 D'
53614721212121,0,11,0,11,6547802,ok,R B2 R B2 R2 B' R2 D B2 D2 R'
53621471331221,0,11,0,11,4303190,ok,R B R D' R2 B2 D B' R' D B2
53642171111111,0,11,0,11,5275731,ok,R B R' B2 R D' R D R2 B2 D'
53672142221213,0,11,0,11,8856728,ok,R2 B R B' D B' D R' D B2 R
53714622233111,0,11,0,11,7286653,ok,R B' R D2 R D' R D' B' R2 D2
53721463223312,0,11,0,11,5436371,ok,R B2 R B2 R2 B R2 D R2 D2 B
53724612121112,0,11,0,11,6443039,ok,R B D' R B R2 D2 B' R2 B2 D'
53726143333121,0,11,0,11,4633509,ok,R B R' D2 R B R2 B R' D' R
53741621323112,0,11,0,11,4750711,ok,R B' R2 D R' D B' R' B' R B2
53741621332112,0,11,0,11,4901158,ok,R B' D2 R D' B D' B' D' R D2
53742612323333,0,11,0,11,5625181,ok,R B2 R B' R2 D' B' R' D2 R' D
53761242121211,0,11,0,11,6392593,ok,R B R B2 R2 B' D2 R B D B2
53761242221213,0,11,0,11,6776995,ok,R B2 R' D' R B' R D2 R D' R
53761242321212,0,11,0,11,6345301,ok,R B R B2 R B R B2 D' R B'
53762143222331,0,11,0,11,5418473,ok,R B D' B' D B R' B2 D2 B D2
53762413322123,0,11,0,11,5920182,ok,R D R' D B2 D' R D' B D B2
54123673233323,0,11,0,11,5151738,ok,R B' R D R2 B' D R' B R2 B'
54126371331221,0,11,0,11,4375883,ok,R B R' B' D R D' R D2 R' D
54127632131213,0,11,0,11,6279678,ok,R B' D B R' D' R B R' D R2
54127632222212,0,11,0,11,5957712,ok,R B' R D R' D' R D B' D B2
54127633131212,0,11,0,11,6278568,ok,R D R2 D2 R' B' D2 R D2 R' B2
54127633133333,0,11,0,11,6580441,ok,R D B2 R' D B D B2 D2 R' B
54127633333313,0,11,0,11,6117572,ok,R B' D2 B' D B R D2 R2 D B
54163271133221,0,11,0,11,4851130,ok,R B2 D R' B R D2 B' D R D2
54163272233111,0,11,0,11,6300863,ok,R D R B R' B2 D' B R D R
54167231121113,0,11,0,11,4381266,ok,R B R2 B' R D' B R2 D2 B2 D'
54167231131112,0,11,0,11,4444397,ok,R B R D2 B2 D B D' R2 B2 D'
54167231221211,0,11,0,11,4742565,ok,R B2 R' D' B2 R2 D B D R' D2
54167231333213,0,11,0,11,4391641,ok,R B R' B D R B2 D' R D2 R'
54167232112112,0,11,0,11,4714867,ok,R B2 R' B' D2 R2 B R D R' D2
54167232133313,0,11,0,11,4993809,ok,R B2 R2 D B D' R2 D' R' D2 R
54167232333113,0,11,0,11,4366591,ok,R B R' B R2 B' R2 D B R D'
54167233232333,0,11,0,11,5630616,ok,R B' D' R B2 R B D' B' R2 D
54167233331213,0,11,0,11,4964617,ok,R B2 R2 D R B' D2 B' R' B2 R
54172633132313,0,11,0,11,6153844,ok,R B D2 R B D2 R' B R2 B2 D
54217362233213,0,11,0,11,10158722,ok,R2 B' R2 B R' D B' R2 B' R B'
54217632132212,0,11,0,11,9083091,ok,R2 B R' B R' D' B R2 B D R'
54231671123111,0,11,0,11,4704901,ok,R B2 D' R B D R2 D R' B' D
54231673123121,0,11,0,11,4124896,ok,R B R' D R D B2 R2 B D2 R2
54261373123121,0,11,0,11,4483339,ok,R B R D R2 B' R2 B R2 D' B'
54261732231233,0,11,0,11,5544415,ok,R B R' D B' R D' B2 R2 D' B'
54276132233312,0,11,0,11,5388789,ok,R B2 R' B R' B2 D' B R' D2 R2
54312671131331,0,11,0,11,4629367,ok,R B R' B D2 B' D R' B R B2
54312672212111,0,11,0,11,5058596,ok,R B R' D' R' D R2 B' D B2 D'
54312673311311,0,11,0,11,8603158,ok,R2 B' R D B2 D' R B2 D' R2 D
54317261113112,0,11,0,11,4141338,ok,R B D2 B' R D' R' B2 D B' R
54317621111222,0,11,0,11,5428840,ok,R B D R' D2 B2 R D' R' B D2
54321672212213,0,11,0,11,7369219,ok,R B D' B R' B R B2 D2 R2 B
54321672212231,0,11,0,11,6907193,ok,R B R2 D2 B2 R B D' R D' B
54321672232211,0,11,0,11,7209004,ok,R B R' D B' R D B2 R2 D2 B
54321673313312,0,11,0,11,10455918,ok,R2 B R' B' D B' D2 R2 D R' B
54321673313321,0,11,0,11,10738387,ok,R2 B R' D B2 D2 R' D B' R' B
54321673323311,0,11,0,11,10709029,ok,R2 B D' R' D B' R2 D2 R D' B
54321761211221,0,11,0,11,4493434,ok,R B R B' D B' D2 R' D R2 B'
54321763113113,0,11,0,11,6080211,ok,R D R' B D2 B' R D' B R B2
54326171111231,0,11,0,11,6108528,ok,R2 B R B' D2 B D' B R B2 D2
54326171112233,0,11,0,11,4328410,ok,R B R' D2 R' D2 R D' B' D' R
54326171321231,0,11,0,11,4401705,ok,R B D' R2 D' R2 D R' B' D' R
54326711112212,0,11,0,11,5618291,ok,R B D' B R2 D' R B' D2 R2 B
54327612223232,0,11,0,11,4907268,ok,R B2 R' B D R B' R B' D2 R
54361272223232,0,11,0,11,5002584,ok,R B2 D2 R' B D R2 D2 B R D
54362171113133,0,11,0,11,5218983,ok,R B R B D' B2 D R' B R' D'
54362711111231,0,11,0,11,4172704,ok,R B D' B2 R D R' B D2 B' R
54362711323112,0,11,0,11,5097376,ok,R D R' D' R D' B R2 D2 B' R
54367121112212,0,11,0,11,6197552,ok,R B' D' R2 D B R2 D' R2 D B2
54367121113211,0,11,0,11,5109699,ok,R B D' B2 R2 D' R' B R' B R
54367121113331,0,11,0,11,7062204,ok,R D2 B D2 B' D R' D R' B' R'
54367122211121,0,11,0,11,5663877,ok,R B2 D' B' R2 B D2 R' B R D2
54367122311111,0,11,0,11,5116188,ok,R B2 R' B2 D2 R' D2 R' D' R2 D2
54367123311113,0,11,0,11,5095692,ok,R B D2 B2 R B' R B' R D R
54367211132222,0,11,0,11,6954013,ok,R B D B2 R2 B' R B' D' B2 R'
54367211213333,0,11,0,11,8684265,ok,R D B2 D2 B D R2 D2 R' D2 B
54367211222132,0,11,0,11,7089285,ok,R B R' B D' B' D B R' B D2
54367211333213,0,11,0,11,7552183,ok,R B2 R' D B' R' B R B' D R'
54367212211322,0,11,0,11,8623713,ok,R D R2 D2 R B R2 B2 R' D2 B
54367212231122,0,11,0,11,7345660,ok,R B D2 B2 D B D2 B2 D' R2 B
54367212233213,0,11,0,11,7060753,ok,R B R2 D R' D' R2 D' R2 B D'
54367212332213,0,11,0,11,7256380,ok,R B D2 R D' B' R2 B' D2 R D'
54367212333113,0,11,0,11,7613801,ok,R B2 R' B D' R' B R D' B R'
54367213112222,0,11,0,11,8190105,ok,R B' D R' D2 R B2 R' D2 R D'
54367213312133,0,11,0,11,8016471,ok,R B' R B' R2 B R2 B' R2 B R'
54371261113331,0,11,0,11,5338288,ok,R B R2 B2 D B' D2 R D R2 B2
54371621113112,0,11,0,11,6255135,ok,R2 B D B' D2 B R' B R B2 D2
54371621113322,0,11,0,11,4286100,ok,R B R2 B' R2 D2 B D' B' D2 B
54376121322233,0,11,0,11,5015318,ok,R B D2 B2 R' B R' D' B R2 D'
54376211111132,0,11,0,11,5144101,ok,R B2 R2 D2 B' R B D' B D' R2
54376211111222,0,11,0,11,4743789,ok,R B R B2 R' D' B2 D' B2 D B2
54376211113133,0,11,0,11,5365836,ok,R B2 D B2 D' B R' D B' D' R'
54612371112311,0,11,0,11,7623734,ok,R2 B R2 B2 D2 R' D' R D' B D2
54612372222131,0,11,0,11,5626086,ok,R B D R B2 D B' D2 R2 B' R
54612732112223,0,11,0,11,5310518,ok,R B2 R' B D' R2 B' D B' D2 B2
54612733322213,0,11,0,11,5380823,ok,R B2 R' D R' B2 D' R B' D2 B2
54621371133311,0,11,0,11,4948121,ok,R B D' B D2 B' D B' D R D2
54621372211121,0,11,0,11,5415782,ok,R B' R D R2 B2 D R B2 R2 D'
54637211132111,0,11,0,11,4183526,ok,R B R' B2 R D2 B' D B R D'
54671232221213,0,11,0,11,5718138,ok,R B R2 B D R' B2 R' B' R2 D2
54712361323313,0,11,0,11,5426647,ok,R B2 D2 R' D' R D' B2 R2 D B
54712362223322,0,11,0,11,5685971,ok,R B2 R2 B D2 B D2 R' B R2 B2
54716232222113,0,11,0,11,5631404,ok,R B D' R B' R B' R2 D2 B' R'
54716321112323,0,11,0,11,5424679,ok,R B D' B2 D B' R B D2 R2 B'
54716322313223,0,11,0,11,4482956,ok,R B D B2 D2 R2 D' B' R B' R
54721631111111,0,11,0,11,17298644,ok,B2 R' B R' D' B R2 B R B D'
54721631122121,0,11,0,11,5075902,ok,R B2 D' R D2 R' D' B R' B2 R2
54721631311133,0,11,0,11,4811695,ok,R B D2 B' R D2 B' R2 B R D2
54721632133232,0,11,0,11,4695109,ok,R B2 R' B' R2 D2 B R D B' D2
54721632212222,0,11,0,11,5005053,ok,R B2 R2 D R D' R2 D' B' R2 B
54721632212231,0,11,0,11,4370811,ok,R B R' D R B R2 D' B D2 B'
54721633231322,0,11,0,11,4659773,ok,R B D B' R2 D2 R B D2 B D2
54721633313321,0,11,0,11,5010174,ok,R B2 R D' R D' B' R B' R D2
54721633333331,0,11,0,11,4400303,ok,R B R2 D2 R B R2 B D R2 D'
54723612131312,0,11,0,11,6783345,ok,R D2 R' D2 B R D2 R2 D' R' D2
54723612221222,0,11,0,11,5552745,ok,R B2 R' D B' R2 B R2 D' R D'
54723612222212,0,11,0,11,5686229,ok,R B' R2 B' D' B2 D B R2 D' R'
54723613121312,0,11,0,11,6239643,ok,R D B2 R' D' R2 D R B2 R D'
54723613333313,0,11,0,11,6304678,ok,R D B2 R' D' B2 D B D2 B R'
54761233322321,0,11,0,11,4862382,ok,R B D' B2 R2 D' B D' B' D R2
54763212322232,0,11,0,11,4604445,ok,R B R' B2 R' D2 B D' B' D B'
56123471222312,0,11,0,11,6776024,ok,R B D' B D' R' B D R' D B2
56123471223221,0,11,0,11,6434640,ok,R B R B2 D2 B' R' B2 D' R' B
56123471331332,0,11,0,11,8234194,ok,R D B2 D2 B D B2 D2 B' R2 D
56123471333123,0,11,0,11,7072069,ok,R B2 R' D R' B' R B R' D R'
56123472322121,0,11,0,11,6801053,ok,R B D2 B2 D B R2 B2 R' B2 D
56123472331331,0,11,0,11,6383896,ok,R B R2 B2 R D R2 D2 R' B2 D
56123473133132,0,11,0,11,7513707,ok,R B' R D' R2 D B2 D' B2 D R'
56123473133231,0,11,0,11,6326352,ok,R B R D2 B2 D' R' B2 D' B' R
56123473222112,0,11,0,11,6537632,ok,R B R' D R' D' B R B' D B2
56123473223312,0,11,0,11,6521350,ok,R B R' D R D2 R B' R2 D2 B
56123473322312,0,11,0,11,6761499,ok,R B D' B D R2 D B' D2 R2 B
56124371111231,0,11,0,11,4068485,ok,R B R' B2 D B R' B R2 B' R
56124371232323,0,11,0,11,5589858,ok,R D R' B' R D' B D2 R2 B' R
56127433332323,0,11,0,11,4983599,ok,R B2 R2 D2 B D' R B' D2 B R
56132472333332,0,11,0,11,5072906,ok,R B2 D2 R2 B D' R B2 D' B R'
56132473211111,0,11,0,11,4922466,ok,R B D' B' D' R2 B2 D' R D' B
56132473213211,0,11,0,11,4925269,ok,R B2 R D B' D2 B D B2 D2 R'
56143273332323,0,11,0,11,6153207,ok,R D2 R' B D B D' B R' D2 B
56147231222132,0,11,0,11,10959737,ok,R2 B D' B R2 B2 D' R D' R' D
56147231333213,0,11,0,11,6811522,ok,R B R2 D2 B2 R B R' B D' R
56147232233213,0,11,0,11,7089680,ok,R B R' B R' B D R2 B2 D2 R
56147232332213,0,11,0,11,7327188,ok,R B D' R B' R B R2 D2 B2 R
56147232333113,0,11,0,11,7104069,ok,R B D2 R2 B2 D R B' R B' R
56147322333233,0,11,0,11,6316175,ok,R D R' D' B' D R2 B' R D2 R'
56173421113112,0,11,0,11,4130893,ok,R B D2 B' D R' D' B2 R D' R
56174232323333,0,11,0,11,5572140,ok,R B' D B R2 D2 B R B2 R2 D'
56174321232113,0,11,0,11,6854572,ok,R D R2 D2 B' D R' D' B D2 R'
56213471111111,0,11,0,11,5643341,ok,R B D' B2 D B2 R' D R D B'
56213743313333,0,11,0,11,6650776,ok,R B R2 B' D2 R2 B R B' R B'
56243173133111,0,11,0,11,6058807,ok,R B' R2 B D2 B2 D R2 B D2 B'
56243713121333,0,11,0,11,6202133,ok,R B R2 D B D2 R' D B2 D2 R
56247132333233,0,11,0,11,5092498,ok,R B D' R' D' R D2 B' D B2 D'
56271433111313,0,11,0,11,6814134,ok,R B2 R B2 R2 B' R2 D' R2 D2 B
56271433123313,0,11,0,11,6647431,ok,R B2 R2 D' B R' B' D R D' R
56271433132313,0,11,0,11,6984982,ok,R B2 R2 D' R D' B' R D B' D
56274132331133,0,11,0,11,5420533,ok,R B R D B2 R D' B2 R2 D' B
56274312313211,0,11,0,11,7915902,ok,R D R' D B D2 R' D R B2 R'
56321473233323,0,11,0,11,4511997,ok,R B R' D2 R' D R B2 D' B D
56321742211112,0,11,0,11,6737787,ok,R D R D2 R' B R2 D' B2 D B'
56324171221331,0,11,0,11,4435479,ok,R B R' B R2 D' B D' R2 B2 D
56327411211332,0,11,0,11,4471116,ok,R B R' B' D B R2 D2 B2 R D
56327413213112,0,11,0,11,4418856,ok,R B R' B2 D2 R' B R' B' R D2
56341273121213,0,11,0,11,6456388,ok,R D B2 D2 B R B R' D2 R' B
56341273131212,0,11,0,11,5793696,ok,R B' R2 D2 R B D R' B2 D B
56347122333233,0,11,0,11,5791647,ok,R B' R B D2 B' R B2 D' B2 D
56347211213111,0,11,0,11,4558359,ok,R B D R' B D R' D R2 D2 R
56347211222132,0,11,0,11,4662938,ok,R B2 R B' D R' B' D R' B R2
56347211312111,0,11,0,11,4318597,ok,R B R B' R2 B' D' R D B2 R'
56347211331131,0,11,0,11,4202613,ok,R B R D' R2 B2 R D R2 D R2
56347212111221,0,11,0,11,7597731,ok,R2 B2 R' B R2 D' B' R' D2 B D
56347212111311,0,11,0,11,5736220,ok,R B' D' B R2 B R D' B' D2 R
56347212123233,0,11,0,11,5267437,ok,R B2 D' R B2 R' B' R B' D2 B2
56347212232223,0,11,0,11,5062524,ok,R B2 R D B2 D' R2 D B' R' D2
56347213111211,0,11,0,11,5493693,ok,R B' R' B R2 B D B' D' B2 R
56347213131332,0,11,0,11,4819598,ok,R B2 R2 D B R' D2 R' D' R2 D
56423171231231,0,11,0,11,4062661,ok,R B R' B' D B' R2 D2 B' R' D
56423171231321,0,11,0,11,4954258,ok,R B2 R2 D2 B' R D B' D B' R2
56423171321321,0,11,0,11,4471950,ok,R B2 D R2 D' B D' B R' D' R'
56423172112121,0,11,0,11,5091151,ok,R B2 D2 R2 B R' D B2 R' D B'
56423173132121,0,11,0,11,4606063,ok,R B2 R' B' R2 D R' D2 R D' B2
56423173133111,0,11,0,11,5043929,ok,R B2 D2 R2 B R D' R2 B R' B
56432713122122,0,11,0,11,5294677,ok,R B2 R' D B' R2 D' R B' R2 B2
56712341232113,0,11,0,11,4613601,ok,R B R' B' D R2 D R' B R2 B2
56712343211123,0,11,0,11,5063830,ok,R B2 R' B R2 B' D R2 B' R' B
56721343123331,0,11,0,11,5468583,ok,R B R2 B2 R' B R2 D' B2 D B
56721432312233,0,11,0,11,6352090,ok,R D R B' R' D R' D' R B2 R
56723411113313,0,11,0,11,4688489,ok,R B D R' D2 B2 D B R2 B R2
56723411121113,0,11,0,11,4764398,ok,R B D B' R2 B' D' B D B2 R'
56723411131112,0,11,0,11,4373972,ok,R B R D' R2 D' R' D B D2 R'
56723411222312,0,11,0,11,4291062,ok,R B2 R B' R D' B' D R' D R2
56723412122312,0,11,0,11,4202426,ok,R B R2 D2 R D B2 D R D2 R'
56723412323222,0,11,0,11,4595185,ok,R B D R2 B' R B' R' B2 D R
56723413221212,0,11,0,11,4431405,ok,R B D2 R2 D B R2 B R B2 R'
56723413222112,0,11,0,11,4366660,ok,R B2 R D' B R' B' D B' D R2
56723413331111,0,11,0,11,4435977,ok,R B R B' R2 D2 R B R2 B R2
56732143122113,0,11,0,11,6141667,ok,R B' R' D R2 B' R B' R' B2 R'
56741231121311,0,11,0,11,4614949,ok,R B R2 B' D B D2 R' B' D R
56741231131211,0,11,0,11,5987100,ok,R D B2 D' R B D2 R' D' B R
56741231211131,0,11,0,11,5814913,ok,R D B R' D2 R D' R B' D2 R
56741231311121,0,11,0,11,4449950,ok,R B R B' R2 B D' R D' B2 R
56741232111113,0,11,0,11,5093879,ok,R B2 D2 R' D R B2 R2 D R D
56741233111112,0,11,0,11,5033062,ok,R B2 R2 D2 B D' B R' D2 R D
56743212122222,0,11,0,11,5572669,ok,R B2 R2 D' B R' B' D R2 B' D'
56743212221222,0,11,0,11,6611232,ok,R D B2 D2 B' D' R2 B R2 B' D2
56743213121213,0,11,0,11,6891377,ok,R D B2 R' D R D B2 D2 R' B
56743213121312,0,11,0,11,5988123,ok,R B' R2 B' R D B D2 B2 D B
56743213331333,0,11,0,11,6511152,ok,R D R2 D2 R' B' R2 D R2 D' B2
57123461111111,0,11,0,11,5356546,ok,R B R' D2 R B2 D' R D R B'
57164322131312,0,11,0,11,5010587,ok,R B R' B2 R D R2 D R' B' D
57214361323232,0,11,0,11,4157431,ok,R B R' D2 B D B' D R2 D' R
57214632212213,0,11,0,11,9022806,ok,R2 B R' D R B' R2 B' R2 B R
57236141113232,0,11,0,11,4535471,ok,R B D' B2 D' R2 D B' R' D' R
57236141322233,0,11,0,11,4403852,ok,R B R' B2 R' B2 R D' R' D' R
57236141323232,0,11,0,11,6440935,ok,R2 B D R' B2 R D' B R D2 B2
57241631322113,0,11,0,11,4006408,ok,R B R2 B2 D' B R2 B' D R2 D'
57241631323112,0,11,0,11,3883088,ok,R B R2 B2 D' R D2 R' B R2 B'
57246131112233,0,11,0,11,5027503,ok,R B D2 B2 R' D R' D' R B2 D'
57264132111323,0,11,0,11,5603752,ok,R B2 R2 B R2 B R2 D' R B2 R2
57321641311112,0,11,0,11,4648409,ok,R B2 D' R B' D' R D2 R B D
57321642311132,0,11,0,11,4661012,ok,R B R' B D B D2 R2 D B2 R2
57364212213311,0,11,0,11,6310375,ok,R D B' R' D' B2 R2 D' R B' D
57364212313211,0,11,0,11,5321843,ok,R B R D2 R B2 R B' R2 D2 B'
57364213332122,0,11,0,11,4182628,ok,R B R2 B2 D R' D B' D B D
57642311113322,0,11,0,11,4656576,ok,R B D' R D2 R2 D B D2 B R'
61234572231323,0,11,0,11,5126450,ok,R B2 D R2 D' R D' B D' B' D
61234573232213,0,11,0,11,4620692,ok,R B R D2 B D2 B R' B R2 D2
61235741313131,0,11,0,11,8122706,ok,R B' D' B D R D2 R2 B' R B
61257343232123,0,11,0,11,4600804,ok,R B D' B2 D B' R B' R2 B2 D2
61274351313131,0,11,0,11,6157862,ok,R B D2 R B R2 D' B D2 B2 R
61274532231323,0,11,0,11,5051172,ok,R B R2 D2 B' R D B' R B2 D
61352472233321,0,11,0,11,4310762,ok,R B R' B D2 B R B R D2 B2
61352472313211,0,11,0,11,8522254,ok,R2 B' R2 B' D' B' D R2 B R' D
61452731311313,0,11,0,11,6325104,ok,R B' R' D' R D' R' B2 R' D' B
61453721111111,0,11,0,11,5517762,ok,R B D' R2 D B' R D B2 R2 D2
61453721311112,0,11,0,11,4455991,ok,R B D2 B' D B' D2 R D2 R' B2
61453723111121,0,11,0,11,4399371,ok,R B D B2 R2 D B R2 D2 B' D'
61472532123332,0,11,0,11,4925318,ok,R B D R' D R' B D2 B' D2 R'
61472533112111,0,11,0,11,4175950,ok,R B R B2 D2 R B' R' D R2 B2
61527431111111,0,11,0,11,5767443,ok,R B' R B D2 R' D R' B D' R2
61534272311132,0,11,0,11,5750517,ok,R B2 R' B2 R D' B R' B2 R B
61534721112311,0,11,0,11,4964057,ok,R B2 R' D2 R' D B' D2 R2 D' B
61534721113211,0,11,0,11,4680057,ok,R B D2 B R' B R' B D2 R' B
61543271111111,0,11,0,11,6053370,ok,R B' D2 R' B D R B2 R B' D
61543271112311,0,11,0,11,5127738,ok,R B' R2 B' D B2 D B2 R D B2
61572432312323,0,11,0,11,4698929,ok,R B R2 B' D B2 R' B' D2 B R'
61734523222331,0,11,0,11,6401560,ok,R2 B R B' R D B2 D2 R' B' D
62134572321323,0,11,0,11,6132776,ok,R B' R D R' B2 D2 B D' R2 D'
62135471122121,0,11,0,11,5024073,ok,R B2 R2 B' D' B R2 D' B D B2
62135472132131,0,11,0,11,4333236,ok,R B D R2 D' R' D2 B D2 B' D2
62135473122131,0,11,0,11,4187462,ok,R B R B' D2 R2 D R' D R2 D2
62135473123121,0,11,0,11,5472676,ok,R D R B' D B' D R2 D' B2 R
62135473131131,0,11,0,11,5020221,ok,R B2 R2 B' D B' R2 D R' D' B2
62135473132121,0,11,0,11,4915263,ok,R B2 D2 R2 D B D B' R B' R2
62135473232231,0,11,0,11,4625808,ok,R B2 R D2 B2 R' B D' R2 B2 D2
62135473322321,0,11,0,11,4931990,ok,R B2 D2 R' D' B R' D2 B D' R2
62135743222331,0,11,0,11,5121705,ok,R B R' B' R D' R2 B2 D' B' R2
62135743312223,0,11,0,11,8539629,ok,R2 B R2 B2 D2 R' B' D R' B R2
62147353123121,0,11,0,11,4707402,ok,R B2 D' R' B' D2 R B' D2 B' R2
62147353132121,0,11,0,11,3979755,ok,R B R B2 D' R B' D B' R' D2
62154733321121,0,11,0,11,4201603,ok,R B D' R' D B2 D R2 B' R2 B
62157342132212,0,11,0,11,5982074,ok,R B R2 B R D' B2 D' R' B2 D
62173543232132,0,11,0,11,4632816,ok,R B2 D R B2 R B2 D2 R B' D2
62174351122133,0,11,0,11,6473439,ok,R B R2 D2 B R2 B R D' B D'
62174533311212,0,11,0,11,5843869,ok,R B D' R2 B' R B D' R2 B2 D2
62317453112111,0,11,0,11,4088648,ok,R B D B2 D B' D' R D' R2 B
62317453312211,0,11,0,11,6582442,ok,R D' R2 D' B R2 B D2 R B D2
62351743112123,0,11,0,11,7559243,ok,R2 D R' B R2 D R' B' D' B2 D'
62371453311311,0,11,0,11,5670786,ok,R B D' B' D R B' D R2 D' R
62374511322311,0,11,0,11,4000705,ok,R B R' B2 D' B D R' D B2 R2
62374513112321,0,11,0,11,4707240,ok,R B' R2 B' R' D' R D2 B D' B2
62374513312112,0,11,0,11,3822181,ok,R B R B2 D R' D B2 D B' D2
62435172211133,0,11,0,11,6888716,ok,R D R' D2 B2 D R B D' R2 B
62435172311132,0,11,0,11,7394599,ok,R D B R2 B2 R D R D' B2 D'
62435711222222,0,11,0,11,4626899,ok,R B R' D R' B R2 B2 R D R
62453713311122,0,11,0,11,5836870,ok,R B' D B2 R' B D B' R B2 R2
62471532232133,0,11,0,11,4829603,ok,R B R B2 R B D2 B' R' B2 D
62475131322323,0,11,0,11,4659802,ok,R B R' D B2 R' B2 R' D B' D'
62531472321233,0,11,0,11,5132109,ok,R B D' B D R2 D2 B' D' R D2
62543711211113,0,11,0,11,5027694,ok,R B2 D' B' R' D2 B D' R2 D' R2
62543711311112,0,11,0,11,4245131,ok,R B R D2 B' R B' R D' R' B2
62571432321233,0,11,0,11,6294044,ok,R B' D' B2 D B' R2 D B2 D' R2
62735143223213,0,11,0,11,5648249,ok,R B' D2 B' R' B2 R' B D R2 B2
63125741112323,0,11,0,11,8528184,ok,R2 B R' B D R2 B2 D' R2 D B
63125743131233,0,11,0,11,4533093,ok,R B R' B D' R B2 R2 B R B
63125743133312,0,11,0,11,4802803,ok,R B D2 B D' R' B D' R2 B R'
63142571111111,0,11,0,11,5227794,ok,R B R' D' B R2 B R B' R2 B2
63142571132321,0,11,0,11,7284908,ok,R2 B' D2 R B D2 B R2 B D' B2
63142573112123,0,11,0,11,7080373,ok,R2 B' R2 D B R2 B R2 B D' R2
63172452312323,0,11,0,11,4220440,ok,R B R B R D2 R B' R D2 B2
63172452313211,0,11,0,11,8669874,ok,R2 B' R B R' D2 R' D' R' B D2
63174522332132,0,11,0,11,4619072,ok,R B R2 D' R2 D B2 R' D R B'
63247511123132,0,11,0,11,4324658,ok,R B D' B D' B' D' R B2 D B'
63251743133231,0,11,0,11,6543990,ok,R D R' B2 D R' D R D' B2 D'
63452711311313,0,11,0,11,5015461,ok,R B2 D2 R2 B R B' R2 D B' R
63452712333221,0,11,0,11,4729969,ok,R B2 R B D' B2 D B D2 B2 R'
63471522123131,0,11,0,11,5320954,ok,R B' R' B' R D2 R' D2 R' D R
63471522323132,0,11,0,11,5836076,ok,R D2 B' R B' R' B D2 B D B
63471522332132,0,11,0,11,4769004,ok,R B' R' D' B R2 B' D2 B' D R
63472512123332,0,11,0,11,5248557,ok,R B R B2 R' D B2 R' B2 R B'
63512743313333,0,11,0,11,6791217,ok,R B D' B R B2 D2 R' D2 R2 B'
63541271212211,0,11,0,11,8000473,ok,R2 B D B' R B R2 B2 D' B' R
63542713121333,0,11,0,11,7450509,ok,R B' R B2 R D' R B' R' D2 B2
63574212123131,0,11,0,11,4570064,ok,R B R2 D2 R B' D' R2 D' R D'
63574212313211,0,11,0,11,7393337,ok,R D' R B R B2 R D' B' R B'
63712542221111,0,11,0,11,4928551,ok,R B R' B D B2 D2 R' B' R D2
63714252123131,0,11,0,11,5744353,ok,R B2 R' B2 R B' R D' B2 D B
63714521112323,0,11,0,11,5566325,ok,R B D2 R' D' R' B R' B R' B2
63714522332132,0,11,0,11,4220239,ok,R B R D2 R' D R2 B' R2 B D2
63721541233322,0,11,0,11,4802228,ok,R B D' R2 D' R' D' B D2 R' D
63724153121213,0,11,0,11,6643409,ok,R D B R2 D2 B D' R D' R D'
63725141112323,0,11,0,11,8200224,ok,R D R2 B' R B R2 D2 B R' D'
63725141233121,0,11,0,11,5566844,ok,R B R' B D' B D2 R B' D' B'
63725142123131,0,11,0,11,7514034,ok,R D B D2 B2 D B R D' R2 D'
63725142223133,0,11,0,11,6801534,ok,R D R' B2 D2 B R B R' D2 B
63725143122113,0,11,0,11,6252855,ok,R B2 D' R2 D R2 B' D B2 D2 B'
63725143123313,0,11,0,11,8786101,ok,R2 B2 D2 B' D R' D2 B' R D' B2
63741252222323,0,11,0,11,5203557,ok,R B2 D B2 D' R D' R B' R' D
63741522123131,0,11,0,11,5372951,ok,R B R D2 R B R2 B' R' D2 B
63742511232221,0,11,0,11,5327495,ok,R B R2 D2 B' D B' R' D2 B2 R
63745123122212,0,11,0,11,4551247,ok,R B R2 D' B R2 B' D' R2 B2 D
63751242221321,0,11,0,11,6370610,ok,R B' D B R' B2 D2 B D' B2 D'
63751423122311,0,11,0,11,5612445,ok,R B D' R B' R B' D2 B D2 R'
63752141111111,0,11,0,11,6810919,ok,R D R' D B' D R2 D2 R D' R'
63752141122211,0,11,0,11,5736185,ok,R B' R2 D R' B' R B R' B D2
63752141123213,0,11,0,11,4491029,ok,R B R' B2 R' D B2 D2 B' D2 R
63752142332132,0,11,0,11,4148955,ok,R B R D2 R' D' R2 B D2 B' D2
63752143123223,0,11,0,11,4349667,ok,R B D R2 B2 R' B' R' D R2 D2
63752143212323,0,11,0,11,4254059,ok,R B R B2 R2 B D R' D B' R'
63752143223123,0,11,0,11,5001664,ok,R B' R2 B D B2 R2 D2 B D' R'
63752411223212,0,11,0,11,4369650,ok,R B R D' B2 D' B D R D2 R2
63752411333213,0,11,0,11,7352851,ok,R2 B2 R' B R D' R2 B2 R B2 R
63752412312323,0,11,0,11,5691007,ok,R D B2 R2 D B' R B' R2 B D'
63752412322112,0,11,0,11,4572768,ok,R B D B' D2 B' R D R D2 R2
63752412333113,0,11,0,11,7335670,ok,R2 B2 R' D R D' R2 B2 R D2 R
63754213122122,0,11,0,11,4786973,ok,R B R' B D' B2 D B D2 R' D
64125371131313,0,11,0,11,7521140,ok,R B' D2 B R' D R' B2 R' B R'
64157321133212,0,11,0,11,9976640,ok,R2 D R2 B2 D' R' D B' R B2 R
64231572311132,0,11,0,11,5484936,ok,R B D R2 B' R' D2 R B R2 B
64257131113223,0,11,0,11,4869316,ok,R B D B2 R2 D' B R' B' D2 R2
64271533221212,0,11,0,11,5173006,ok,R B2 D' R2 B D' R' B D' R D'
64275131212223,0,11,0,11,5845062,ok,R B D2 R2 B' R' D B' D R2 D
64275131312123,0,11,0,11,5645814,ok,R B R' D R' D B2 R D' R' D'
64275132211133,0,11,0,11,6981546,ok,R D B' D2 R2 D B R B' R2 D
64275132232133,0,11,0,11,6758088,ok,R D R B2 R2 B D R B' D2 B'
64275133231112,0,11,0,11,6395622,ok,R B2 D' B2 D R2 B' R D2 R2 D'
64275133312211,0,11,0,11,5381629,ok,R B D2 R' B D B2 R2 D R' B'
64275311112332,0,11,0,11,5155460,ok,R B2 R2 B R' B2 D R2 D B2 D2
64275311222222,0,11,0,11,4465400,ok,R B R D2 B2 R' B D' B' R2 D2
64275313312211,0,11,0,11,4762548,ok,R B D2 B2 R2 D' B' R B' R D2
64321572111131,0,11,0,11,5719518,ok,R D2 B' R B R D2 R D' B' D
64321572132131,0,11,0,11,4754380,ok,R B' R2 B R D2 B2 R B D R2
64321572311132,0,11,0,11,5323711,ok,R B' R2 B D R2 B2 D R B R2
64325713121222,0,11,0,11,9514495,ok,R2 B D' B R' D' R D2 R B R'
64351272132131,0,11,0,11,4780244,ok,R B D2 R' D2 R B2 D' B D B'
64357212313211,0,11,0,11,5469426,ok,R B D B2 D R2 D B' R2 D2 B'
64357213231322,0,11,0,11,6623544,ok,R D2 B R2 B' R B' D R' B' D'
64357213312211,0,11,0,11,6051738,ok,R D R' B' D' B2 R2 D' B R' D
64531271212211,0,11,0,11,7736663,ok,R2 B R2 B2 D R' D' B D2 R B
64531272132131,0,11,0,11,4361697,ok,R B D R2 D' R D2 B' R2 B D2
64531273122131,0,11,0,11,4272188,ok,R B R B' D2 R2 D R' D' R2 D2
64531273123121,0,11,0,11,5603436,ok,R D R B' D B' D R2 D' B2 R'
64531273311311,0,11,0,11,4680503,ok,R B R D' R D B2 D2 R' D' R
64531273312211,0,11,0,11,4353237,ok,R B R B' R D2 R' D R' D R2
64572131122223,0,11,0,11,4747470,ok,R B R' D2 B D' B' R' D B2 D'
64713253112111,0,11,0,11,4073665,ok,R B D R' B2 D' R B' D' R B2
65123471112311,0,11,0,11,4601467,ok,R B R' D' R' D2 B2 R' B R' B
65123471233232,0,11,0,11,3994600,ok,R B R' B D R2 D R' D' B' D2
65123472312311,0,11,0,11,4784156,ok,R B2 R B R' D2 R B D2 B2 R'
65132471212112,0,11,0,11,4973964,ok,R B D' R D' R' B R2 D' B' R'
65132471222111,0,11,0,11,4808571,ok,R B R' B D' B' D B2 R' D' R'
65132471231321,0,11,0,11,5535118,ok,R B' D2 R D2 R' B R' D2 R' B
65132471323121,0,11,0,11,5333138,ok,R B' D' B D2 B R' B' R D2 R2
65132472131231,0,11,0,11,4338355,ok,R B R B' D2 B' D B R D2 R2
65132472212231,0,11,0,11,7177016,ok,R2 B2 R B R2 B' D2 B D' B' R2
65132472233321,0,11,0,11,5676737,ok,R D B2 R2 D R' B R' B2 R D'
65132473111331,0,11,0,11,5533723,ok,R B' R2 B R B2 D' B2 R B R'
65132473313312,0,11,0,11,4502556,ok,R B R B2 R B' D B2 D R2 B
65132473323311,0,11,0,11,4605954,ok,R B R2 D B2 D B' R D2 R B
65132741223323,0,11,0,11,4488009,ok,R B R' D' R B' D B2 R2 D' B'
65132743222331,0,11,0,11,5625592,ok,R D B' D' B' R D2 B' R B2 R'
65134721233232,0,11,0,11,5075496,ok,R B2 D' R2 D R B2 D2 R' B' R2
65147321232113,0,11,0,11,6484542,ok,R B' D R2 B' R B D' R D2 R2
65172431132333,0,11,0,11,5485844,ok,R B2 R B R2 B D' R' B2 D2 R'
65174232123131,0,11,0,11,4767912,ok,R B R2 D2 B R' B D' B2 D B'
65174232133313,0,11,0,11,4734393,ok,R B R B' D2 R' B D R B2 R2
65174232323312,0,11,0,11,5257770,ok,R B2 R' B D2 R' B' D' B2 R D
65174233323212,0,11,0,11,5226202,ok,R B2 R' D B2 R' B' D' R2 B D
65174233331213,0,11,0,11,4974114,ok,R B D R' B2 D' R D R B2 R2
65174322313211,0,11,0,11,5102304,ok,R B R B2 R B2 R B' D2 R2 B'
65174323223123,0,11,0,11,5007791,ok,R B2 D' B' D2 B R2 D' R D R2
65213741111111,0,11,0,11,5571781,ok,R B D' R2 D B' R D' R2 D2 B2
65241371111111,0,11,0,11,5343283,ok,R B2 R B' D R D2 B' R D R2
65243712121322,0,11,0,11,7087445,ok,R B2 R D2 R2 D B2 R D2 R2 B2
65271341332331,0,11,0,11,5229150,ok,R B R2 D2 B R' B D' B R' B'
65271432231233,0,11,0,11,5337785,ok,R B R B' D R' D R2 D B D
65274131111111,0,11,0,11,6291395,ok,R B' R D' B2 D B2 R' D B D
65274131311313,0,11,0,11,4370145,ok,R B R D' R B2 R' D2 B R' B
65274131312213,0,11,0,11,4923289,ok,R B2 R B' R D R2 B' R D R
65274132123332,0,11,0,11,4746006,ok,R B D R' D R' B D2 B' D2 R
65274133132223,0,11,0,11,4722923,ok,R B2 R B2 R2 D R B D' R2 D'
65274133232321,0,11,0,11,4257164,ok,R B D' R D' B R2 B2 R B' R'
65274133312223,0,11,0,11,4627421,ok,R B R D' R2 B R D' R D2 R
65314272311132,0,11,0,11,4389300,ok,R B R B' R2 B' D' R B2 R2 D'
65314272313211,0,11,0,11,7299638,ok,R D' R B' R' D R2 D B D B'
65321472111122,0,11,0,11,5619898,ok,R B D B2 D' B R2 D' R2 D B'
65417321232113,0,11,0,11,4568919,ok,R B D R2 B2 D R D2 B2 R' B'
65417323223123,0,11,0,11,4211845,ok,R B D2 B' R B' D2 R B2 R' D2
65417323232123,0,11,0,11,4568133,ok,R B D' B2 D B' R B D2 R2 B2
65423713321322,0,11,0,11,5100469,ok,R B R2 D2 B2 D' R D' R B2 R'
65432173232321,0,11,0,11,4977449,ok,R B' R2 D' B R B R2 B D' B'
65471231132213,0,11,0,11,5975178,ok,R B2 R B R' B R2 D' R B R'
65714323223123,0,11,0,11,4893875,ok,R B2 R D' R2 B' R' D' R2 D' R
65723143321313,0,11,0,11,4562885,ok,R B R2 B R' B' D B' D2 R B'
65732411333123,0,11,0,11,9766084,ok,R2 B D2 R2 B2 D R D' B D' R
65742311212313,0,11,0,11,4473297,ok,R B2 R' B2 R' B R2 D B2 D B2
67132541133311,0,11,0,11,7949477,ok,R D' R2 B2 R' B2 D B2 D2 B D'
67145323133312,0,11,0,11,5005986,ok,R B2 R2 B D' B2 R B2 R B2 R2
67154233323332,0,11,0,11,7406828,ok,R B D' B R2 B2 D' R D' R' D
67215343333133,0,11,0,11,6187004,ok,R B R2 B D2 B' D R' D' B2 R2
67231541323112,0,11,0,11,5818098,ok,R D' B2 R D' B R' B' D' R B2
67231543323122,0,11,0,11,5838014,ok,R D' R2 B D' B D' R' D' R D2
67234513332122,0,11,0,11,4571478,ok,R B R2 B2 D R' D B' D B D2
67245131313323,0,11,0,11,4757736,ok,R B D R2 D' R' D2 B D' B' R'
67245311112311,0,11,0,11,7044947,ok,R D R' D B R2 B R2 D2 B D
67245311133233,0,11,0,11,5696837,ok,R B D' R' D2 R' D' B2 R D2 R'
67254311131133,0,11,0,11,7634888,ok,R2 B D2 B' D2 R D' R2 D B D'
67254313311113,0,11,0,11,4727560,ok,R B R' D R2 D' B D' R B D2
67312452233321,0,11,0,11,4863484,ok,R B D2 B' D B2 R' B' R2 B R'
67312541121221,0,11,0,11,4725872,ok,R B D R' B2 R' B R2 D R' B
67312542221111,0,11,0,11,6032081,ok,R B' R' D2 R B' R2 D R2 D' R2
67321451111123,0,11,0,11,4561819,ok,R B R' B R' D' B2 R2 D' B R
67321451112311,0,11,0,11,4902062,ok,R B D' R B2 R' B R' D' B R2
67321451212211,0,11,0,11,7952205,ok,R2 B R' D' R D R' B R2 B' R
67321451311133,0,11,0,11,5103414,ok,R B D' B' R D' R B2 D' R' D2
67321452111122,0,11,0,11,4746179,ok,R B R D' R D' B D2 B' D2 R'
67321453113311,0,11,0,11,5321395,ok,R B2 R' D' R' D B2 D B2 D' R2
67321542232133,0,11,0,11,5040008,ok,R B D B2 R' B' R2 B D R2 D
67341252222323,0,11,0,11,5355425,ok,R B D2 R2 B' R B R' B R2 D
67342512222113,0,11,0,11,5407884,ok,R B R' B R B' D2 R D' B R'
67345122223133,0,11,0,11,7057275,ok,R D B' R2 D2 R D B R' B2 D
67345122232133,0,11,0,11,6810299,ok,R D R D2 R2 D R D B' R2 B'
67345211111123,0,11,0,11,4552114,ok,R B R' B R' D' B2 R2 D' B R'
67345211111132,0,11,0,11,4911310,ok,R B2 R2 D2 B D' B' D R' D R2
67345211112233,0,11,0,11,4731621,ok,R B2 R2 B' R B D' B2 R2 D' B
67345211113322,0,11,0,11,4587799,ok,R B D' B' D R2 D B' D R2 D'
67345211211122,0,11,0,11,5090477,ok,R B2 R2 D2 R' D R D2 R2 B2 R'
67345211311133,0,11,0,11,5016743,ok,R B2 R B' R2 B' R2 D B2 D' B
67345212111122,0,11,0,11,4599814,ok,R B R D' R D' B D2 B' D2 R
67345213111133,0,11,0,11,5415205,ok,R B2 D2 R2 B' R D' R D2 B' R
67354121111111,0,11,0,11,5257612,ok,R B R B2 R B R2 B R B R'
67354211212121,0,11,0,11,5175115,ok,R B R' B2 R D' B2 R D B D2
67354211313113,0,11,0,11,7556381,ok,R2 B2 R' D B D' R2 B2 R B2 R
67354211333111,0,11,0,11,7527512,ok,R2 B2 R' B D B' R2 D2 R D2 R
67354212111221,0,11,0,11,5237973,ok,R B2 R' B R2 D' B' R' D2 B D
67354212212222,0,11,0,11,4913637,ok,R B D R2 D B D B' R2 D' R2
67354212311132,0,11,0,11,4969499,ok,R B D2 R2 B R' B R' D2 R B'
67354213111313,0,11,0,11,6047171,ok,R B' D R B2 D' B2 R D R2 D'
67354213131311,0,11,0,11,5771080,ok,R B' R D B2 R' D2 B D B2 D'
67354213211132,0,11,0,11,4905253,ok,R B2 R' D' R D2 B' D' R' B R2
67354213313333,0,11,0,11,4939433,ok,R B D R2 D B2 D B' R' B R2
67412353132121,0,11,0,11,5700469,ok,R D2 R' B2 R' D B' R2 D2 R' D
67412353332221,0,11,0,11,4438885,ok,R B D' B2 R2 B D2 B R2 D R
67412531131133,0,11,0,11,5435290,ok,R B D2 B2 R B' R' B D2 R D
67435121332112,0,11,0,11,4113168,ok,R B D2 R' D2 R' B D' B2 R2 B
67435123123121,0,11,0,11,4133137,ok,R B D2 R' D2 R' D R' D2 B2 D
67452313321232,0,11,0,11,5842207,ok,R B2 R D2 R2 B R' B' R B' R
71234563231322,0,11,0,11,5486046,ok,R B2 D B' R D B' R2 D2 B D
71263541333222,0,11,0,11,6949823,ok,R2 B' R2 D B D2 B R2 B R' B2
71263542323123,0,11,0,11,7015923,ok,R2 B' D2 R B R2 B D2 B R' D2
71264533131323,0,11,0,11,7063205,ok,R B R2 B R2 B' R D2 B' D2 B
71264533221323,0,11,0,11,6975698,ok,R B R2 D B' R2 D2 R B' R' D2
71264533231223,0,11,0,11,8164471,ok,R B' D R2 D' R D' R D R' B2
71264533231313,0,11,0,11,7436675,ok,R B D2 B' D2 B D' R2 D' R D2
71326451211311,0,11,0,11,4559882,ok,R B2 R' D' B' R D2 B R' D B'
71326453132121,0,11,0,11,4459830,ok,R B2 R' B2 R' B R' B2 D2 B' D
71326543333313,0,11,0,11,6604239,ok,R B2 R2 B R2 B2 D2 B R2 B2 D'
71345262132131,0,11,0,11,5143528,ok,R D B2 R' D2 R' D B' D2 R2 D
71362453113311,0,11,0,11,5420705,ok,R B R' D' R D R' B R2 B' R
71365423331312,0,11,0,11,6255497,ok,R B2 R2 D2 B' D2 B' D' B R' B'
71423563213232,0,11,0,11,5149979,ok,R B R' D2 R' D R2 B' D2 B R'
71423653213232,0,11,0,11,4821180,ok,R B' R' D' R B2 D' B R2 B' D
71426353312211,0,11,0,11,5135854,ok,R B2 R D R2 D' R' B2 D B R
71426533333223,0,11,0,11,5809707,ok,R B2 R' D B' D B2 D2 R2 B' D'
71432561232323,0,11,0,11,5177651,ok,R B' R B2 R' D2 B R' D' B' R
71432561323232,0,11,0,11,4040858,ok,R B R D' B2 R B2 R' D B' D
71432562111221,0,11,0,11,4829618,ok,R B2 R' D' B' R D2 B' R2 B R2
71432563232213,0,11,0,11,5139448,ok,R B2 D B R2 D2 B D' R B2 R'
71432563323113,0,11,0,11,4356626,ok,R B D2 R' B R2 D R' D' B' D
71432563323122,0,11,0,11,4670977,ok,R B2 D R B2 D2 R B' D B2 D'
71432563332113,0,11,0,11,4387088,ok,R B R2 D' B R2 D B' D' B' R
71435261322233,0,11,0,11,6016998,ok,R B2 R' D R' B R' D R' B2 R2
71435262222122,0,11,0,11,5455815,ok,R B R D' B2 R' B R' D R' D'
71435263211123,0,11,0,11,6385475,ok,R B2 R B' R B' R B' D' B2 D2
71435263311122,0,11,0,11,5965516,ok,R B2 R B' D B' R D' R' B2 R2
71435263333133,0,11,0,11,6078251,ok,R B2 R2 B' R D2 B' D2 B R2 D'
71435263333223,0,11,0,11,6138562,ok,R B2 R2 B' D R2 B' D2 B D2 R'
71435623333331,0,11,0,11,5983966,ok,R D2 R2 B2 D' B' D B' R2 B D'
71436253333112,0,11,0,11,6576830,ok,R D' B R' B R2 D R' D' B' D2
71452363213232,0,11,0,11,4706333,ok,R B2 D R' B D B' R2 D2 B R
71452632222131,0,11,0,11,6283707,ok,R D R' B R' D R' D2 R B2 D'
71453262222221,0,11,0,11,5029623,ok,R B2 R' D B D R' D2 B D' B'
71453623311122,0,11,0,11,6851678,ok,R D B2 D' B D' R B2 R' D2 R
71456321322323,0,11,0,11,4759387,ok,R B2 R D R' B2 D2 R D2 R' B'
71456322111221,0,11,0,11,4981587,ok,R B2 R' D' B' R' D2 B D2 B' R2
71462531113322,0,11,0,11,5973232,ok,R D B' R2 D R' D' B' D2 B2 R
71462532111212,0,11,0,11,5146591,ok,R B D R' D2 B D' B2 R2 D R'
71462532121112,0,11,0,11,5314431,ok,R B2 R B R2 D' B2 R D B R'
71462533111223,0,11,0,11,6394599,ok,R D2 B' D R2 D2 R' D R2 B' R2
71462533221113,0,11,0,11,5236103,ok,R B2 D' B D2 B2 D' R D2 B' R2
71463523331222,0,11,0,11,5351937,ok,R B D2 R2 B' R B' D' B2 R2 D
71523463131311,0,11,0,11,6807207,ok,R B2 R B' R2 B' D B2 R B' R2
71523463231313,0,11,0,11,7045025,ok,R B2 R2 D' B D' B' D R B' D
71523463331312,0,11,0,11,6714055,ok,R B2 R2 D' R B' R' D R B' R
71532463221332,0,11,0,11,5188339,ok,R B R D2 R D' R B' D B D
71534262122222,0,11,0,11,6564353,ok,R D R D2 B2 R D' R B' R D'
71542633132322,0,11,0,11,5057769,ok,R B R2 D' R2 D R2 B' D B R'
71543622111131,0,11,0,11,4272926,ok,R B R D2 B2 D' R' B2 R' D2 R
71543623111121,0,11,0,11,4751361,ok,R B2 R' B R2 B R2 B2 D' R D'
71546233331213,0,11,0,11,6526130,ok,R B D R' B2 R D' R D R' B2
71546322231212,0,11,0,11,6768732,ok,R B R' B R' D B2 D R' D B'
71562433123232,0,11,0,11,4874497,ok,R B D B' D2 B' D R2 B R' B
71563243221221,0,11,0,11,5486789,ok,R B D' B2 R D' R D R' B2 R'
71625433213133,0,11,0,11,8756309,ok,R2 B D B' D B' R B' R B2 D
71643252231212,0,11,0,11,6657622,ok,R B D2 B2 R' B R' D' B R B'
71643523331213,0,11,0,11,6845342,ok,R B D2 B' D2 B' R D R' B D2
72134562312212,0,11,0,11,6189634,ok,R B2 D' R2 B D' R B' D B' D
72136541322233,0,11,0,11,4585082,ok,R B D2 R' D2 B D' R' B D' R2
72143563222331,0,11,0,11,4648469,ok,R B D' R' D R D' B R2 B' D
72143651121113,0,11,0,11,4660030,ok,R B R' D' R2 D' B2 D R' B' R'
72143651131112,0,11,0,11,4961221,ok,R B D' B' D2 B' D2 B D' B' R'
72143651213111,0,11,0,11,4511144,ok,R B R2 B' D B' D R2 B2 D2 B
72143651312111,0,11,0,11,4437355,ok,R B R B2 D2 B D B' R2 D2 B
72143652111311,0,11,0,11,4519517,ok,R B R D2 B' R D' B' D2 R B'
72143653111211,0,11,0,11,4497856,ok,R B R2 B R D' R B D B2 R'
72145631233223,0,11,0,11,4435852,ok,R B R' B' D R2 D R' D' B D
72145633232231,0,11,0,11,4452870,ok,R B R' D' R D2 R B' D' B D
72145633312223,0,11,0,11,7181174,ok,R D2 B R' D B R2 D' R D B2
72146352232223,0,11,0,11,5311783,ok,R B R2 B' R2 B R' D R B' D2
72163452122222,0,11,0,11,6591945,ok,R D R2 B' D B D R2 D2 B' R
72163453121213,0,11,0,11,5546583,ok,R B2 R2 D' B D' B' D R2 B' D'
72163453131212,0,11,0,11,6269427,ok,R D R2 D2 R' B' D2 R D2 R' D2
72163453133333,0,11,0,11,5361314,ok,R B2 R2 D' R B' R' D R2 B' R'
72163453331333,0,11,0,11,6603979,ok,R D R2 D2 R' B' R2 D R2 D' R2
72164353131113,0,11,0,11,6445698,ok,R B2 R D R' B D' B2 D' B R'
72165431113331,0,11,0,11,4583674,ok,R B R' B D' R2 B2 D R B R'
72165432111113,0,11,0,11,4765446,ok,R B2 R2 B R B' D' B D' B' R
72165432111122,0,11,0,11,6336373,ok,R D2 R' B2 R B' R' B D2 R D2
72165432211112,0,11,0,11,5207938,ok,R B2 R' D2 R D' R' D B2 R D2
72165432323312,0,11,0,11,4608179,ok,R B D2 B' R B' R2 D2 B' R' B2
72165433111112,0,11,0,11,4480316,ok,R B R2 B' D B D R' D R' D2
72165433121333,0,11,0,11,4947108,ok,R B2 R2 D2 R D' B2 R B D2 R2
72165433221233,0,11,0,11,4715487,ok,R B2 R' B R' B2 D2 B' R' B2 R'
72165433233323,0,11,0,11,5095049,ok,R B' R B R' B2 D R2 D R' D
72165433321223,0,11,0,11,4383120,ok,R B R' D2 B2 R B' R' B D' B
72165433331213,0,11,0,11,4829331,ok,R B D' B2 R2 D' R D R B2 D2
72345611111111,0,11,0,11,6230881,ok,R B' R2 B' R' D' R D2 B D' B
72345611133113,0,11,0,11,4287847,ok,R B R B2 D' R2 D R2 D2 B' D
72345611221223,0,11,0,11,3903872,ok,R B R D2 B' R B2 R' D R2 D2
72345611222222,0,11,0,11,4233122,ok,R B R' B2 R' D' B2 D B' D2 B2
72345611331332,0,11,0,11,4571926,ok,R B2 D' B' D B' R D2 B' R B'
72345612122111,0,11,0,11,4884773,ok,R B2 D R' B2 D' R B R' D B
72345612331331,0,11,0,11,3868898,ok,R B R B' R2 D R' D2 R B2 R2
72345613221221,0,11,0,11,4123444,ok,R B D2 B R2 B' R2 B' D B D2
72345613333331,0,11,0,11,5207962,ok,R B' D' R D' B' R B2 D' B2 D
72356141112323,0,11,0,11,5002298,ok,R B R' D2 R B' R B R2 D2 B'
72356141232113,0,11,0,11,4621354,ok,R B R' B' D R2 D R D2 R2 B'
72356143211123,0,11,0,11,4425256,ok,R B R D2 R2 B2 R' B' D B' D
72361453232333,0,11,0,11,4442039,ok,R B R B2 D' R D' B' R2 D B'
72361542333233,0,11,0,11,7946835,ok,R2 B D R' D R B2 R2 D' R' B
72365412222212,0,11,0,11,4862397,ok,R B R2 B R D2 R' D' R2 B D'
72365413121312,0,11,0,11,6913692,ok,R D' R2 B R B2 R' D' B2 D' B'
72365413131212,0,11,0,11,5054845,ok,R B R2 D2 R' B' D' B D2 R' D
72365413331333,0,11,0,11,5153170,ok,R B2 R D' B D2 B' D2 R D' B'
72435163333313,0,11,0,11,7303186,ok,R D' B D' R2 D' B' D' B R2 D
72513641232323,0,11,0,11,4613248,ok,R B R2 B' D2 R2 B R' B' R2 B'
72513641233322,0,11,0,11,5381927,ok,R B' R2 B R' D B2 R' D2 R D2
72516342313223,0,11,0,11,5014084,ok,R B2 R B R2 B' D' B2 R B R
72531463321232,0,11,0,11,5511564,ok,R B' R2 D B2 D' R2 D' B' D B2
72534163211123,0,11,0,11,5748839,ok,R B2 R D B2 D' R' B2 D B D
72541631111213,0,11,0,11,4715878,ok,R B D2 B' D B2 D B2 D2 R' B
72541631111312,0,11,0,11,5242869,ok,R B' R B R2 D' R D' B D2 B'
72541631112131,0,11,0,11,4909145,ok,R B2 R2 D2 B R' B R' D2 R B
72541631113121,0,11,0,11,5100747,ok,R B2 D2 R' D B R2 B2 D R B
72541632131111,0,11,0,11,4506330,ok,R B R D' R2 D R' B D' B2 R
72541633121111,0,11,0,11,5587884,ok,R D R D' R2 D B' D B' D2 R
72543162311111,0,11,0,11,4295665,ok,R B R2 B D' B D' B R2 D' R
72543163211111,0,11,0,11,4774465,ok,R B2 R' B2 R' D R' B2 D2 B' R
72543611221223,0,11,0,11,6334723,ok,R B R D' R2 B2 R' B' R D2 B'
72543611223221,0,11,0,11,6634366,ok,R B D' B D' R2 B2 R D B D2
72543611331332,0,11,0,11,7488243,ok,R B' D B R' B R2 D2 B' R B2
72543611332331,0,11,0,11,6727574,ok,R B2 R D B D2 R B' D2 B' R
72543612331331,0,11,0,11,6366904,ok,R B R2 B2 R' B R2 D R2 D2 R
72543613132232,0,11,0,11,8111968,ok,R D R' D R' B R2 D2 B2 R B'
72543613133222,0,11,0,11,6553542,ok,R B R' D B' D R2 B2 D2 R B'
72543613221221,0,11,0,11,6849142,ok,R B2 R2 B D2 R' B D2 B2 D' R'
72543613223312,0,11,0,11,7557417,ok,R B' R' B2 R D2 R' B D2 B D'
72543613322312,0,11,0,11,7813694,ok,R B' D' B2 D B2 D' R D2 R D'
72546311323112,0,11,0,11,4453519,ok,R B2 R D R2 D2 R' B R2 D' R'
72546313323212,0,11,0,11,4973334,ok,R B2 R' B' R' D' R2 B R2 B' R2
72561342313223,0,11,0,11,6685322,ok,R D' B2 D' B D2 B R2 D R D2
72561432213122,0,11,0,11,7936506,ok,R B' R D2 R2 B' D B' D' B R2
72561433221233,0,11,0,11,7039998,ok,R B D R2 B2 R' D B' D' R2 B
72561433311233,0,11,0,11,9054025,ok,R D2 R2 D R' D R' B R' D B2
72561433321133,0,11,0,11,7549461,ok,R B2 R2 B D' R B' D R' D B2
72561433321223,0,11,0,11,7454606,ok,R B2 R2 B' D2 R' D R2 D2 R' D'
72563411111213,0,11,0,11,4644750,ok,R B R' D2 R' B2 D R' B' D R'
72563411111312,0,11,0,11,4559424,ok,R B R' B2 R' B D B2 R' B R
72563411112131,0,11,0,11,6266679,ok,R D2 R' D R D B' D B' R2 D
72563411113121,0,11,0,11,4979498,ok,R B2 R' D B R B' D R' B2 D
72563412131111,0,11,0,11,4518791,ok,R B R2 B' R D2 R B2 R2 D' B'
72563413121111,0,11,0,11,4456220,ok,R B R D' B2 R B' D R' B D2
72643513212311,0,11,0,11,4688643,ok,R B D' B R2 B' R B' D' B D2
72643513212332,0,11,0,11,4357502,ok,R B2 R' B' D' R D2 R D2 R' D2
73125463133132,0,11,0,11,5226300,ok,R B R' B2 D B' R B D' B2 D'
73146522113231,0,11,0,11,4231257,ok,R B D B D2 B D B2 D2 R' D'
73246153312211,0,11,0,11,4519338,ok,R B D R2 D2 B2 D' R' D B' R
73456123231322,0,11,0,11,5162986,ok,R B R D B' D2 B R' B R' B'
73516243323113,0,11,0,11,4482846,ok,R B R B2 R2 D' B D' R2 B2 D'
73516243332131,0,11,0,11,4780309,ok,R B D B2 R2 D R' D R' B R'
73541262321212,0,11,0,11,5982612,ok,R B R B2 R B R B2 D' R B
73542163321133,0,11,0,11,6009459,ok,R B2 R2 B D2 B2 R2 B D2 B2 R'
73542613132121,0,11,0,11,4378467,ok,R B D R' B2 D2 B R' B' D2 B2
73542613132322,0,11,0,11,4466361,ok,R B R B2 R' D B2 R' B2 R B2
73564213321322,0,11,0,11,5789715,ok,R B2 R B2 D' B' D R' B R' B
73614251112323,0,11,0,11,5944204,ok,R B D B2 D B' D' R D' R2 D'
73615241112323,0,11,0,11,7896013,ok,R B' R B2 D2 R2 B R' B R' D
73615241113322,0,11,0,11,6461081,ok,R B' R D2 B2 R2 D B' R B' R
73615242223133,0,11,0,11,6287732,ok,R B2 D' R D R B2 R2 D' B D
73615243123313,0,11,0,11,5943048,ok,R B2 R2 B' D R2 B' D2 B R2 D'
73615243213313,0,11,0,11,6145678,ok,R B2 R2 B' R B2 D' B2 D B2 R'
73615243331312,0,11,0,11,5984382,ok,R B2 R2 B' D B2 R' D2 R B2 D'
73615243332311,0,11,0,11,6200970,ok,R B2 R2 B' R D2 B' D2 B D2 R'
73615421113322,0,11,0,11,4642389,ok,R B D2 R2 B2 R' D' B' R D2 B'
73615423213211,0,11,0,11,6170138,ok,R D2 R' D R B D' R2 B R' B'
73615423333331,0,11,0,11,4890831,ok,R B2 R' B D B R' D2 B R' D'
73624513121132,0,11,0,11,7918135,ok,R D2 B' D2 R D' B R' B R' D
73624513332131,0,11,0,11,7113961,ok,R D2 B' D2 R D' R D' B D' B
73625141112323,0,11,0,11,5816168,ok,R B R2 B' R2 D2 B D B' D R2
73625143121213,0,11,0,11,4941338,ok,R B R B2 D2 R D' B R' B D'
73625143333313,0,11,0,11,5160476,ok,R B R' B D2 B R2 D' B R' D'
73625412222323,0,11,0,11,5068299,ok,R B D2 B2 R B' R2 D B R2 D2
73642511111111,0,11,0,11,6681748,ok,R B2 R' D' R D2 B' D' R D' R2
73642511113232,0,11,0,11,5749367,ok,R B' D' B2 R D R2 D' R' B2 R'
73642511113322,0,11,0,11,5725727,ok,R D R' B2 D R' B' R' B2 R2 D
73642513223222,0,11,0,11,6261650,ok,R D2 B' D B2 D2 B' R D2 B' D2
73645121113211,0,11,0,11,5659039,ok,R B D2 R' B' D2 B' D' R2 B D
73645122222311,0,11,0,11,5412891,ok,R B D B D R' D2 B D2 B R2
73645211223113,0,11,0,11,4111768,ok,R B R D' B2 D B' D2 R D' R
73645211231111,0,11,0,11,5253473,ok,R B' D R2 D' R D' B R2 D2 B2
73645211321111,0,11,0,11,4111719,ok,R B R2 B R' B D R2 B' D R'
73645211332112,0,11,0,11,4278253,ok,R B D2 R D' R D2 R2 B' R B2
73645213112231,0,11,0,11,4442448,ok,R B D2 R' D R D2 B R B' D'
73645213333112,0,11,0,11,4714698,ok,R B2 D B' D B R2 D' B D' R'
73651241113322,0,11,0,11,4964697,ok,R B2 R' D2 B2 R' D R D' B2 D
73652413211312,0,11,0,11,5315910,ok,R B R' B R' B D' B2 D B2 R'
73652413331321,0,11,0,11,5970376,ok,R B2 D B2 D B R2 D' B D' R2
73654122111122,0,11,0,11,6607030,ok,R D' R2 B R2 B' R' D2 B2 R B'
73654122221111,0,11,0,11,4597352,ok,R B R2 B R' B R' D' B2 R B'
73654211111132,0,11,0,11,5432484,ok,R B R2 B' R2 D2 B D B' D R
74123563323221,0,11,0,11,4257225,ok,R B R B' D2 B' R B2 D R' B
74123652322121,0,11,0,11,6632045,ok,R B D2 B2 D' R D2 B R2 B2 R'
74123653132232,0,11,0,11,8486048,ok,R D2 R2 D B' R B' R B' R B2
74123653133132,0,11,0,11,6903867,ok,R B2 R2 B' R2 D' R D2 R2 D' R'
74123653133222,0,11,0,11,6837978,ok,R B2 R2 B R' B R' D B' R B2
74123653133231,0,11,0,11,6298465,ok,R B R D2 B2 D' B R' D' R2 B
74125631313311,0,11,0,11,4499281,ok,R B R2 B D2 R2 B R' B' R B2
74125632121121,0,11,0,11,4704086,ok,R B2 R' B D' B R2 D' B' D B'
74125632122111,0,11,0,11,4357231,ok,R B R' B2 D2 B' R' D2 R D2 B'
74125632131111,0,11,0,11,4493671,ok,R B R D' R2 D R' B D' B2 R'
74125632321332,0,11,0,11,4368337,ok,R B R2 D2 R B2 R' D B R2 D'
74125633121111,0,11,0,11,5497795,ok,R D R D' R2 D B' D B' D2 R'
74125633131233,0,11,0,11,4283170,ok,R B R' D2 R' B' D2 B R' D2 R2
74125633132232,0,11,0,11,3898254,ok,R B R B2 D' R B2 R' D B2 D2
74125633133222,0,11,0,11,4122325,ok,R B D2 B D2 B' D2 B' D R D2
74125633133312,0,11,0,11,5482882,ok,R D R' D2 R' B' R2 B R' D2 R2
74125633332323,0,11,0,11,5146084,ok,R B2 D' B' D2 R B R2 B2 R' D'
74126352333122,0,11,0,11,6083617,ok,R D' R B D2 B2 R2 D' R' B R2
74132561321231,0,11,0,11,5723339,ok,R B' D' R2 B D R2 D' R' D2 R'
74132562121121,0,11,0,11,5314802,ok,R B2 D B2 D R B D R2 D B'
74132562122111,0,11,0,11,4975118,ok,R B D2 R' B' D' B2 R D' B2 D
74132563131221,0,11,0,11,6135261,ok,R D2 B' R B2 R2 B' D R2 B' D2
74132563132112,0,11,0,11,5004846,ok,R B2 D' R B2 R2 B' R D2 B' D2
74136522322121,0,11,0,11,6204087,ok,R B R' D B2 R D' R2 D' R B'
74152363132232,0,11,0,11,6100005,ok,R B R2 D B D2 B2 R' B' D' B2
74152363133132,0,11,0,11,6139851,ok,R B R2 B' D2 B R' D2 R' D R2
74152363133222,0,11,0,11,6936610,ok,R B' R B2 R' D B' R B D' B2
74152363133231,0,11,0,11,6127326,ok,R B R2 B2 R' B2 D' R' B2 R' B'
74156322122123,0,11,0,11,4648881,ok,R B R' B R B2 R D' R2 B R2
74156322122321,0,11,0,11,4763141,ok,R B D R2 B' R2 D B D2 B D'
74156322313223,0,11,0,11,4771571,ok,R B2 R B R2 B' D' B2 R B R'
74156323132331,0,11,0,11,4505119,ok,R B R' D2 B' D B R D2 R2 D
74156323133123,0,11,0,11,4650384,ok,R B D2 R2 B D' R D B' R2 B'
74163251121122,0,11,0,11,5162175,ok,R B2 D2 B D2 B D' B D2 B' R
74163252112211,0,11,0,11,4783152,ok,R B D2 R' B D' B2 R D R2 D2
74163252131111,0,11,0,11,5153932,ok,R B2 D2 R2 D' B' R B' R2 B D
74163253121111,0,11,0,11,5117979,ok,R B' R D R2 B' R' B D2 B' R'
74163253131332,0,11,0,11,4300732,ok,R B R' B2 D2 R' D B D B2 R2
74163253133132,0,11,0,11,4239514,ok,R B D' R2 B2 D R' D' B D' B
74163253133213,0,11,0,11,4589519,ok,R B2 R2 D2 R B' D2 R B R2 D2
74163253133231,0,11,0,11,4374506,ok,R B2 R' B D' R2 B2 R' D' B2 D'
74163253332323,0,11,0,11,4688650,ok,R B D2 B' D B R D' R D' R2
74165231121212,0,11,0,11,8108439,ok,R B D2 B D B' D B' R' B2 R2
74165231131313,0,11,0,11,7625499,ok,R B R' D R' B' R2 B' R' B2 R2
74165231212121,0,11,0,11,7722667,ok,R B R2 B D R' D B' R' B2 R2
74165231313131,0,11,0,11,7962022,ok,R B D2 R B' R2 B' D R' B R2
74165232111212,0,11,0,11,8055455,ok,R B D' B2 R' B R2 B R' B' D2
74165232121112,0,11,0,11,7664019,ok,R B R2 B R D' R B' R' B2 R2
74165232121211,0,11,0,11,7760819,ok,R B R' D2 B' R D2 R D' B' D2
74165233111313,0,11,0,11,8383313,ok,R B2 R2 B' R D' R D' R' D2 R'
74165233131113,0,11,0,11,7691716,ok,R B R2 B2 R' D' B2 D' R' B D'
74165233131311,0,11,0,11,8160338,ok,R B2 R2 B' R B' R D' R' B2 R'
74165233131323,0,11,0,11,7730709,ok,R B R' B D' R' B2 R' D' B2 D2
74165233132313,0,11,0,11,8321940,ok,R B2 R2 B' R' D2 R' D' R D' R
74165233231313,0,11,0,11,8328862,ok,R B2 R2 B' R' B2 R' B' D B' R
74213652323132,0,11,0,11,4445141,ok,R B R' D B R' D B' D2 B2 R
74251633111313,0,11,0,11,6089454,ok,R B R' D R B' R2 B' R2 B R
74256311321222,0,11,0,11,8473745,ok,R2 B R2 D2 B' D' R D' R D2 R
74256313111232,0,11,0,11,9852387,ok,R2 D R2 B2 D' B' D B' R D2 R
74265312333233,0,11,0,11,5113329,ok,R B D2 B' D2 R D' R2 D B D'
74312652333332,0,11,0,11,5107026,ok,R B R2 B2 D B' D B' D R B2
74321563311131,0,11,0,11,5477445,ok,R B D2 R' D2 R D2 B' D B D'
74321653233323,0,11,0,11,5571623,ok,R D R B' D2 B R' D B' R2 D
74325163131323,0,11,0,11,5948203,ok,R B R D' B2 D B' R B D' B2
74325612221222,0,11,0,11,4845979,ok,R B R2 B2 R' D' R2 B D2 B' R2
74325613121312,0,11,0,11,6176820,ok,R B' R' B D2 B2 D R' B' R D2
74325613131212,0,11,0,11,4852711,ok,R B R2 B2 R' D' B2 R D2 R' B2
74325613133333,0,11,0,11,5206642,ok,R B D2 R' D R B R2 B2 D' B
74361253112132,0,11,0,11,5868200,ok,R D2 B R' B R B2 D' B R D2
74361253211231,0,11,0,11,4290012,ok,R B R B' D' B D' R' D R2 D
74365211121221,0,11,0,11,4676899,ok,R B2 R' B D' R2 B2 R B' D R2
74365211213111,0,11,0,11,4407064,ok,R B R2 B' D B R2 B2 D B' R2
74365211312111,0,11,0,11,4347983,ok,R B R B2 D2 B D B' D2 B' R2
74365211313113,0,11,0,11,4815111,ok,R B2 R' D B D' R2 B2 R B2 R
74365211333111,0,11,0,11,4796107,ok,R B2 R' B D B' R2 D2 R D2 R
74365212111311,0,11,0,11,4438658,ok,R B R2 B2 D B D' B R2 B R2
74365212222323,0,11,0,11,4567217,ok,R B R' D R' B2 R' D B D R2
74365212333332,0,11,0,11,4345465,ok,R B R2 B D2 B' D2 B D' R' B2
74365213111211,0,11,0,11,4649788,ok,R B D2 B2 R B R' B D2 B R2
74365213121333,0,11,0,11,4531046,ok,R B R2 B' D' B2 D' B R B2 D2
74512361322233,0,11,0,11,5909783,ok,R D R' B' D B2 D B R2 B2 D'
74512362313223,0,11,0,11,4415808,ok,R B R B' D2 B' R' B D2 R' D2
74513263121222,0,11,0,11,9014212,ok,R2 B R D' B D' B R' D R2 B
74521632222212,0,11,0,11,5932537,ok,R B' D2 R B D2 B' D' B2 D' R'
74521633121213,0,11,0,11,6658279,ok,R D2 R' B2 D R B2 R2 B' R' D2
74521633121312,0,11,0,11,6127724,ok,R D R2 B' D' R2 D B R2 B D'
74521633133333,0,11,0,11,6770590,ok,R D2 R' D2 B R B2 R2 B' D' R2
74521633333313,0,11,0,11,6056656,ok,R D R2 B' D' B2 D B R2 B R'
74523611121113,0,11,0,11,4652698,ok,R B R' D' R2 D' B2 D R' B' R
74523611131112,0,11,0,11,4817354,ok,R B D' B' D2 B' D2 B D' B' R
74523611213111,0,11,0,11,4751286,ok,R B D2 B2 D B' R D2 R2 D R'
74523611312111,0,11,0,11,4512970,ok,R B R2 B2 R D' B D2 B2 D R'
74523612111311,0,11,0,11,4695028,ok,R B R' D2 B' D B' R' D2 B R
74523613111211,0,11,0,11,4501153,ok,R B R D' B2 D B' R' B D' B2
74532163123223,0,11,0,11,5396241,ok,R B2 R' D R' D B2 D2 R2 B' R'
74561231111222,0,11,0,11,4739488,ok,R B D2 B D' R D2 B' R D R'
74561232111113,0,11,0,11,4811155,ok,R B2 R D' R D R2 B2 R B D2
74561232221111,0,11,0,11,5334797,ok,R B' R2 B' R D2 B2 R B' D2 R
74561233111112,0,11,0,11,5200587,ok,R B2 D' R' B2 D B D2 B2 D' R'
74561233131233,0,11,0,11,4672577,ok,R B D' R2 B D B2 D R2 D2 B
74561233233323,0,11,0,11,5505293,ok,R D R B' D2 B R' D B' R2 D'
74561233311233,0,11,0,11,4682507,ok,R B R' B2 R' D2 R B2 R D R2
74561233321133,0,11,0,11,4615487,ok,R B R2 B D2 B' D2 B' R D R2
74561233321313,0,11,0,11,5629421,ok,R D R' B2 R' B' R2 B D' R2 D2
74563211232332,0,11,0,11,4634611,ok,R B D2 R B2 D' B' D' B2 D' B'
74653213133222,0,11,0,11,5448500,ok,R B D' R2 B D' R D B' R2 B'
75132463233233,0,11,0,11,5410492,ok,R B R2 D2 B' R D' R' B2 D2 R
75143263231313,0,11,0,11,6563464,ok,R B2 R2 D2 B' D2 B' R' B R' B'
75146321323331,0,11,0,11,5964978,ok,R B2 D2 B' R D' R2 B' R B' R2
75213642223133,0,11,0,11,5168005,ok,R B D2 B' R B' R D2 R' B2 R
75231463211123,0,11,0,11,7501324,ok,R D B2 D' R B' D B2 D' R2 D
75234161322233,0,11,0,11,4629063,ok,R B D R' B2 D B2 D' B R' D'
75234162221111,0,11,0,11,6120575,ok,R D B2 D' B' D2 R B' R B R'
75236143213232,0,11,0,11,4326255,ok,R B R' B R2 B' D R B R' B'
75241632222323,0,11,0,11,5305077,ok,R B D2 B2 R B' R2 D B D2 R2
75243162211322,0,11,0,11,9047021,ok,R2 B2 R B2 R2 B R2 D' R2 D2 B
75243611113232,0,11,0,11,4781946,ok,R B2 R B' R2 D R B D2 R' B2
75243613213232,0,11,0,11,4169909,ok,R B D2 B' D' B2 R B' D R D'
75246131333312,0,11,0,11,5867092,ok,R B' R' B D2 R' B R' D' B2 D'
75246311111111,0,11,0,11,11092657,ok,R2 D R' D B D2 R' D R B2 R'
75246313212311,0,11,0,11,4937434,ok,R B D' R D2 B' D' B D' R2 D2
75246313312211,0,11,0,11,4793629,ok,R B2 R D R2 D' R' B2 D B R'
75246313332332,0,11,0,11,4799513,ok,R B2 R2 D R' D B' R2 B R2 D2
75261432123233,0,11,0,11,5463977,ok,R B' R2 D B2 D' R' B2 D2 R B'
75264132121232,0,11,0,11,5682288,ok,R B2 R' D R' B' R D B2 D B2
75264132223331,0,11,0,11,4447063,ok,R B R B D2 R' B R' B' R2 B2
75264132321212,0,11,0,11,5974718,ok,R B' R B' R2 B D2 R D' R2 D
75264133121333,0,11,0,11,4802652,ok,R B R D2 R B D' R B2 D B2
75264133331213,0,11,0,11,4870247,ok,R B R2 D2 B D' B R B' R2 B'
75264311223122,0,11,0,11,5196678,ok,R B2 R2 B R2 B D2 R' D B2 D2
75264313231112,0,11,0,11,5961878,ok,R B2 D2 R' D' B R' B2 D2 R D
75312463333133,0,11,0,11,6134366,ok,R B R2 B' D2 B' D B R' B R2
75314621133221,0,11,0,11,3887636,ok,R B R B' R' D' B R D' R B2
75314621313212,0,11,0,11,8472022,ok,R' B D B' D2 B R' B R B2 D2
75314623113122,0,11,0,11,4368745,ok,R B2 R' D2 R' D B2 R B2 R D2
75316241231231,0,11,0,11,6127816,ok,R D R B' R B' R D2 R D R
75321461311112,0,11,0,11,4751882,ok,R B2 D' B R D R2 D R' D' B'
75321463132121,0,11,0,11,4304404,ok,R B2 R' B D2 B D2 B2 R' D R'
75346122133133,0,11,0,11,5470822,ok,R B R' D' R B R' D2 B2 D B2
75346211133122,0,11,0,11,4561158,ok,R B2 R B2 D2 R' D B' D2 R2 B2
75346211211311,0,11,0,11,5789569,ok,R D B' R D' B D2 B2 D R' D'
75346211311211,0,11,0,11,4295333,ok,R B R2 B D' R' B R' B' D2 B
75346212323333,0,11,0,11,5491689,ok,R B' R2 B R B2 D2 R2 B R' D'
75346213112132,0,11,0,11,4116257,ok,R B R' B2 R D R' B D' R D2
75346213132121,0,11,0,11,4301634,ok,R B D R' B2 D2 B R' B D2 B2
75346213132322,0,11,0,11,4337845,ok,R B R B2 R' D' B2 R D2 R' B2
75346213332122,0,11,0,11,4605812,ok,R B2 R2 B' D R' D2 B R' B' R2
75412631223332,0,11,0,11,3971850,ok,R B R D2 B R' D R2 D R' B2
75416323232213,0,11,0,11,5320486,ok,R B R2 B' D2 B D' B R B' D2
75431263133213,0,11,0,11,6076059,ok,R D2 R2 B2 D' R' D B' R2 B R'
75462132123212,0,11,0,11,8039239,ok,R B' R D2 R2 B' D B' D' B R
75613243131332,0,11,0,11,6143931,ok,R D2 R' B R B R' D2 B R' B'
75613243133213,0,11,0,11,4997549,ok,R B2 R' B R D R' D2 B D' R'
75634123323122,0,11,0,11,4791172,ok,R B D2 B' D2 B R' B R B' R2
75641323232111,0,11,0,11,4528351,ok,R B2 R' D2 R' B R2 D B2 D R2
75642132213311,0,11,0,11,4379249,ok,R B R' B R' D' B2 R' D2 R' D2
76123453233323,0,11,0,11,4680531,ok,R B D R' B2 D R' B R' B R2
76125343333133,0,11,0,11,6211599,ok,R B2 R B2 D' B' R B' D R' B
76143252131312,0,11,0,11,5160427,ok,R B D2 B2 D R B D' R2 D' B
76143252221222,0,11,0,11,5248754,ok,R B2 R B' R B2 R' D2 B D' R'
76143253131212,0,11,0,11,5314866,ok,R B2 R D' R B2 R' D2 B D' B'
76143253331333,0,11,0,11,4921854,ok,R B R' D2 B R2 B' D R' D2 R'
76143253333313,0,11,0,11,6902277,ok,R D' R2 B R D2 R' D' R2 D' B'
76145231121113,0,11,0,11,4370871,ok,R B R2 B2 R' D B2 R' D' B2 R
76145231122112,0,11,0,11,7574865,ok,R2 B2 R' B D2 R' B' D' B2 R D
76145231131112,0,11,0,11,4724449,ok,R B D2 B2 D' B D2 R' B' D2 R
76145231221112,0,11,0,11,7560527,ok,R2 B2 R' D B2 R' B' D' R2 B D
76145231311331,0,11,0,11,4260521,ok,R B R' B D' R2 D' R B R D2
76145232123332,0,11,0,11,4565500,ok,R B R2 B R2 B' D2 B R' D' B2
76145232233213,0,11,0,11,5645987,ok,R B' R2 B D' B2 R D B D' R
76145232331313,0,11,0,11,4393171,ok,R B R2 B' R' D2 R' B D B2 R2
76145232332213,0,11,0,11,5840768,ok,R B' D2 B D' R2 B D R B' R
76145233133213,0,11,0,11,4666070,ok,R B D2 B' D' B2 D' R D B2 R2
76145233232333,0,11,0,11,4434675,ok,R B R2 B2 D R D' B D2 B D2
76154323333112,0,11,0,11,5433062,ok,R B2 D2 R' B' R D' B2 R2 D R
76213543213133,0,11,0,11,5603227,ok,R B2 D R2 D B R2 D' B R' D2
76213543311332,0,11,0,11,5256387,ok,R B D' B R' B R' D2 R B2 D'
76215341231231,0,11,0,11,5053734,ok,R B R D' R B2 D' R2 D B R2
76215433333133,0,11,0,11,5982783,ok,R B R' D2 B D' B R B' R2 B'
76231451123111,0,11,0,11,4781657,ok,R B2 D' B R' D' R D2 R D B'
76245311121131,0,11,0,11,4640615,ok,R B D' B D2 B' R D R2 B2 D2
76245311131121,0,11,0,11,4182953,ok,R B R' B D' R B2 R2 B R' D'
76245311213312,0,11,0,11,4426184,ok,R B D' R' D R2 D B' R B2 R'
76245312132131,0,11,0,11,4518251,ok,R B2 R2 B' R2 B R D' B2 R D'
76245313122122,0,11,0,11,4396203,ok,R B D B' R2 D R B' D B2 D
76245313123121,0,11,0,11,4426957,ok,R B2 R D2 R2 B R D R' D2 R'
76253141123132,0,11,0,11,4094929,ok,R B D R' B2 R D' B R D2 B2
76253141211332,0,11,0,11,4019394,ok,R B R' B D B D' R2 B D B'
76253413322312,0,11,0,11,5533484,ok,R B2 R D2 R2 D B2 R D2 R2 B
76254133311323,0,11,0,11,8850893,ok,R2 B D2 R2 B' R' D B' D R2 D
76254313211111,0,11,0,11,7871754,ok,R2 B D2 B2 R2 D' B' R B' R D2
76312452212111,0,11,0,11,8174130,ok,R2 B D' B' D R B' D R2 D' R
76312453211111,0,11,0,11,4780152,ok,R B R' B R2 B' D B' D' B R2
76312453311311,0,11,0,11,5257416,ok,R B2 R' B' R' D R2 D R2 D' R2
76312542321212,0,11,0,11,5132408,ok,R B D B' R2 D B' D2 R2 B R'
76312542322121,0,11,0,11,4818485,ok,R B2 D B2 D R' D B2 D B R
76312543322222,0,11,0,11,6378444,ok,R D2 B' R D2 R2 D' R D2 B' R2
76315241112113,0,11,0,11,5029367,ok,R B' R D2 R' D R' B R2 D2 B2
76315241113112,0,11,0,11,4313220,ok,R B D2 B D' R B R2 D' B R'
76315241223113,0,11,0,11,4202228,ok,R B R2 D R' B R2 B2 D' R B2
76315241322122,0,11,0,11,4450498,ok,R B D2 R' B2 R D B2 D' R2 D
76315241323313,0,11,0,11,4689385,ok,R B2 D B' R D R2 B' D B' R'
76315241332112,0,11,0,11,4293198,ok,R B D B' D2 B R' B2 D B' R
76315243211231,0,11,0,11,4081445,ok,R B R2 B R2 D B D' R B' R'
76315243323323,0,11,0,11,4906852,ok,R B2 D R' D B R2 D' B R' D'
76321452122123,0,11,0,11,7019422,ok,R B D R' B2 D2 B D B R' B2
76321452122321,0,11,0,11,7162345,ok,R B2 R B D B2 R B' R2 B' D
76321452122333,0,11,0,11,7013504,ok,R B R2 B2 R' B D2 R D2 R2 D
76321452123323,0,11,0,11,8136354,ok,R B' D R B2 R B' D2 R2 B R'
76321452212231,0,11,0,11,6795123,ok,R B R2 D2 B2 R B D' R D' B'
76321452213122,0,11,0,11,7135084,ok,R B D B' D2 R2 D R B R' B2
76321453233131,0,11,0,11,7461249,ok,R B2 R2 B R2 D' B R2 B2 R' D'
76321453311233,0,11,0,11,8516973,ok,R D R' B R' B R2 D2 B2 R B'
76321453313312,0,11,0,11,8009233,ok,R B' R' D2 R B2 R' D R2 D R'
76321453321133,0,11,0,11,7108977,ok,R B R' D' R B D2 B2 R2 B R'
76321453323311,0,11,0,11,8166700,ok,R B' D' R2 D B2 D' B D2 B R'
76321542211112,0,11,0,11,6773564,ok,R D B D' R B' D B2 D' B2 R'
76321543211111,0,11,0,11,4550274,ok,R B R D' B2 R2 B D' B' R2 B2
76321543311131,0,11,0,11,5028345,ok,R B D B2 D' B R2 D' R2 D B2
76324151112233,0,11,0,11,4667932,ok,R B D B' D2 R B2 R' D R' D'
76324151112323,0,11,0,11,5640234,ok,R B2 R B D' R2 B2 D R2 D' B'
76324153323122,0,11,0,11,4619884,ok,R B2 R' B' D' R' D2 B R2 B' D2
76325411111213,0,11,0,11,4828500,ok,R B2 R2 B D' R D B' R B R
76325411111312,0,11,0,11,5958579,ok,R D2 R2 B' R' D B' D2 B D' B2
76325411112131,0,11,0,11,4411514,ok,R B R2 B' R D B D' B R' B2
76325411113121,0,11,0,11,4838822,ok,R B2 R2 B D B' D' B R' B' R
76325411122121,0,11,0,11,4781271,ok,R B2 R' B2 R B' D' B D2 R B2
76325411331311,0,11,0,11,5151428,ok,R B' D R' B2 D B R2 D' R D'
76325412112121,0,11,0,11,6002673,ok,R D2 R' B2 R D' B' D B2 R B2
76325412231212,0,11,0,11,5154989,ok,R B2 D2 B D B2 D B R2 B' R
76325412333233,0,11,0,11,5127778,ok,R B2 D2 B R2 B D' R B2 R' B
76325413222223,0,11,0,11,4748838,ok,R B2 R2 D R B2 R D' B' D2 R
76341251111213,0,11,0,11,4711092,ok,R B D' R D R B' R2 B R' B2
76341251111312,0,11,0,11,5874758,ok,R D B' R D R D' B2 D R' B2
76341251112131,0,11,0,11,5189272,ok,R B2 D' B' R2 D B D2 B2 D' R'
76341251113121,0,11,0,11,4756814,ok,R B2 R B' R D R2 B2 R D B2
76341251221121,0,11,0,11,4986585,ok,R B' R2 B' D B2 R2 D B' D2 R
76341251311313,0,11,0,11,4779498,ok,R B2 R B2 R2 D' R D R' B2 R
76341252232313,0,11,0,11,4663719,ok,R B D B' R B2 R' B2 D B' D
76341252323333,0,11,0,11,5113968,ok,R B2 R' D B' D R2 B' R' B D'
76341253221212,0,11,0,11,5263419,ok,R B' R' B D' R' B D2 R' B2 R
76341253233131,0,11,0,11,4237181,ok,R B R2 B R2 B' D2 B' D B R2
76342511111231,0,11,0,11,3992761,ok,R B R B' D2 R B2 R' D R' D
76342511111321,0,11,0,11,5131842,ok,R B' D B2 D' B2 R B' D' R' D
76342511323112,0,11,0,11,4222575,ok,R B D2 R' B R' B D R B' R2
76342512232223,0,11,0,11,5056579,ok,R B2 D R D2 B2 R D' R D2 R'
76342513213112,0,11,0,11,6146852,ok,R2 B R B2 D R' D B2 D B' D2
76342513322111,0,11,0,11,6400008,ok,R2 B R' B2 D' B D R' D B2 R2
76342513323122,0,11,0,11,4467779,ok,R B2 R' B' D' R D2 B' D2 B D2
76342513323212,0,11,0,11,4811523,ok,R B2 R' B' R' D R2 B' D2 B R2
76345122211112,0,11,0,11,6575159,ok,R D B D' R B' D B2 D' B2 R
76345122211121,0,11,0,11,5269273,ok,R B2 R2 B' R' D B2 R' D B D2
76345122213311,0,11,0,11,4400974,ok,R B R' B R' D' B2 R' D2 R' D'
76345122311111,0,11,0,11,5315283,ok,R B2 D2 R2 D R D B' R D' R2
76345123211111,0,11,0,11,4484375,ok,R B R D' B2 R2 B D' B R2 B2
76345123311113,0,11,0,11,5184350,ok,R B2 R2 B' R D' R2 B R' B' D2
76345123311131,0,11,0,11,4946112,ok,R B D B2 D' B' R2 D B2 D' B2
76345123312211,0,11,0,11,4218427,ok,R B R B' R B' D' B2 R2 D' R
76351421112323,0,11,0,11,6085476,ok,R B' R2 B D' R B2 D' B2 D R2
76351421113322,0,11,0,11,4528531,ok,R B R2 B' R2 D2 B D' B' D2 B'
76351423321232,0,11,0,11,4784131,ok,R B R2 B' D' B2 R B' R D R'
76354121121212,0,11,0,11,5602013,ok,R B2 R' B R2 B D R' B' D B2
76354121122121,0,11,0,11,4703724,ok,R B R B2 D' R2 B D R2 D R'
76354121311313,0,11,0,11,4796170,ok,R B R D2 B' R B D' B D' R'
76354121313131,0,11,0,11,5279890,ok,R B D R B D' R' B D2 R' D
76354122111212,0,11,0,11,6141351,ok,R B' R D' R2 D R2 B D' R2 D
76354122112121,0,11,0,11,5111218,ok,R B D' R B R2 B R' D2 B D2
76354122212222,0,11,0,11,4875693,ok,R B R2 D2 B R' B R B' D2 B'
76354123211123,0,11,0,11,5223667,ok,R B2 R D B2 D' R' B2 D B D'
76354123211132,0,11,0,11,4538976,ok,R B R' D R2 B' D' B R' D2 R2
76354123313333,0,11,0,11,5329973,ok,R B2 R2 D B' D B' R2 B D2 R2
76354212213323,0,11,0,11,4844641,ok,R B D2 B D R2 B D2 B D2 B
76354212312233,0,11,0,11,4981243,ok,R B2 R D' R D R2 B' R B R
76354212313322,0,11,0,11,5308363,ok,R B' R B2 D' B' D B' R2 B D'
76354212333332,0,11,0,11,4881310,ok,R B2 R' B R' D2 B2 R' B' R2 D'
76354213222223,0,11,0,11,4788784,ok,R B2 R D2 R2 B D R D' R2 D'
76354213312223,0,11,0,11,4489314,ok,R B R B' R2 D B D' R B2 R
76421351131121,0,11,0,11,3877508,ok,R B R B' D2 B' R' B' R D2 B'
76512343213313,0,11,0,11,7784948,ok,R D2 B' R2 D R' B R' B D' B
76512343332311,0,11,0,11,7767114,ok,R D2 B' R2 D R' D R' B D' R
76514321112323,0,11,0,11,5186913,ok,R B D B2 D B' D' R D' R2 D2
76514321232113,0,11,0,11,4783748,ok,R B D' R' D R2 D B' R B2 R2
76521433232333,0,11,0,11,4629114,ok,R B R' B2 D' B R' D' R2 B D
76523413223231,0,11,0,11,4886288,ok,R B2 D R' D R D2 B' R B R2
76524313331222,0,11,0,11,6042087,ok,R B2 R D2 R2 D B2 R' D2 R2 B
76541232131213,0,11,0,11,7969778,ok,R D' B2 D' R B D R2 D2 R B
76541232221222,0,11,0,11,4899269,ok,R B R2 B2 R' D' R2 B D2 B' D2
76541233121213,0,11,0,11,5052941,ok,R B R2 D' R D B R2 B2 D' B
76541233331333,0,11,0,11,5442800,ok,R B D2 B2 D' B' R2 D B2 D' B2
76541233333313,0,11,0,11,6155541,ok,R B' D' R D2 R2 D R' B' D R2
76543211111111,0,11,0,11,10427364,ok,R2 D' R B R B2 R D' B' R B'
76543211212112,0,11,0,11,5358703,ok,R B' D B2 R B2 R' B D' B2 D2
76543211223221,0,11,0,11,4354220,ok,R B2 R' D R' B2 D2 B' D' B2 D'
76543211332331,0,11,0,11,4347770,ok,R B2 R' B D2 R' D' B' D R' D'
76543211333333,0,11,0,11,4802991,ok,R B2 D' R B D' B D' B2 D' B
76543212132323,0,11,0,11,4787669,ok,R B D' R D' B2 R2 D R B D'
76543212222221,0,11,0,11,4595857,ok,R B2 R2 D2 R D' R2 B R B2 D2
76543212323213,0,11,0,11,4720056,ok,R B D2 R' B R' D2 B D B2 D2
76543213113131,0,11,0,11,4753722,ok,R B2 R2 D B R2 B D' B' R2 D
