variant,state,distance,expanded,candidates,iterations
os{1234},12345672121232,11,1036,6200,5
os{1234},12345672123212,11,898,5365,5
os{1234},12345672321212,11,350,2068,3
os{1234},12345673131323,11,1528,9149,5
os{1234},12345673132313,11,1203,7203,5
os{1234},12345673231313,11,393,2337,4
os{1234},12345761111111,11,13995,83958,5
os{1234},12346571111231,11,310,1835,3
os{1234},12346751113133,11,1162,6948,4
os{1234},12347561112212,11,580,3458,4
os{1234},12347651111111,11,17198,103176,6
os{1234},12347651122112,11,1056,6321,6
os{1234},12347651133311,11,1392,8329,6
os{1234},12347652111221,11,479,2852,4
os{1234},12347652123233,11,791,4722,5
os{1234},12347652123332,11,1187,7107,5
os{1234},12347652223232,11,577,3435,4
os{1234},12347653111133,11,503,2998,3
os{1234},12347653132223,11,573,3420,4
os{1234},12347653132322,11,912,5447,5
os{1234},12347653332323,11,613,3657,5
os{1234},12354671111111,11,2160,12942,5
os{1234},12354761112323,11,11577,69446,7
os{1234},12354762121112,11,1067,6377,5
os{1234},12354762121211,11,753,4502,4
os{1234},12354762311123,11,1161,6947,5
os{1234},12354763131131,11,430,2550,4
os{1234},12354763133111,11,768,4588,4
os{1234},12354763211123,11,680,4061,5
os{1234},12356471113133,11,1166,6981,5
os{1234},12356741133131,11,655,3910,5
os{1234},12356741313131,11,451,2682,4
os{1234},12356743113131,11,313,1857,3
os{1234},12357461111222,11,721,4313,5
os{1234},12357461113331,11,1522,9116,5
os{1234},12357462211112,11,864,5160,5
os{1234},12357641113331,11,519,3090,4
os{1234},12364571112212,11,1206,7216,4
os{1234},12364751112212,11,1006,6018,4
os{1234},12364751113133,11,850,5079,5
os{1234},12364753311131,11,1049,6268,5
os{1234},12365471111111,11,10180,61064,6
os{1234},12365471211122,11,1317,7888,6
os{1234},12365471313113,11,515,3064,4
os{1234},12365472223232,11,569,3392,4
os{1234},12365472321233,11,824,4932,5
os{1234},12365473232312,11,529,3149,4
os{1234},12365473332323,11,994,5949,6
os{1234},12365741113331,11,525,3128,4
os{1234},12367451123333,11,375,2219,3
os{1234},12367451132222,11,890,5318,5
os{1234},12367451213333,11,375,2222,3
os{1234},12367451312222,11,1017,6089,5
os{1234},12367452113333,11,1269,7594,5
os{1234},12367453112222,11,340,2010,3
os{1234},12367541112212,11,1309,7844,5
os{1234},12367541113331,11,804,4806,4
os{1234},12367541331131,11,995,5961,6
os{1234},12374561121212,11,510,3029,4
os{1234},12374561211212,11,329,1945,3
os{1234},12374562111212,11,557,3318,4
os{1234},12374651111222,11,1114,6662,5
os{1234},12375461111222,11,709,4232,5
os{1234},12375641113112,11,512,3050,3
os{1234},12376451111222,11,750,4480,5
os{1234},12376451113133,11,1438,8616,5
os{1234},12376451221211,11,990,5918,5
os{1234},12376541112323,11,9790,58728,7
os{1234},12376541232233,11,1907,11430,5
os{1234},12376541322233,11,588,3508,4
os{1234},12376542121232,11,981,5859,5
os{1234},12376542123212,11,881,5267,6
os{1234},12376543133132,11,541,3229,4
os{1234},12376543133231,11,582,3465,4
os{1234},12456731132321,11,1265,7569,5
os{1234},12456731233223,11,901,5390,5
os{1234},12456733223321,11,479,2860,5
os{1234},12463751231231,11,611,3638,4
os{1234},12467351131121,11,596,3547,4
os{1234},12467351231321,11,669,3988,5
os{1234},12473561132123,11,758,4536,5
os{1234},12536741112323,11,1065,6377,6
os{1234},12537461332112,11,471,2801,4
os{1234},12543671111111,11,1229,7364,6
os{1234},12543671211212,11,637,3796,4
os{1234},12543671331113,11,2347,14062,6
os{1234},12543672121121,11,528,3148,4
os{1234},12543672321332,11,461,2741,3
os{1234},12543672322232,11,719,4293,4
os{1234},12543672331232,11,604,3596,4
os{1234},12543673111331,11,559,3328,4
os{1234},12543673221323,11,683,4075,5
os{1234},12543673231223,11,452,2689,4
os{1234},12543673233323,11,1622,9715,6
os{1234},12546371221331,11,415,2467,3
os{1234},12563472131213,11,540,3216,4
os{1234},12563473131212,11,537,3196,4
os{1234},12564733323122,11,409,2426,4
os{1234},12567433232333,11,951,5677,5
os{1234},12576343212221,11,658,3929,5
os{1234},12637451132111,11,1437,8608,6
os{1234},12637451332112,11,433,2564,4
os{1234},12643571321321,11,412,2445,4
os{1234},12645371131121,11,868,5184,5
os{1234},12673542331133,11,719,4293,4
os{1234},12734561112323,11,909,5435,5
os{1234},12734561322233,11,1440,8620,5
os{1234},12734562313223,11,729,4351,5
os{1234},12745631111111,11,3248,19472,6
os{1234},12745632111122,11,530,3153,4
os{1234},12745632212213,11,790,4720,4
os{1234},12745632222221,11,542,3225,4
os{1234},12745632232211,11,593,3529,4
os{1234},12745633131131,11,671,4009,4
os{1234},12745633313312,11,526,3130,3
os{1234},12745633313333,11,1125,6737,6
os{1234},12745633323311,11,402,2386,3
os{1234},12753462231323,11,445,2646,4
os{1234},12763452322232,11,572,3409,4
os{1234},12765432121313,11,537,3205,4
os{1234},12765432222212,11,2177,13047,5
os{1234},12765433121213,11,979,5855,5
os{1234},12765433331333,11,436,2602,4
os{1234},13245671321111,11,1611,9650,5
os{1234},13246571111111,11,1587,9510,7
os{1234},13246571112233,11,1020,6100,5
os{1234},13246571113232,11,916,5481,4
os{1234},13246572321332,11,668,3982,5
os{1234},13246572331232,11,485,2881,4
os{1234},13246573221233,11,457,2704,4
os{1234},13246573321223,11,628,3746,5
os{1234},13246752133211,11,619,3699,4
os{1234},13247563212131,11,502,2996,4
os{1234},13254761322233,11,1469,8800,5
os{1234},13254761323322,11,1023,6114,6
os{1234},13254762321233,11,631,3768,4
os{1234},13254763323122,11,586,3497,4
os{1234},13257641112233,11,1532,9176,5
os{1234},13265741112323,11,1538,9214,6
os{1234},13265742131312,11,521,3103,5
os{1234},13267451122211,11,851,5087,4
os{1234},13267451311133,11,487,2896,4
os{1234},13267541111132,11,855,5103,4
os{1234},13267541232212,11,606,3613,4
os{1234},13274651112323,11,1148,6875,6
os{1234},13275461112233,11,832,4968,5
os{1234},13275463213211,11,439,2609,3
os{1234},13275641112233,11,1726,10327,5
os{1234},13275641112323,11,1434,8581,6
os{1234},13275642131333,11,882,5275,5
os{1234},13275643212221,11,628,3745,5
os{1234},13276451113211,11,1226,7333,5
os{1234},13276451233133,11,751,4480,5
os{1234},13276541133122,11,841,5020,4
os{1234},13276541213312,11,950,5673,4
os{1234},13276541321123,11,606,3610,4
os{1234},13276541322311,11,1152,6883,4
os{1234},13276541323112,11,1538,9208,6
os{1234},13276541323322,11,970,5797,4
os{1234},13276542323312,11,660,3938,4
os{1234},13276543323122,11,609,3635,4
os{1234},13462571111111,11,6422,38516,6
os{1234},13462572213311,11,579,3460,4
os{1234},13527461211113,11,874,5223,4
os{1234},13542671231231,11,375,2222,3
os{1234},13546271213213,11,463,2757,4
os{1234},13546271231231,11,791,4722,5
os{1234},13546271321321,11,491,2924,4
os{1234},13572641122133,11,7562,45361,7
os{1234},13576241312213,11,3620,21714,7
os{1234},13576241321321,11,392,2324,3
os{1234},13627451332112,11,436,2598,4
os{1234},13642571221223,11,522,3111,4
os{1234},13642571223221,11,814,4861,5
os{1234},13642573221221,11,564,3360,3
os{1234},13645271221331,11,518,3084,4
os{1234},13647521111111,11,1051,6284,6
os{1234},13675241112323,11,1181,7070,6
os{1234},13675242331313,11,486,2892,4
os{1234},13725642332132,11,390,2319,3
os{1234},13754262123323,11,1553,9295,4
os{1234},13762451321321,11,399,2364,3
os{1234},13764251211311,11,342,2016,3
os{1234},13764252323231,11,499,2968,3
os{1234},13765422121211,11,686,4095,5
os{1234},14263751131121,11,668,3990,4
os{1234},14267351321321,11,364,2159,4
os{1234},14275633323122,11,517,3078,3
os{1234},14325671111111,11,2888,17310,5
os{1234},14325672112121,11,793,4740,4
os{1234},14325672231323,11,717,4288,5
os{1234},14325672323222,11,615,3665,4
os{1234},14325673123232,11,485,2889,4
os{1234},14325673232333,11,605,3600,4
os{1234},14325673311131,11,604,3607,4
os{1234},14327652131213,11,1711,10247,4
os{1234},14327653121213,11,536,3202,4
os{1234},14352672212111,11,719,4292,5
os{1234},14356721112323,11,707,4226,5
os{1234},14356721322233,11,2272,13619,6
os{1234},14367252322232,11,473,2811,4
os{1234},14367523311113,11,782,4673,4
os{1234},14523672121313,11,2345,14056,6
os{1234},14523673121312,11,654,3913,4
os{1234},14527631121311,11,767,4578,4
os{1234},14527631131211,11,1052,6289,4
os{1234},14527631133311,11,566,3359,4
os{1234},14527631211131,11,677,4043,4
os{1234},14527631311121,11,1596,9549,4
os{1234},14527632122213,11,795,4745,4
os{1234},14527632212111,11,791,4723,4
os{1234},14527632333332,11,576,3435,3
os{1234},14527633132322,11,632,3766,3
os{1234},14527633312133,11,319,1887,3
os{1234},14536273311311,11,569,3393,4
os{1234},14537622231323,11,379,2247,4
os{1234},14563272323222,11,592,3528,4
os{1234},14567231312213,11,4877,29252,7
os{1234},14567231321123,11,594,3542,4
os{1234},14573261333111,11,1056,6314,5
os{1234},14625731111111,11,7211,43249,6
os{1234},14625731131121,11,679,4049,3
os{1234},14625731322233,11,1590,9513,5
os{1234},14625732112121,11,906,5416,4
os{1234},14625732113321,11,735,4392,4
os{1234},14625732213323,11,828,4947,6
os{1234},14625732233111,11,677,4037,4
os{1234},14625733133111,11,788,4705,4
os{1234},14632571111111,11,5203,31203,6
os{1234},14632571321132,11,1032,6175,5
os{1234},14652733321331,11,365,2163,4
os{1234},14673251111111,11,7268,43593,6
os{1234},14723651111213,11,880,5265,5
os{1234},14723651111312,11,1403,8406,5
os{1234},14723651112131,11,1632,9780,5
os{1234},14723651113121,11,624,3720,4
os{1234},14723651211212,11,651,3887,6
os{1234},14723652322121,11,544,3237,3
os{1234},14723652331232,11,428,2545,4
os{1234},14723653232222,11,450,2677,4
os{1234},14723653313111,11,648,3864,5
os{1234},14723653321313,11,1062,6359,5
os{1234},14725361111111,11,834,4987,5
os{1234},14725361111123,11,902,5395,5
os{1234},14725361322332,11,742,4430,4
os{1234},14725362211121,11,609,3633,4
os{1234},14725363211213,11,593,3537,4
os{1234},14725363213121,11,804,4803,6
os{1234},14725363223213,11,574,3422,4
os{1234},14725363311113,11,735,4381,5
os{1234},14726531223122,11,599,3575,4
os{1234},14726531232122,11,2082,12479,6
os{1234},14726531233313,11,1146,6864,6
os{1234},14726531333312,11,587,3504,4
os{1234},14726532232313,11,623,3721,4
os{1234},14726533323122,11,449,2668,4
os{1234},14735621221112,11,684,4085,4
os{1234},14735621223113,11,606,3614,4
os{1234},14735621223332,11,897,5364,4
os{1234},14735621233112,11,1268,7588,6
os{1234},14735621323112,11,719,4288,4
os{1234},14735621332112,11,370,2189,3
os{1234},14735621333111,11,630,3755,5
os{1234},14735621333222,11,655,3907,4
os{1234},14736251111132,11,753,4497,5
os{1234},14736251112332,11,553,3298,5
os{1234},14736253222223,11,521,3113,4
os{1234},14736521132222,11,833,4972,6
os{1234},14736521133131,11,645,3846,5
os{1234},14736521211212,11,465,2764,4
os{1234},14736521213333,11,548,3261,5
os{1234},14736521221313,11,458,2731,4
os{1234},14736521321231,11,1070,6408,4
os{1234},14736521322233,11,855,5107,4
os{1234},14736521332121,11,640,3813,3
os{1234},14736523112222,11,371,2201,4
os{1234},14736523113131,11,329,1943,3
os{1234},14752363222121,11,543,3231,4
os{1234},14752363232222,11,650,3871,4
os{1234},14752363233131,11,686,4080,4
os{1234},14752631111111,11,1649,9881,6
os{1234},14752631112311,11,822,4906,4
os{1234},14752631323223,11,619,3687,4
os{1234},14752632332132,11,468,2784,4
os{1234},14752633213223,11,578,3450,4
os{1234},14752633222223,11,1321,7911,6
os{1234},14752633223123,11,612,3648,4
os{1234},14752633223231,11,827,4944,6
os{1234},14753261221112,11,543,3237,5
os{1234},14753261323112,11,1947,11673,6
os{1234},14753261333111,11,966,5774,5
os{1234},14762351221331,11,736,4395,4
os{1234},14762351321231,11,679,4057,4
os{1234},14762351331221,11,553,3286,4
os{1234},14763251221223,11,801,4781,3
os{1234},14763251222312,11,885,5289,5
os{1234},14763251332331,11,623,3712,3
os{1234},14763251333123,11,284,1679,3
os{1234},14763252322121,11,727,4333,4
os{1234},14763253132232,11,583,3475,4
os{1234},14763253133132,11,569,3390,5
os{1234},14763253133222,11,595,3550,3
os{1234},14763253133231,11,603,3588,4
os{1234},14763253221221,11,1221,7304,5
os{1234},14763253222112,11,391,2323,3
os{1234},14763521113211,11,900,5376,6
os{1234},14763521113223,11,574,3422,4
os{1234},14763523222331,11,591,3520,4
os{1234},14765231111213,11,1657,9918,5
os{1234},14765231111312,11,1007,6025,6
os{1234},14765231112131,11,739,4410,4
os{1234},14765231113121,11,1086,6490,4
os{1234},14765231133131,11,1174,7022,6
os{1234},14765232211211,11,431,2566,4
os{1234},14765232232322,11,358,2122,4
os{1234},14765232331313,11,471,2800,4
os{1234},14765233113131,11,333,1966,3
os{1234},14765233323332,11,625,3740,4
os{1234},15236471111111,11,6477,38847,6
os{1234},15236473231121,11,815,4871,4
os{1234},15243671331221,11,855,5108,5
os{1234},15246371331332,11,417,2476,3
os{1234},15246371332331,11,371,2197,3
os{1234},15246372331331,11,304,1798,3
os{1234},15267431223113,11,365,2162,4
os{1234},15273641112323,11,6274,37623,7
os{1234},15324673113311,11,841,5028,4
os{1234},15342671211311,11,712,4245,5
os{1234},15346271321321,11,497,2957,4
os{1234},15367421211113,11,1004,6010,5
os{1234},15367421223113,11,275,1622,3
os{1234},15367423211123,11,627,3736,4
os{1234},15426371111111,11,876,5237,5
os{1234},15426371112233,11,383,2281,4
os{1234},15463271313113,11,496,2951,4
os{1234},15624732123212,11,609,3635,4
os{1234},15624732133313,11,747,4454,5
os{1234},15624732333332,11,308,1821,3
os{1234},15627431223113,11,282,1664,3
os{1234},15627431322113,11,516,3069,3
os{1234},15627431332112,11,517,3078,4
os{1234},15634722123332,11,1103,6596,4
os{1234},15634722321233,11,477,2838,3
os{1234},15637423211123,11,1636,9803,7
os{1234},15642371111111,11,1691,10136,6
os{1234},15642372213311,11,1797,10760,6
os{1234},15642372231332,11,489,2901,3
os{1234},15642372331322,11,490,2913,4
os{1234},15642373212311,11,1230,7366,6
os{1234},15642373221323,11,917,5490,6
os{1234},15642373231223,11,305,1807,3
os{1234},15643271221331,11,275,1628,3
os{1234},15643271331221,11,458,2729,4
os{1234},15643273223111,11,932,5566,5
os{1234},15647233213232,11,525,3128,4
os{1234},15672341113232,11,1150,6886,6
os{1234},15672341323112,11,606,3618,4
os{1234},15672342323312,11,568,3382,3
os{1234},15672343213232,11,712,4240,4
os{1234},15672433312133,11,711,4242,4
os{1234},15724362212132,11,644,3845,4
os{1234},15724631111111,11,4410,26437,6
os{1234},15724631211311,11,1087,6508,5
os{1234},15724631322233,11,2454,14708,6
os{1234},15724632123233,11,1252,7501,6
os{1234},15724632313223,11,674,4030,4
os{1234},15724632323231,11,1026,6133,5
os{1234},15724632323333,11,866,5175,5
os{1234},15724633132322,11,642,3825,4
os{1234},15734622331223,11,618,3676,4
os{1234},15746321111111,11,1043,6237,5
os{1234},15746321323211,11,1453,8697,5
os{1234},15746322313112,11,600,3579,4
os{1234},15762342122213,11,2592,15536,7
os{1234},15763241111111,11,2731,16371,6
os{1234},15763242323132,11,626,3732,5
os{1234},16243571132132,11,409,2432,4
os{1234},16243571231231,11,699,4162,5
os{1234},16243571321321,11,372,2211,3
os{1234},16245371231231,11,377,2237,3
os{1234},16254733312223,11,1815,10871,6
os{1234},16257431132111,11,797,4755,4
os{1234},16257433223123,11,376,2241,4
os{1234},16273541122133,11,1059,6327,5
os{1234},16273541321321,11,604,3598,4
os{1234},16275341312213,11,6741,40439,7
os{1234},16275343122221,11,558,3329,5
os{1234},16327453232333,11,868,5186,5
os{1234},16342571331221,11,375,2229,3
os{1234},16345271111111,11,1646,9864,6
os{1234},16345271133131,11,682,4066,4
os{1234},16345271222111,11,903,5403,5
os{1234},16345272322232,11,708,4233,5
os{1234},16345272333212,11,541,3226,4
os{1234},16345273122323,11,924,5526,6
os{1234},16345273233323,11,1692,10136,6
os{1234},16347252131312,11,1754,10497,4
os{1234},16347253121312,11,700,4176,4
os{1234},16357421223113,11,319,1899,3
os{1234},16374521112323,11,1032,6179,5
os{1234},16374523211123,11,1697,10161,6
os{1234},16423572112121,11,478,2844,4
os{1234},16427531211311,11,1024,6118,4
os{1234},16427531231321,11,4446,26664,7
os{1234},16427532333233,11,845,5044,4
os{1234},16453271111111,11,3074,18421,6
os{1234},16453271211113,11,1012,6044,5
os{1234},16453272111131,11,642,3826,5
os{1234},16475233132313,11,857,5122,5
os{1234},16523473332323,11,573,3415,4
os{1234},16523741112212,11,460,2732,4
os{1234},16524731112212,11,1376,8247,6
os{1234},16524731112233,11,638,3808,3
os{1234},16524731113133,11,1546,9253,5
os{1234},16527341111111,11,2038,12207,6
os{1234},16527431123333,11,2089,12514,5
os{1234},16527431222132,11,2038,12208,5
os{1234},16527431312222,11,1148,6863,5
os{1234},16527431333213,11,626,3728,4
os{1234},16527432113333,11,1071,6405,5
os{1234},16527432211322,11,589,3500,3
os{1234},16527432231122,11,559,3331,3
os{1234},16527432231332,11,435,2580,3
os{1234},16527432331322,11,527,3135,4
os{1234},16527432333113,11,455,2696,3
os{1234},16527433312133,11,399,2358,3
os{1234},16532471111222,11,1870,11198,6
os{1234},16534271111111,11,3643,21841,6
os{1234},16534271111132,11,345,2038,4
os{1234},16534273211111,11,622,3715,4
os{1234},16534723211123,11,1542,9237,6
os{1234},16537421111222,11,578,3438,4
os{1234},16537421113322,11,1248,7471,6
os{1234},16537421113331,11,579,3455,5
os{1234},16537421223113,11,343,2028,3
os{1234},16537421233112,11,1212,7254,5
os{1234},16537421332112,11,512,3041,4
os{1234},16542371221331,11,451,2679,4
os{1234},16542371331221,11,911,5445,5
os{1234},16542372112331,11,497,2961,4
os{1234},16543271221223,11,672,3998,3
os{1234},16543271223221,11,1313,7859,5
os{1234},16543271331332,11,689,4112,4
os{1234},16543271332331,11,556,3311,4
os{1234},16543272331331,11,318,1871,3
os{1234},16543273221221,11,515,3059,3
os{1234},16543721111111,11,965,5770,6
os{1234},16543721113211,11,501,2985,5
os{1234},16547233332323,11,766,4578,5
os{1234},16547321113331,11,1453,8704,6
os{1234},16572431111111,11,1023,6123,5
os{1234},16572433213223,11,480,2849,3
os{1234},16573241123123,11,898,5364,5
os{1234},16573241312312,11,454,2692,3
os{1234},16574231113133,11,502,2993,4
os{1234},16723451122133,11,1033,6181,5
os{1234},16723451322311,11,670,4000,4
os{1234},16725431121311,11,1071,6405,5
os{1234},16725431131211,11,870,5199,4
os{1234},16725431211122,11,577,3449,4
os{1234},16725431211131,11,1504,9006,5
os{1234},16725431311121,11,538,3201,4
os{1234},16725432211121,11,627,3740,4
os{1234},16725432232223,11,496,2947,3
os{1234},16725433113311,11,787,4697,4
os{1234},16725433122212,11,643,3839,5
os{1234},16725433333232,11,686,4093,5
os{1234},16735242122213,11,1368,8190,7
os{1234},16742352232313,11,723,4316,5
os{1234},16743252323222,11,534,3176,4
os{1234},16745232121313,11,1929,11560,5
os{1234},16745232122222,11,1586,9492,5
os{1234},16745233121213,11,817,4878,5
os{1234},16745233333313,11,1644,9852,5
os{1234},16753241221112,11,883,5277,4
os{1234},17246351111111,11,8787,52700,6
os{1234},17265433111313,11,2551,15282,6
os{1234},17324561211323,11,1040,6216,5
os{1234},17324561232332,11,519,3093,4
os{1234},17326452212111,11,614,3660,4
os{1234},17356241212313,11,1011,6038,5
os{1234},17356242211331,11,833,4970,4
os{1234},17362451211311,11,755,4513,5
os{1234},17362451231321,11,602,3597,5
os{1234},17362452213311,11,686,4096,4
os{1234},17364251231231,11,564,3361,3
os{1234},17423653213232,11,432,2564,3
os{1234},17425631122112,11,1193,7139,6
os{1234},17425631223113,11,511,3044,4
os{1234},17425631313113,11,1241,7424,5
os{1234},17425631322113,11,498,2962,4
os{1234},17425631322332,11,904,5398,4
os{1234},17425631323112,11,884,5287,5
os{1234},17425631323223,11,647,3862,4
os{1234},17425631332112,11,454,2696,4
os{1234},17426531112233,11,436,2596,3
os{1234},17426531121212,11,546,3252,4
os{1234},17426531132312,11,1050,6277,5
os{1234},17426531213123,11,1064,6363,5
os{1234},17426531223221,11,376,2220,4
os{1234},17426531232233,11,2655,15918,7
os{1234},17426531313131,11,510,3034,4
os{1234},17426531331332,11,402,2392,4
os{1234},17426532121211,11,306,1802,3
os{1234},17426532331331,11,463,2743,4
os{1234},17435622211133,11,1909,11439,6
os{1234},17435623211123,11,1803,10806,7
os{1234},17436521323232,11,836,5003,5
os{1234},17452363213232,11,473,2814,4
os{1234},17452363322132,11,476,2824,4
os{1234},17452633213232,11,326,1942,4
os{1234},17453262211133,11,1172,7001,4
os{1234},17462352213311,11,2035,12186,6
os{1234},17463251122112,11,1006,6012,4
os{1234},17463251221331,11,376,2225,3
os{1234},17463251313113,11,489,2906,4
os{1234},17463251321231,11,1319,7894,6
os{1234},17463251323112,11,2303,13806,6
os{1234},17463251331221,11,347,2058,4
os{1234},17526431131121,11,648,3875,4
os{1234},17526431231321,11,1578,9444,5
os{1234},17526432123233,11,1141,6834,5
os{1234},17543261111111,11,10350,62080,6
os{1234},17543261132111,11,438,2597,4
os{1234},17642531111111,11,957,5717,5
os{1234},17642531112233,11,555,3308,4
os{1234},17642533312211,11,367,2182,4
os{1234},17643251122112,11,459,2733,4
os{1234},21345671111111,11,2479,14847,5
os{1234},21345762223322,11,754,4504,4
os{1234},21345762312323,11,1467,8786,6
os{1234},21345762313223,11,1977,11843,6
os{1234},21345763332233,11,904,5402,5
os{1234},21346752313322,11,1781,10667,5
os{1234},21347562312323,11,1776,10636,6
os{1234},21354671122112,11,491,2914,4
os{1234},21354671131313,11,633,3783,4
os{1234},21354671221112,11,336,1990,3
os{1234},21354672311123,11,2031,12175,5
os{1234},21354672311132,11,1437,8603,5
os{1234},21354672313211,11,3265,19574,5
os{1234},21354673131113,11,420,2495,4
os{1234},21354761112233,11,1541,9221,5
os{1234},21354761112311,11,514,3061,4
os{1234},21354761113211,11,1556,9316,5
os{1234},21354761113322,11,1038,6210,6
os{1234},21354761122211,11,894,5341,5
os{1234},21354761133311,11,1148,6863,4
os{1234},21354762213311,11,1702,10192,6
os{1234},21354763312211,11,1845,11053,6
os{1234},21357462311111,11,1508,9024,5
os{1234},21357463213331,11,624,3721,5
os{1234},21357642221132,11,661,3943,4
os{1234},21364752311111,11,1275,7633,5
os{1234},21364753212212,11,571,3400,5
os{1234},21365742221312,11,378,2241,3
os{1234},21365742312323,11,1197,7169,6
os{1234},21367451311331,11,558,3323,4
os{1234},21367452112112,11,517,3074,4
os{1234},21374653333121,11,680,4056,4
os{1234},21375462312233,11,1003,6000,5
os{1234},21375463333211,11,889,5315,4
os{1234},21376541111123,11,468,2779,4
os{1234},21376541112311,11,1103,6600,5
os{1234},21376541122211,11,612,3648,4
os{1234},21376541131133,11,1211,7237,4
os{1234},21457631321123,11,885,5291,4
os{1234},21473563331312,11,869,5202,5
os{1234},21536742222131,11,920,5502,5
os{1234},21654372231323,11,532,3179,4
os{1234},21654372233321,11,558,3330,4
os{1234},21654373332122,11,749,4467,5
os{1234},21654373332221,11,564,3362,4
os{1234},21734652123131,11,627,3736,4
os{1234},23147562123131,11,1557,9333,7
os{1234},23147651112323,11,1005,6016,6
os{1234},23147652312323,11,767,4581,6
os{1234},23156471222132,11,468,2776,3
os{1234},23156471333132,11,587,3492,5
os{1234},23156473323332,11,380,2257,4
os{1234},23157461231333,11,562,3348,4
os{1234},23157462131123,11,874,5223,4
os{1234},23164573213133,11,576,3424,5
os{1234},23164752131312,11,1212,7258,6
os{1234},23164753333313,11,688,4104,5
os{1234},23165471111111,11,1228,7347,6
os{1234},23165471311133,11,719,4291,5
os{1234},23165471312132,11,839,5012,5
os{1234},23165472111122,11,537,3204,4
os{1234},23165472111332,11,517,3072,4
os{1234},23165472132332,11,724,4314,4
os{1234},23165472311111,11,1050,6283,5
os{1234},23165473233221,11,599,3571,4
os{1234},23165741112323,11,1141,6830,6
os{1234},23165741231312,11,512,3055,5
os{1234},23165742123131,11,1935,11601,7
os{1234},23165742131321,11,974,5824,4
os{1234},23165742131333,11,3248,19482,7
os{1234},23165742312323,11,1224,7316,6
os{1234},23165743331312,11,877,5244,4
os{1234},23167541233322,11,645,3854,4
os{1234},23167542131222,11,1035,6191,5
os{1234},23174652123131,11,2686,16102,8
os{1234},23175463211222,11,517,3085,4
os{1234},23176452132221,11,721,4297,4
os{1234},23176453332233,11,699,4174,5
os{1234},23416752121211,11,944,5649,5
os{1234},23417563232123,11,597,3561,4
os{1234},23456173212332,11,521,3107,4
os{1234},23456173233122,11,483,2875,4
os{1234},23456713212332,11,447,2651,4
os{1234},23475162121112,11,1135,6783,5
os{1234},23517462131333,11,1403,8402,5
os{1234},23576412233321,11,370,2195,3
os{1234},23576412312323,11,669,3992,5
os{1234},23657142121112,11,1430,8560,6
os{1234},23671452122333,11,1376,8242,6
os{1234},23674153232321,11,385,2282,4
os{1234},23751461132123,11,1161,6944,6
os{1234},23751463112321,11,1568,9384,5
os{1234},23756143222331,11,717,4292,5
os{1234},23756411222312,11,708,4218,4
os{1234},23756413222112,11,545,3243,3
os{1234},23756413223312,11,782,4668,5
os{1234},23756413322312,11,305,1806,3
os{1234},24153672321233,11,455,2702,3
os{1234},24157361313212,11,861,5145,5
os{1234},24157362323111,11,1591,9530,5
os{1234},24167353132232,11,845,5058,5
os{1234},24173652323231,11,486,2892,4
os{1234},24315673311311,11,1468,8799,5
os{1234},24315761122322,11,814,4868,5
os{1234},24315762213323,11,6553,39301,7
os{1234},24351671212211,11,1141,6836,5
os{1234},24351673111133,11,779,4663,4
os{1234},24351673311311,11,1958,11730,5
os{1234},24351761111123,11,675,4024,3
os{1234},24351761212232,11,696,4161,5
os{1234},24367511323112,11,839,5015,4
os{1234},24367513111121,11,527,3135,4
os{1234},24376512222122,11,650,3878,4
os{1234},24516732233111,11,1331,7962,5
os{1234},24531673123121,11,641,3830,5
os{1234},24536713231232,11,571,3408,5
os{1234},24537613231322,11,804,4797,3
os{1234},24561372111131,11,1534,9184,6
os{1234},24563711121212,11,692,4131,4
os{1234},24563712121232,11,1699,10179,6
os{1234},24563713121222,11,817,4884,4
os{1234},24571362221213,11,3245,19451,8
os{1234},24571631121212,11,629,3747,5
os{1234},24615371112332,11,738,4407,5
os{1234},24615372213311,11,915,5468,4
os{1234},24615731122313,11,1048,6277,5
os{1234},24615731132333,11,2209,13243,5
os{1234},24615732111323,11,657,3928,3
os{1234},24615732213311,11,1692,10133,6
os{1234},24615732233321,11,1409,8438,6
os{1234},24615733113323,11,895,5353,4
os{1234},24615733311122,11,2288,13710,6
os{1234},24617532233321,11,1661,9940,6
os{1234},24637512311132,11,1329,7950,6
os{1234},24651731113223,11,655,3914,4
os{1234},24651731333333,11,795,4755,5
os{1234},24715363311332,11,532,3174,4
os{1234},24715631111111,11,908,5437,5
os{1234},24715631122121,11,503,2991,4
os{1234},24715631122133,11,2401,14385,6
os{1234},24715632313223,11,782,4665,4
os{1234},24715633112111,11,621,3703,5
os{1234},24715633131131,11,781,4663,5
os{1234},24716532323231,11,544,3241,5
os{1234},24731561111111,11,8380,50268,6
os{1234},24731562311231,11,835,4988,4
os{1234},24736512222332,11,616,3672,3
os{1234},24751362221231,11,653,3891,3
os{1234},24751362321113,11,1184,7083,5
os{1234},24761531221223,11,720,4299,4
os{1234},24763151111111,11,916,5475,5
os{1234},24765313222112,11,829,4948,4
os{1234},25134672233321,11,634,3777,4
os{1234},25134672312323,11,1136,6798,5
os{1234},25134672313211,11,3633,21785,6
os{1234},25137461111111,11,4439,26616,6
os{1234},25137461211323,11,357,2109,4
os{1234},25163741112323,11,3008,18027,7
os{1234},25314673111313,11,2094,12535,4
os{1234},25314673111331,11,1252,7489,4
os{1234},25314673131311,11,1336,7999,5
os{1234},25341673113311,11,1183,7083,5
os{1234},25341762313223,11,926,5530,4
os{1234},25364172311231,11,1628,9746,4
os{1234},25364173223231,11,726,4328,4
os{1234},25367411211122,11,582,3465,5
os{1234},25413672323111,11,987,5903,4
os{1234},25413763121222,11,501,2981,5
os{1234},25436711311313,11,912,5454,5
os{1234},25436712123122,11,512,3051,4
os{1234},25436712123332,11,1114,6660,5
os{1234},25436712132122,11,602,3596,4
os{1234},25436712323231,11,573,3415,5
os{1234},25436713232321,11,474,2816,4
os{1234},25436713332122,11,747,4468,5
os{1234},25463713212332,11,240,1416,3
os{1234},25471362323132,11,706,4213,4
os{1234},25471631312213,11,1095,6547,4
os{1234},25631741212121,11,1014,6063,5
os{1234},25634713321232,11,665,3962,4
os{1234},25641371213132,11,574,3423,4
os{1234},25714632123131,11,1010,6035,4
os{1234},25714632223331,11,931,5566,4
os{1234},25714632313211,11,3315,19878,6
os{1234},25714633121333,11,2010,12046,7
os{1234},25716431212223,11,2404,14410,7
os{1234},25716433223213,11,534,3175,4
os{1234},25731642232211,11,1656,9914,6
os{1234},25734162221111,11,789,4707,5
os{1234},25734613113323,11,944,5646,4
os{1234},25736141111123,11,738,4409,4
os{1234},25736141233232,11,514,3071,4
os{1234},25736411133113,11,527,3134,3
os{1234},25736411231321,11,795,4755,4
os{1234},25736411321312,11,418,2481,4
os{1234},25736411331113,11,684,4082,5
os{1234},25736413123112,11,627,3741,4
os{1234},25741361232113,11,1539,9215,5
os{1234},25741632222323,11,1031,6170,5
os{1234},25741632312323,11,611,3651,5
os{1234},25743611233232,11,317,1880,4
os{1234},25763142223133,11,1274,7624,5
os{1234},25763411332322,11,495,2947,4
os{1234},26135742132221,11,591,3530,3
os{1234},26135742213323,11,3230,19357,7
os{1234},26135742332312,11,764,4559,4
os{1234},26153471122121,11,743,4434,4
os{1234},26153473131131,11,1213,7256,5
os{1234},26153473132121,11,671,3995,4
os{1234},26154372332213,11,2392,14334,6
os{1234},26175432331133,11,1179,7053,5
os{1234},26317451212211,11,1860,11148,5
os{1234},26345711223113,11,427,2532,3
os{1234},26371453112111,11,768,4586,4
os{1234},26415731322323,11,431,2562,3
os{1234},26415732121223,11,1176,7047,7
os{1234},26415732233321,11,982,5873,6
os{1234},26435712222122,11,1630,9760,5
os{1234},26435712233321,11,1241,7430,6
os{1234},26435712311132,11,2572,15414,8
os{1234},26435712322322,11,756,4519,4
os{1234},26435713311122,11,1458,8727,6
os{1234},26435713333133,11,692,4130,5
os{1234},26437512122312,11,961,5750,5
os{1234},26453172211133,11,2891,17326,5
os{1234},26453711333333,11,481,2857,3
os{1234},26513471122121,11,634,3780,4
os{1234},26517343333313,11,634,3776,4
os{1234},26534713333313,11,953,5693,5
os{1234},26543171111111,11,1979,11851,6
os{1234},26543171123111,11,701,4173,4
os{1234},26547313131323,11,1124,6729,5
os{1234},26573413331312,11,593,3523,4
os{1234},26714531212133,11,1349,8076,6
os{1234},26714532121133,11,651,3883,4
os{1234},26715433231322,11,389,2312,3
os{1234},26741351232113,11,1098,6559,5
os{1234},26743512121232,11,1431,8571,5
os{1234},27134561131133,11,1242,7427,5
os{1234},27154632311132,11,646,3850,4
os{1234},27314652313211,11,9767,58589,6
os{1234},27365412321212,11,1480,8862,5
os{1234},27415363131113,11,557,3313,4
os{1234},27415632323231,11,1311,7843,5
os{1234},27415633321322,11,578,3443,3
os{1234},27416532133232,11,392,2330,4
os{1234},27416533321232,11,561,3340,4
os{1234},27435612122222,11,4379,26266,7
os{1234},27453161123111,11,912,5453,5
os{1234},27453161132111,11,442,2644,4
os{1234},27456133132223,11,706,4217,4
os{1234},27516341111111,11,1936,11583,6
os{1234},27534161111111,11,3408,20425,6
os{1234},27534161111123,11,1004,6004,5
os{1234},27534162311111,11,597,3567,5
os{1234},27534612311132,11,1728,10351,7
os{1234},27536412332312,11,941,5623,4
os{1234},27543611111123,11,1076,6443,5
os{1234},27543611111132,11,776,4628,5
os{1234},27546312231122,11,1282,7673,6
os{1234},27613543333133,11,663,3949,5
os{1234},27614353311332,11,1086,6497,5
os{1234},27615431312333,11,399,2371,3
os{1234},27615432113321,11,1327,7934,5
os{1234},27615433313213,11,693,4124,5
os{1234},27634511131133,11,762,4550,5
os{1234},27634512233321,11,997,5964,6
os{1234},27643513311233,11,1302,7799,5
os{1234},31246753312211,11,1502,8994,5
os{1234},31247651113232,11,753,4503,4
os{1234},31247651323232,11,459,2730,3
os{1234},31256471231222,11,686,4098,6
os{1234},31257462222221,11,1561,9356,7
os{1234},31257462312311,11,598,3572,4
os{1234},31257643311122,11,927,5543,5
os{1234},31264572122213,11,849,5070,4
os{1234},31264573132313,11,359,2134,4
os{1234},31264573222223,11,344,2039,3
os{1234},31264752132122,11,549,3266,4
os{1234},31264752313121,11,2312,13862,7
os{1234},31265471111111,11,1509,9042,6
os{1234},31265471122112,11,512,3052,5
os{1234},31265471122133,11,1219,7290,5
os{1234},31265471312213,11,983,5881,5
os{1234},31265471313113,11,587,3499,4
os{1234},31265471321111,11,581,3466,5
os{1234},31265472233321,11,1096,6555,3
os{1234},31265472312233,11,954,5704,5
os{1234},31265741233331,11,713,4252,5
os{1234},31267542222233,11,799,4768,4
os{1234},31267542313133,11,1561,9339,5
os{1234},31275461112233,11,781,4658,4
os{1234},31275461322233,11,1669,10004,6
os{1234},31275462133211,11,549,3266,4
os{1234},31275462223211,11,570,3398,4
os{1234},31275462311213,11,760,4550,4
os{1234},31275462312212,11,1061,6344,5
os{1234},31275463311122,11,1217,7275,4
os{1234},31276452133322,11,522,3112,5
os{1234},31276452313313,11,887,5303,5
os{1234},31452671323211,11,440,2619,4
os{1234},31452671332232,11,561,3342,4
os{1234},31452672322331,11,858,5132,5
os{1234},31456722111221,11,653,3893,4
os{1234},31462751111111,11,4293,25745,6
os{1234},31462751113322,11,518,3086,3
os{1234},31475261322233,11,545,3249,3
os{1234},31475262331313,11,886,5297,4
os{1234},31475262333221,11,830,4964,4
os{1234},31524673332122,11,960,5741,3
os{1234},31527643332122,11,343,2029,4
os{1234},31564272212111,11,987,5902,4
os{1234},31564272213311,11,423,2512,3
os{1234},31564273113311,11,543,3232,4
os{1234},31572461122133,11,3124,18725,7
os{1234},31624751112233,11,763,4558,4
os{1234},31624753312211,11,1544,9238,5
os{1234},31627452221333,11,868,5190,5
os{1234},31654272313322,11,817,4877,5
os{1234},31754621331122,11,1007,6023,5
os{1234},31765242322121,11,763,4555,4
os{1234},32145671111111,11,6485,38898,6
os{1234},32145671123333,11,605,3607,4
os{1234},32145671132222,11,289,1717,4
os{1234},32145671221112,11,649,3870,4
os{1234},32145671333333,11,728,4347,4
os{1234},32145672113333,11,241,1425,4
os{1234},32145672212222,11,694,4141,4
os{1234},32145673112222,11,514,3060,4
os{1234},32145673311113,11,550,3274,4
os{1234},32146751232323,11,997,5961,4
os{1234},32146752232223,11,1813,10856,6
os{1234},32147562313223,11,555,3301,3
os{1234},32147562333233,11,1989,11910,5
os{1234},32147651123333,11,705,4206,4
os{1234},32147651132222,11,260,1533,4
os{1234},32147651213333,11,416,2465,3
os{1234},32147651312222,11,373,2215,3
os{1234},32147652113333,11,248,1467,4
os{1234},32147652231332,11,588,3504,4
os{1234},32147652233213,11,1153,6899,4
os{1234},32147652331322,11,1088,6502,5
os{1234},32147652332213,11,2164,12971,5
os{1234},32147653112222,11,573,3417,4
os{1234},32156471111111,11,6457,38733,6
os{1234},32156471113211,11,644,3841,5
os{1234},32156471232332,11,545,3240,3
os{1234},32156472312332,11,441,2618,3
os{1234},32156472332132,11,386,2293,4
os{1234},32156472332321,11,1456,8726,6
os{1234},32156472333332,11,2038,12213,6
os{1234},32156473223123,11,493,2929,4
os{1234},32156741112323,11,6062,36350,7
os{1234},32156742311123,11,2225,13337,7
os{1234},32156742313223,11,677,4043,4
os{1234},32156742333131,11,471,2794,4
os{1234},32157641232323,11,1797,10765,6
os{1234},32157642231323,11,650,3878,5
os{1234},32164571111111,11,1778,10655,6
os{1234},32164571111231,11,552,3286,4
os{1234},32164571232323,11,1657,9916,5
os{1234},32164572232223,11,991,5931,5
os{1234},32164572232313,11,1236,7400,6
os{1234},32164572233321,11,1280,7660,5
os{1234},32164572312323,11,2115,12667,6
os{1234},32164573323212,11,829,4945,4
os{1234},32165741111111,11,2075,12444,6
os{1234},32165741111132,11,682,4080,5
os{1234},32165741233223,11,423,2514,4
os{1234},32165742211112,11,865,5175,5
os{1234},32165742331112,11,1803,10791,6
os{1234},32165743311131,11,790,4705,4
os{1234},32167451111111,11,7073,42419,6
os{1234},32167451213333,11,308,1826,3
os{1234},32167451222222,11,806,4817,4
os{1234},32167451312222,11,341,2020,4
os{1234},32167451333111,11,637,3796,4
os{1234},32167452211121,11,612,3646,3
os{1234},32167453222313,11,495,2936,3
os{1234},32167453313333,11,806,4817,4
os{1234},32167453321232,11,564,3355,4
os{1234},32174561112323,11,5450,32688,7
os{1234},32174561232113,11,920,5500,5
os{1234},32174561232233,11,2309,13845,7
os{1234},32174562231212,11,715,4260,5
os{1234},32174652312332,11,439,2615,4
os{1234},32174652332132,11,477,2841,4
os{1234},32175461111111,11,6656,39918,6
os{1234},32175461113112,11,646,3850,4
os{1234},32175461221112,11,556,3313,4
os{1234},32175461333111,11,632,3763,4
os{1234},32175462233111,11,2020,12097,6
os{1234},32175462312323,11,657,3907,3
os{1234},32416753121222,11,864,5168,4
os{1234},32417562113321,11,1289,7721,5
os{1234},32417652132131,11,451,2688,3
os{1234},32417653132121,11,562,3342,4
os{1234},32451762331121,11,478,2840,4
os{1234},32456173212332,11,403,2391,3
os{1234},32456711233133,11,887,5298,4
os{1234},32465172112121,11,803,4788,4
os{1234},32465172132131,11,549,3265,4
os{1234},32465172133121,11,439,2612,3
os{1234},32465172332321,11,882,5279,5
os{1234},32465173123121,11,424,2520,4
os{1234},32465173132121,11,576,3429,4
os{1234},32465173133111,11,452,2685,4
os{1234},32465173233221,11,382,2271,3
os{1234},32475161232323,11,1094,6535,4
os{1234},32475163331222,11,460,2728,3
os{1234},32476513232231,11,358,2123,3
os{1234},32517463131311,11,1326,7944,5
os{1234},32546713323212,11,597,3560,4
os{1234},32547611121113,11,770,4606,4
os{1234},32547611131112,11,1176,7024,5
os{1234},32547611213111,11,834,4982,5
os{1234},32547611312111,11,791,4721,4
os{1234},32547612111311,11,650,3874,4
os{1234},32547613111211,11,872,5212,6
os{1234},32561471113133,11,756,4506,4
os{1234},32561471121311,11,1291,7726,5
os{1234},32561471122211,11,1007,6018,5
os{1234},32561471131211,11,785,4692,5
os{1234},32561471211131,11,1001,5981,4
os{1234},32561471311121,11,795,4739,5
os{1234},32561472133313,11,1375,8227,5
os{1234},32561472213122,11,685,4080,4
os{1234},32561473222223,11,458,2727,4
os{1234},32561473323212,11,843,5039,6
os{1234},32567412122222,11,693,4125,4
os{1234},32567412131312,11,938,5609,5
os{1234},32567412222212,11,3377,20235,6
os{1234},32567413131212,11,1321,7906,5
os{1234},32567413133333,11,903,5399,5
os{1234},32576142313223,11,697,4168,5
os{1234},32615473332122,11,492,2931,3
os{1234},32647152133121,11,799,4772,4
os{1234},32647153132121,11,581,3467,4
os{1234},32647512333233,11,1039,6210,4
os{1234},32657143121213,11,2779,16662,8
os{1234},32657412111212,11,673,4008,5
os{1234},32671453123313,11,2561,15361,7
os{1234},32674152113333,11,750,4484,4
os{1234},32714652332132,11,355,2102,4
os{1234},32716452123212,11,1436,8604,5
os{1234},32741651121311,11,1181,7060,4
os{1234},32741651131211,11,871,5203,5
os{1234},32741651211131,11,1520,9101,5
os{1234},32741651311121,11,506,3017,4
os{1234},32741652111113,11,956,5715,5
os{1234},32741653111112,11,994,5946,4
os{1234},32745611223332,11,837,5001,4
os{1234},32745612313322,11,4348,26082,7
os{1234},32745612322331,11,522,3110,4
os{1234},32751643321232,11,498,2966,3
os{1234},32754163211123,11,575,3424,4
os{1234},32756141233121,11,774,4627,5
os{1234},32761452121313,11,395,2350,4
os{1234},32761452122222,11,799,4771,5
os{1234},32761452222212,11,429,2558,4
os{1234},32761453121312,11,1945,11652,5
os{1234},32761453133333,11,746,4452,5
os{1234},32765411112221,11,650,3876,4
os{1234},32765411121113,11,567,3376,4
os{1234},32765411131112,11,1122,6718,5
os{1234},32765411133113,11,692,4117,4
os{1234},32765411331113,11,532,3163,4
os{1234},32765412221312,11,505,3011,4
os{1234},32765412323222,11,875,5235,4
os{1234},32765413122212,11,1596,9560,6
os{1234},32765413223312,11,304,1798,3
os{1234},32765413231223,11,511,3043,4
os{1234},32765413322312,11,290,1705,3
os{1234},34125672131213,11,3273,19625,7
os{1234},34125672131312,11,748,4474,5
os{1234},34125672221222,11,534,3187,4
os{1234},34125673133333,11,534,3184,4
os{1234},34127651121113,11,726,4336,5
os{1234},34127651131112,11,1018,6079,5
os{1234},34127651213111,11,1363,8158,5
os{1234},34127651312111,11,539,3211,4
os{1234},34127652111311,11,837,5006,5
os{1234},34127653111211,11,655,3902,4
os{1234},34162752132212,11,1097,6559,4
os{1234},34165271112212,11,604,3603,4
os{1234},34165271121311,11,893,5348,5
os{1234},34165271131211,11,1706,10217,5
os{1234},34165271211131,11,1329,7960,5
os{1234},34165271311121,11,758,4522,4
os{1234},34165271311133,11,813,4855,5
os{1234},34165272323333,11,2198,13168,6
os{1234},34165273133312,11,1908,11432,6
os{1234},34165273222322,11,337,1993,3
os{1234},34165273311131,11,420,2491,3
os{1234},34167252213323,11,809,4824,4
os{1234},34172562132332,11,639,3815,4
os{1234},34172562313331,11,597,3554,4
os{1234},34175263321232,11,462,2747,4
os{1234},34216572213122,11,806,4820,4
os{1234},34261572132131,11,689,4110,5
os{1234},34261572133121,11,636,3798,5
os{1234},34261573123121,11,471,2801,4
os{1234},34265712212132,11,729,4348,5
os{1234},34275161312213,11,3006,18015,7
os{1234},34275162112322,11,1280,7657,5
os{1234},34275162213221,11,437,2594,3
os{1234},34516271111111,11,752,4496,4
os{1234},34516272312332,11,574,3416,4
os{1234},34516722313223,11,945,5649,4
os{1234},34517622231323,11,556,3314,4
os{1234},34521672223232,11,962,5751,5
os{1234},34526713232312,11,856,5107,5
os{1234},34527612211322,11,1196,7151,5
os{1234},34527612231122,11,1739,10415,5
os{1234},34527612231332,11,500,2983,3
os{1234},34527612331322,11,796,4751,4
os{1234},34527613312133,11,367,2181,3
os{1234},34561272122123,11,560,3336,3
os{1234},34561272122321,11,693,4129,3
os{1234},34561272212213,11,1006,6023,5
os{1234},34561272213122,11,619,3690,4
os{1234},34561272232211,11,1548,9272,5
os{1234},34561273221233,11,583,3474,4
os{1234},34561273233131,11,557,3314,3
os{1234},34561273311233,11,881,5269,5
os{1234},34561273313321,11,543,3234,3
os{1234},34561273321133,11,666,3961,3
os{1234},34561273321223,11,392,2325,4
os{1234},34561721111111,11,1374,8231,6
os{1234},34562171321111,11,660,3933,4
os{1234},34562171321231,11,1153,6894,6
os{1234},34562172232313,11,537,3200,4
os{1234},34567212223232,11,1184,7087,5
os{1234},34617252111212,11,698,4157,4
os{1234},34617252123212,11,1848,11067,6
os{1234},34617252132212,11,803,4794,4
os{1234},34617522221333,11,661,3937,4
os{1234},34621572132131,11,515,3068,4
os{1234},34625172111212,11,700,4173,4
os{1234},34627512232313,11,949,5669,5
os{1234},34651271123111,11,783,4674,4
os{1234},34651272332132,11,384,2283,4
os{1234},34675212222122,11,3837,23014,7
os{1234},34715262221123,11,1278,7647,5
os{1234},34716522223211,11,1462,8757,5
os{1234},34721652121313,11,1886,11302,5
os{1234},34721652131213,11,932,5576,6
os{1234},34721652221222,11,1409,8437,5
os{1234},34721652222212,11,642,3830,4
os{1234},34721653333313,11,515,3066,5
os{1234},34725611212211,11,699,4174,4
os{1234},34725612111113,11,619,3697,5
os{1234},34725612121322,11,3798,22776,6
os{1234},34725612231212,11,1087,6503,5
os{1234},34725612231332,11,345,2055,3
os{1234},34725612322232,11,559,3323,4
os{1234},34725612331322,11,799,4774,4
os{1234},34725613111112,11,618,3690,4
os{1234},34725613111133,11,1013,6061,5
os{1234},34725613132223,11,1007,6019,6
os{1234},34725613311113,11,865,5171,5
os{1234},34761252323222,11,419,2480,3
os{1234},35126741232212,11,598,3569,4
os{1234},35126742231233,11,1997,11972,6
os{1234},35127462331331,11,602,3592,4
os{1234},35162472122231,11,670,3999,4
os{1234},35162472123233,11,1396,8361,6
os{1234},35162473122221,11,518,3090,4
os{1234},35162473323131,11,368,2183,4
os{1234},35162473332122,11,1194,7141,6
os{1234},35162473332131,11,795,4749,5
os{1234},35162742213323,11,1023,6111,4
os{1234},35167242132212,11,1107,6621,5
os{1234},35172461232323,11,698,4171,4
os{1234},35174262213131,11,797,4761,4
os{1234},35174262231113,11,1104,6598,4
os{1234},35246171111111,11,3070,18395,6
os{1234},35246171113322,11,878,5244,4
os{1234},35246172213311,11,808,4831,4
os{1234},35267141223233,11,352,2087,3
os{1234},35267141321132,11,1554,9305,5
os{1234},35271461322233,11,976,5840,5
os{1234},35416721113112,11,517,3081,4
os{1234},35416723232213,11,748,4478,5
os{1234},35417622223133,11,1066,6365,4
os{1234},35426712131132,11,980,5858,5
os{1234},35426712311312,11,423,2508,4
os{1234},35426713111313,11,1040,6213,5
os{1234},35426713131113,11,845,5045,5
os{1234},35426713312211,11,755,4505,4
os{1234},35461271111231,11,1066,6378,5
os{1234},35461271321231,11,671,4002,4
os{1234},35461272222323,11,863,5147,4
os{1234},35462171131313,11,911,5452,5
os{1234},35462171212121,11,936,5592,5
os{1234},35462171221223,11,644,3843,4
os{1234},35462171332331,11,949,5669,5
os{1234},35462172213311,11,1682,10073,6
os{1234},35462172223331,11,767,4577,4
os{1234},35462172312131,11,593,3531,4
os{1234},35462173123211,11,385,2280,3
os{1234},35462173131311,11,799,4767,4
os{1234},35462173221221,11,541,3220,3
os{1234},35462712322322,11,443,2631,4
os{1234},35472163222313,11,400,2371,3
os{1234},35472163231322,11,495,2946,4
os{1234},35476122221111,11,968,5783,5
os{1234},35614722321233,11,467,2779,4
os{1234},35617423131332,11,782,4679,5
os{1234},35624712121232,11,1130,6755,4
os{1234},35624712321212,11,1845,11058,5
os{1234},35624712321332,11,833,4968,5
os{1234},35624712331232,11,363,2152,3
os{1234},35714623111322,11,548,3269,4
os{1234},35721642221213,11,1509,9033,5
os{1234},35762142222113,11,1129,6764,5
os{1234},36125471111333,11,654,3910,5
os{1234},36125471212112,11,885,5279,4
os{1234},36125471213111,11,1200,7176,5
os{1234},36125471222111,11,685,4082,3
os{1234},36125471312111,11,711,4251,4
os{1234},36125472111311,11,1629,9753,6
os{1234},36125472121223,11,1667,9983,6
os{1234},36125473111211,11,393,2340,3
os{1234},36125473232222,11,1152,6889,5
os{1234},36125473323233,11,1064,6366,6
os{1234},36125743222331,11,1004,6009,4
os{1234},36127451333222,11,871,5206,5
os{1234},36145272122222,11,645,3845,5
os{1234},36145272131213,11,995,5943,5
os{1234},36145272131312,11,3176,19041,7
os{1234},36145273333313,11,1252,7498,6
os{1234},36147251121311,11,622,3715,4
os{1234},36147251131211,11,942,5624,4
os{1234},36147251211131,11,737,4404,4
os{1234},36147251311121,11,1131,6769,5
os{1234},36147252111113,11,962,5749,5
os{1234},36147253111112,11,582,3463,4
os{1234},36152741231312,11,921,5518,5
os{1234},36152742131321,11,1110,6639,5
os{1234},36172452133133,11,1009,6025,3
os{1234},36217452131333,11,1442,8635,7
os{1234},36217541223311,11,679,4047,5
os{1234},36217543213112,11,698,4163,5
os{1234},36241573212332,11,679,4053,4
os{1234},36241753212311,11,703,4189,4
os{1234},36415272123212,11,488,2898,4
os{1234},36417522123311,11,1020,6099,5
os{1234},36514272212111,11,1610,9641,5
os{1234},36521472113321,11,1827,10950,7
os{1234},36521472331121,11,317,1874,3
os{1234},36527411131133,11,528,3153,4
os{1234},36527412111113,11,541,3231,5
os{1234},36527412131222,11,1052,6293,4
os{1234},36527412211322,11,1612,9653,4
os{1234},36527412221312,11,1063,6359,4
os{1234},36527412231122,11,795,4749,4
os{1234},36527412322232,11,655,3913,5
os{1234},36527413111112,11,529,3147,4
os{1234},36527413311311,11,513,3044,4
os{1234},36541272323222,11,547,3253,4
os{1234},36542712121322,11,632,3771,5
os{1234},36547212121313,11,2607,15631,6
os{1234},36547212122222,11,3397,20358,6
os{1234},36547212131312,11,1293,7734,5
os{1234},36547212221222,11,721,4296,4
os{1234},36547213331333,11,734,4381,4
os{1234},36712542121112,11,908,5425,4
os{1234},36712542121121,11,1202,7192,5
os{1234},36712542121211,11,982,5862,4
os{1234},36712542122111,11,731,4357,3
os{1234},36714252232223,11,721,4301,5
os{1234},36714521232113,11,684,4090,3
os{1234},36714522121322,11,2409,14445,7
os{1234},36714522122213,11,461,2745,4
os{1234},36714523132223,11,536,3188,4
os{1234},36714523132322,11,488,2896,4
os{1234},36721451131331,11,740,4426,5
os{1234},36721452121322,11,659,3933,4
os{1234},36721452122123,11,639,3807,4
os{1234},36721452122213,11,1538,9206,6
os{1234},36721452122321,11,574,3424,4
os{1234},36721452131111,11,991,5924,5
os{1234},36721452223232,11,1174,7021,5
os{1234},36721453113113,11,746,4452,4
os{1234},36721453121111,11,547,3266,4
os{1234},36725411121212,11,429,2549,3
os{1234},36725411131313,11,316,1871,3
os{1234},36725411212121,11,317,1874,3
os{1234},36725411313131,11,651,3882,4
os{1234},36725412111212,11,1216,7265,5
os{1234},36725412121112,11,3985,23888,7
os{1234},36725412121211,11,361,2135,3
os{1234},36725412121232,11,1097,6551,5
os{1234},36725412123212,11,430,2546,3
os{1234},36725412321212,11,2247,13460,5
os{1234},36725413111313,11,1045,6249,5
os{1234},36725413131113,11,881,5270,6
os{1234},36725413131311,11,460,2745,3
os{1234},36741252122123,11,655,3898,3
os{1234},36741252122321,11,1944,11636,5
os{1234},36741252122333,11,1062,6350,5
os{1234},36741252123323,11,838,5000,4
os{1234},36741253233131,11,612,3644,3
os{1234},36745211211221,11,599,3568,5
os{1234},36745212121223,11,867,5180,5
os{1234},36745212122312,11,831,4976,5
os{1234},36745212122333,11,506,3016,4
os{1234},36745212123323,11,496,2954,4
os{1234},36745212131111,11,661,3943,5
os{1234},36745212223232,11,1779,10653,5
os{1234},36745213121111,11,607,3619,5
os{1234},36745213131131,11,381,2254,3
os{1234},36745213133111,11,660,3931,5
os{1234},36745213232213,11,470,2797,5
os{1234},36751243222322,11,290,1723,3
os{1234},36752142122132,11,775,4625,4
os{1234},36752142123221,11,509,3030,3
os{1234},36752143132232,11,786,4695,5
os{1234},36752143133222,11,423,2518,4
os{1234},36752143211132,11,962,5749,4
os{1234},36754123232222,11,933,5577,4
os{1234},37246511112233,11,639,3821,4
os{1234},37256142321233,11,640,3815,4
os{1234},37415622333221,11,808,4827,4
os{1234},37426513132313,11,516,3072,4
os{1234},37452162323312,11,339,2009,4
os{1234},37516422333311,11,920,5501,5
os{1234},37561241311112,11,819,4890,4
os{1234},37612453122233,11,589,3512,4
os{1234},37612542221111,11,975,5824,4
os{1234},37614252221123,11,740,4411,5
os{1234},37614521111111,11,1339,8015,5
os{1234},37614521323232,11,1107,6622,5
os{1234},37614522111221,11,581,3465,4
os{1234},37614522113321,11,900,5384,4
os{1234},37614522313322,11,784,4682,5
os{1234},37614522323312,11,519,3090,5
os{1234},37614523232213,11,778,4647,4
os{1234},37615421113322,11,1444,8647,6
os{1234},37615422211133,11,2833,16981,6
os{1234},37615422223133,11,1326,7939,5
os{1234},37615422313121,11,949,5671,5
os{1234},37615422313331,11,803,4801,5
os{1234},37615423121132,11,376,2236,4
os{1234},37624152311213,11,529,3150,4
os{1234},37624511232233,11,1023,6120,5
os{1234},37624512121322,11,4439,26622,7
os{1234},37624512231212,11,605,3609,4
os{1234},37624513131323,11,710,4239,4
os{1234},37624513231313,11,923,5522,5
os{1234},37641252222323,11,1228,7346,5
os{1234},37642152213311,11,2755,16506,6
os{1234},37642513122221,11,520,3101,4
os{1234},37645122312221,11,481,2858,5
os{1234},37651242211133,11,1547,9260,6
os{1234},37651422312311,11,1337,8004,5
os{1234},37652141113232,11,1092,6534,6
os{1234},37652143231322,11,448,2662,4
os{1234},37654212311222,11,1041,6225,5
os{1234},41236753232321,11,776,4635,4
os{1234},41237561313131,11,1783,10683,6
os{1234},41263751312222,11,1438,8615,5
os{1234},41325671212211,11,1424,8525,5
os{1234},41325762313223,11,410,2436,4
os{1234},41325763131233,11,626,3732,5
os{1234},41352671212112,11,773,4617,5
os{1234},41352671212121,11,1741,10428,5
os{1234},41352671222111,11,419,2496,4
os{1234},41357622313112,11,460,2733,3
os{1234},41367253111133,11,1087,6497,5
os{1234},41532672313211,11,1564,9372,5
os{1234},41532761233133,11,758,4528,4
os{1234},41563273113311,11,751,4482,5
os{1234},41576322212222,11,1407,8431,7
os{1234},41625372313211,11,1918,11496,5
os{1234},41625373121213,11,4278,25655,7
os{1234},41625731222231,11,260,1542,3
os{1234},41635721212121,11,1474,8826,4
os{1234},41657321222312,11,532,3169,4
os{1234},41673252212222,11,589,3509,4
os{1234},41673521111111,11,1452,8700,6
os{1234},41723562313211,11,6101,36596,7
os{1234},41725361232113,11,886,5292,5
os{1234},41725361321213,11,981,5864,5
os{1234},41725362221213,11,1225,7339,5
os{1234},41725362313211,11,750,4475,5
os{1234},41725362313223,11,1543,9236,5
os{1234},41725363121222,11,1140,6820,5
os{1234},41725363121231,11,409,2429,4
os{1234},41725631111111,11,1431,8576,6
os{1234},41725631211122,11,901,5389,5
os{1234},41725632322331,11,493,2936,4
os{1234},41725633111133,11,1078,6451,6
os{1234},41725633121123,11,1122,6707,5
os{1234},41725633211111,11,443,2638,3
os{1234},41726352313322,11,1229,7355,6
os{1234},41726532312233,11,1081,6462,4
os{1234},41735261323313,11,468,2786,3
os{1234},41735262312233,11,1015,6077,5
os{1234},41735263123223,11,839,5021,5
os{1234},41735621233232,11,362,2139,3
os{1234},41735622313322,11,3589,21523,8
os{1234},41736521233232,11,410,2442,3
os{1234},41736522332231,11,657,3924,5
os{1234},41752631222123,11,1167,6978,6
os{1234},41752632311123,11,1519,9096,6
os{1234},41752632312323,11,1853,11105,6
os{1234},41752632313211,11,3825,22931,6
os{1234},41756231321213,11,1270,7605,5
os{1234},41756233121231,11,698,4164,4
os{1234},41762532221333,11,751,4488,4
os{1234},41762533123331,11,910,5434,4
os{1234},41765231233232,11,370,2201,4
os{1234},41765322221312,11,673,4019,4
os{1234},41765322313211,11,1461,8746,5
os{1234},41765323122212,11,815,4874,4
os{1234},42136752131312,11,762,4548,4
os{1234},42137561123333,11,699,4169,4
os{1234},42137653122131,11,565,3365,3
os{1234},42137653132121,11,530,3151,4
os{1234},42157633231322,11,1108,6634,5
os{1234},42163751121212,11,796,4755,5
os{1234},42165373223123,11,306,1809,3
os{1234},42167532131333,11,1098,6570,5
os{1234},42315673112111,11,684,4086,5
os{1234},42351671212211,11,620,3698,4
os{1234},42351763231133,11,1319,7893,5
os{1234},42367153111121,11,510,3031,4
os{1234},42367153211123,11,530,3156,4
os{1234},42516372233111,11,1140,6827,5
os{1234},42561733323122,11,488,2902,4
os{1234},42573612323231,11,746,4448,4
os{1234},42573613322231,11,799,4775,5
os{1234},42613572313211,11,2947,17669,7
os{1234},42615371313332,11,805,4810,4
os{1234},42615372213311,11,1640,9824,6
os{1234},42615372221213,11,2360,14143,7
os{1234},42615372313211,11,824,4928,4
os{1234},42651372213311,11,1000,5982,5
os{1234},42651733311122,11,940,5618,4
os{1234},42673512232133,11,874,5217,4
os{1234},42751632321233,11,1120,6705,5
os{1234},42751632323231,11,1185,7089,6
os{1234},43126572133313,11,388,2297,3
os{1234},43167251232212,11,807,4817,5
os{1234},43176252123131,11,1514,9057,5
os{1234},43176252311132,11,787,4695,4
os{1234},43216573132121,11,390,2318,4
os{1234},43216573132223,11,1313,7859,5
os{1234},43216573212311,11,506,3015,4
os{1234},43216573212332,11,991,5929,5
os{1234},43512671313332,11,578,3442,4
os{1234},43527612312323,11,740,4414,5
os{1234},43561271111111,11,2356,14120,6
os{1234},43571262122222,11,512,3048,4
os{1234},43572161111111,11,2061,12350,6
os{1234},43572612312323,11,2475,14837,6
os{1234},43576211123222,11,615,3672,4
os{1234},43576212112232,11,528,3156,4
os{1234},43615271333312,11,375,2223,3
os{1234},43615272113321,11,886,5287,5
os{1234},43617521223221,11,435,2589,3
os{1234},43621752213323,11,866,5166,4
os{1234},43651722323132,11,734,4372,4
os{1234},43675122222122,11,1901,11392,7
os{1234},43675211221331,11,378,2236,4
os{1234},43721653231313,11,666,3971,5
os{1234},43751623123313,11,2804,16817,8
os{1234},43765212222122,11,2412,14467,7
os{1234},45167323322231,11,615,3665,5
os{1234},45176231131313,11,2799,16762,4
os{1234},45176231133113,11,1053,6289,5
os{1234},45176231331113,11,801,4774,3
os{1234},45176233131113,11,1475,8824,5
os{1234},45176321131133,11,692,4134,4
os{1234},45213672221123,11,1462,8748,6
os{1234},45273162222122,11,837,4998,5
os{1234},45276131131133,11,1026,6144,4
os{1234},45312671222312,11,426,2526,4
os{1234},45312672223331,11,1450,8679,5
os{1234},45312672233321,11,1573,9419,6
os{1234},45312672313211,11,2541,15231,5
os{1234},45312673132313,11,1249,7477,6
os{1234},45312673222112,11,460,2737,4
os{1234},45312673231313,11,716,4270,4
os{1234},45312761113211,11,1673,10025,6
os{1234},45312761133311,11,620,3695,4
os{1234},45312762221111,11,642,3828,4
os{1234},45312762311111,11,1549,9276,6
os{1234},45321671212211,11,1079,6464,5
os{1234},45321671221121,11,328,1936,3
os{1234},45321673113311,11,1445,8646,4
os{1234},45327612222323,11,559,3326,4
os{1234},45362712122222,11,2826,16940,7
os{1234},45367122223133,11,1682,10075,6
os{1234},45367211111132,11,1997,11972,6
os{1234},45367211211122,11,1483,8886,6
os{1234},45367213111133,11,684,4081,4
os{1234},45376121131133,11,1069,6393,4
os{1234},45376121331311,11,717,4285,4
os{1234},45376211333123,11,418,2490,4
os{1234},45376213131323,11,566,3379,4
os{1234},45376213333322,11,545,3246,4
os{1234},45612371133221,11,685,4081,3
os{1234},45612372331121,11,416,2462,3
os{1234},45612373112231,11,1039,6213,5
os{1234},45612373132121,11,422,2513,4
os{1234},45612373132223,11,526,3132,4
os{1234},45612373322111,11,596,3546,4
os{1234},45612373332122,11,559,3336,5
os{1234},45612373332221,11,619,3690,3
os{1234},45613271331221,11,262,1540,3
os{1234},45613272233111,11,926,5538,5
os{1234},45621373123331,11,430,2559,3
os{1234},45621373211111,11,663,3952,3
os{1234},45621732212123,11,559,3336,4
os{1234},45621732233333,11,1562,9360,5
os{1234},45623712332123,11,511,3049,4
os{1234},45623713322321,11,411,2437,4
os{1234},45637123132121,11,465,2770,4
os{1234},45637123332122,11,534,3179,4
os{1234},45671231132231,11,394,2348,4
os{1234},45671233112132,11,630,3746,4
os{1234},45673212212132,11,514,3065,4
os{1234},45673213211222,11,1568,9393,5
os{1234},45713623223132,11,542,3236,5
os{1234},45721363321313,11,1200,7174,7
os{1234},45721363322231,11,610,3639,4
os{1234},45732612233321,11,655,3913,5
os{1234},45736121122211,11,1220,7304,4
os{1234},46123571111111,11,1921,11505,6
os{1234},46123573232123,11,2144,12851,5
os{1234},46125731333123,11,511,3038,3
os{1234},46127351131313,11,770,4592,5
os{1234},46127352131333,11,2090,12526,7
os{1234},46127353131323,11,880,5254,4
os{1234},46135272133313,11,1845,11050,7
os{1234},46153273131131,11,809,4840,4
os{1234},46157233333232,11,909,5439,5
os{1234},46157321331233,11,514,3066,5
os{1234},46215372121223,11,1001,5987,5
os{1234},46215372313211,11,1559,9334,6
os{1234},46257132211133,11,1167,6985,5
os{1234},46257313312211,11,2412,14453,5
os{1234},46273512122312,11,1609,9644,7
os{1234},46273513221212,11,1464,8768,7
os{1234},46275311123222,11,461,2741,3
os{1234},46275312112232,11,839,5018,5
os{1234},46275312132212,11,965,5770,5
os{1234},46275312232133,11,2696,16155,6
os{1234},46275312313211,11,1266,7580,6
os{1234},46275313121222,11,1310,7846,5
os{1234},46275313312211,11,1215,7265,5
os{1234},46321752111131,11,484,2881,4
os{1234},46352171211233,11,489,2910,4
os{1234},46352172113231,11,829,4953,5
os{1234},46372511221331,11,545,3244,4
os{1234},46375211211332,11,410,2434,4
os{1234},46375212113111,11,488,2913,4
os{1234},46375212132131,11,489,2911,4
os{1234},46375212132221,11,544,3245,4
os{1234},46375212332222,11,1327,7944,6
os{1234},46375213112111,11,584,3480,4
os{1234},46375213123121,11,521,3105,4
os{1234},46375213333121,11,493,2934,4
os{1234},46512371331221,11,321,1909,4
os{1234},46512372113321,11,1983,11874,7
os{1234},46513272332111,11,505,3003,4
os{1234},46513273113221,11,380,2257,4
os{1234},46523711331332,11,419,2488,3
os{1234},46527133111121,11,364,2154,3
os{1234},46572311223122,11,486,2888,3
os{1234},46572312132122,11,490,2911,3
os{1234},46721533123313,11,611,3637,4
os{1234},47123562232133,11,2063,12357,6
os{1234},47123651233232,11,346,2044,3
os{1234},47126351233232,11,410,2438,3
os{1234},47126532133133,11,2092,12539,6
os{1234},47132562311111,11,1284,7680,6
os{1234},47132563222331,11,739,4413,4
os{1234},47132652233321,11,2787,16706,6
os{1234},47135622132332,11,861,5152,5
os{1234},47136252133112,11,580,3453,3
os{1234},47152361233232,11,330,1964,4
os{1234},47152631322131,11,783,4669,5
os{1234},47156231332313,11,1232,7381,5
os{1234},47156233211132,11,1371,8206,5
os{1234},47156233223312,11,537,3204,4
os{1234},47156233233113,11,438,2608,4
os{1234},47156233322312,11,650,3882,4
os{1234},47156321111111,11,1379,8257,5
os{1234},47156321133311,11,1684,10081,5
os{1234},47156322132311,11,756,4521,5
os{1234},47156322313232,11,378,2238,4
os{1234},47156322332132,11,613,3651,5
os{1234},47156322332312,11,501,2987,4
os{1234},47156323223123,11,465,2757,4
os{1234},47162351322122,11,565,3368,4
os{1234},47163522131222,11,1117,6680,5
os{1234},47165321232113,11,1039,6210,6
os{1234},47165321322131,11,965,5769,5
os{1234},47165322132212,11,2596,15562,7
os{1234},47165322133112,11,762,4544,3
os{1234},47165322232133,11,2774,16620,6
os{1234},47165322313211,11,1173,7022,6
os{1234},47216352131333,11,2052,12304,7
os{1234},47251363131113,11,685,4085,5
os{1234},47251632131312,11,2300,13784,8
os{1234},47256133212311,11,706,4211,4
os{1234},47256133321232,11,897,5355,5
os{1234},47265312122222,11,4232,25379,7
os{1234},47265312131312,11,689,4124,5
os{1234},47265312313211,11,2767,16587,6
os{1234},47321651311133,11,491,2924,5
os{1234},47352612123131,11,1389,8315,6
os{1234},47352612311132,11,762,4556,5
os{1234},47352612313211,11,1485,8895,5
os{1234},47512632312323,11,771,4606,4
os{1234},47621532232331,11,390,2314,4
os{1234},47621533231121,11,822,4902,5
os{1234},47632152233321,11,635,3787,4
os{1234},47632153212311,11,644,3838,4
os{1234},47632153232321,11,797,4759,5
os{1234},47632513212332,11,493,2937,4
os{1234},47652132231323,11,1095,6554,5
os{1234},47653213211231,11,791,4724,4
os{1234},47653213232111,11,894,5342,6
os{1234},51264731113322,11,508,3023,4
os{1234},51264732213311,11,663,3950,3
os{1234},51267342312233,11,1223,7324,5
os{1234},51324671211122,11,492,2930,4
os{1234},51324672212111,11,751,4490,5
os{1234},51324673113311,11,1201,7185,5
os{1234},51324761111123,11,623,3711,4
os{1234},51324763113332,11,557,3320,5
os{1234},51342672212111,11,1097,6560,5
os{1234},51342763312223,11,14015,84075,7
os{1234},51367241211113,11,420,2500,4
os{1234},51423671221331,11,323,1914,4
os{1234},51426731111111,11,2173,13016,6
os{1234},51426733312211,11,363,2152,3
os{1234},51472361131313,11,493,2931,3
os{1234},51472633331312,11,2741,16434,8
os{1234},51623471321111,11,704,4194,4
os{1234},51623743313321,11,645,3845,4
os{1234},51624731312123,11,652,3885,5
os{1234},51624733323113,11,602,3601,4
os{1234},51632741323232,11,558,3322,4
os{1234},51642371122313,11,2069,12399,7
os{1234},51642731113322,11,2506,15025,6
os{1234},51647231113232,11,1120,6709,6
os{1234},51723643131311,11,926,5530,5
os{1234},51724362122222,11,1006,6013,4
os{1234},51724363121213,11,1438,8614,6
os{1234},51726433123313,11,669,3994,4
os{1234},51732643121213,11,781,4661,4
os{1234},51742632323231,11,524,3124,4
os{1234},51742632323333,11,841,5025,4
os{1234},52134761232113,11,641,3827,4
os{1234},52147631121311,11,836,5001,4
os{1234},52147631131211,11,825,4932,4
os{1234},52147631211131,11,665,3961,4
os{1234},52147631311121,11,969,5799,5
os{1234},52147632111113,11,826,4924,4
os{1234},52147633111112,11,1270,7609,5
os{1234},52163471112122,11,612,3645,5
os{1234},52163471213111,11,565,3369,4
os{1234},52163471312111,11,1450,8686,6
os{1234},52163471333123,11,341,2023,4
os{1234},52163472111311,11,383,2272,3
os{1234},52163472131222,11,1090,6509,5
os{1234},52163473111211,11,1635,9790,5
os{1234},52163473111331,11,513,3054,4
os{1234},52163473221323,11,603,3589,4
os{1234},52163473323332,11,691,4115,3
os{1234},52167342121232,11,524,3126,5
os{1234},52167432121313,11,437,2593,3
os{1234},52167432122222,11,599,3577,4
os{1234},52167432131213,11,691,4119,4
os{1234},52167433133333,11,1167,6987,6
os{1234},52167433331333,11,2829,16960,6
os{1234},52174633223123,11,752,4490,4
os{1234},52314673311311,11,1736,10410,6
os{1234},52314761322122,11,587,3501,4
os{1234},52341671111111,11,2567,15392,6
os{1234},52341671122211,11,534,3182,4
os{1234},52341671311313,11,998,5959,5
os{1234},52341672211112,11,670,4007,4
os{1234},52341672232313,11,964,5766,6
os{1234},52341672323222,11,788,4698,4
os{1234},52341672323312,11,581,3464,4
os{1234},52341673133111,11,802,4786,5
os{1234},52341673232213,11,449,2667,4
os{1234},52341673232333,11,737,4399,4
os{1234},52341673323212,11,920,5492,5
os{1234},52361472121313,11,672,4018,4
os{1234},52361472131312,11,858,5139,6
os{1234},52367142211121,11,1329,7953,6
os{1234},52367412322232,11,873,5209,4
os{1234},52374161112323,11,1005,6011,5
os{1234},52376413222223,11,364,2153,4
os{1234},52463173212332,11,813,4860,4
os{1234},52463713212332,11,701,4176,4
os{1234},52471631223113,11,468,2780,3
os{1234},52471631323112,11,680,4055,4
os{1234},52614372313211,11,1119,6700,5
os{1234},52641733212311,11,1296,7760,5
os{1234},52641733232321,11,868,5182,5
os{1234},52673413232123,11,520,3102,5
os{1234},52713461232323,11,925,5523,6
os{1234},52714361232113,11,902,5392,4
os{1234},52714633213223,11,403,2390,3
os{1234},52714633223123,11,800,4777,5
os{1234},52731641233112,11,458,2730,4
os{1234},52731641323112,11,437,2595,3
os{1234},52736141322233,11,1489,8914,5
os{1234},52741362313211,11,682,4075,5
os{1234},52741362313223,11,575,3440,5
os{1234},52741632122333,11,1037,6201,5
os{1234},52741632123323,11,1554,9306,5
os{1234},52741632212213,11,1343,8044,5
os{1234},52741632212231,11,608,3622,4
os{1234},52741632232211,11,559,3328,4
os{1234},52741633221233,11,496,2947,3
os{1234},52741633313312,11,369,2187,3
os{1234},52741633313321,11,970,5792,5
os{1234},52741633321223,11,1419,8497,5
os{1234},52741633323311,11,603,3597,4
os{1234},52743611111213,11,814,4867,5
os{1234},52743611111312,11,651,3892,5
os{1234},52743611112131,11,806,4819,4
os{1234},52743611113121,11,651,3883,4
os{1234},52743612131111,11,600,3571,4
os{1234},52743613121111,11,586,3492,4
os{1234},52761431111213,11,530,3168,5
os{1234},52761431111312,11,670,4009,5
os{1234},52761431112131,11,773,4614,5
os{1234},52761431113121,11,660,3933,4
os{1234},52761432131111,11,558,3326,3
os{1234},52761433121111,11,750,4481,5
os{1234},52763143222331,11,1156,6927,5
os{1234},52763411222312,11,1486,8893,5
os{1234},52763411333123,11,383,2274,4
os{1234},52763413222112,11,586,3496,4
os{1234},52763413223312,11,846,5050,3
os{1234},52763413322312,11,1149,6865,4
os{1234},53126471231231,11,945,5645,4
os{1234},53126471231321,11,465,2763,3
os{1234},53126471321321,11,433,2568,4
os{1234},53146272123233,11,1319,7886,5
os{1234},53147262123131,11,464,2763,4
os{1234},53162743312223,11,6845,41049,7
os{1234},53274163211222,11,1660,9937,6
os{1234},53421671321111,11,768,4588,4
os{1234},53421671321231,11,485,2884,4
os{1234},53426171112233,11,984,5881,4
os{1234},53462711113322,11,1776,10642,6
os{1234},53467211321111,11,451,2679,4
os{1234},53476121323112,11,631,3771,4
os{1234},53476121323322,11,777,4647,5
os{1234},53614721212121,11,1171,7002,5
os{1234},53621471331221,11,537,3200,4
os{1234},53642171111111,11,1520,9098,6
os{1234},53672142221213,11,3505,21016,7
os{1234},53714622233111,11,862,5155,5
os{1234},53721463223312,11,509,3020,3
os{1234},53724612121112,11,549,3273,5
os{1234},53726143333121,11,634,3772,4
os{1234},53741621323112,11,665,3965,4
os{1234},53741621332112,11,691,4136,5
os{1234},53742612323333,11,482,2871,4
os{1234},53761242121211,11,417,2471,4
os{1234},53761242221213,11,1829,10956,7
os{1234},53761242321212,11,495,2933,4
os{1234},53762143222331,11,325,1931,3
os{1234},53762413322123,11,602,3598,4
os{1234},54123673233323,11,787,4695,5
os{1234},54126371331221,11,497,2957,4
os{1234},54127632131213,11,1485,8888,5
os{1234},54127632222212,11,756,4520,5
os{1234},54127633131212,11,2771,16609,6
os{1234},54127633133333,11,3780,22668,6
os{1234},54127633333313,11,1058,6336,6
os{1234},54163271133221,11,845,5046,4
os{1234},54163272233111,11,811,4840,5
os{1234},54167231121113,11,470,2799,4
os{1234},54167231131112,11,916,5482,6
os{1234},54167231221211,11,522,3114,4
os{1234},54167231333213,11,613,3649,4
os{1234},54167232112112,11,456,2706,3
os{1234},54167232133313,11,4433,26583,6
os{1234},54167232333113,11,380,2251,4
os{1234},54167233232333,11,722,4311,5
os{1234},54167233331213,11,1062,6345,4
os{1234},54172633132313,11,558,3320,5
os{1234},54217362233213,11,878,5241,4
os{1234},54217632132212,11,2719,16296,7
os{1234},54231671123111,11,1017,6079,5
os{1234},54231673123121,11,339,2003,3
os{1234},54261373123121,11,232,1361,3
os{1234},54261732231233,11,588,3512,4
os{1234},54276132233312,11,484,2879,4
os{1234},54312671131331,11,560,3331,4
os{1234},54312672212111,11,596,3557,4
os{1234},54312673311311,11,932,5571,4
os{1234},54317261113112,11,880,5265,6
os{1234},54317621111222,11,612,3653,5
os{1234},54321672212213,11,1617,9675,5
os{1234},54321672212231,11,947,5658,4
os{1234},54321672232211,11,791,4728,5
os{1234},54321673313312,11,1118,6685,4
os{1234},54321673313321,11,2661,15949,5
os{1234},54321673323311,11,639,3814,3
os{1234},54321761211221,11,624,3720,4
os{1234},54321763113113,11,969,5791,4
os{1234},54326171111231,11,1282,7672,5
os{1234},54326171112233,11,334,1985,4
os{1234},54326171321231,11,754,4505,5
os{1234},54326711112212,11,511,3038,3
os{1234},54327612223232,11,888,5299,5
os{1234},54361272223232,11,809,4832,5
os{1234},54362171113133,11,578,3446,5
os{1234},54362711111231,11,473,2818,5
os{1234},54362711323112,11,818,4890,4
os{1234},54367121112212,11,1308,7833,5
os{1234},54367121113211,11,388,2298,3
os{1234},54367121113331,11,818,4892,4
os{1234},54367122211121,11,923,5514,4
os{1234},54367122311111,11,791,4726,4
os{1234},54367123311113,11,682,4061,4
os{1234},54367211132222,11,1658,9928,5
os{1234},54367211213333,11,455,2712,3
os{1234},54367211222132,11,448,2663,3
os{1234},54367211333213,11,586,3490,4
os{1234},54367212211322,11,1152,6888,5
os{1234},54367212231122,11,1263,7566,6
os{1234},54367212233213,11,514,3058,3
os{1234},54367212332213,11,567,3379,3
os{1234},54367212333113,11,437,2593,3
os{1234},54367213112222,11,838,5005,4
os{1234},54367213312133,11,1621,9694,5
os{1234},54371261113331,11,561,3339,4
os{1234},54371621113112,11,811,4843,4
os{1234},54371621113322,11,453,2703,5
os{1234},54376121322233,11,1147,6862,4
os{1234},54376211111132,11,870,5199,4
os{1234},54376211111222,11,691,4131,5
os{1234},54376211113133,11,1023,6128,5
os{1234},54612371112311,11,1749,10477,5
os{1234},54612372222131,11,554,3297,4
os{1234},54612732112223,11,1407,8429,6
os{1234},54612733322213,11,473,2813,3
os{1234},54621371133311,11,700,4189,5
os{1234},54621372211121,11,773,4612,5
os{1234},54637211132111,11,502,2989,4
os{1234},54671232221213,11,3096,18555,7
os{1234},54712361323313,11,754,4506,4
os{1234},54712362223322,11,947,5656,5
os{1234},54716232222113,11,466,2771,4
os{1234},54716321112323,11,1613,9662,6
os{1234},54716322313223,11,1541,9230,6
os{1234},54721631111111,11,4034,24186,6
os{1234},54721631122121,11,955,5711,5
os{1234},54721631311133,11,1581,9469,6
os{1234},54721632133232,11,640,3822,5
os{1234},54721632212222,11,904,5400,4
os{1234},54721632212231,11,445,2647,4
os{1234},54721633231322,11,660,3938,4
os{1234},54721633313321,11,532,3168,4
os{1234},54721633333331,11,748,4460,5
os{1234},54723612131312,11,1408,8434,5
os{1234},54723612221222,11,850,5077,4
os{1234},54723612222212,11,2134,12789,5
os{1234},54723613121312,11,3754,22511,7
os{1234},54723613333313,11,1621,9716,5
os{1234},54761233322321,11,493,2944,4
os{1234},54763212322232,11,1049,6281,5
os{1234},56123471222312,11,646,3857,4
os{1234},56123471223221,11,675,4027,5
os{1234},56123471331332,11,630,3765,3
os{1234},56123471333123,11,423,2506,3
os{1234},56123472322121,11,708,4224,4
os{1234},56123472331331,11,728,4341,5
os{1234},56123473133132,11,744,4444,3
os{1234},56123473133231,11,347,2059,3
os{1234},56123473222112,11,564,3359,3
os{1234},56123473223312,11,591,3522,5
os{1234},56123473322312,11,445,2646,3
os{1234},56124371111231,11,590,3508,4
os{1234},56124371232323,11,974,5823,5
os{1234},56127433332323,11,1360,8140,5
os{1234},56132472333332,11,415,2463,3
os{1234},56132473211111,11,1157,6932,6
os{1234},56132473213211,11,532,3175,4
os{1234},56143273332323,11,1642,9838,5
os{1234},56147231222132,11,1104,6607,5
os{1234},56147231333213,11,484,2871,3
os{1234},56147232233213,11,1987,11892,5
os{1234},56147232332213,11,935,5580,4
os{1234},56147232333113,11,700,4167,4
os{1234},56147322333233,11,381,2264,3
os{1234},56173421113112,11,711,4248,4
os{1234},56174232323333,11,969,5794,5
os{1234},56174321232113,11,1708,10243,7
os{1234},56213471111111,11,2023,12127,6
os{1234},56213743313333,11,3002,17990,8
os{1234},56243173133111,11,715,4268,4
os{1234},56243713121333,11,821,4907,5
os{1234},56247132333233,11,682,4079,4
os{1234},56271433111313,11,3376,20238,7
os{1234},56271433123313,11,934,5580,4
os{1234},56271433132313,11,538,3210,4
os{1234},56274132331133,11,580,3459,4
os{1234},56274312313211,11,1551,9289,6
os{1234},56321473233323,11,783,4678,5
os{1234},56321742211112,11,1415,8474,5
os{1234},56324171221331,11,817,4880,5
os{1234},56327411211332,11,339,2007,3
os{1234},56327413213112,11,475,2821,4
os{1234},56341273121213,11,1199,7176,6
os{1234},56341273131212,11,2326,13935,6
os{1234},56347122333233,11,617,3680,4
os{1234},56347211213111,11,486,2888,4
os{1234},56347211222132,11,456,2706,4
os{1234},56347211312111,11,1071,6402,5
os{1234},56347211331131,11,724,4316,5
os{1234},56347212111221,11,574,3422,3
os{1234},56347212111311,11,1212,7251,4
os{1234},56347212123233,11,600,3572,3
os{1234},56347212232223,11,407,2421,3
os{1234},56347213111211,11,575,3426,4
os{1234},56347213131332,11,688,4107,4
os{1234},56423171231231,11,619,3695,4
os{1234},56423171231321,11,726,4341,5
os{1234},56423171321321,11,657,3929,5
os{1234},56423172112121,11,867,5184,5
os{1234},56423173132121,11,654,3902,4
os{1234},56423173133111,11,776,4624,4
os{1234},56432713122122,11,868,5186,5
os{1234},56712341232113,11,543,3227,4
os{1234},56712343211123,11,1083,6466,4
os{1234},56721343123331,11,717,4279,5
os{1234},56721432312233,11,815,4865,5
os{1234},56723411113313,11,742,4430,5
os{1234},56723411121113,11,637,3807,5
os{1234},56723411131112,11,1004,6006,5
os{1234},56723411222312,11,414,2460,4
os{1234},56723412122312,11,867,5177,4
os{1234},56723412323222,11,710,4228,4
os{1234},56723413221212,11,1876,11231,6
os{1234},56723413222112,11,305,1809,4
os{1234},56723413331111,11,473,2801,4
os{1234},56732143122113,11,660,3931,4
os{1234},56741231121311,11,726,4333,5
os{1234},56741231131211,11,892,5335,5
os{1234},56741231211131,11,1108,6628,5
os{1234},56741231311121,11,844,5035,4
os{1234},56741232111113,11,1268,7583,5
os{1234},56741233111112,11,880,5263,5
os{1234},56743212122222,11,1145,6855,6
os{1234},56743212221222,11,2969,17803,6
os{1234},56743213121213,11,1712,10251,4
os{1234},56743213121312,11,815,4869,4
os{1234},56743213331333,11,2800,16786,6
os{1234},57123461111111,11,6658,39925,6
os{1234},57164322131312,11,1034,6181,6
os{1234},57214361323232,11,468,2788,4
os{1234},57214632212213,11,885,5276,4
os{1234},57236141113232,11,537,3206,4
os{1234},57236141322233,11,438,2603,5
os{1234},57236141323232,11,1140,6817,4
os{1234},57241631322113,11,629,3753,5
os{1234},57241631323112,11,467,2772,4
os{1234},57246131112233,11,1330,7963,5
os{1234},57264132111323,11,853,5083,4
os{1234},57321641311112,11,445,2644,4
os{1234},57321642311132,11,2541,15227,6
os{1234},57364212213311,11,1520,9104,4
os{1234},57364212313211,11,4513,27058,7
os{1234},57364213332122,11,582,3470,4
os{1234},57642311113322,11,1238,7410,5
os{1234},61234572231323,11,1090,6525,4
os{1234},61234573232213,11,592,3530,5
os{1234},61235741313131,11,899,5368,4
os{1234},61257343232123,11,455,2709,4
os{1234},61274351313131,11,755,4508,5
os{1234},61274532231323,11,945,5646,4
os{1234},61352472233321,11,618,3679,4
os{1234},61352472313211,11,12377,74247,6
os{1234},61452731311313,11,435,2588,3
os{1234},61453721111111,11,966,5782,6
os{1234},61453721311112,11,402,2391,3
os{1234},61453723111121,11,892,5338,5
os{1234},61472532123332,11,406,2412,3
os{1234},61472533112111,11,869,5182,4
os{1234},61527431111111,11,855,5106,5
os{1234},61534272311132,11,866,5168,5
os{1234},61534721112311,11,628,3755,5
os{1234},61534721113211,11,549,3265,4
os{1234},61543271111111,11,976,5830,5
os{1234},61543271112311,11,493,2938,4
os{1234},61572432312323,11,1428,8551,6
os{1234},61734523222331,11,876,5234,5
os{1234},62134572321323,11,595,3553,5
os{1234},62135471122121,11,1051,6294,6
os{1234},62135472132131,11,488,2913,4
os{1234},62135473122131,11,512,3046,4
os{1234},62135473123121,11,511,3046,4
os{1234},62135473131131,11,960,5744,5
os{1234},62135473132121,11,466,2770,3
os{1234},62135473232231,11,359,2130,4
os{1234},62135473322321,11,925,5540,6
os{1234},62135743222331,11,300,1776,4
os{1234},62135743312223,11,3624,21724,7
os{1234},62147353123121,11,442,2632,4
os{1234},62147353132121,11,387,2298,4
os{1234},62154733321121,11,450,2678,5
os{1234},62157342132212,11,1120,6698,5
os{1234},62173543232132,11,566,3369,5
os{1234},62174351122133,11,986,5898,6
os{1234},62174533311212,11,654,3897,4
os{1234},62317453112111,11,709,4237,5
os{1234},62317453312211,11,757,4522,5
os{1234},62351743112123,11,1560,9345,5
os{1234},62371453311311,11,545,3248,4
os{1234},62374511322311,11,468,2786,4
os{1234},62374513112321,11,1102,6600,6
os{1234},62374513312112,11,618,3690,5
os{1234},62435172211133,11,1112,6651,5
os{1234},62435172311132,11,1014,6066,5
os{1234},62435711222222,11,957,5711,5
os{1234},62453713311122,11,3491,20927,6
os{1234},62471532232133,11,1345,8046,6
os{1234},62475131322323,11,626,3740,5
os{1234},62531472321233,11,1091,6533,5
os{1234},62543711211113,11,825,4939,5
os{1234},62543711311112,11,697,4155,4
os{1234},62571432321233,11,1086,6506,5
os{1234},62735143223213,11,633,3773,4
os{1234},63125741112323,11,1501,8983,5
os{1234},63125743131233,11,747,4448,5
os{1234},63125743133312,11,957,5718,4
os{1234},63142571111111,11,994,5936,5
os{1234},63142571132321,11,1946,11660,6
os{1234},63142573112123,11,2836,16991,5
os{1234},63172452312323,11,433,2563,3
os{1234},63172452313211,11,7865,47172,6
os{1234},63174522332132,11,482,2870,5
os{1234},63247511123132,11,1283,7690,6
os{1234},63251743133231,11,697,4164,4
os{1234},63452711311313,11,320,1888,3
os{1234},63452712333221,11,599,3574,4
os{1234},63471522123131,11,688,4106,5
os{1234},63471522323132,11,658,3928,4
os{1234},63471522332132,11,442,2630,3
os{1234},63472512123332,11,537,3194,5
os{1234},63512743313333,11,2002,11997,7
os{1234},63541271212211,11,1027,6140,5
os{1234},63542713121333,11,2942,17638,8
os{1234},63574212123131,11,1218,7291,6
os{1234},63574212313211,11,1275,7625,5
os{1234},63712542221111,11,936,5597,6
os{1234},63714252123131,11,730,4355,4
os{1234},63714521112323,11,898,5363,5
os{1234},63714522332132,11,486,2887,4
os{1234},63721541233322,11,823,4922,4
os{1234},63724153121213,11,1430,8569,6
os{1234},63725141112323,11,914,5462,5
os{1234},63725141233121,11,760,4543,5
os{1234},63725142123131,11,874,5229,4
os{1234},63725142223133,11,2174,13026,6
os{1234},63725143122113,11,617,3688,5
os{1234},63725143123313,11,1922,11523,5
os{1234},63741252222323,11,673,4020,5
os{1234},63741522123131,11,1335,7983,5
os{1234},63742511232221,11,649,3879,5
os{1234},63745123122212,11,1184,7089,7
os{1234},63751242221321,11,627,3751,5
os{1234},63751423122311,11,666,3975,5
os{1234},63752141111111,11,1063,6363,5
os{1234},63752141122211,11,725,4323,5
os{1234},63752141123213,11,1091,6528,5
os{1234},63752142332132,11,393,2337,4
os{1234},63752143123223,11,453,2691,4
os{1234},63752143212323,11,381,2257,4
os{1234},63752143223123,11,612,3651,4
os{1234},63752411223212,11,449,2673,4
os{1234},63752411333213,11,954,5690,4
os{1234},63752412312323,11,2154,12908,6
os{1234},63752412322112,11,633,3780,5
os{1234},63752412333113,11,846,5048,4
os{1234},63754213122122,11,657,3922,4
os{1234},64125371131313,11,1741,10427,6
os{1234},64157321133212,11,929,5547,3
os{1234},64231572311132,11,949,5664,5
os{1234},64257131113223,11,515,3069,4
os{1234},64271533221212,11,716,4274,4
os{1234},64275131212223,11,924,5525,5
os{1234},64275131312123,11,992,5935,5
os{1234},64275132211133,11,1457,8727,6
os{1234},64275132232133,11,1730,10359,6
os{1234},64275133231112,11,644,3847,5
os{1234},64275133312211,11,923,5513,4
os{1234},64275311112332,11,619,3691,5
os{1234},64275311222222,11,984,5886,5
os{1234},64275313312211,11,969,5796,5
os{1234},64321572111131,11,548,3268,4
os{1234},64321572132131,11,655,3899,4
os{1234},64321572311132,11,1502,8981,5
os{1234},64325713121222,11,3871,23211,7
os{1234},64351272132131,11,407,2423,4
os{1234},64357212313211,11,1561,9352,5
os{1234},64357213231322,11,959,5735,5
os{1234},64357213312211,11,1077,6446,4
os{1234},64531271212211,11,1155,6907,5
os{1234},64531272132131,11,637,3802,5
os{1234},64531273122131,11,547,3258,4
os{1234},64531273123121,11,450,2682,4
os{1234},64531273311311,11,889,5314,5
os{1234},64531273312211,11,550,3274,5
os{1234},64572131122223,11,762,4562,5
os{1234},64713253112111,11,590,3513,4
os{1234},65123471112311,11,813,4853,4
os{1234},65123471233232,11,317,1878,3
os{1234},65123472312311,11,637,3796,5
os{1234},65132471212112,11,1262,7560,7
os{1234},65132471222111,11,340,2022,4
os{1234},65132471231321,11,1853,11101,7
os{1234},65132471323121,11,589,3514,4
os{1234},65132472131231,11,437,2598,4
os{1234},65132472212231,11,789,4711,4
os{1234},65132472233321,11,2191,13127,6
os{1234},65132473111331,11,554,3293,4
os{1234},65132473313312,11,495,2938,4
os{1234},65132473323311,11,418,2482,4
os{1234},65132741223323,11,420,2501,4
os{1234},65132743222331,11,785,4697,5
os{1234},65134721233232,11,417,2473,3
os{1234},65147321232113,11,2988,17912,8
os{1234},65172431132333,11,1306,7812,6
os{1234},65174232123131,11,476,2837,4
os{1234},65174232133313,11,619,3681,4
os{1234},65174232323312,11,751,4483,4
os{1234},65174233323212,11,745,4447,4
os{1234},65174233331213,11,3803,22797,7
os{1234},65174322313211,11,749,4465,6
os{1234},65174323223123,11,519,3096,4
os{1234},65213741111111,11,2028,12156,6
os{1234},65241371111111,11,1070,6399,6
os{1234},65243712121322,11,510,3033,4
os{1234},65271341332331,11,438,2601,3
os{1234},65271432231233,11,968,5785,5
os{1234},65274131111111,11,1477,8848,5
os{1234},65274131311313,11,611,3637,4
os{1234},65274131312213,11,479,2843,5
os{1234},65274132123332,11,829,4954,5
os{1234},65274133132223,11,592,3526,5
os{1234},65274133232321,11,495,2943,4
os{1234},65274133312223,11,3074,18416,5
os{1234},65314272311132,11,981,5860,5
os{1234},65314272313211,11,1016,6080,5
os{1234},65321472111122,11,627,3749,5
os{1234},65417321232113,11,516,3070,4
os{1234},65417323223123,11,473,2811,3
os{1234},65417323232123,11,665,3970,5
os{1234},65423713321322,11,1058,6324,4
os{1234},65432173232321,11,653,3894,4
os{1234},65471231132213,11,1065,6355,4
os{1234},65714323223123,11,609,3630,4
os{1234},65723143321313,11,1406,8418,7
os{1234},65732411333123,11,573,3412,3
os{1234},65742311212313,11,654,3899,4
os{1234},67132541133311,11,707,4225,4
os{1234},67145323133312,11,1358,8122,6
os{1234},67154233323332,11,623,3720,5
os{1234},67215343333133,11,2088,12516,7
os{1234},67231541323112,11,2800,16787,6
os{1234},67231543323122,11,914,5468,4
os{1234},67234513332122,11,307,1818,3
os{1234},67245131313323,11,638,3812,4
os{1234},67245311112311,11,2073,12418,5
os{1234},67245311133233,11,407,2421,3
os{1234},67254311131133,11,524,3126,3
os{1234},67254313311113,11,775,4627,4
os{1234},67312452233321,11,1842,11035,6
os{1234},67312541121221,11,582,3460,4
os{1234},67312542221111,11,458,2720,3
os{1234},67321451111123,11,827,4938,4
os{1234},67321451112311,11,1167,6981,6
os{1234},67321451212211,11,1250,7473,5
os{1234},67321451311133,11,1021,6110,5
os{1234},67321452111122,11,528,3153,5
os{1234},67321453113311,11,1290,7727,5
os{1234},67321542232133,11,1585,9486,5
os{1234},67341252222323,11,307,1806,3
os{1234},67342512222113,11,570,3392,4
os{1234},67345122223133,11,829,4953,4
os{1234},67345122232133,11,1824,10926,6
os{1234},67345211111123,11,912,5453,5
os{1234},67345211111132,11,706,4218,4
os{1234},67345211112233,11,535,3186,4
os{1234},67345211113322,11,941,5634,5
os{1234},67345211211122,11,1059,6330,5
os{1234},67345211311133,11,1244,7446,6
os{1234},67345212111122,11,994,5947,5
os{1234},67345213111133,11,1995,11952,6
os{1234},67354121111111,11,1570,9387,7
os{1234},67354211212121,11,353,2091,3
os{1234},67354211313113,11,573,3410,4
os{1234},67354211333111,11,500,2972,3
os{1234},67354212111221,11,362,2149,3
os{1234},67354212212222,11,932,5574,5
os{1234},67354212311132,11,943,5630,5
os{1234},67354213111313,11,407,2420,4
os{1234},67354213131311,11,476,2840,4
os{1234},67354213211132,11,2993,17946,7
os{1234},67354213313333,11,985,5889,5
os{1234},67412353132121,11,580,3461,4
os{1234},67412353332221,11,495,2945,4
os{1234},67412531131133,11,455,2703,4
os{1234},67435121332112,11,515,3063,3
os{1234},67435123123121,11,449,2676,4
os{1234},67452313321232,11,550,3266,4
os{1234},71234563231322,11,1566,9381,5
os{1234},71263541333222,11,1118,6683,4
os{1234},71263542323123,11,933,5576,5
os{1234},71264533131323,11,721,4300,4
os{1234},71264533221323,11,761,4542,4
os{1234},71264533231223,11,966,5775,5
os{1234},71264533231313,11,1535,9201,6
os{1234},71326451211311,11,683,4082,4
os{1234},71326453132121,11,695,4145,4
os{1234},71326543333313,11,2366,14177,7
os{1234},71345262132131,11,517,3087,4
os{1234},71362453113311,11,785,4682,5
os{1234},71365423331312,11,1459,8749,7
os{1234},71423563213232,11,523,3115,4
os{1234},71423653213232,11,528,3146,4
os{1234},71426353312211,11,881,5259,4
os{1234},71426533333223,11,1134,6791,5
os{1234},71432561232323,11,649,3872,4
os{1234},71432561323232,11,760,4540,5
os{1234},71432562111221,11,924,5525,5
os{1234},71432563232213,11,646,3853,4
os{1234},71432563323113,11,547,3261,4
os{1234},71432563323122,11,695,4150,5
os{1234},71432563332113,11,832,4977,5
os{1234},71435261322233,11,1102,6586,5
os{1234},71435262222122,11,829,4954,5
os{1234},71435263211123,11,731,4360,4
os{1234},71435263311122,11,913,5452,4
os{1234},71435263333133,11,979,5857,5
os{1234},71435263333223,11,773,4618,5
os{1234},71435623333331,11,763,4562,4
os{1234},71436253333112,11,492,2933,3
os{1234},71452363213232,11,432,2565,3
os{1234},71452632222131,11,960,5739,5
os{1234},71453262222221,11,1939,11628,7
os{1234},71453623311122,11,2168,12992,5
os{1234},71456321322323,11,687,4095,4
os{1234},71456322111221,11,779,4663,5
os{1234},71462531113322,11,2347,14074,6
os{1234},71462532111212,11,572,3413,4
os{1234},71462532121112,11,716,4272,5
os{1234},71462533111223,11,690,4120,4
os{1234},71462533221113,11,1163,6970,6
os{1234},71463523331222,11,705,4206,4
os{1234},71523463131311,11,1381,8262,6
os{1234},71523463231313,11,1331,7968,4
os{1234},71523463331312,11,837,4992,4
os{1234},71532463221332,11,366,2167,3
os{1234},71534262122222,11,919,5491,4
os{1234},71542633132322,11,573,3413,4
os{1234},71543622111131,11,430,2556,4
os{1234},71543623111121,11,635,3780,4
os{1234},71546233331213,11,701,4180,5
os{1234},71546322231212,11,515,3068,4
os{1234},71562433123232,11,490,2917,4
os{1234},71563243221221,11,473,2814,4
os{1234},71625433213133,11,1198,7165,4
os{1234},71643252231212,11,795,4749,5
os{1234},71643523331213,11,2699,16187,8
os{1234},72134562312212,11,781,4665,4
os{1234},72136541322233,11,425,2527,3
os{1234},72143563222331,11,437,2600,4
os{1234},72143651121113,11,910,5446,6
os{1234},72143651131112,11,864,5176,4
os{1234},72143651213111,11,514,3061,4
os{1234},72143651312111,11,1148,6869,5
os{1234},72143652111311,11,803,4797,4
os{1234},72143653111211,11,937,5594,5
os{1234},72145631233223,11,335,1988,4
os{1234},72145633232231,11,455,2708,4
os{1234},72145633312223,11,3395,20361,7
os{1234},72146352232223,11,790,4712,5
os{1234},72163452122222,11,1761,10551,6
os{1234},72163453121213,11,975,5838,5
os{1234},72163453131212,11,1399,8380,6
os{1234},72163453133333,11,696,4149,4
os{1234},72163453331333,11,647,3859,4
os{1234},72164353131113,11,911,5448,5
os{1234},72165431113331,11,512,3040,4
os{1234},72165432111113,11,1189,7113,5
os{1234},72165432111122,11,1052,6288,5
os{1234},72165432211112,11,577,3441,4
os{1234},72165432323312,11,592,3530,4
os{1234},72165433111112,11,788,4708,5
os{1234},72165433121333,11,921,5503,5
os{1234},72165433221233,11,561,3337,3
os{1234},72165433233323,11,1793,10735,6
os{1234},72165433321223,11,759,4533,5
os{1234},72165433331213,11,618,3685,4
os{1234},72345611111111,11,1197,7166,5
os{1234},72345611133113,11,287,1696,3
os{1234},72345611221223,11,355,2101,3
os{1234},72345611222222,11,1589,9524,6
os{1234},72345611331332,11,420,2501,3
os{1234},72345612122111,11,493,2932,4
os{1234},72345612331331,11,436,2584,4
os{1234},72345613221221,11,369,2188,3
os{1234},72345613333331,11,739,4418,4
os{1234},72356141112323,11,793,4733,5
os{1234},72356141232113,11,611,3638,4
os{1234},72356143211123,11,1415,8468,5
os{1234},72361453232333,11,854,5106,5
os{1234},72361542333233,11,1782,10667,5
os{1234},72365412222212,11,1108,6623,5
os{1234},72365413121312,11,1227,7347,5
os{1234},72365413131212,11,620,3700,4
os{1234},72365413331333,11,1590,9529,5
os{1234},72435163333313,11,875,5240,4
os{1234},72513641232323,11,604,3596,5
os{1234},72513641233322,11,700,4179,5
os{1234},72516342313223,11,1743,10428,5
os{1234},72531463321232,11,1527,9152,5
os{1234},72534163211123,11,841,5025,4
os{1234},72541631111213,11,526,3139,4
os{1234},72541631111312,11,556,3315,4
os{1234},72541631112131,11,548,3256,3
os{1234},72541631113121,11,827,4934,4
os{1234},72541632131111,11,689,4108,4
os{1234},72541633121111,11,658,3928,3
os{1234},72543162311111,11,630,3757,4
os{1234},72543163211111,11,808,4823,4
os{1234},72543611221223,11,541,3220,4
os{1234},72543611223221,11,663,3957,4
os{1234},72543611331332,11,554,3296,3
os{1234},72543611332331,11,607,3618,4
os{1234},72543612331331,11,448,2652,3
os{1234},72543613132232,11,692,4124,3
os{1234},72543613133222,11,671,4004,5
os{1234},72543613221221,11,554,3301,4
os{1234},72543613223312,11,480,2854,3
os{1234},72543613322312,11,891,5335,5
os{1234},72546311323112,11,336,1989,4
os{1234},72546313323212,11,1607,9616,5
os{1234},72561342313223,11,707,4228,4
os{1234},72561432213122,11,979,5857,5
os{1234},72561433221233,11,657,3914,3
os{1234},72561433311233,11,1577,9443,5
os{1234},72561433321133,11,1262,7550,5
os{1234},72561433321223,11,1150,6882,5
os{1234},72563411111213,11,450,2675,4
os{1234},72563411111312,11,526,3124,4
os{1234},72563411112131,11,705,4210,3
os{1234},72563411113121,11,584,3475,3
os{1234},72563412131111,11,414,2454,3
os{1234},72563413121111,11,514,3058,4
os{1234},72643513212311,11,2518,15096,7
os{1234},72643513212332,11,352,2090,4
os{1234},73125463133132,11,858,5130,5
os{1234},73146522113231,11,721,4314,5
os{1234},73246153312211,11,713,4259,4
os{1234},73456123231322,11,745,4445,4
os{1234},73516243323113,11,348,2061,3
os{1234},73516243332131,11,654,3901,5
os{1234},73541262321212,11,3202,19182,7
os{1234},73542163321133,11,529,3149,4
os{1234},73542613132121,11,455,2709,4
os{1234},73542613132322,11,424,2509,3
os{1234},73564213321322,11,747,4455,4
os{1234},73614251112323,11,865,5178,5
os{1234},73615241112323,11,906,5408,5
os{1234},73615241113322,11,1530,9161,6
os{1234},73615242223133,11,2203,13200,6
os{1234},73615243123313,11,2242,13438,7
os{1234},73615243213313,11,553,3295,4
os{1234},73615243331312,11,608,3625,4
os{1234},73615243332311,11,533,3181,5
os{1234},73615421113322,11,564,3362,3
os{1234},73615423213211,11,638,3801,4
os{1234},73615423333331,11,639,3810,3
os{1234},73624513121132,11,2984,17895,7
os{1234},73624513332131,11,651,3894,4
os{1234},73625141112323,11,758,4528,5
os{1234},73625143121213,11,4344,26047,7
os{1234},73625143333313,11,915,5469,4
os{1234},73625412222323,11,828,4947,5
os{1234},73642511111111,11,1075,6435,5
os{1234},73642511113232,11,987,5904,5
os{1234},73642511113322,11,2609,15634,6
os{1234},73642513223222,11,547,3274,4
os{1234},73645121113211,11,684,4084,4
os{1234},73645122222311,11,508,3028,4
os{1234},73645211223113,11,371,2206,4
os{1234},73645211231111,11,765,4572,4
os{1234},73645211321111,11,583,3469,5
os{1234},73645211332112,11,470,2791,4
os{1234},73645213112231,11,632,3769,4
os{1234},73645213333112,11,757,4530,5
os{1234},73651241113322,11,853,5103,5
os{1234},73652413211312,11,570,3396,4
os{1234},73652413331321,11,439,2617,4
os{1234},73654122111122,11,575,3425,4
os{1234},73654122221111,11,824,4917,5
os{1234},73654211111132,11,640,3816,4
os{1234},74123563323221,11,613,3649,4
os{1234},74123652322121,11,1112,6653,5
os{1234},74123653132232,11,574,3413,3
os{1234},74123653133132,11,1138,6807,5
os{1234},74123653133222,11,837,4991,4
os{1234},74123653133231,11,581,3464,4
os{1234},74125631313311,11,469,2779,4
os{1234},74125632121121,11,761,4553,5
os{1234},74125632122111,11,429,2555,4
os{1234},74125632131111,11,755,4509,5
os{1234},74125632321332,11,508,3022,4
os{1234},74125633121111,11,938,5616,5
os{1234},74125633131233,11,1861,11150,6
os{1234},74125633132232,11,258,1519,3
os{1234},74125633133222,11,378,2254,4
os{1234},74125633133312,11,1027,6140,5
os{1234},74125633332323,11,1036,6200,6
os{1234},74126352333122,11,1205,7209,5
os{1234},74132561321231,11,1145,6855,6
os{1234},74132562121121,11,500,2977,4
os{1234},74132562122111,11,382,2275,4
os{1234},74132563131221,11,522,3109,4
os{1234},74132563132112,11,736,4396,5
os{1234},74136522322121,11,1162,6951,5
os{1234},74152363132232,11,542,3234,4
os{1234},74152363133132,11,313,1851,3
os{1234},74152363133222,11,793,4737,5
os{1234},74152363133231,11,659,3928,5
os{1234},74156322122123,11,510,3027,5
os{1234},74156322122321,11,408,2424,3
os{1234},74156322313223,11,752,4481,4
os{1234},74156323132331,11,562,3351,4
os{1234},74156323133123,11,319,1886,3
os{1234},74163251121122,11,647,3871,5
os{1234},74163252112211,11,462,2749,4
os{1234},74163252131111,11,1006,6015,5
os{1234},74163253121111,11,696,4154,5
os{1234},74163253131332,11,1403,8401,6
os{1234},74163253133132,11,407,2421,3
os{1234},74163253133213,11,650,3871,4
os{1234},74163253133231,11,271,1603,3
os{1234},74163253332323,11,1032,6175,5
os{1234},74165231121212,11,913,5462,5
os{1234},74165231131313,11,1498,8961,5
os{1234},74165231212121,11,570,3392,4
os{1234},74165231313131,11,311,1832,3
os{1234},74165232111212,11,384,2275,3
os{1234},74165232121112,11,1389,8303,5
os{1234},74165232121211,11,399,2374,3
os{1234},74165233111313,11,334,1977,3
os{1234},74165233131113,11,1997,11964,5
os{1234},74165233131311,11,477,2829,3
os{1234},74165233131323,11,410,2436,3
os{1234},74165233132313,11,4068,24393,7
os{1234},74165233231313,11,1003,5994,5
os{1234},74213652323132,11,404,2401,3
os{1234},74251633111313,11,645,3835,4
os{1234},74256311321222,11,832,4971,4
os{1234},74256313111232,11,1151,6891,5
os{1234},74265312333233,11,354,2105,3
os{1234},74312652333332,11,561,3342,4
os{1234},74321563311131,11,1000,5987,5
os{1234},74321653233323,11,558,3328,4
os{1234},74325163131323,11,1076,6439,5
os{1234},74325612221222,11,1047,6259,5
os{1234},74325613121312,11,653,3898,5
os{1234},74325613131212,11,2279,13651,5
os{1234},74325613133333,11,1643,9834,5
os{1234},74361253112132,11,415,2463,3
os{1234},74361253211231,11,524,3122,4
os{1234},74365211121221,11,618,3678,4
os{1234},74365211213111,11,886,5290,4
os{1234},74365211312111,11,489,2914,4
os{1234},74365211313113,11,370,2188,3
os{1234},74365211333111,11,326,1927,3
os{1234},74365212111311,11,505,3002,4
os{1234},74365212222323,11,497,2956,4
os{1234},74365212333332,11,616,3675,4
os{1234},74365213111211,11,1063,6353,5
os{1234},74365213121333,11,666,3978,5
os{1234},74512361322233,11,511,3047,4
os{1234},74512362313223,11,459,2731,4
os{1234},74513263121222,11,1021,6106,5
os{1234},74521632222212,11,3635,21801,6
os{1234},74521633121213,11,775,4627,5
os{1234},74521633121312,11,1448,8666,4
os{1234},74521633133333,11,679,4051,4
os{1234},74521633333313,11,3057,18326,6
os{1234},74523611121113,11,540,3218,4
os{1234},74523611131112,11,1388,8324,6
os{1234},74523611213111,11,631,3766,4
os{1234},74523611312111,11,832,4972,5
os{1234},74523612111311,11,1437,8610,6
os{1234},74523613111211,11,486,2898,4
os{1234},74532163123223,11,594,3542,4
os{1234},74561231111222,11,511,3046,4
os{1234},74561232111113,11,1336,7988,5
os{1234},74561232221111,11,726,4329,4
os{1234},74561233111112,11,733,4385,5
os{1234},74561233131233,11,777,4640,4
os{1234},74561233233323,11,1176,7044,6
os{1234},74561233311233,11,446,2644,4
os{1234},74561233321133,11,511,3043,4
os{1234},74561233321313,11,1721,10307,6
os{1234},74563211232332,11,802,4803,5
os{1234},74653213133222,11,402,2388,4
os{1234},75132463233233,11,717,4281,5
os{1234},75143263231313,11,772,4615,5
os{1234},75146321323331,11,699,4172,5
os{1234},75213642223133,11,1487,8897,5
os{1234},75231463211123,11,1034,6191,5
os{1234},75234161322233,11,419,2496,4
os{1234},75234162221111,11,1080,6462,5
os{1234},75236143213232,11,893,5327,5
os{1234},75241632222323,11,1098,6567,5
os{1234},75243162211322,11,2958,17726,6
os{1234},75243611113232,11,853,5089,5
os{1234},75243613213232,11,645,3852,4
os{1234},75246131333312,11,724,4324,4
os{1234},75246311111111,11,2258,13532,6
os{1234},75246313212311,11,527,3148,4
os{1234},75246313312211,11,1578,9446,5
os{1234},75246313332332,11,518,3083,4
os{1234},75261432123233,11,893,5339,5
os{1234},75264132121232,11,559,3332,4
os{1234},75264132223331,11,900,5366,4
os{1234},75264132321212,11,426,2525,3
os{1234},75264133121333,11,935,5581,4
os{1234},75264133331213,11,995,5945,4
os{1234},75264311223122,11,992,5929,5
os{1234},75264313231112,11,656,3918,5
os{1234},75312463333133,11,2430,14564,7
os{1234},75314621133221,11,776,4631,5
os{1234},75314621313212,11,1062,6350,4
os{1234},75314623113122,11,630,3755,4
os{1234},75316241231231,11,489,2899,3
os{1234},75321461311112,11,493,2940,4
os{1234},75321463132121,11,1077,6444,5
os{1234},75346122133133,11,425,2525,3
os{1234},75346211133122,11,1185,7092,6
os{1234},75346211211311,11,804,4812,4
os{1234},75346211311211,11,685,4083,4
os{1234},75346212323333,11,589,3504,4
os{1234},75346213112132,11,618,3679,4
os{1234},75346213132121,11,1291,7729,6
os{1234},75346213132322,11,1006,6012,5
os{1234},75346213332122,11,430,2555,4
os{1234},75412631223332,11,668,3981,4
os{1234},75416323232213,11,1451,8687,5
os{1234},75431263133213,11,864,5165,5
os{1234},75462132123212,11,1016,6078,5
os{1234},75613243131332,11,787,4698,5
os{1234},75613243133213,11,524,3120,4
os{1234},75634123323122,11,523,3113,4
os{1234},75641323232111,11,648,3866,5
os{1234},75642132213311,11,687,4101,4
os{1234},76123453233323,11,604,3592,4
os{1234},76125343333133,11,1729,10356,7
os{1234},76143252131312,11,992,5931,4
os{1234},76143252221222,11,775,4624,4
os{1234},76143253131212,11,1824,10927,5
os{1234},76143253331333,11,1033,6175,4
os{1234},76143253333313,11,852,5094,4
os{1234},76145231121113,11,665,3969,5
os{1234},76145231122112,11,1098,6566,4
os{1234},76145231131112,11,668,3993,5
os{1234},76145231221112,11,1366,8177,5
os{1234},76145231311331,11,501,2977,4
os{1234},76145232123332,11,665,3969,5
os{1234},76145232233213,11,2053,12298,5
os{1234},76145232331313,11,1043,6234,5
os{1234},76145232332213,11,963,5752,4
os{1234},76145233133213,11,922,5520,5
os{1234},76145233232333,11,607,3623,5
os{1234},76154323333112,11,1126,6735,5
os{1234},76213543213133,11,1575,9436,6
os{1234},76213543311332,11,604,3600,4
os{1234},76215341231231,11,324,1914,3
os{1234},76215433333133,11,1457,8727,7
os{1234},76231451123111,11,671,4008,4
os{1234},76245311121131,11,397,2362,4
os{1234},76245311131121,11,435,2580,4
os{1234},76245311213312,11,390,2313,3
os{1234},76245312132131,11,890,5316,5
os{1234},76245313122122,11,680,4058,4
os{1234},76245313123121,11,658,3922,5
os{1234},76253141123132,11,807,4818,4
os{1234},76253141211332,11,429,2547,3
os{1234},76253413322312,11,814,4859,5
os{1234},76254133311323,11,1402,8394,5
os{1234},76254313211111,11,1476,8836,4
os{1234},76312452212111,11,765,4569,4
os{1234},76312453211111,11,727,4338,4
os{1234},76312453311311,11,395,2342,3
os{1234},76312542321212,11,556,3314,4
os{1234},76312542322121,11,468,2788,4
os{1234},76312543322222,11,524,3124,3
os{1234},76315241112113,11,391,2319,3
os{1234},76315241113112,11,316,1870,3
os{1234},76315241223113,11,1030,6154,6
os{1234},76315241322122,11,361,2143,4
os{1234},76315241323313,11,680,4059,4
os{1234},76315241332112,11,362,2152,4
os{1234},76315243211231,11,515,3061,4
os{1234},76315243323323,11,467,2784,4
os{1234},76321452122123,11,384,2280,4
os{1234},76321452122321,11,792,4725,5
os{1234},76321452122333,11,794,4737,5
os{1234},76321452123323,11,1202,7187,6
os{1234},76321452212231,11,1230,7361,5
os{1234},76321452213122,11,992,5928,5
os{1234},76321453233131,11,519,3085,3
os{1234},76321453311233,11,1412,8447,5
os{1234},76321453313312,11,1580,9457,5
os{1234},76321453321133,11,351,2075,3
os{1234},76321453323311,11,871,5209,3
os{1234},76321542211112,11,1581,9474,5
os{1234},76321543211111,11,1435,8589,5
os{1234},76321543311131,11,346,2059,4
os{1234},76324151112233,11,410,2442,5
os{1234},76324151112323,11,731,4365,5
os{1234},76324153323122,11,598,3568,4
os{1234},76325411111213,11,610,3629,4
os{1234},76325411111312,11,3326,19949,6
os{1234},76325411112131,11,753,4495,5
os{1234},76325411113121,11,745,4449,5
os{1234},76325411122121,11,327,1932,3
os{1234},76325411331311,11,443,2634,3
os{1234},76325412112121,11,790,4722,5
os{1234},76325412231212,11,883,5276,4
os{1234},76325412333233,11,954,5698,5
os{1234},76325413222223,11,942,5632,6
os{1234},76341251111213,11,1565,9364,6
os{1234},76341251111312,11,1143,6841,5
os{1234},76341251112131,11,1546,9269,6
os{1234},76341251113121,11,598,3557,4
os{1234},76341251221121,11,813,4860,5
os{1234},76341251311313,11,487,2890,4
os{1234},76341252232313,11,641,3826,5
os{1234},76341252323333,11,395,2348,4
os{1234},76341253221212,11,914,5459,5
os{1234},76341253233131,11,470,2791,3
os{1234},76342511111231,11,473,2809,4
os{1234},76342511111321,11,710,4244,4
os{1234},76342511323112,11,631,3754,4
os{1234},76342512232223,11,655,3907,4
os{1234},76342513213112,11,903,5398,4
os{1234},76342513322111,11,627,3738,3
os{1234},76342513323122,11,519,3098,4
os{1234},76342513323212,11,470,2792,3
os{1234},76345122211112,11,1054,6310,5
os{1234},76345122211121,11,514,3063,4
os{1234},76345122213311,11,1212,7258,6
os{1234},76345122311111,11,784,4681,4
os{1234},76345123211111,11,956,5710,4
os{1234},76345123311113,11,564,3356,4
os{1234},76345123311131,11,578,3456,4
os{1234},76345123312211,11,898,5361,4
os{1234},76351421112323,11,660,3936,4
os{1234},76351421113322,11,300,1784,4
os{1234},76351423321232,11,566,3369,4
os{1234},76354121121212,11,354,2093,3
os{1234},76354121122121,11,386,2286,4
os{1234},76354121311313,11,334,1982,4
os{1234},76354121313131,11,617,3675,4
os{1234},76354122111212,11,771,4601,4
os{1234},76354122112121,11,659,3927,4
os{1234},76354122212222,11,3638,21812,7
os{1234},76354123211123,11,837,5006,5
os{1234},76354123211132,11,1048,6265,4
os{1234},76354123313333,11,3524,21131,7
os{1234},76354212213323,11,780,4659,4
os{1234},76354212312233,11,1703,10190,6
os{1234},76354212313322,11,2082,12479,6
os{1234},76354212333332,11,822,4912,5
os{1234},76354213222223,11,692,4126,4
os{1234},76354213312223,11,602,3584,5
os{1234},76421351131121,11,611,3644,4
os{1234},76512343213313,11,972,5811,4
os{1234},76512343332311,11,597,3561,4
os{1234},76514321112323,11,609,3641,5
os{1234},76514321232113,11,1640,9821,6
os{1234},76521433232333,11,741,4425,5
os{1234},76523413223231,11,578,3441,4
os{1234},76524313331222,11,692,4129,5
os{1234},76541232131213,11,1021,6105,5
os{1234},76541232221222,11,1731,10366,5
os{1234},76541233121213,11,3148,18873,7
os{1234},76541233331333,11,1710,10252,5
os{1234},76541233333313,11,686,4096,5
os{1234},76543211111111,11,1835,10986,5
os{1234},76543211212112,11,1646,9861,6
os{1234},76543211223221,11,477,2848,4
os{1234},76543211332331,11,298,1768,3
os{1234},76543211333333,11,662,3957,4
os{1234},76543212132323,11,490,2917,4
os{1234},76543212222221,11,1084,6478,5
os{1234},76543212323213,11,462,2755,5
os{1234},76543213113131,11,599,3571,4
