variant,state,distance,expanded,candidates,iterations
os{12},12345672121232,11,8111,48653,6
os{12},12345672123212,11,8095,48550,6
os{12},12345672321212,11,8192,49129,6
os{12},12345673131323,11,8900,53384,6
os{12},12345673132313,11,11096,66564,6
os{12},12345673231313,11,9765,58575,6
os{12},12345761111111,11,16678,100056,5
os{12},12346571111231,11,5951,35687,5
os{12},12346751113133,11,9789,58716,6
os{12},12347561112212,11,7577,45446,6
os{12},12347651111111,11,22969,137802,6
os{12},12347651122112,11,7442,44637,6
os{12},12347651133311,11,9599,57571,6
os{12},12347652111221,11,6038,36212,6
os{12},12347652123233,11,6844,41043,6
os{12},12347652123332,11,7733,46383,5
os{12},12347652223232,11,6368,38184,5
os{12},12347653111133,11,7133,42787,6
os{12},12347653132223,11,6210,37248,6
os{12},12347653132322,11,5679,34052,6
os{12},12347653332323,11,7301,43788,6
os{12},12354671111111,11,17905,107412,5
os{12},12354761112323,11,17466,104780,7
os{12},12354762121112,11,7027,42137,5
os{12},12354762121211,11,7479,44861,5
os{12},12354762311123,11,5614,33668,6
os{12},12354763131131,11,6510,39036,6
os{12},12354763133111,11,5748,34474,6
os{12},12354763211123,11,7123,42722,6
os{12},12356471113133,11,7949,47682,6
os{12},12356741133131,11,8302,49798,7
os{12},12356741313131,11,9339,56019,7
os{12},12356743113131,11,7700,46191,7
os{12},12357461111222,11,8546,51266,6
os{12},12357461113331,11,8635,51797,6
os{12},12357462211112,11,7248,43467,6
os{12},12357641113331,11,8893,53340,6
os{12},12364571112212,11,8896,53362,6
os{12},12364751112212,11,7260,43548,6
os{12},12364751113133,11,8541,51228,6
os{12},12364753311131,11,6902,41389,6
os{12},12365471111111,11,18041,108230,6
os{12},12365471211122,11,8425,50536,6
os{12},12365471313113,11,5782,34672,6
os{12},12365472223232,11,6330,37961,5
os{12},12365472321233,11,6746,40467,6
os{12},12365473232312,11,5454,32705,6
os{12},12365473332323,11,6782,40677,6
os{12},12365741113331,11,8505,51014,6
os{12},12367451123333,11,11427,68543,7
os{12},12367451132222,11,7837,47003,6
os{12},12367451213333,11,8663,51962,7
os{12},12367451312222,11,11610,69650,6
os{12},12367452113333,11,8294,49744,5
os{12},12367453112222,11,7907,47421,6
os{12},12367541112212,11,9579,57467,6
os{12},12367541113331,11,12563,75366,6
os{12},12367541331131,11,6252,37503,6
os{12},12374561121212,11,11277,67643,8
os{12},12374561211212,11,9467,56788,8
os{12},12374562111212,11,8964,53766,6
os{12},12374651111222,11,8666,51977,6
os{12},12375461111222,11,9242,55433,6
os{12},12375641113112,11,6144,36848,5
os{12},12376451111222,11,9735,58393,6
os{12},12376451113133,11,9676,58047,6
os{12},12376451221211,11,7002,41993,6
os{12},12376541112323,11,13811,82854,7
os{12},12376541232233,11,10162,60963,6
os{12},12376541322233,11,7332,43978,6
os{12},12376542121232,11,6378,38244,6
os{12},12376542123212,11,6297,37763,6
os{12},12376543133132,11,5236,31402,5
os{12},12376543133231,11,4899,29370,5
os{12},12456731132321,11,11642,69834,6
os{12},12456731233223,11,6091,36533,6
os{12},12456733223321,11,5203,31207,6
os{12},12463751231231,11,5263,31556,6
os{12},12467351131121,11,7055,42307,6
os{12},12467351231321,11,6100,36577,6
os{12},12473561132123,11,7398,44379,6
os{12},12536741112323,11,12534,75191,6
os{12},12537461332112,11,5017,30080,5
os{12},12543671111111,11,18352,110102,6
os{12},12543671211212,11,7246,43456,6
os{12},12543671331113,11,7105,42610,6
os{12},12543672121121,11,5701,34192,6
os{12},12543672321332,11,5218,31289,5
os{12},12543672322232,11,5366,32178,5
os{12},12543672331232,11,4724,28319,5
os{12},12543673111331,11,5915,35467,5
os{12},12543673221323,11,6473,38818,6
os{12},12543673231223,11,6006,36019,6
os{12},12543673233323,11,6847,41065,6
os{12},12546371221331,11,4989,29917,5
os{12},12563472131213,11,6707,40221,5
os{12},12563473131212,11,6827,40942,6
os{12},12564733323122,11,4914,29459,5
os{12},12567433232333,11,5492,32923,5
os{12},12576343212221,11,5673,34019,5
os{12},12637451132111,11,7944,47650,6
os{12},12637451332112,11,4700,28169,5
os{12},12643571321321,11,4815,28866,5
os{12},12645371131121,11,7187,43098,5
os{12},12673542331133,11,6433,38580,5
os{12},12734561112323,11,12514,75068,6
os{12},12734561322233,11,6556,39319,6
os{12},12734562313223,11,4682,28069,5
os{12},12745631111111,11,33407,200426,6
os{12},12745632111122,11,6641,39825,6
os{12},12745632212213,11,8370,50206,6
os{12},12745632222221,11,6094,36543,6
os{12},12745632232211,11,6843,41035,6
os{12},12745633131131,11,6022,36121,6
os{12},12745633313312,11,5959,35734,5
os{12},12745633313333,11,6929,41561,6
os{12},12745633323311,11,6007,36025,6
os{12},12753462231323,11,6457,38724,6
os{12},12763452322232,11,5297,31762,5
os{12},12765432121313,11,5481,32872,5
os{12},12765432222212,11,10318,61896,6
os{12},12765433121213,11,8089,48518,6
os{12},12765433331333,11,7335,44002,6
os{12},13245671321111,11,7288,43712,5
os{12},13246571111111,11,15701,94194,7
os{12},13246571112233,11,7286,43699,6
os{12},13246571113232,11,7714,46275,6
os{12},13246572321332,11,6404,38401,6
os{12},13246572331232,11,5050,30274,5
os{12},13246573221233,11,6183,37069,7
os{12},13246573321223,11,6389,38315,6
os{12},13246752133211,11,7943,47652,7
os{12},13247563212131,11,6330,37967,5
os{12},13254761322233,11,7607,45631,6
os{12},13254761323322,11,6141,36822,6
os{12},13254762321233,11,7263,43566,6
os{12},13254763323122,11,5359,32141,6
os{12},13257641112233,11,7079,42461,6
os{12},13265741112323,11,14636,87805,7
os{12},13265742131312,11,7731,46366,6
os{12},13267451122211,11,8833,52985,6
os{12},13267451311133,11,9489,56914,6
os{12},13267541111132,11,8352,50091,6
os{12},13267541232212,11,7092,42535,6
os{12},13274651112323,11,13310,79850,7
os{12},13275461112233,11,7939,47613,6
os{12},13275463213211,11,6069,36395,5
os{12},13275641112233,11,9375,56224,6
os{12},13275641112323,11,15159,90934,7
os{12},13275642131333,11,5806,34819,5
os{12},13275643212221,11,6628,39748,6
os{12},13276451113211,11,9159,54937,7
os{12},13276451233133,11,8633,51775,6
os{12},13276541133122,11,6059,36331,5
os{12},13276541213312,11,8056,48315,6
os{12},13276541321123,11,6006,36013,5
os{12},13276541322311,11,7961,47740,5
os{12},13276541323112,11,5548,33268,6
os{12},13276541323322,11,5824,34927,6
os{12},13276542323312,11,6047,36266,6
os{12},13276543323122,11,4763,28565,6
os{12},13462571111111,11,12775,76634,6
os{12},13462572213311,11,5820,34912,6
os{12},13527461211113,11,6911,41451,6
os{12},13542671231231,11,4770,28598,5
os{12},13546271213213,11,4716,28278,5
os{12},13546271231231,11,7006,42012,5
os{12},13546271321321,11,4919,29495,5
os{12},13572641122133,11,13074,78433,7
os{12},13576241312213,11,10471,62820,7
os{12},13576241321321,11,4925,29528,5
os{12},13627451332112,11,4627,27747,5
os{12},13642571221223,11,5560,33342,5
os{12},13642571223221,11,7090,42517,5
os{12},13642573221221,11,7413,44460,5
os{12},13645271221331,11,4776,28635,5
os{12},13647521111111,11,11211,67244,6
os{12},13675241112323,11,9789,58721,7
os{12},13675242331313,11,4972,29814,6
os{12},13725642332132,11,6087,36507,5
os{12},13754262123323,11,10660,63943,6
os{12},13762451321321,11,4129,24747,4
os{12},13764251211311,11,5467,32775,6
os{12},13764252323231,11,4768,28588,5
os{12},13765422121211,11,6814,40863,5
os{12},14263751131121,11,7470,44808,6
os{12},14267351321321,11,4672,28007,4
os{12},14275633323122,11,5158,30930,5
os{12},14325671111111,11,31830,190965,6
os{12},14325672112121,11,5886,35304,6
os{12},14325672231323,11,6162,36961,6
os{12},14325672323222,11,5725,34328,5
os{12},14325673123232,11,5508,33033,6
os{12},14325673232333,11,5315,31863,5
os{12},14325673311131,11,8219,49303,6
os{12},14327652131213,11,6547,39269,6
os{12},14327653121213,11,8127,48754,6
os{12},14352672212111,11,6168,36989,6
os{12},14356721112323,11,10539,63221,6
os{12},14356721322233,11,9409,56441,6
os{12},14367252322232,11,5393,32334,5
os{12},14367523311113,11,12775,76640,7
os{12},14523672121313,11,6641,39832,6
os{12},14523673121312,11,8851,53101,6
os{12},14527631121311,11,7526,45138,6
os{12},14527631131211,11,6968,41791,6
os{12},14527631133311,11,8087,48491,6
os{12},14527631211131,11,7889,47321,6
os{12},14527631311121,11,7969,47793,6
os{12},14527632122213,11,6059,36335,6
os{12},14527632212111,11,6566,39379,6
os{12},14527632333332,11,6328,37953,5
os{12},14527633132322,11,5904,35407,6
os{12},14527633312133,11,6020,36099,5
os{12},14536273311311,11,6704,40209,6
os{12},14537622231323,11,5626,33735,6
os{12},14563272323222,11,5321,31908,6
os{12},14567231312213,11,10874,65234,7
os{12},14567231321123,11,6436,38597,5
os{12},14573261333111,11,8115,48674,7
os{12},14625731111111,11,14797,88765,6
os{12},14625731131121,11,7132,42776,6
os{12},14625731322233,11,7960,47736,6
os{12},14625732112121,11,5979,35860,6
os{12},14625732113321,11,7662,45960,6
os{12},14625732213323,11,6902,41391,6
os{12},14625732233111,11,6782,40673,6
os{12},14625733133111,11,5265,31570,5
os{12},14632571111111,11,16746,100461,6
os{12},14632571321132,11,7353,44104,6
os{12},14652733321331,11,6628,39747,6
os{12},14673251111111,11,14926,89541,6
os{12},14723651111213,11,6950,41688,6
os{12},14723651111312,11,8603,51609,6
os{12},14723651112131,11,8245,49461,6
os{12},14723651113121,11,7124,42726,6
os{12},14723651211212,11,5283,31679,6
os{12},14723652322121,11,5185,31089,5
os{12},14723652331232,11,5450,32680,5
os{12},14723653232222,11,4904,29407,6
os{12},14723653313111,11,5547,33261,6
os{12},14723653321313,11,8310,49850,6
os{12},14725361111111,11,11988,71914,6
os{12},14725361111123,11,6862,41158,6
os{12},14725361322332,11,6486,38900,6
os{12},14725362211121,11,7600,45585,6
os{12},14725363211213,11,6670,40005,6
os{12},14725363213121,11,4754,28503,6
os{12},14725363223213,11,5773,34622,6
os{12},14725363311113,11,7545,45244,6
os{12},14726531223122,11,7141,42833,6
os{12},14726531232122,11,8408,50435,6
os{12},14726531233313,11,6854,41112,6
os{12},14726531333312,11,5788,34716,6
os{12},14726532232313,11,6255,37519,6
os{12},14726533323122,11,4901,29383,5
os{12},14735621221112,11,6132,36779,6
os{12},14735621223113,11,4159,24935,5
os{12},14735621223332,11,9034,54192,6
os{12},14735621233112,11,6938,41608,6
os{12},14735621323112,11,7175,43030,6
os{12},14735621332112,11,4496,26954,6
os{12},14735621333111,11,6307,37820,6
os{12},14735621333222,11,5598,33571,6
os{12},14736251111132,11,7102,42594,6
os{12},14736251112332,11,6303,37801,6
os{12},14736253222223,11,5991,35942,7
os{12},14736521132222,11,5881,35260,6
os{12},14736521133131,11,6989,41916,7
os{12},14736521211212,11,6075,36433,7
os{12},14736521213333,11,5464,32760,6
os{12},14736521221313,11,5468,32794,5
os{12},14736521321231,11,9143,54855,7
os{12},14736521322233,11,7649,45880,7
os{12},14736521332121,11,6212,37251,5
os{12},14736523112222,11,5502,32990,5
os{12},14736523113131,11,5524,33122,6
os{12},14752363222121,11,4889,29313,6
os{12},14752363232222,11,6804,40801,6
os{12},14752363233131,11,5385,32280,6
os{12},14752631111111,11,14170,85007,6
os{12},14752631112311,11,8764,52564,6
os{12},14752631323223,11,6348,38067,6
os{12},14752632332132,11,4943,29637,5
os{12},14752633213223,11,6335,37998,6
os{12},14752633222223,11,6158,36933,6
os{12},14752633223123,11,6273,37620,6
os{12},14752633223231,11,5609,33636,6
os{12},14753261221112,11,6656,39918,6
os{12},14753261323112,11,7383,44289,6
os{12},14753261333111,11,6605,39611,6
os{12},14762351221331,11,5597,33567,6
os{12},14762351321231,11,7649,45883,6
os{12},14762351331221,11,4677,28033,5
os{12},14763251221223,11,7347,44063,5
os{12},14763251222312,11,7544,45243,5
os{12},14763251332331,11,6202,37192,5
os{12},14763251333123,11,6913,41462,6
os{12},14763252322121,11,6898,41365,6
os{12},14763253132232,11,5958,35728,5
os{12},14763253133132,11,6079,36450,5
os{12},14763253133222,11,6532,39178,5
os{12},14763253133231,11,6218,37281,5
os{12},14763253221221,11,6774,40622,5
os{12},14763253222112,11,7187,43105,5
os{12},14763521113211,11,7198,43164,6
os{12},14763521113223,11,5493,32939,5
os{12},14763523222331,11,4638,27805,5
os{12},14765231111213,11,8190,49119,6
os{12},14765231111312,11,8261,49549,6
os{12},14765231112131,11,8286,49698,6
os{12},14765231113121,11,7345,44050,6
os{12},14765231133131,11,5793,34736,6
os{12},14765232211211,11,6114,36670,6
os{12},14765232232322,11,4927,29542,6
os{12},14765232331313,11,4880,29260,6
os{12},14765233113131,11,5423,32515,6
os{12},14765233323332,11,4716,28289,5
os{12},15236471111111,11,14134,84789,6
os{12},15236473231121,11,5400,32384,5
os{12},15243671331221,11,5127,30740,5
os{12},15246371331332,11,7505,45010,5
os{12},15246371332331,11,5228,31345,5
os{12},15246372331331,11,5277,31642,5
os{12},15267431223113,11,5031,30161,5
os{12},15273641112323,11,11627,69741,7
os{12},15324673113311,11,8998,53973,5
os{12},15342671211311,11,6138,36801,5
os{12},15346271321321,11,4198,25166,5
os{12},15367421211113,11,8995,53959,6
os{12},15367421223113,11,4441,26624,5
os{12},15367423211123,11,7705,46210,6
os{12},15426371111111,11,12182,73076,6
os{12},15426371112233,11,6471,38815,6
os{12},15463271313113,11,7741,46430,7
os{12},15624732123212,11,9949,59684,7
os{12},15624732133313,11,6485,38885,6
os{12},15624732333332,11,4980,29859,5
os{12},15627431223113,11,4646,27854,5
os{12},15627431322113,11,7006,42015,5
os{12},15627431332112,11,4569,27393,5
os{12},15634722123332,11,8862,53156,6
os{12},15634722321233,11,5926,35541,6
os{12},15637423211123,11,8534,51194,8
os{12},15642371111111,11,21976,131849,7
os{12},15642372213311,11,6266,37574,6
os{12},15642372231332,11,5071,30399,5
os{12},15642372331322,11,5160,30936,5
os{12},15642373212311,11,6470,38809,7
os{12},15642373221323,11,7681,46077,7
os{12},15642373231223,11,7660,45946,6
os{12},15643271221331,11,5016,30080,5
os{12},15643271331221,11,5145,30854,5
os{12},15643273223111,11,5795,34747,6
os{12},15647233213232,11,4899,29375,5
os{12},15672341113232,11,6581,39472,6
os{12},15672341323112,11,5649,33882,6
os{12},15672342323312,11,5886,35299,6
os{12},15672343213232,11,4874,29215,5
os{12},15672433312133,11,5949,35676,6
os{12},15724362212132,11,6088,36512,5
os{12},15724631111111,11,12946,77653,6
os{12},15724631211311,11,6999,41983,6
os{12},15724631322233,11,8318,49892,6
os{12},15724632123233,11,9215,55279,6
os{12},15724632313223,11,5578,33460,6
os{12},15724632323231,11,5783,34675,5
os{12},15724632323333,11,5788,34710,6
os{12},15724633132322,11,5183,31077,6
os{12},15734622331223,11,4958,29722,6
os{12},15746321111111,11,14286,85698,6
os{12},15746321323211,11,6278,37650,6
os{12},15746322313112,11,5286,31701,6
os{12},15762342122213,11,8796,52760,7
os{12},15763241111111,11,14562,87357,6
os{12},15763242323132,11,4410,26436,5
os{12},16243571132132,11,4791,28727,5
os{12},16243571231231,11,5339,32002,5
os{12},16243571321321,11,4624,27726,4
os{12},16245371231231,11,5574,33425,5
os{12},16254733312223,11,11782,70676,7
os{12},16257431132111,11,7515,45069,6
os{12},16257433223123,11,5394,32352,5
os{12},16273541122133,11,9979,59853,7
os{12},16273541321321,11,6223,37312,4
os{12},16275341312213,11,11887,71315,7
os{12},16275343122221,11,5548,33269,5
os{12},16327453232333,11,5503,32996,5
os{12},16342571331221,11,5099,30579,5
os{12},16345271111111,11,21547,129270,6
os{12},16345271133131,11,5978,35848,6
os{12},16345271222111,11,8751,52494,6
os{12},16345272322232,11,5897,35367,5
os{12},16345272333212,11,4784,28687,5
os{12},16345273122323,11,7274,43626,6
os{12},16345273233323,11,7628,45752,6
os{12},16347252131312,11,7838,47007,6
os{12},16347253121312,11,8241,49428,6
os{12},16357421223113,11,4704,28215,5
os{12},16374521112323,11,10551,63296,6
os{12},16374523211123,11,6995,41949,6
os{12},16423572112121,11,6218,37290,6
os{12},16427531211311,11,6406,38419,7
os{12},16427531231321,11,8204,49212,7
os{12},16427532333233,11,8750,52480,6
os{12},16453271111111,11,15064,90361,6
os{12},16453271211113,11,6887,41297,6
os{12},16453272111131,11,4995,29944,5
os{12},16475233132313,11,7689,46117,6
os{12},16523473332323,11,5438,32611,6
os{12},16523741112212,11,7394,44345,7
os{12},16524731112212,11,8778,52659,6
os{12},16524731112233,11,7704,46213,6
os{12},16524731113133,11,7990,47920,6
os{12},16527341111111,11,11431,68565,6
os{12},16527431123333,11,9918,59491,6
os{12},16527431222132,11,10421,62509,6
os{12},16527431312222,11,12023,72119,7
os{12},16527431333213,11,8499,50975,7
os{12},16527432113333,11,7526,45138,6
os{12},16527432211322,11,8212,49244,5
os{12},16527432231122,11,6864,41167,5
os{12},16527432231332,11,5682,34068,5
os{12},16527432331322,11,5944,35637,4
os{12},16527432333113,11,6540,39212,5
os{12},16527433312133,11,6839,41004,5
os{12},16532471111222,11,8898,53369,7
os{12},16534271111111,11,13317,79885,6
os{12},16534271111132,11,6231,37360,6
os{12},16534273211111,11,6353,38104,5
os{12},16534723211123,11,10706,64227,8
os{12},16537421111222,11,6427,38538,6
os{12},16537421113322,11,6310,37843,6
os{12},16537421113331,11,7648,45872,6
os{12},16537421223113,11,4119,24690,5
os{12},16537421233112,11,7212,43257,6
os{12},16537421332112,11,4528,27143,6
os{12},16542371221331,11,4291,25725,6
os{12},16542371331221,11,4897,29361,5
os{12},16542372112331,11,7703,46200,5
os{12},16543271221223,11,7751,46478,5
os{12},16543271223221,11,7501,44990,6
os{12},16543271331332,11,7797,46766,6
os{12},16543271332331,11,6128,36746,5
os{12},16543272331331,11,5355,32096,4
os{12},16543273221221,11,7393,44333,5
os{12},16543721111111,11,11477,68842,6
os{12},16543721113211,11,6341,38028,6
os{12},16547233332323,11,5983,35883,6
os{12},16547321113331,11,8911,53455,7
os{12},16572431111111,11,13651,81894,6
os{12},16572433213223,11,6028,36146,6
os{12},16573241123123,11,6631,39765,6
os{12},16573241312312,11,5522,33109,6
os{12},16574231113133,11,6857,41129,6
os{12},16723451122133,11,9116,54685,7
os{12},16723451322311,11,5552,33295,5
os{12},16725431121311,11,6979,41856,6
os{12},16725431131211,11,6887,41307,6
os{12},16725431211122,11,7784,46697,6
os{12},16725431211131,11,8699,52179,6
os{12},16725431311121,11,6728,40347,6
os{12},16725432211121,11,7437,44606,6
os{12},16725432232223,11,4998,29968,6
os{12},16725433113311,11,5415,32468,5
os{12},16725433122212,11,4911,29447,5
os{12},16725433333232,11,4883,29275,5
os{12},16735242122213,11,7760,46542,7
os{12},16742352232313,11,6573,39422,7
os{12},16743252323222,11,5456,32714,6
os{12},16745232121313,11,6744,40453,6
os{12},16745232122222,11,5891,35322,5
os{12},16745233121213,11,6950,41679,6
os{12},16745233333313,11,9455,56721,6
os{12},16753241221112,11,8154,48912,7
os{12},17246351111111,11,13414,80462,6
os{12},17265433111313,11,10830,64956,6
os{12},17324561211323,11,7864,47163,6
os{12},17324561232332,11,5062,30357,6
os{12},17326452212111,11,10903,65400,6
os{12},17356241212313,11,6286,37691,6
os{12},17356242211331,11,8543,51236,6
os{12},17362451211311,11,6217,37288,6
os{12},17362451231321,11,6404,38412,6
os{12},17362452213311,11,8532,51178,6
os{12},17364251231231,11,6062,36355,5
os{12},17423653213232,11,5353,32096,5
os{12},17425631122112,11,6980,41861,6
os{12},17425631223113,11,4806,28817,5
os{12},17425631313113,11,6851,41087,6
os{12},17425631322113,11,6512,39049,5
os{12},17425631322332,11,8346,50056,6
os{12},17425631323112,11,6983,41884,6
os{12},17425631323223,11,6194,37150,6
os{12},17425631332112,11,4655,27905,5
os{12},17426531112233,11,7022,42121,6
os{12},17426531121212,11,8503,51003,7
os{12},17426531132312,11,6960,41737,5
os{12},17426531213123,11,7424,44526,6
os{12},17426531223221,11,5780,34650,6
os{12},17426531232233,11,10682,64080,7
os{12},17426531313131,11,8707,52225,7
os{12},17426531331332,11,5736,34399,5
os{12},17426532121211,11,6784,40679,6
os{12},17426532331331,11,5009,30022,5
os{12},17435622211133,11,7700,46185,6
os{12},17435623211123,11,10058,60336,7
os{12},17436521323232,11,7391,44336,6
os{12},17452363213232,11,4953,29697,5
os{12},17452363322132,11,5114,30655,5
os{12},17452633213232,11,6078,36457,5
os{12},17453262211133,11,6119,36689,6
os{12},17462352213311,11,6454,38700,6
os{12},17463251122112,11,6219,37296,6
os{12},17463251221331,11,4456,26711,5
os{12},17463251313113,11,6774,40622,6
os{12},17463251321231,11,6810,40840,6
os{12},17463251323112,11,7330,43968,6
os{12},17463251331221,11,4431,26565,5
os{12},17526431131121,11,5948,35681,6
os{12},17526431231321,11,8515,51072,7
os{12},17526432123233,11,9431,56577,6
os{12},17543261111111,11,15411,92446,6
os{12},17543261132111,11,5663,33953,6
os{12},17642531111111,11,12559,75332,6
os{12},17642531112233,11,8848,53069,5
os{12},17642533312211,11,5073,30424,6
os{12},17643251122112,11,6871,41211,6
os{12},21345671111111,11,10238,61401,5
os{12},21345762223322,11,9805,58819,7
os{12},21345762312323,11,8746,52460,6
os{12},21345762313223,11,7584,45485,6
os{12},21345763332233,11,8735,52394,7
os{12},21346752313322,11,10374,62231,7
os{12},21347562312323,11,11899,71374,6
os{12},21354671122112,11,5970,35794,6
os{12},21354671131313,11,8290,49734,7
os{12},21354671221112,11,6122,36715,6
os{12},21354672311123,11,8460,50755,7
os{12},21354672311132,11,11118,66695,7
os{12},21354672313211,11,29936,179606,7
os{12},21354673131113,11,6313,37856,5
os{12},21354761112233,11,6658,39926,6
os{12},21354761112311,11,6030,36163,6
os{12},21354761113211,11,6658,39928,5
os{12},21354761113322,11,6083,36480,6
os{12},21354761122211,11,7982,47872,6
os{12},21354761133311,11,6609,39635,6
os{12},21354762213311,11,5963,35758,6
os{12},21354763312211,11,7586,45499,6
os{12},21357462311111,11,9141,54822,5
os{12},21357463213331,11,5968,35788,6
os{12},21357642221132,11,8991,53932,7
os{12},21364752311111,11,7621,45709,5
os{12},21364753212212,11,5971,35803,6
os{12},21365742221312,11,6958,41733,7
os{12},21365742312323,11,8428,50555,6
os{12},21367451311331,11,5916,35474,5
os{12},21367452112112,11,5253,31496,6
os{12},21374653333121,11,5361,32148,6
os{12},21375462312233,11,8505,51018,7
os{12},21375463333211,11,7794,46751,6
os{12},21376541111123,11,6167,36979,6
os{12},21376541112311,11,5940,35625,6
os{12},21376541122211,11,8275,49635,7
os{12},21376541131133,11,5979,35851,6
os{12},21457631321123,11,8818,52892,5
os{12},21473563331312,11,8023,48132,7
os{12},21536742222131,11,8496,50961,6
os{12},21654372231323,11,9075,54446,7
os{12},21654372233321,11,6438,38613,5
os{12},21654373332122,11,5877,35235,5
os{12},21654373332221,11,5960,35744,6
os{12},21734652123131,11,6280,37660,6
os{12},23147562123131,11,9345,56064,8
os{12},23147651112323,11,7600,45589,7
os{12},23147652312323,11,6850,41079,6
os{12},23156471222132,11,6115,36667,6
os{12},23156471333132,11,5762,34548,7
os{12},23156473323332,11,5220,31300,5
os{12},23157461231333,11,7576,45441,7
os{12},23157462131123,11,8963,53766,7
os{12},23164573213133,11,6169,36982,5
os{12},23164752131312,11,9257,55531,7
os{12},23164753333313,11,7332,43971,6
os{12},23165471111111,11,8467,50781,6
os{12},23165471311133,11,6636,39796,6
os{12},23165471312132,11,5175,31028,5
os{12},23165472111122,11,6507,39030,6
os{12},23165472111332,11,4785,28683,5
os{12},23165472132332,11,6881,41262,6
os{12},23165472311111,11,6599,39580,6
os{12},23165473233221,11,7863,47161,6
os{12},23165741112323,11,9956,59726,8
os{12},23165741231312,11,7399,44380,6
os{12},23165742123131,11,8403,50412,8
os{12},23165742131321,11,10690,64129,7
os{12},23165742131333,11,13821,82923,8
os{12},23165742312323,11,8760,52532,6
os{12},23165743331312,11,10432,62577,5
os{12},23167541233322,11,6996,41966,6
os{12},23167542131222,11,7845,47054,6
os{12},23174652123131,11,7870,47206,8
os{12},23175463211222,11,6079,36460,5
os{12},23176452132221,11,6161,36940,5
os{12},23176453332233,11,8031,48172,7
os{12},23416752121211,11,8562,51357,5
os{12},23417563232123,11,5375,32232,5
os{12},23456173212332,11,4497,26966,5
os{12},23456173233122,11,5530,33160,5
os{12},23456713212332,11,4521,27098,5
os{12},23475162121112,11,7763,46554,6
os{12},23517462131333,11,8935,53603,8
os{12},23576412233321,11,6104,36608,6
os{12},23576412312323,11,6497,38963,6
os{12},23657142121112,11,9139,54814,6
os{12},23671452122333,11,12262,73558,6
os{12},23674153232321,11,5066,30371,5
os{12},23751461132123,11,5990,35918,6
os{12},23751463112321,11,5991,35925,6
os{12},23756143222331,11,5461,32756,5
os{12},23756411222312,11,6104,36597,5
os{12},23756413222112,11,6626,39735,5
os{12},23756413223312,11,5568,33384,5
os{12},23756413322312,11,5894,35346,5
os{12},24153672321233,11,7897,47366,7
os{12},24157361313212,11,5558,33330,6
os{12},24157362323111,11,6016,36083,6
os{12},24167353132232,11,8305,49821,6
os{12},24173652323231,11,5739,34413,5
os{12},24315673311311,11,11088,66522,6
os{12},24315761122322,11,7461,44753,6
os{12},24315762213323,11,10459,62737,7
os{12},24351671212211,11,8708,52241,6
os{12},24351673111133,11,9547,57277,6
os{12},24351673311311,11,10030,60165,6
os{12},24351761111123,11,11693,70141,6
os{12},24351761212232,11,6147,36870,6
os{12},24367511323112,11,7314,43871,6
os{12},24367513111121,11,5011,30045,6
os{12},24376512222122,11,10714,64271,7
os{12},24516732233111,11,10830,64962,7
os{12},24531673123121,11,5519,33098,5
os{12},24536713231232,11,5851,35091,6
os{12},24537613231322,11,9446,56658,6
os{12},24561372111131,11,8410,50440,6
os{12},24563711121212,11,9783,58686,7
os{12},24563712121232,11,9978,59853,6
os{12},24563713121222,11,11357,68133,7
os{12},24571362221213,11,8158,48929,8
os{12},24571631121212,11,7734,46380,6
os{12},24615371112332,11,5765,34569,5
os{12},24615372213311,11,13506,81020,6
os{12},24615731122313,11,7775,46642,6
os{12},24615731132333,11,10343,62047,5
os{12},24615732111323,11,8547,51274,5
os{12},24615732213311,11,8280,49661,6
os{12},24615732233321,11,8964,53768,6
os{12},24615733113323,11,11050,66289,6
os{12},24615733311122,11,6593,39540,6
os{12},24617532233321,11,10121,60700,6
os{12},24637512311132,11,10933,65580,8
os{12},24651731113223,11,5307,31829,5
os{12},24651731333333,11,5302,31800,6
os{12},24715363311332,11,5729,34359,5
os{12},24715631111111,11,9226,55348,6
os{12},24715631122121,11,7299,43773,6
os{12},24715631122133,11,6962,41751,6
os{12},24715632313223,11,7249,43473,6
os{12},24715633112111,11,4735,28387,5
os{12},24715633131131,11,7176,43036,6
os{12},24716532323231,11,8990,53917,5
os{12},24731561111111,11,14617,87690,6
os{12},24731562311231,11,7284,43688,6
os{12},24736512222332,11,9880,59265,6
os{12},24751362221231,11,11353,68100,6
os{12},24751362321113,11,11783,70677,5
os{12},24761531221223,11,7309,43836,5
os{12},24763151111111,11,8776,52638,6
os{12},24765313222112,11,6061,36343,5
os{12},25134672233321,11,7789,46713,6
os{12},25134672312323,11,6179,37059,6
os{12},25134672313211,11,9303,55805,6
os{12},25137461111111,11,8942,53634,6
os{12},25137461211323,11,5831,34959,6
os{12},25163741112323,11,7239,43413,7
os{12},25314673111313,11,14141,84826,7
os{12},25314673111331,11,12605,75613,6
os{12},25314673131311,11,13064,78370,6
os{12},25341673113311,11,13900,83388,6
os{12},25341762313223,11,9295,55750,6
os{12},25364172311231,11,11141,66830,6
os{12},25364173223231,11,5718,34286,6
os{12},25367411211122,11,9584,57483,7
os{12},25413672323111,11,13011,78053,6
os{12},25413763121222,11,7272,43613,7
os{12},25436711311313,11,6262,37554,5
os{12},25436712123122,11,7066,42378,5
os{12},25436712123332,11,9853,59094,5
os{12},25436712132122,11,6213,37265,5
os{12},25436712323231,11,5880,35257,5
os{12},25436713232321,11,5359,32129,5
os{12},25436713332122,11,5871,35212,5
os{12},25463713212332,11,5222,31314,5
os{12},25471362323132,11,7271,43609,6
os{12},25471631312213,11,9393,56347,8
os{12},25631741212121,11,12241,73428,6
os{12},25634713321232,11,8543,51239,7
os{12},25641371213132,11,6635,39795,6
os{12},25714632123131,11,12588,75512,7
os{12},25714632223331,11,8003,48004,6
os{12},25714632313211,11,33112,198663,7
os{12},25714633121333,11,8143,48844,7
os{12},25716431212223,11,8254,49510,7
os{12},25716433223213,11,5208,31222,5
os{12},25731642232211,11,12612,75650,6
os{12},25734162221111,11,6772,40608,6
os{12},25734613113323,11,8831,52974,6
os{12},25736141111123,11,7590,45527,6
os{12},25736141233232,11,7051,42296,5
os{12},25736411133113,11,5860,35141,6
os{12},25736411231321,11,7081,42480,7
os{12},25736411321312,11,5251,31488,7
os{12},25736411331113,11,6158,36926,5
os{12},25736413123112,11,5312,31854,5
os{12},25741361232113,11,9564,57374,8
os{12},25741632222323,11,7576,45443,6
os{12},25741632312323,11,7178,43056,6
os{12},25743611233232,11,5190,31121,5
os{12},25763142223133,11,8450,50683,6
os{12},25763411332322,11,5991,35929,6
os{12},26135742132221,11,7298,43778,5
os{12},26135742213323,11,7702,46189,7
os{12},26135742332312,11,6092,36530,5
os{12},26153471122121,11,7199,43176,6
os{12},26153473131131,11,6892,41333,6
os{12},26153473132121,11,5815,34865,6
os{12},26154372332213,11,14330,85962,6
os{12},26175432331133,11,7464,44766,6
os{12},26317451212211,11,11807,70836,7
os{12},26345711223113,11,4367,26178,5
os{12},26371453112111,11,6229,37355,5
os{12},26415731322323,11,5922,35517,6
os{12},26415732121223,11,5011,30057,7
os{12},26415732233321,11,8242,49433,6
os{12},26435712222122,11,12520,75109,8
os{12},26435712233321,11,8123,48722,6
os{12},26435712311132,11,9546,57258,8
os{12},26435712322322,11,10785,64702,7
os{12},26435713311122,11,7909,47433,6
os{12},26435713333133,11,7124,42722,5
os{12},26437512122312,11,7846,47063,6
os{12},26453172211133,11,8982,53878,7
os{12},26453711333333,11,5223,31315,5
os{12},26513471122121,11,6961,41751,7
os{12},26517343333313,11,8473,50822,8
os{12},26534713333313,11,8553,51296,6
os{12},26543171111111,11,8476,50833,6
os{12},26543171123111,11,5089,30504,5
os{12},26547313131323,11,8819,52902,6
os{12},26573413331312,11,7130,42754,7
os{12},26714531212133,11,7383,44280,6
os{12},26714532121133,11,7634,45787,6
os{12},26715433231322,11,6636,39803,6
os{12},26741351232113,11,6675,40024,6
os{12},26743512121232,11,10752,64500,6
os{12},27134561131133,11,8560,51341,7
os{12},27154632311132,11,6123,36718,6
os{12},27314652313211,11,14182,85079,6
os{12},27365412321212,11,11307,67830,7
os{12},27415363131113,11,8133,48775,6
os{12},27415632323231,11,8075,48427,5
os{12},27415633321322,11,7913,47462,6
os{12},27416532133232,11,5729,34358,6
os{12},27416533321232,11,7245,43447,5
os{12},27435612122222,11,9601,57598,7
os{12},27453161123111,11,5107,30623,5
os{12},27453161132111,11,5620,33718,6
os{12},27456133132223,11,6972,41819,6
os{12},27516341111111,11,7583,45465,6
os{12},27534161111111,11,7767,46579,6
os{12},27534161111123,11,8475,50833,6
os{12},27534162311111,11,6767,40590,6
os{12},27534612311132,11,9597,57568,8
os{12},27536412332312,11,5997,35962,5
os{12},27543611111123,11,6762,40559,5
os{12},27543611111132,11,6434,38579,6
os{12},27546312231122,11,12826,76937,6
os{12},27613543333133,11,8067,48379,7
os{12},27614353311332,11,6018,36089,5
os{12},27615431312333,11,7146,42859,5
os{12},27615432113321,11,13301,79784,7
os{12},27615433313213,11,5911,35435,6
os{12},27634511131133,11,6172,37013,6
os{12},27634512233321,11,6549,39276,6
os{12},27643513311233,11,7974,47834,6
os{12},31246753312211,11,11020,66105,6
os{12},31247651113232,11,6289,37725,6
os{12},31247651323232,11,6570,39405,6
os{12},31256471231222,11,6246,37458,6
os{12},31257462222221,11,7813,46868,7
os{12},31257462312311,11,7178,43055,5
os{12},31257643311122,11,9203,55202,6
os{12},31264572122213,11,7579,45459,7
os{12},31264573132313,11,6244,37450,6
os{12},31264573222223,11,6214,37265,5
os{12},31264752132122,11,5178,31043,5
os{12},31264752313121,11,8330,49970,7
os{12},31265471111111,11,10336,62004,6
os{12},31265471122112,11,5789,34717,6
os{12},31265471122133,11,7188,43107,6
os{12},31265471312213,11,7846,47062,6
os{12},31265471313113,11,5689,34117,6
os{12},31265471321111,11,5356,32119,6
os{12},31265472233321,11,8619,51702,6
os{12},31265472312233,11,9042,54235,6
os{12},31265741233331,11,7274,43621,6
os{12},31267542222233,11,6630,39760,6
os{12},31267542313133,11,11536,69198,8
os{12},31275461112233,11,8611,51644,6
os{12},31275461322233,11,9462,56762,6
os{12},31275462133211,11,5885,35285,5
os{12},31275462223211,11,5357,32123,5
os{12},31275462311213,11,9264,55583,7
os{12},31275462312212,11,9381,56270,7
os{12},31275463311122,11,10682,64071,6
os{12},31276452133322,11,4811,28846,5
os{12},31276452313313,11,7970,47804,6
os{12},31452671323211,11,6555,39315,6
os{12},31452671332232,11,5313,31860,6
os{12},31452672322331,11,5251,31490,5
os{12},31456722111221,11,6350,38081,6
os{12},31462751111111,11,8975,53837,6
os{12},31462751113322,11,6030,36167,6
os{12},31475261322233,11,7832,46983,7
os{12},31475262331313,11,8232,49376,5
os{12},31475262333221,11,6977,41852,6
os{12},31524673332122,11,8205,49220,6
os{12},31527643332122,11,4294,25741,6
os{12},31564272212111,11,10411,62452,6
os{12},31564272213311,11,5281,31666,5
os{12},31564273113311,11,7165,42970,6
os{12},31572461122133,11,7436,44597,7
os{12},31624751112233,11,5208,31234,6
os{12},31624753312211,11,6633,39775,6
os{12},31627452221333,11,8278,49653,6
os{12},31654272313322,11,10219,61295,7
os{12},31754621331122,11,9081,54470,6
os{12},31765242322121,11,5750,34477,4
os{12},32145671111111,11,14769,88602,6
os{12},32145671123333,11,6290,37723,6
os{12},32145671132222,11,7853,47107,6
os{12},32145671221112,11,6443,38640,6
os{12},32145671333333,11,7211,43251,6
os{12},32145672113333,11,5814,34869,6
os{12},32145672212222,11,5026,30136,5
os{12},32145673112222,11,5498,32967,5
os{12},32145673311113,11,8194,49144,6
os{12},32146751232323,11,7586,45501,6
os{12},32146752232223,11,10724,64325,7
os{12},32147562313223,11,5791,34726,6
os{12},32147562333233,11,12479,74856,7
os{12},32147651123333,11,7840,47022,6
os{12},32147651132222,11,9253,55497,6
os{12},32147651213333,11,8344,50042,6
os{12},32147651312222,11,7733,46384,6
os{12},32147652113333,11,7438,44613,6
os{12},32147652231332,11,7710,46242,6
os{12},32147652233213,11,12568,75395,6
os{12},32147652331322,11,8425,50527,6
os{12},32147652332213,11,11312,67862,6
os{12},32147653112222,11,7460,44742,5
os{12},32156471111111,11,9777,58653,6
os{12},32156471113211,11,4925,29530,6
os{12},32156471232332,11,4645,27846,5
os{12},32156472312332,11,5134,30785,6
os{12},32156472332132,11,5379,32257,6
os{12},32156472332321,11,6184,37094,6
os{12},32156472333332,11,7741,46431,6
os{12},32156473223123,11,4238,25402,5
os{12},32156741112323,11,12722,76310,7
os{12},32156742311123,11,7266,43583,7
os{12},32156742313223,11,7128,42755,6
os{12},32156742333131,11,6481,38860,6
os{12},32157641232323,11,7408,44431,6
os{12},32157642231323,11,8049,48278,7
os{12},32164571111111,11,10669,64001,6
os{12},32164571111231,11,5201,31186,6
os{12},32164571232323,11,6903,41395,6
os{12},32164572232223,11,9481,56874,6
os{12},32164572232313,11,9159,54938,6
os{12},32164572233321,11,8435,50593,6
os{12},32164572312323,11,7425,44527,6
os{12},32164573323212,11,5478,32845,6
os{12},32165741111111,11,12107,72636,6
os{12},32165741111132,11,4500,26988,5
os{12},32165741233223,11,5204,31206,6
os{12},32165742211112,11,6495,38958,6
os{12},32165742331112,11,6779,40647,6
os{12},32165743311131,11,6066,36367,6
os{12},32167451111111,11,11217,67283,6
os{12},32167451213333,11,6080,36467,6
os{12},32167451222222,11,5391,32330,5
os{12},32167451312222,11,6107,36622,6
os{12},32167451333111,11,6598,39565,5
os{12},32167452211121,11,6182,37075,6
os{12},32167453222313,11,4883,29273,6
os{12},32167453313333,11,6278,37655,6
os{12},32167453321232,11,5852,35089,6
os{12},32174561112323,11,9918,59496,7
os{12},32174561232113,11,9984,59890,7
os{12},32174561232233,11,9072,54423,7
os{12},32174562231212,11,8675,52026,7
os{12},32174652312332,11,4920,29507,6
os{12},32174652332132,11,5362,32157,6
os{12},32175461111111,11,10857,65124,6
os{12},32175461113112,11,5318,31888,6
os{12},32175461221112,11,5447,32665,6
os{12},32175461333111,11,6526,39130,5
os{12},32175462233111,11,9978,59845,6
os{12},32175462312323,11,9620,57694,6
os{12},32416753121222,11,11359,68150,8
os{12},32417562113321,11,11316,67892,8
os{12},32417652132131,11,4822,28917,4
os{12},32417653132121,11,5073,30414,6
os{12},32451762331121,11,5310,31838,6
os{12},32456173212332,11,5243,31437,5
os{12},32456711233133,11,9837,58998,4
os{12},32465172112121,11,6827,40938,6
os{12},32465172132131,11,5185,31087,6
os{12},32465172133121,11,4959,29738,5
os{12},32465172332321,11,6741,40436,6
os{12},32465173123121,11,4758,28527,5
os{12},32465173132121,11,5662,33951,6
os{12},32465173133111,11,6261,37545,6
os{12},32465173233221,11,7677,46050,6
os{12},32475161232323,11,6170,37000,7
os{12},32475163331222,11,5817,34876,5
os{12},32476513232231,11,5846,35060,6
os{12},32517463131311,11,10992,65946,7
os{12},32546713323212,11,6523,39122,6
os{12},32547611121113,11,5647,33871,5
os{12},32547611131112,11,8286,49690,7
os{12},32547611213111,11,5856,35117,6
os{12},32547611312111,11,6748,40469,6
os{12},32547612111311,11,5966,35776,6
os{12},32547613111211,11,6626,39736,6
os{12},32561471113133,11,7711,46242,6
os{12},32561471121311,11,6790,40723,6
os{12},32561471122211,11,6859,41133,6
os{12},32561471131211,11,7366,44181,6
os{12},32561471211131,11,8658,51929,6
os{12},32561471311121,11,7126,42728,6
os{12},32561472133313,11,8637,51802,6
os{12},32561472213122,11,6794,40740,6
os{12},32561473222223,11,5648,33870,5
os{12},32561473323212,11,5966,35777,6
os{12},32567412122222,11,8755,52506,7
os{12},32567412131312,11,9537,57203,5
os{12},32567412222212,11,11336,67992,7
os{12},32567413131212,11,7627,45748,7
os{12},32567413133333,11,7866,47180,6
os{12},32576142313223,11,5879,35260,5
os{12},32615473332122,11,5687,34107,5
os{12},32647152133121,11,7133,42779,5
os{12},32647153132121,11,4891,29333,6
os{12},32647512333233,11,9468,56790,6
os{12},32657143121213,11,7672,46020,8
os{12},32657412111212,11,9607,57618,7
os{12},32671453123313,11,8007,48037,7
os{12},32674152113333,11,10764,64574,6
os{12},32714652332132,11,5231,31361,5
os{12},32716452123212,11,9656,57930,7
os{12},32741651121311,11,9165,54970,6
os{12},32741651131211,11,7629,45757,7
os{12},32741651211131,11,6908,41432,6
os{12},32741651311121,11,7032,42179,6
os{12},32741652111113,11,6600,39579,5
os{12},32741653111112,11,6898,41376,6
os{12},32745611223332,11,5233,31383,6
os{12},32745612313322,11,9124,54738,7
os{12},32745612322331,11,5145,30854,6
os{12},32751643321232,11,6599,39581,6
os{12},32754163211123,11,6358,38128,6
os{12},32756141233121,11,6458,38734,6
os{12},32761452121313,11,7663,45967,7
os{12},32761452122222,11,7726,46339,7
os{12},32761452222212,11,6635,39800,6
os{12},32761453121312,11,10959,65739,6
os{12},32761453133333,11,7972,47811,6
os{12},32765411112221,11,7210,43242,6
os{12},32765411121113,11,5324,31921,5
os{12},32765411131112,11,8200,49189,6
os{12},32765411133113,11,4822,28900,5
os{12},32765411331113,11,5809,34831,6
os{12},32765412221312,11,6882,41279,6
os{12},32765412323222,11,7414,44475,6
os{12},32765413122212,11,6664,39968,6
os{12},32765413223312,11,4956,29719,6
os{12},32765413231223,11,6302,37795,6
os{12},32765413322312,11,5041,30217,5
os{12},34125672131213,11,8377,50249,7
os{12},34125672131312,11,9172,55024,7
os{12},34125672221222,11,6699,40183,6
os{12},34125673133333,11,8839,53023,7
os{12},34127651121113,11,6546,39259,6
os{12},34127651131112,11,6974,41818,6
os{12},34127651213111,11,5896,35356,5
os{12},34127651312111,11,5738,34408,5
os{12},34127652111311,11,5901,35393,6
os{12},34127653111211,11,5726,34334,6
os{12},34162752132212,11,12491,74932,7
os{12},34165271112212,11,6260,37545,6
os{12},34165271121311,11,7157,42935,6
os{12},34165271131211,11,8049,48278,6
os{12},34165271211131,11,7439,44623,6
os{12},34165271311121,11,5960,35737,5
os{12},34165271311133,11,5908,35428,6
os{12},34165272323333,11,6812,40852,6
os{12},34165273133312,11,9298,55772,6
os{12},34165273222322,11,4863,29155,5
os{12},34165273311131,11,5900,35380,6
os{12},34167252213323,11,7093,42537,7
os{12},34172562132332,11,6567,39389,6
os{12},34172562313331,11,6123,36716,6
os{12},34175263321232,11,6941,41627,6
os{12},34216572213122,11,9751,58496,6
os{12},34261572132131,11,4898,29364,5
os{12},34261572133121,11,4944,29649,6
os{12},34261573123121,11,4310,25838,5
os{12},34265712212132,11,8967,53779,6
os{12},34275161312213,11,7442,44631,7
os{12},34275162112322,11,7469,44794,6
os{12},34275162213221,11,8086,48497,6
os{12},34516271111111,11,8897,53372,6
os{12},34516272312332,11,7235,43385,5
os{12},34516722313223,11,10133,60783,6
os{12},34517622231323,11,7460,44744,6
os{12},34521672223232,11,6549,39273,5
os{12},34526713232312,11,7020,42094,6
os{12},34527612211322,11,11222,67310,6
os{12},34527612231122,11,10059,60338,6
os{12},34527612231332,11,8509,51043,5
os{12},34527612331322,11,7855,47108,5
os{12},34527613312133,11,8748,52476,6
os{12},34561272122123,11,6026,36138,5
os{12},34561272122321,11,9252,55492,6
os{12},34561272212213,11,12807,76832,6
os{12},34561272213122,11,7872,47214,6
os{12},34561272232211,11,10628,63752,5
os{12},34561273221233,11,6504,39003,5
os{12},34561273233131,11,6997,41960,5
os{12},34561273311233,11,7431,44569,5
os{12},34561273313321,11,9750,58485,6
os{12},34561273321133,11,9604,57598,6
os{12},34561273321223,11,7265,43569,6
os{12},34561721111111,11,9202,55199,6
os{12},34562171321111,11,5254,31500,5
os{12},34562171321231,11,6788,40707,7
os{12},34562172232313,11,7665,45977,7
os{12},34567212223232,11,8835,52996,6
os{12},34617252111212,11,8675,52028,7
os{12},34617252123212,11,8908,53430,7
os{12},34617252132212,11,7947,47667,7
os{12},34617522221333,11,6152,36886,5
os{12},34621572132131,11,5710,34244,6
os{12},34625172111212,11,8830,52959,6
os{12},34627512232313,11,6642,39830,6
os{12},34651271123111,11,5925,35529,5
os{12},34651272332132,11,5610,33642,5
os{12},34675212222122,11,10182,61084,7
os{12},34715262221123,11,7398,44367,5
os{12},34716522223211,11,8913,53469,7
os{12},34721652121313,11,9259,55543,6
os{12},34721652131213,11,7300,43784,6
os{12},34721652221222,11,8584,51490,6
os{12},34721652222212,11,9068,54392,6
os{12},34721653333313,11,8602,51594,7
os{12},34725611212211,11,6714,40270,6
os{12},34725612111113,11,4979,29857,5
os{12},34725612121322,11,10595,63558,6
os{12},34725612231212,11,10235,61394,6
os{12},34725612231332,11,6144,36855,5
os{12},34725612322232,11,7562,45347,6
os{12},34725612331322,11,6306,37819,5
os{12},34725613111112,11,8249,49482,6
os{12},34725613111133,11,5716,34282,6
os{12},34725613132223,11,5886,35293,6
os{12},34725613311113,11,5164,30965,5
os{12},34761252323222,11,5805,34805,6
os{12},35126741232212,11,6520,39104,5
os{12},35126742231233,11,8865,53183,7
os{12},35127462331331,11,6630,39763,5
os{12},35162472122231,11,6407,38427,6
os{12},35162472123233,11,8628,51753,6
os{12},35162473122221,11,6379,38262,6
os{12},35162473323131,11,5209,31235,6
os{12},35162473332122,11,7225,43327,6
os{12},35162473332131,11,5853,35100,6
os{12},35162742213323,11,6440,38622,7
os{12},35167242132212,11,9028,54153,7
os{12},35172461232323,11,8093,48547,6
os{12},35174262213131,11,7649,45879,6
os{12},35174262231113,11,10703,64204,8
os{12},35246171111111,11,8742,52427,6
os{12},35246171113322,11,6016,36075,5
os{12},35246172213311,11,6689,40123,6
os{12},35267141223233,11,5576,33440,6
os{12},35267141321132,11,10388,62312,6
os{12},35271461322233,11,5272,31619,6
os{12},35416721113112,11,5688,34113,6
os{12},35416723232213,11,9124,54737,6
os{12},35417622223133,11,9809,58829,6
os{12},35426712131132,11,6233,37379,6
os{12},35426712311312,11,6673,40014,6
os{12},35426713111313,11,6399,38370,6
os{12},35426713131113,11,5464,32762,6
os{12},35426713312211,11,6370,38201,6
os{12},35461271111231,11,6398,38370,5
os{12},35461271321231,11,5741,34428,6
os{12},35461272222323,11,6809,40832,7
os{12},35462171131313,11,6136,36805,6
os{12},35462171212121,11,6443,38637,6
os{12},35462171221223,11,5240,31422,5
os{12},35462171332331,11,5835,34985,5
os{12},35462172213311,11,6314,37865,6
os{12},35462172223331,11,7265,43571,6
os{12},35462172312131,11,6622,39714,7
os{12},35462173123211,11,6706,40215,6
os{12},35462173131311,11,7138,42807,6
os{12},35462173221221,11,6086,36493,4
os{12},35462712322322,11,7867,47184,7
os{12},35472163222313,11,5090,30517,5
os{12},35472163231322,11,6954,41706,6
os{12},35476122221111,11,7045,42251,7
os{12},35614722321233,11,7518,45091,6
os{12},35617423131332,11,7011,42059,7
os{12},35624712121232,11,10284,61688,7
os{12},35624712321212,11,12113,72672,7
os{12},35624712321332,11,9097,54555,6
os{12},35624712331232,11,7172,43012,5
os{12},35714623111322,11,8239,49424,7
os{12},35721642221213,11,12562,75357,7
os{12},35762142222113,11,6091,36536,5
os{12},36125471111333,11,6246,37465,6
os{12},36125471212112,11,8052,48287,6
os{12},36125471213111,11,5761,34542,5
os{12},36125471222111,11,8431,50564,5
os{12},36125471312111,11,5633,33786,5
os{12},36125472111311,11,5922,35511,6
os{12},36125472121223,11,6673,40019,6
os{12},36125473111211,11,6055,36321,6
os{12},36125473232222,11,8081,48466,6
os{12},36125473323233,11,6554,39306,6
os{12},36125743222331,11,8710,52251,6
os{12},36127451333222,11,5569,33397,6
os{12},36145272122222,11,7390,44315,5
os{12},36145272131213,11,12232,73371,7
os{12},36145272131312,11,9317,55887,7
os{12},36145273333313,11,9740,58426,6
os{12},36147251121311,11,6885,41299,6
os{12},36147251131211,11,8505,51008,6
os{12},36147251211131,11,6863,41166,6
os{12},36147251311121,11,6024,36127,5
os{12},36147252111113,11,7080,42457,5
os{12},36147253111112,11,5854,35098,5
os{12},36152741231312,11,8033,48190,5
os{12},36152742131321,11,7228,43350,6
os{12},36172452133133,11,9076,54436,6
os{12},36217452131333,11,8728,52351,7
os{12},36217541223311,11,5279,31650,6
os{12},36217543213112,11,4924,29519,5
os{12},36241573212332,11,4815,28872,5
os{12},36241753212311,11,6289,37711,6
os{12},36415272123212,11,8783,52677,7
os{12},36417522123311,11,8116,48681,7
os{12},36514272212111,11,9094,54548,6
os{12},36521472113321,11,8223,49326,7
os{12},36521472331121,11,5231,31364,5
os{12},36527411131133,11,5708,34239,6
os{12},36527412111113,11,5041,30231,5
os{12},36527412131222,11,7392,44339,6
os{12},36527412211322,11,9847,59069,6
os{12},36527412221312,11,7787,46709,6
os{12},36527412231122,11,8017,48087,6
os{12},36527412322232,11,7389,44320,6
os{12},36527413111112,11,8021,48105,6
os{12},36527413311311,11,6120,36692,6
os{12},36541272323222,11,5720,34297,6
os{12},36542712121322,11,10132,60777,7
os{12},36547212121313,11,7316,43885,6
os{12},36547212122222,11,10603,63597,7
os{12},36547212131312,11,8667,51981,6
os{12},36547212221222,11,10025,60129,7
os{12},36547213331333,11,7049,42277,6
os{12},36712542121112,11,9963,59764,7
os{12},36712542121121,11,7985,47893,6
os{12},36712542121211,11,9471,56802,6
os{12},36712542122111,11,6662,39952,6
os{12},36714252232223,11,7182,43073,7
os{12},36714521232113,11,11105,66628,7
os{12},36714522121322,11,9603,57609,7
os{12},36714522122213,11,9078,54456,7
os{12},36714523132223,11,6926,41537,7
os{12},36714523132322,11,6543,39232,6
os{12},36721451131331,11,5055,30316,5
os{12},36721452121322,11,7552,45297,6
os{12},36721452122123,11,4573,27414,5
os{12},36721452122213,11,8705,52208,6
os{12},36721452122321,11,7174,43030,6
os{12},36721452131111,11,7544,45245,6
os{12},36721452223232,11,5992,35929,5
os{12},36721453113113,11,7052,42294,6
os{12},36721453121111,11,8816,52886,6
os{12},36725411121212,11,12141,72836,8
os{12},36725411131313,11,8059,48338,6
os{12},36725411212121,11,8227,49343,6
os{12},36725411313131,11,9096,54558,6
os{12},36725412111212,11,12309,73829,7
os{12},36725412121112,11,11202,67190,7
os{12},36725412121211,11,9038,54206,6
os{12},36725412121232,11,10921,65501,7
os{12},36725412123212,11,11460,68738,7
os{12},36725412321212,11,11842,71036,7
os{12},36725413111313,11,8696,52158,6
os{12},36725413131113,11,7419,44498,6
os{12},36725413131311,11,10513,63072,6
os{12},36741252122123,11,6670,39994,5
os{12},36741252122321,11,9113,54653,6
os{12},36741252122333,11,8175,49031,6
os{12},36741252123323,11,10019,60092,6
os{12},36741253233131,11,7345,44048,5
os{12},36745211211221,11,5291,31723,6
os{12},36745212121223,11,5226,31334,5
os{12},36745212122312,11,8840,53033,6
os{12},36745212122333,11,7098,42574,6
os{12},36745212123323,11,5745,34451,5
os{12},36745212131111,11,6033,36178,6
os{12},36745212223232,11,7103,42600,6
os{12},36745213121111,11,8808,52828,6
os{12},36745213131131,11,5732,34369,6
os{12},36745213133111,11,6192,37126,6
os{12},36745213232213,11,6059,36334,6
os{12},36751243222322,11,6587,39514,6
os{12},36752142122132,11,7664,45965,6
os{12},36752142123221,11,4985,29895,6
os{12},36752143132232,11,5690,34119,5
os{12},36752143133222,11,5906,35422,6
os{12},36752143211132,11,7939,47620,7
os{12},36754123232222,11,9618,57693,6
os{12},37246511112233,11,7602,45602,5
os{12},37256142321233,11,8117,48686,7
os{12},37415622333221,11,8769,52599,6
os{12},37426513132313,11,9263,55563,7
os{12},37452162323312,11,6027,36143,6
os{12},37516422333311,11,6211,37247,5
os{12},37561241311112,11,5212,31251,5
os{12},37612453122233,11,6938,41609,5
os{12},37612542221111,11,7737,46405,7
os{12},37614252221123,11,6546,39247,5
os{12},37614521111111,11,8644,51845,5
os{12},37614521323232,11,5661,33946,5
os{12},37614522111221,11,5700,34182,5
os{12},37614522113321,11,9320,55907,5
os{12},37614522313322,11,7986,47894,5
os{12},37614522323312,11,6321,37902,5
os{12},37614523232213,11,7977,47844,5
os{12},37615421113322,11,8509,51037,6
os{12},37615422211133,11,7506,45019,6
os{12},37615422223133,11,9054,54310,6
os{12},37615422313121,11,7203,43198,6
os{12},37615422313331,11,8529,51160,6
os{12},37615423121132,11,7758,46534,6
os{12},37624152311213,11,9240,55425,7
os{12},37624511232233,11,6033,36180,5
os{12},37624512121322,11,12111,72654,7
os{12},37624512231212,11,9406,56424,7
os{12},37624513131323,11,6726,40341,6
os{12},37624513231313,11,6390,38327,6
os{12},37641252222323,11,7994,47948,7
os{12},37642152213311,11,7808,46824,6
os{12},37642513122221,11,5101,30590,5
os{12},37645122312221,11,5687,34097,6
os{12},37651242211133,11,9825,58928,6
os{12},37651422312311,11,7785,46692,5
os{12},37652141113232,11,7698,46170,6
os{12},37652143231322,11,6807,40822,6
os{12},37654212311222,11,9484,56889,7
os{12},41236753232321,11,6849,41079,6
os{12},41237561313131,11,10230,61368,7
os{12},41263751312222,11,10119,60704,6
os{12},41325671212211,11,6802,40796,6
os{12},41325762313223,11,7564,45369,7
os{12},41325763131233,11,5958,35730,7
os{12},41352671212112,11,7831,46968,6
os{12},41352671212121,11,8387,50307,6
os{12},41352671222111,11,8713,52269,7
os{12},41357622313112,11,6473,38820,6
os{12},41367253111133,11,7936,47597,7
os{12},41532672313211,11,23031,138177,6
os{12},41532761233133,11,5763,34561,5
os{12},41563273113311,11,7395,44352,7
os{12},41576322212222,11,7777,46651,7
os{12},41625372313211,11,26661,159960,7
os{12},41625373121213,11,7870,47207,7
os{12},41625731222231,11,6957,41733,6
os{12},41635721212121,11,8828,52956,6
os{12},41657321222312,11,5786,34696,5
os{12},41673252212222,11,8648,51875,8
os{12},41673521111111,11,8102,48600,6
os{12},41723562313211,11,10020,60110,7
os{12},41725361232113,11,7118,42690,7
os{12},41725361321213,11,8842,53033,6
os{12},41725362221213,11,8169,49006,6
os{12},41725362313211,11,13120,78707,9
os{12},41725362313223,11,10471,62810,7
os{12},41725363121222,11,7356,44119,6
os{12},41725363121231,11,7188,43109,6
os{12},41725631111111,11,11405,68420,6
os{12},41725631211122,11,6723,40324,6
os{12},41725632322331,11,5069,30398,6
os{12},41725633111133,11,7304,43807,6
os{12},41725633121123,11,6447,38657,5
os{12},41725633211111,11,6643,39844,5
os{12},41726352313322,11,10150,60884,7
os{12},41726532312233,11,8775,52635,7
os{12},41735261323313,11,6953,41702,5
os{12},41735262312233,11,11643,69851,7
os{12},41735263123223,11,5601,33593,5
os{12},41735621233232,11,5892,35328,6
os{12},41735622313322,11,8804,52813,8
os{12},41736521233232,11,6603,39609,6
os{12},41736522332231,11,6242,37437,6
os{12},41752631222123,11,6270,37596,6
os{12},41752632311123,11,7120,42702,6
os{12},41752632312323,11,6591,39533,6
os{12},41752632313211,11,36332,217976,7
os{12},41756231321213,11,8798,52776,6
os{12},41756233121231,11,7188,43113,7
os{12},41762532221333,11,7610,45648,6
os{12},41762533123331,11,6128,36745,5
os{12},41765231233232,11,5323,31922,5
os{12},41765322221312,11,6109,36644,7
os{12},41765322313211,11,18182,109078,7
os{12},41765323122212,11,5550,33293,7
os{12},42136752131312,11,9216,55284,8
os{12},42137561123333,11,6573,39419,6
os{12},42137653122131,11,6645,39854,6
os{12},42137653132121,11,4806,28813,6
os{12},42157633231322,11,9715,58282,7
os{12},42163751121212,11,8760,52542,6
os{12},42165373223123,11,4236,25395,5
os{12},42167532131333,11,9422,56520,7
os{12},42315673112111,11,5760,34542,5
os{12},42351671212211,11,8010,48044,6
os{12},42351763231133,11,12624,75729,7
os{12},42367153111121,11,6217,37279,6
os{12},42367153211123,11,6536,39198,6
os{12},42516372233111,11,8584,51497,7
os{12},42561733323122,11,5127,30742,6
os{12},42573612323231,11,5695,34145,5
os{12},42573613322231,11,5103,30599,5
os{12},42613572313211,11,9733,58385,7
os{12},42615371313332,11,9974,59830,6
os{12},42615372213311,11,9670,58007,7
os{12},42615372221213,11,7393,44341,7
os{12},42615372313211,11,13246,79469,7
os{12},42651372213311,11,5153,30903,6
os{12},42651733311122,11,7252,43493,5
os{12},42673512232133,11,6902,41388,5
os{12},42751632321233,11,9233,55389,7
os{12},42751632323231,11,6505,39009,6
os{12},43126572133313,11,10244,61445,7
os{12},43167251232212,11,7324,43922,6
os{12},43176252123131,11,7151,42882,6
os{12},43176252311132,11,5825,34929,6
os{12},43216573132121,11,5765,34577,7
os{12},43216573132223,11,6921,41513,7
os{12},43216573212311,11,6034,36192,7
os{12},43216573212332,11,7367,44188,6
os{12},43512671313332,11,6663,39958,6
os{12},43527612312323,11,6275,37624,5
os{12},43561271111111,11,9262,55556,6
os{12},43571262122222,11,7525,45138,8
os{12},43572161111111,11,7904,47408,6
os{12},43572612312323,11,6996,41963,6
os{12},43576211123222,11,7120,42708,6
os{12},43576212112232,11,8489,50928,6
os{12},43615271333312,11,4594,27543,5
os{12},43615272113321,11,8180,49057,7
os{12},43617521223221,11,6813,40860,4
os{12},43621752213323,11,9930,59562,8
os{12},43651722323132,11,6956,41710,6
os{12},43675122222122,11,9658,57934,7
os{12},43675211221331,11,5851,35077,5
os{12},43721653231313,11,8069,48392,6
os{12},43751623123313,11,8493,50951,8
os{12},43765212222122,11,11071,66421,7
os{12},45167323322231,11,5269,31589,5
os{12},45176231131313,11,14467,86779,7
os{12},45176231133113,11,12190,73111,5
os{12},45176231331113,11,10821,64900,5
os{12},45176233131113,11,15067,90385,8
os{12},45176321131133,11,17646,105870,8
os{12},45213672221123,11,6411,38442,6
os{12},45273162222122,11,7863,47160,7
os{12},45276131131133,11,9787,58713,5
os{12},45312671222312,11,5019,30087,5
os{12},45312672223331,11,8696,52161,7
os{12},45312672233321,11,7195,43151,6
os{12},45312672313211,11,26871,161217,7
os{12},45312673132313,11,9996,59959,6
os{12},45312673222112,11,5216,31276,5
os{12},45312673231313,11,10225,61330,6
os{12},45312761113211,11,7407,44429,6
os{12},45312761133311,11,7063,42362,7
os{12},45312762221111,11,8269,49599,7
os{12},45312762311111,11,6982,41874,6
os{12},45321671212211,11,7677,46055,6
os{12},45321671221121,11,7547,45259,6
os{12},45321673113311,11,12440,74622,6
os{12},45327612222323,11,7186,43097,7
os{12},45362712122222,11,9752,58496,7
os{12},45367122223133,11,10200,61183,6
os{12},45367211111132,11,7552,45302,6
os{12},45367211211122,11,8875,53238,6
os{12},45367213111133,11,8003,48001,6
os{12},45376121131133,11,10526,63141,6
os{12},45376121331311,11,7173,43024,5
os{12},45376211333123,11,5658,33930,4
os{12},45376213131323,11,10246,61465,6
os{12},45376213333322,11,7009,42039,7
os{12},45612371133221,11,6675,40030,6
os{12},45612372331121,11,5640,33812,5
os{12},45612373112231,11,6132,36771,5
os{12},45612373132121,11,5582,33479,6
os{12},45612373132223,11,7698,46170,6
os{12},45612373322111,11,4939,29610,6
os{12},45612373332122,11,4689,28116,5
os{12},45612373332221,11,5664,33966,5
os{12},45613271331221,11,5253,31492,5
os{12},45613272233111,11,9594,57552,7
os{12},45621373123331,11,7644,45852,6
os{12},45621373211111,11,9994,59947,6
os{12},45621732212123,11,7266,43584,6
os{12},45621732233333,11,6797,40773,6
os{12},45623712332123,11,5863,35167,6
os{12},45623713322321,11,4530,27154,5
os{12},45637123132121,11,5672,34018,6
os{12},45637123332122,11,4676,28034,5
os{12},45671231132231,11,4901,29396,6
os{12},45671233112132,11,5906,35408,6
os{12},45673212212132,11,6544,39251,6
os{12},45673213211222,11,7228,43359,7
os{12},45713623223132,11,5929,35561,6
os{12},45721363321313,11,6530,39154,7
os{12},45721363322231,11,5790,34722,5
os{12},45732612233321,11,4856,29119,5
os{12},45736121122211,11,9225,55340,6
os{12},46123571111111,11,9594,57543,6
os{12},46123573232123,11,10724,64334,6
os{12},46125731333123,11,5092,30527,4
os{12},46127351131313,11,9169,54989,6
os{12},46127352131333,11,11751,70492,7
os{12},46127353131323,11,12289,73717,7
os{12},46135272133313,11,11600,69580,7
os{12},46153273131131,11,9237,55417,7
os{12},46157233333232,11,6718,40296,6
os{12},46157321331233,11,7060,42345,6
os{12},46215372121223,11,5274,31628,6
os{12},46215372313211,11,15747,94465,7
os{12},46257132211133,11,8981,53872,6
os{12},46257313312211,11,12683,76082,6
os{12},46273512122312,11,6528,39158,7
os{12},46273513221212,11,6897,41366,7
os{12},46275311123222,11,6725,40334,6
os{12},46275312112232,11,7604,45608,5
os{12},46275312132212,11,7982,47875,6
os{12},46275312232133,11,7027,42141,6
os{12},46275312313211,11,9680,58070,8
os{12},46275313121222,11,8975,53845,8
os{12},46275313312211,11,9192,55130,6
os{12},46321752111131,11,8002,47995,6
os{12},46352171211233,11,6284,37686,6
os{12},46352172113231,11,5192,31131,5
os{12},46372511221331,11,5532,33169,5
os{12},46375211211332,11,5183,31078,6
os{12},46375212113111,11,6595,39561,6
os{12},46375212132131,11,5269,31594,5
os{12},46375212132221,11,5546,33260,5
os{12},46375212332222,11,6245,37452,6
os{12},46375213112111,11,8632,51774,6
os{12},46375213123121,11,6225,37335,6
os{12},46375213333121,11,4527,27141,5
os{12},46512371331221,11,6454,38710,5
os{12},46512372113321,11,8902,53388,7
os{12},46513272332111,11,4906,29412,5
os{12},46513273113221,11,5838,35008,5
os{12},46523711331332,11,4810,28840,5
os{12},46527133111121,11,5840,35019,6
os{12},46572311223122,11,5974,35822,5
os{12},46572312132122,11,5859,35134,6
os{12},46721533123313,11,8909,53434,7
os{12},47123562232133,11,10060,60339,6
os{12},47123651233232,11,4962,29746,5
os{12},47126351233232,11,6008,36032,5
os{12},47126532133133,11,7327,43952,7
os{12},47132562311111,11,6999,41970,6
os{12},47132563222331,11,7481,44868,5
os{12},47132652233321,11,7988,47912,6
os{12},47135622132332,11,6240,37426,5
os{12},47136252133112,11,9993,59943,7
os{12},47152361233232,11,4478,26855,5
os{12},47152631322131,11,6152,36886,6
os{12},47156231332313,11,7783,46690,6
os{12},47156233211132,11,6314,37864,5
os{12},47156233223312,11,4796,28761,5
os{12},47156233233113,11,8702,52201,7
os{12},47156233322312,11,4701,28191,5
os{12},47156321111111,11,8370,50203,5
os{12},47156321133311,11,8261,49543,5
os{12},47156322132311,11,6680,40065,5
os{12},47156322313232,11,4177,25035,5
os{12},47156322332132,11,5130,30753,5
os{12},47156322332312,11,5179,31058,5
os{12},47156323223123,11,5093,30528,5
os{12},47162351322122,11,5005,30011,5
os{12},47163522131222,11,5726,34337,6
os{12},47165321232113,11,8957,53724,8
os{12},47165321322131,11,8288,49707,5
os{12},47165322132212,11,9251,55495,8
os{12},47165322133112,11,9746,58460,7
os{12},47165322232133,11,8437,50598,6
os{12},47165322313211,11,9194,55151,7
os{12},47216352131333,11,9820,58912,7
os{12},47251363131113,11,8706,52214,6
os{12},47251632131312,11,9034,54188,8
os{12},47256133212311,11,6366,38177,6
os{12},47256133321232,11,7487,44898,6
os{12},47265312122222,11,8550,51287,7
os{12},47265312131312,11,8000,47993,6
os{12},47265312313211,11,22258,133536,7
os{12},47321651311133,11,7864,47168,7
os{12},47352612123131,11,6424,38525,6
os{12},47352612311132,11,6405,38417,6
os{12},47352612313211,11,13870,83208,6
os{12},47512632312323,11,5535,33193,5
os{12},47621532232331,11,4725,28330,6
os{12},47621533231121,11,6004,35997,6
os{12},47632152233321,11,5648,33868,5
os{12},47632153212311,11,7081,42466,6
os{12},47632153232321,11,6602,39592,6
os{12},47632513212332,11,7314,43863,4
os{12},47652132231323,11,7967,47792,7
os{12},47653213211231,11,9144,54848,6
os{12},47653213232111,11,5758,34526,6
os{12},51264731113322,11,5444,32642,5
os{12},51264732213311,11,5637,33803,6
os{12},51267342312233,11,12732,76387,8
os{12},51324671211122,11,6208,37232,6
os{12},51324672212111,11,10054,60311,6
os{12},51324673113311,11,9286,55698,6
os{12},51324761111123,11,6663,39960,7
os{12},51324763113332,11,6132,36773,6
os{12},51342672212111,11,8493,50939,6
os{12},51342763312223,11,22017,132087,7
os{12},51367241211113,11,6333,37984,6
os{12},51423671221331,11,4970,29802,6
os{12},51426731111111,11,10180,61058,6
os{12},51426733312211,11,7658,45931,6
os{12},51472361131313,11,7684,46086,6
os{12},51472633331312,11,9218,55296,8
os{12},51623471321111,11,5777,34638,6
os{12},51623743313321,11,8395,50351,6
os{12},51624731312123,11,7927,47538,6
os{12},51624733323113,11,7620,45712,5
os{12},51632741323232,11,5869,35194,6
os{12},51642371122313,11,8048,48273,7
os{12},51642731113322,11,8094,48553,6
os{12},51647231113232,11,5871,35215,6
os{12},51723643131311,11,8116,48673,6
os{12},51724362122222,11,5582,33475,6
os{12},51724363121213,11,8364,50173,7
os{12},51726433123313,11,7765,46579,7
os{12},51732643121213,11,8325,49937,8
os{12},51742632323231,11,8161,48952,6
os{12},51742632323333,11,7523,45123,6
os{12},52134761232113,11,7448,44675,6
os{12},52147631121311,11,6940,41631,6
os{12},52147631131211,11,8337,50010,6
os{12},52147631211131,11,5215,31264,5
os{12},52147631311121,11,6419,38502,6
os{12},52147632111113,11,6673,40012,6
os{12},52147633111112,11,8056,48325,5
os{12},52163471112122,11,6531,39162,6
os{12},52163471213111,11,5059,30336,5
os{12},52163471312111,11,6157,36928,6
os{12},52163471333123,11,4052,24289,4
os{12},52163472111311,11,5747,34465,6
os{12},52163472131222,11,6421,38498,6
os{12},52163473111211,11,5999,35977,6
os{12},52163473111331,11,6142,36834,6
os{12},52163473221323,11,5126,30733,6
os{12},52163473323332,11,9020,54098,6
os{12},52167342121232,11,8107,48627,6
os{12},52167432121313,11,6449,38671,5
os{12},52167432122222,11,10358,62137,6
os{12},52167432131213,11,9872,59214,7
os{12},52167433133333,11,10288,61713,6
os{12},52167433331333,11,8165,48976,6
os{12},52174633223123,11,5902,35393,5
os{12},52314673311311,11,12052,72306,6
os{12},52314761322122,11,5198,31170,5
os{12},52341671111111,11,27169,163004,6
os{12},52341671122211,11,7397,44366,6
os{12},52341671311313,11,5713,34252,6
os{12},52341672211112,11,8344,50057,6
os{12},52341672232313,11,6389,38316,6
os{12},52341672323222,11,7445,44646,6
os{12},52341672323312,11,9602,57596,6
os{12},52341673133111,11,6295,37747,6
os{12},52341673232213,11,6831,40965,6
os{12},52341673232333,11,5798,34771,6
os{12},52341673323212,11,9527,57137,6
os{12},52361472121313,11,9961,59758,6
os{12},52361472131312,11,8459,50745,6
os{12},52367142211121,11,7874,47226,7
os{12},52367412322232,11,7327,43942,7
os{12},52374161112323,11,7518,45092,6
os{12},52376413222223,11,6476,38831,6
os{12},52463173212332,11,7014,42069,5
os{12},52463713212332,11,7101,42579,5
os{12},52471631223113,11,6103,36599,6
os{12},52471631323112,11,6326,37937,6
os{12},52614372313211,11,14132,84784,7
os{12},52641733212311,11,5770,34607,6
os{12},52641733232321,11,5660,33934,5
os{12},52673413232123,11,4429,26556,5
os{12},52713461232323,11,5597,33555,6
os{12},52714361232113,11,8651,51895,7
os{12},52714633213223,11,5230,31361,6
os{12},52714633223123,11,4983,29875,5
os{12},52731641233112,11,4538,27213,5
os{12},52731641323112,11,4966,29778,6
os{12},52736141322233,11,7449,44677,6
os{12},52741362313211,11,8756,52525,7
os{12},52741362313223,11,7707,46235,6
os{12},52741632122333,11,8619,51696,6
os{12},52741632123323,11,11135,66795,6
os{12},52741632212213,11,8470,50809,6
os{12},52741632212231,11,7970,47797,5
os{12},52741632232211,11,7282,43669,5
os{12},52741633221233,11,6522,39115,7
os{12},52741633313312,11,6504,39003,5
os{12},52741633313321,11,7700,46172,5
os{12},52741633321223,11,8463,50761,5
os{12},52741633323311,11,6586,39501,6
os{12},52743611111213,11,5538,33211,5
os{12},52743611111312,11,9415,56482,7
os{12},52743611112131,11,6773,40627,6
os{12},52743611113121,11,7925,47533,6
os{12},52743612131111,11,6046,36256,7
os{12},52743613121111,11,7307,43821,5
os{12},52761431111213,11,6440,38634,7
os{12},52761431111312,11,6212,37264,6
os{12},52761431112131,11,6870,41199,6
os{12},52761431113121,11,6995,41949,6
os{12},52761432131111,11,6504,39014,7
os{12},52761433121111,11,6074,36425,5
os{12},52763143222331,11,7836,47007,5
os{12},52763411222312,11,9468,56785,5
os{12},52763411333123,11,6205,37209,5
os{12},52763413222112,11,9511,57052,6
os{12},52763413223312,11,9878,59251,6
os{12},52763413322312,11,9473,56812,5
os{12},53126471231231,11,6123,36716,5
os{12},53126471231321,11,6839,41016,6
os{12},53126471321321,11,6185,37083,5
os{12},53146272123233,11,8867,53177,6
os{12},53147262123131,11,7322,43917,6
os{12},53162743312223,11,15941,95625,7
os{12},53274163211222,11,7961,47743,6
os{12},53421671321111,11,9455,56716,6
os{12},53421671321231,11,4696,28156,6
os{12},53426171112233,11,6636,39799,6
os{12},53462711113322,11,8551,51292,6
os{12},53467211321111,11,5530,33159,6
os{12},53476121323112,11,6510,39051,6
os{12},53476121323322,11,6896,41364,6
os{12},53614721212121,11,7039,42210,5
os{12},53621471331221,11,4979,29855,5
os{12},53642171111111,11,7830,46958,6
os{12},53672142221213,11,11136,66802,7
os{12},53714622233111,11,10678,64060,8
os{12},53721463223312,11,6032,36164,5
os{12},53724612121112,11,10166,60981,7
os{12},53726143333121,11,5130,30751,5
os{12},53741621323112,11,6822,40913,6
os{12},53741621332112,11,5751,34496,5
os{12},53742612323333,11,7333,43986,7
os{12},53761242121211,11,8855,53108,7
os{12},53761242221213,11,9186,55098,7
os{12},53761242321212,11,9057,54314,7
os{12},53762143222331,11,5925,35540,6
os{12},53762413322123,11,6755,40519,5
os{12},54123673233323,11,9391,56325,7
os{12},54126371331221,11,4811,28844,5
os{12},54127632131213,11,10695,64154,7
os{12},54127632222212,11,7394,44354,7
os{12},54127633131212,11,9381,56272,7
os{12},54127633133333,11,9886,59307,7
os{12},54127633333313,11,8808,52836,6
os{12},54163271133221,11,5933,35580,6
os{12},54163272233111,11,11794,70744,7
os{12},54167231121113,11,6066,36381,6
os{12},54167231131112,11,7661,45952,6
os{12},54167231221211,11,5971,35814,6
os{12},54167231333213,11,5647,33856,5
os{12},54167232112112,11,6005,36009,6
os{12},54167232133313,11,10431,62571,6
os{12},54167232333113,11,5755,34507,6
os{12},54167233232333,11,10007,60024,6
os{12},54167233331213,11,9694,58143,6
os{12},54172633132313,11,9881,59264,7
os{12},54217362233213,11,12854,77103,6
os{12},54217632132212,11,12475,74832,7
os{12},54231671123111,11,5829,34951,5
os{12},54231673123121,11,4332,25967,5
os{12},54261373123121,11,4342,26027,5
os{12},54261732231233,11,7169,43004,6
os{12},54276132233312,11,6067,36380,5
os{12},54312671131331,11,6165,36964,5
os{12},54312672212111,11,5759,34538,5
os{12},54312673311311,11,11443,68643,6
os{12},54317261113112,11,5886,35301,6
os{12},54317621111222,11,6206,37220,6
os{12},54321672212213,11,9649,57873,7
os{12},54321672212231,11,8586,51498,6
os{12},54321672232211,11,8721,52311,6
os{12},54321673313312,11,11465,68770,5
os{12},54321673313321,11,12676,76039,5
os{12},54321673323311,11,12017,72091,6
os{12},54321761211221,11,6687,40104,6
os{12},54321763113113,11,8683,52081,6
os{12},54326171111231,11,8304,49804,5
os{12},54326171112233,11,6016,36083,6
os{12},54326171321231,11,6208,37232,6
os{12},54326711112212,11,8317,49886,7
os{12},54327612223232,11,7407,44416,6
os{12},54361272223232,11,6344,38042,5
os{12},54362171113133,11,7126,42737,6
os{12},54362711111231,11,5782,34675,6
os{12},54362711323112,11,6195,37158,6
os{12},54367121112212,11,7441,44631,5
os{12},54367121113211,11,5576,33435,6
os{12},54367121113331,11,9965,59780,6
os{12},54367122211121,11,6830,40962,6
os{12},54367122311111,11,6537,39205,5
os{12},54367123311113,11,6567,39377,6
os{12},54367211132222,11,7812,46852,5
os{12},54367211213333,11,8889,53322,5
os{12},54367211222132,11,9132,54776,6
os{12},54367211333213,11,6872,41209,5
os{12},54367212211322,11,11049,66273,6
os{12},54367212231122,11,9346,56064,6
os{12},54367212233213,11,6661,39946,5
os{12},54367212332213,11,7351,44089,5
os{12},54367212333113,11,6858,41128,6
os{12},54367213112222,11,9861,59149,6
os{12},54367213312133,11,9021,54094,5
os{12},54371261113331,11,6546,39255,6
os{12},54371621113112,11,9312,55855,6
os{12},54371621113322,11,4834,28992,6
os{12},54376121322233,11,8429,50560,6
os{12},54376211111132,11,7564,45369,6
os{12},54376211111222,11,7542,45240,6
os{12},54376211113133,11,6046,36266,5
os{12},54612371112311,11,8760,52546,6
os{12},54612372222131,11,5630,33756,5
os{12},54612732112223,11,7644,45851,6
os{12},54612733322213,11,7571,45410,6
os{12},54621371133311,11,7315,43882,6
os{12},54621372211121,11,10574,63421,6
os{12},54637211132111,11,5375,32233,6
os{12},54671232221213,11,8067,48381,7
os{12},54712361323313,11,6551,39294,6
os{12},54712362223322,11,9174,55024,7
os{12},54716232222113,11,7547,45263,6
os{12},54716321112323,11,10774,64628,6
os{12},54716322313223,11,7749,46478,6
os{12},54721631111111,11,38008,228030,6
os{12},54721631122121,11,6225,37334,6
os{12},54721631311133,11,7879,47257,6
os{12},54721632133232,11,5401,32388,5
os{12},54721632212222,11,7913,47460,6
os{12},54721632212231,11,6917,41485,6
os{12},54721633231322,11,6457,38726,6
os{12},54721633313321,11,6963,41757,5
os{12},54721633333331,11,5506,33008,5
os{12},54723612131312,11,10805,64819,6
os{12},54723612221222,11,10375,62236,7
os{12},54723612222212,11,8689,52125,7
os{12},54723613121312,11,10420,62507,7
os{12},54723613333313,11,7094,42557,6
os{12},54761233322321,11,5283,31687,5
os{12},54763212322232,11,6899,41387,7
os{12},56123471222312,11,6348,38072,5
os{12},56123471223221,11,6237,37399,5
os{12},56123471331332,11,7973,47829,5
os{12},56123471333123,11,6503,38989,4
os{12},56123472322121,11,7448,44667,5
os{12},56123472331331,11,6384,38277,5
os{12},56123473133132,11,7534,45190,5
os{12},56123473133231,11,5980,35863,5
os{12},56123473222112,11,6616,39680,6
os{12},56123473223312,11,6061,36342,5
os{12},56123473322312,11,5901,35391,6
os{12},56124371111231,11,5111,30640,6
os{12},56124371232323,11,8541,51228,6
os{12},56127433332323,11,8095,48556,7
os{12},56132472333332,11,8458,50733,7
os{12},56132473211111,11,6097,36572,6
os{12},56132473213211,11,5722,34318,5
os{12},56143273332323,11,9319,55906,7
os{12},56147231222132,11,11771,70612,6
os{12},56147231333213,11,7401,44379,5
os{12},56147232233213,11,9484,56880,7
os{12},56147232332213,11,9590,57519,7
os{12},56147232333113,11,7740,46413,6
os{12},56147322333233,11,12498,74978,7
os{12},56173421113112,11,5510,33048,6
os{12},56174232323333,11,8024,48130,7
os{12},56174321232113,11,10788,64726,8
os{12},56213471111111,11,9228,55357,6
os{12},56213743313333,11,11129,66752,8
os{12},56243173133111,11,7885,47294,6
os{12},56243713121333,11,6984,41891,7
os{12},56247132333233,11,6245,37460,5
os{12},56271433111313,11,9668,57990,7
os{12},56271433123313,11,8034,48189,7
os{12},56271433132313,11,9641,57837,7
os{12},56274132331133,11,6161,36948,5
os{12},56274312313211,11,12217,73288,7
os{12},56321473233323,11,7618,45694,7
os{12},56321742211112,11,9001,53993,6
os{12},56324171221331,11,4897,29360,5
os{12},56327411211332,11,5125,30732,6
os{12},56327413213112,11,5463,32755,6
os{12},56341273121213,11,10375,62232,6
os{12},56341273131212,11,7786,46695,6
os{12},56347122333233,11,7157,42926,6
os{12},56347211213111,11,6759,40532,6
os{12},56347211222132,11,7555,45306,6
os{12},56347211312111,11,6691,40125,6
os{12},56347211331131,11,4976,29828,5
os{12},56347212111221,11,10522,63119,6
os{12},56347212111311,11,7747,46467,6
os{12},56347212123233,11,8022,48113,6
os{12},56347212232223,11,6706,40224,6
os{12},56347213111211,11,7635,45789,5
os{12},56347213131332,11,6506,39021,6
os{12},56423171231231,11,4900,29384,5
os{12},56423171231321,11,5682,34080,6
os{12},56423171321321,11,5085,30497,5
os{12},56423172112121,11,7608,45633,6
os{12},56423173132121,11,5527,33146,6
os{12},56423173133111,11,6188,37102,6
os{12},56432713122122,11,7994,47945,6
os{12},56712341232113,11,6234,37379,6
os{12},56712343211123,11,8319,49888,6
os{12},56721343123331,11,7275,43630,6
os{12},56721432312233,11,10174,61025,7
os{12},56723411113313,11,5331,31967,6
os{12},56723411121113,11,5401,32391,5
os{12},56723411131112,11,8316,49881,6
os{12},56723411222312,11,5008,30027,5
os{12},56723412122312,11,6456,38717,6
os{12},56723412323222,11,7097,42556,6
os{12},56723413221212,11,6810,40835,6
os{12},56723413222112,11,5123,30720,5
os{12},56723413331111,11,6011,36035,6
os{12},56732143122113,11,7242,43429,6
os{12},56741231121311,11,6374,38224,6
os{12},56741231131211,11,8657,51931,7
os{12},56741231211131,11,9123,54721,6
os{12},56741231311121,11,5985,35884,5
os{12},56741232111113,11,7224,43322,6
os{12},56741233111112,11,7195,43153,5
os{12},56743212122222,11,9572,57420,7
os{12},56743212221222,11,11226,67348,7
os{12},56743213121213,11,8596,51561,6
os{12},56743213121312,11,8888,53313,6
os{12},56743213331333,11,8043,48244,6
os{12},57123461111111,11,9740,58417,6
os{12},57164322131312,11,8668,51988,7
os{12},57214361323232,11,4960,29746,6
os{12},57214632212213,11,12919,77486,6
os{12},57236141113232,11,6388,38318,6
os{12},57236141322233,11,6373,38216,6
os{12},57236141323232,11,7596,45559,6
os{12},57241631322113,11,4656,27915,5
os{12},57241631323112,11,5210,31236,6
os{12},57246131112233,11,7560,45346,6
os{12},57264132111323,11,8584,51478,7
os{12},57321641311112,11,5026,30133,5
os{12},57321642311132,11,6554,39305,6
os{12},57364212213311,11,9794,58754,6
os{12},57364212313211,11,9474,56824,7
os{12},57364213332122,11,5355,32114,6
os{12},57642311113322,11,6921,41511,6
os{12},61234572231323,11,8424,50538,7
os{12},61234573232213,11,6551,39287,6
os{12},61235741313131,11,11805,70813,7
os{12},61257343232123,11,7051,42291,6
os{12},61274351313131,11,9050,54284,7
os{12},61274532231323,11,8176,49044,8
os{12},61352472233321,11,4647,27856,5
os{12},61352472313211,11,22414,134469,6
os{12},61452731311313,11,6830,40964,5
os{12},61453721111111,11,7780,46666,6
os{12},61453721311112,11,6016,36084,6
os{12},61453723111121,11,5002,29998,5
os{12},61472532123332,11,6782,40677,6
os{12},61472533112111,11,4825,28924,6
os{12},61527431111111,11,10141,60825,6
os{12},61534272311132,11,10501,62987,8
os{12},61534721112311,11,5918,35498,6
os{12},61534721113211,11,5241,31420,5
os{12},61543271111111,11,10159,60931,6
os{12},61543271112311,11,7078,42454,6
os{12},61572432312323,11,6618,39691,6
os{12},61734523222331,11,7362,44150,5
os{12},62134572321323,11,7291,43732,6
os{12},62135471122121,11,8091,48534,6
os{12},62135472132131,11,4964,29772,5
os{12},62135473122131,11,6053,36298,6
os{12},62135473123121,11,7457,44728,6
os{12},62135473131131,11,6701,40193,6
os{12},62135473132121,11,5894,35347,6
os{12},62135473232231,11,5666,33975,5
os{12},62135473322321,11,5528,33158,6
os{12},62135743222331,11,5417,32481,5
os{12},62135743312223,11,10995,65950,7
os{12},62147353123121,11,6619,39700,6
os{12},62147353132121,11,5270,31602,6
os{12},62154733321121,11,5099,30575,6
os{12},62157342132212,11,8766,52583,8
os{12},62173543232132,11,6041,36222,6
os{12},62174351122133,11,8878,53256,8
os{12},62174533311212,11,6877,41238,5
os{12},62317453112111,11,5708,34231,5
os{12},62317453312211,11,7323,43921,6
os{12},62351743112123,11,11407,68430,6
os{12},62371453311311,11,6308,37832,6
os{12},62374511322311,11,5748,34472,6
os{12},62374513112321,11,6954,41712,6
os{12},62374513312112,11,4855,29112,5
os{12},62435172211133,11,9705,58215,7
os{12},62435172311132,11,12588,75516,7
os{12},62435711222222,11,6490,38912,6
os{12},62453713311122,11,8942,53633,6
os{12},62471532232133,11,6729,40350,6
os{12},62475131322323,11,5400,32384,5
os{12},62531472321233,11,8015,48083,7
os{12},62543711211113,11,5389,32323,5
os{12},62543711311112,11,7350,44079,6
os{12},62571432321233,11,9477,56858,7
os{12},62735143223213,11,6780,40658,5
os{12},63125741112323,11,10262,61555,7
os{12},63125743131233,11,6899,41366,7
os{12},63125743133312,11,6840,41025,7
os{12},63142571111111,11,8451,50681,6
os{12},63142571132321,11,11921,71510,6
os{12},63142573112123,11,10710,64238,6
os{12},63172452312323,11,5475,32824,6
os{12},63172452313211,11,14190,85122,6
os{12},63174522332132,11,5335,31991,6
os{12},63247511123132,11,6669,40006,6
os{12},63251743133231,11,6951,41691,5
os{12},63452711311313,11,7183,43075,6
os{12},63452712333221,11,5579,33457,5
os{12},63471522123131,11,7674,46025,6
os{12},63471522323132,11,8082,48478,6
os{12},63471522332132,11,5535,33194,5
os{12},63472512123332,11,8917,53480,7
os{12},63512743313333,11,11246,67461,7
os{12},63541271212211,11,12317,73886,7
os{12},63542713121333,11,9577,57448,8
os{12},63574212123131,11,5758,34531,6
os{12},63574212313211,11,13797,82760,6
os{12},63712542221111,11,6784,40688,7
os{12},63714252123131,11,9978,59855,8
os{12},63714521112323,11,11144,66842,6
os{12},63714522332132,11,4869,29188,5
os{12},63721541233322,11,5578,33455,5
os{12},63724153121213,11,10174,61036,7
os{12},63725141112323,11,11299,67781,8
os{12},63725141233121,11,6046,36259,5
os{12},63725142123131,11,11844,71064,9
os{12},63725142223133,11,10977,65847,7
os{12},63725143122113,11,7050,42289,6
os{12},63725143123313,11,10028,60162,6
os{12},63741252222323,11,7764,46572,7
os{12},63741522123131,11,7236,43392,6
os{12},63742511232221,11,5955,35715,5
os{12},63745123122212,11,5479,32859,7
os{12},63751242221321,11,7109,42646,6
os{12},63751423122311,11,7052,42294,6
os{12},63752141111111,11,9246,55461,5
os{12},63752141122211,11,8238,49401,5
os{12},63752141123213,11,6586,39498,5
os{12},63752142332132,11,5528,33150,5
os{12},63752143123223,11,4494,26940,5
os{12},63752143212323,11,6243,37432,5
os{12},63752143223123,11,5607,33624,5
os{12},63752411223212,11,5038,30210,5
os{12},63752411333213,11,7250,43469,5
os{12},63752412312323,11,8042,48236,6
os{12},63752412322112,11,5434,32586,5
os{12},63752412333113,11,8686,52091,5
os{12},63754213122122,11,6244,37450,6
os{12},64125371131313,11,10494,62945,6
os{12},64157321133212,11,13619,81696,6
os{12},64231572311132,11,6716,40272,7
os{12},64257131113223,11,5971,35808,5
os{12},64271533221212,11,7104,42611,7
os{12},64275131212223,11,7989,47918,6
os{12},64275131312123,11,6334,37987,5
os{12},64275132211133,11,10316,61881,6
os{12},64275132232133,11,9451,56685,6
os{12},64275133231112,11,7369,44197,5
os{12},64275133312211,11,6300,37781,6
os{12},64275311112332,11,6925,41530,6
os{12},64275311222222,11,6361,38151,6
os{12},64275313312211,11,6900,41385,6
os{12},64321572111131,11,9000,53986,6
os{12},64321572132131,11,6786,40691,6
os{12},64321572311132,11,7455,44702,6
os{12},64325713121222,11,13789,82719,7
os{12},64351272132131,11,5980,35864,5
os{12},64357212313211,11,9841,59038,7
os{12},64357213231322,11,11585,69497,7
os{12},64357213312211,11,9041,54233,5
os{12},64531271212211,11,11949,71674,6
os{12},64531272132131,11,5409,32434,5
os{12},64531273122131,11,5056,30315,5
os{12},64531273123121,11,5436,32601,5
os{12},64531273311311,11,5378,32248,5
os{12},64531273312211,11,6672,40009,6
os{12},64572131122223,11,5128,30758,5
os{12},64713253112111,11,5336,31995,6
os{12},65123471112311,11,5491,32924,5
os{12},65123471233232,11,4270,25602,5
os{12},65123472312311,11,6558,39325,6
os{12},65132471212112,11,7473,44826,7
os{12},65132471222111,11,5562,33360,6
os{12},65132471231321,11,7972,47815,7
os{12},65132471323121,11,5735,34396,6
os{12},65132472131231,11,5424,32526,6
os{12},65132472212231,11,9065,54376,7
os{12},65132472233321,11,9287,55703,6
os{12},65132473111331,11,6587,39500,7
os{12},65132473313312,11,4940,29614,6
os{12},65132473323311,11,5304,31801,5
os{12},65132741223323,11,4872,29216,5
os{12},65132743222331,11,6118,36695,5
os{12},65134721233232,11,4969,29791,5
os{12},65147321232113,11,10054,60308,8
os{12},65172431132333,11,8868,53187,7
os{12},65174232123131,11,7540,45230,7
os{12},65174232133313,11,9303,55794,7
os{12},65174232323312,11,7098,42571,6
os{12},65174233323212,11,6701,40189,6
os{12},65174233331213,11,9143,54837,7
os{12},65174322313211,11,6916,41467,6
os{12},65174323223123,11,5308,31833,5
os{12},65213741111111,11,8897,53370,6
os{12},65241371111111,11,11359,68133,6
os{12},65243712121322,11,10808,64833,8
os{12},65271341332331,11,5533,33177,5
os{12},65271432231233,11,7051,42286,6
os{12},65274131111111,11,10475,62836,5
os{12},65274131311313,11,5131,30760,5
os{12},65274131312213,11,7214,43253,5
os{12},65274132123332,11,7860,47140,5
os{12},65274133132223,11,6032,36166,5
os{12},65274133232321,11,5926,35532,5
os{12},65274133312223,11,8038,48200,5
os{12},65314272311132,11,6027,36139,6
os{12},65314272313211,11,13794,82751,6
os{12},65321472111122,11,7837,47012,6
os{12},65417321232113,11,8107,48622,6
os{12},65417323223123,11,5538,33210,6
os{12},65417323232123,11,6537,39205,6
os{12},65423713321322,11,7497,44967,7
os{12},65432173232321,11,6730,40362,6
os{12},65471231132213,11,7311,43837,6
os{12},65714323223123,11,5963,35760,6
os{12},65723143321313,11,5933,35580,7
os{12},65732411333123,11,9128,54745,4
os{12},65742311212313,11,5903,35399,6
os{12},67132541133311,11,16035,96202,7
os{12},67145323133312,11,7156,42910,6
os{12},67154233323332,11,7891,47328,5
os{12},67215343333133,11,8475,50838,7
os{12},67231541323112,11,8297,49769,6
os{12},67231543323122,11,6785,40697,5
os{12},67234513332122,11,5197,31164,5
os{12},67245131313323,11,5323,31925,5
os{12},67245311112311,11,9553,57301,6
os{12},67245311133233,11,6270,37608,6
os{12},67254311131133,11,10132,60783,6
os{12},67254313311113,11,5580,33463,6
os{12},67312452233321,11,7316,43879,6
os{12},67312541121221,11,5817,34876,6
os{12},67312542221111,11,8456,50720,7
os{12},67321451111123,11,7348,44067,5
os{12},67321451112311,11,5261,31545,6
os{12},67321451212211,11,11215,67266,6
os{12},67321451311133,11,8013,48065,6
os{12},67321452111122,11,7291,43734,6
os{12},67321453113311,11,7903,47408,6
os{12},67321542232133,11,6696,40155,6
os{12},67341252222323,11,7846,47055,8
os{12},67342512222113,11,6147,36857,5
os{12},67345122223133,11,12172,73017,6
os{12},67345122232133,11,10475,62832,6
os{12},67345211111123,11,4512,27053,5
os{12},67345211111132,11,7465,44778,6
os{12},67345211112233,11,5972,35811,5
os{12},67345211113322,11,7453,44706,5
os{12},67345211211122,11,8651,51885,6
os{12},67345211311133,11,6087,36504,6
os{12},67345212111122,11,8264,49570,6
os{12},67345213111133,11,8070,48402,6
os{12},67354121111111,11,8081,48453,7
os{12},67354211212121,11,6444,38646,6
os{12},67354211313113,11,9055,54305,5
os{12},67354211333111,11,8238,49406,5
os{12},67354212111221,11,7242,43438,6
os{12},67354212212222,11,8144,48852,7
os{12},67354212311132,11,7958,47726,7
os{12},67354213111313,11,8734,52388,6
os{12},67354213131311,11,8522,51125,7
os{12},67354213211132,11,7652,45900,7
os{12},67354213313333,11,6952,41694,6
os{12},67412353132121,11,7336,44003,6
os{12},67412353332221,11,5650,33878,5
os{12},67412531131133,11,6063,36357,6
os{12},67435121332112,11,5087,30501,5
os{12},67435123123121,11,4850,29085,5
os{12},67452313321232,11,10788,64703,7
os{12},71234563231322,11,7250,43488,6
os{12},71263541333222,11,8521,51104,5
os{12},71263542323123,11,9052,54293,6
os{12},71264533131323,11,7717,46285,7
os{12},71264533221323,11,7367,44187,7
os{12},71264533231223,11,8979,53853,5
os{12},71264533231313,11,8493,50949,6
os{12},71326451211311,11,6258,37538,6
os{12},71326453132121,11,5676,34034,5
os{12},71326543333313,11,10148,60869,7
os{12},71345262132131,11,5570,33408,5
os{12},71362453113311,11,7320,43895,6
os{12},71365423331312,11,8456,50731,7
os{12},71423563213232,11,5637,33802,5
os{12},71423653213232,11,5426,32537,5
os{12},71426353312211,11,7917,47481,6
os{12},71426533333223,11,8052,48302,6
os{12},71432561232323,11,6054,36305,5
os{12},71432561323232,11,5426,32536,5
os{12},71432562111221,11,6046,36257,5
os{12},71432563232213,11,7148,42868,5
os{12},71432563323113,11,6045,36252,5
os{12},71432563323122,11,6270,37600,5
os{12},71432563332113,11,6714,40269,5
os{12},71435261322233,11,9069,54394,7
os{12},71435262222122,11,7136,42799,6
os{12},71435263211123,11,8405,50413,7
os{12},71435263311122,11,8906,53419,7
os{12},71435263333133,11,7544,45253,7
os{12},71435263333223,11,7659,45937,6
os{12},71435623333331,11,8214,49274,6
os{12},71436253333112,11,6972,41819,5
os{12},71452363213232,11,5260,31539,5
os{12},71452632222131,11,8497,50961,5
os{12},71453262222221,11,7253,43512,7
os{12},71453623311122,11,10416,62486,7
os{12},71456321322323,11,7377,44241,6
os{12},71456322111221,11,6305,37822,6
os{12},71462531113322,11,7700,46192,6
os{12},71462532111212,11,6661,39953,6
os{12},71462532121112,11,6510,39039,6
os{12},71462533111223,11,7809,46837,5
os{12},71462533221113,11,6780,40672,6
os{12},71463523331222,11,5677,34044,6
os{12},71523463131311,11,8753,52494,6
os{12},71523463231313,11,7844,47052,6
os{12},71523463331312,11,8586,51495,7
os{12},71532463221332,11,5014,30061,5
os{12},71534262122222,11,6659,39937,6
os{12},71542633132322,11,7159,42938,7
os{12},71543622111131,11,5265,31569,5
os{12},71543623111121,11,5601,33579,5
os{12},71546233331213,11,9471,56806,7
os{12},71546322231212,11,8360,50150,8
os{12},71562433123232,11,5585,33490,5
os{12},71563243221221,11,5886,35295,5
os{12},71625433213133,11,8867,53182,5
os{12},71643252231212,11,8253,49503,7
os{12},71643523331213,11,11773,70631,8
os{12},72134562312212,11,7339,44016,5
os{12},72136541322233,11,5242,31435,5
os{12},72143563222331,11,4843,29039,5
os{12},72143651121113,11,6890,41326,6
os{12},72143651131112,11,7235,43408,6
os{12},72143651213111,11,5100,30580,5
os{12},72143651312111,11,6272,37616,6
os{12},72143652111311,11,5751,34491,6
os{12},72143653111211,11,5703,34193,6
os{12},72145631233223,11,4902,29396,6
os{12},72145633232231,11,5204,31205,5
os{12},72145633312223,11,9746,58467,7
os{12},72146352232223,11,9733,58376,7
os{12},72163452122222,11,9784,58689,6
os{12},72163453121213,11,7952,47706,7
os{12},72163453131212,11,9909,59443,7
os{12},72163453133333,11,8384,50283,6
os{12},72163453331333,11,9813,58861,6
os{12},72164353131113,11,9401,56394,7
os{12},72165431113331,11,5456,32710,6
os{12},72165432111113,11,6357,38124,6
os{12},72165432111122,11,8042,48231,6
os{12},72165432211112,11,6120,36705,6
os{12},72165432323312,11,5428,32549,5
os{12},72165433111112,11,5649,33874,5
os{12},72165433121333,11,7338,44008,6
os{12},72165433221233,11,5991,35926,6
os{12},72165433233323,11,8810,52837,6
os{12},72165433321223,11,5364,32166,6
os{12},72165433331213,11,8150,48883,6
os{12},72345611111111,11,11024,66131,6
os{12},72345611133113,11,4475,26830,5
os{12},72345611221223,11,4889,29311,5
os{12},72345611222222,11,6051,36296,6
os{12},72345611331332,11,4794,28751,5
os{12},72345612122111,11,6506,39016,6
os{12},72345612331331,11,5003,29992,6
os{12},72345613221221,11,4086,24493,4
os{12},72345613333331,11,6292,37739,5
os{12},72356141112323,11,7558,45326,6
os{12},72356141232113,11,5404,32402,6
os{12},72356143211123,11,5966,35777,6
os{12},72361453232333,11,5912,35457,6
os{12},72361542333233,11,9926,59537,7
os{12},72365412222212,11,7702,46193,7
os{12},72365413121312,11,11153,66909,7
os{12},72365413131212,11,8170,49009,7
os{12},72365413331333,11,6638,39820,6
os{12},72435163333313,11,8591,51542,6
os{12},72513641232323,11,5802,34787,6
os{12},72513641233322,11,6024,36126,6
os{12},72516342313223,11,8014,48057,6
os{12},72531463321232,11,7173,43031,6
os{12},72534163211123,11,8005,48018,7
os{12},72541631111213,11,6498,38980,7
os{12},72541631111312,11,6809,40839,6
os{12},72541631112131,11,6922,41509,6
os{12},72541631113121,11,7261,43544,6
os{12},72541632131111,11,5874,35227,7
os{12},72541633121111,11,7507,45028,5
os{12},72543162311111,11,5682,34075,6
os{12},72543163211111,11,6152,36893,6
os{12},72543611221223,11,6426,38533,5
os{12},72543611223221,11,6662,39957,6
os{12},72543611331332,11,6484,38882,5
os{12},72543611332331,11,6116,36675,5
os{12},72543612331331,11,6359,38127,6
os{12},72543613132232,11,7262,43550,5
os{12},72543613133222,11,5801,34784,5
os{12},72543613221221,11,5780,34657,4
os{12},72543613223312,11,6975,41833,6
os{12},72543613322312,11,7530,45169,5
os{12},72546311323112,11,5775,34632,7
os{12},72546313323212,11,6755,40507,6
os{12},72561342313223,11,8375,50242,6
os{12},72561432213122,11,10051,60295,7
os{12},72561433221233,11,6689,40118,7
os{12},72561433311233,11,10424,62528,6
os{12},72561433321133,11,8791,52727,6
os{12},72561433321223,11,7615,45672,5
os{12},72563411111213,11,5488,32906,5
os{12},72563411111312,11,7332,43969,7
os{12},72563411112131,11,9256,55525,6
os{12},72563411113121,11,6707,40222,6
os{12},72563412131111,11,5962,35754,7
os{12},72563413121111,11,6020,36097,5
os{12},72643513212311,11,7853,47106,7
os{12},72643513212332,11,4687,28103,5
os{12},73125463133132,11,5722,34314,5
os{12},73146522113231,11,5220,31311,6
os{12},73246153312211,11,5623,33725,6
os{12},73456123231322,11,7278,43652,7
os{12},73516243323113,11,5253,31500,6
os{12},73516243332131,11,5374,32221,5
os{12},73541262321212,11,8689,52104,7
os{12},73542163321133,11,8949,53675,6
os{12},73542613132121,11,5593,33546,7
os{12},73542613132322,11,5814,34858,6
os{12},73564213321322,11,8348,50070,7
os{12},73614251112323,11,8485,50904,7
os{12},73615241112323,11,11164,66965,8
os{12},73615241113322,11,8411,50450,7
os{12},73615242223133,11,9622,57717,7
os{12},73615243123313,11,7804,46810,7
os{12},73615243213313,11,8742,52438,7
os{12},73615243331312,11,6762,40558,7
os{12},73615243332311,11,6769,40600,6
os{12},73615421113322,11,6789,40721,6
os{12},73615423213211,11,9334,55983,6
os{12},73615423333331,11,6693,40143,6
os{12},73624513121132,11,11101,66597,7
os{12},73624513332131,11,6551,39297,5
os{12},73625141112323,11,8366,50182,7
os{12},73625143121213,11,7864,47167,7
os{12},73625143333313,11,5326,31941,6
os{12},73625412222323,11,6908,41430,6
os{12},73642511111111,11,11484,68895,7
os{12},73642511113232,11,8754,52512,7
os{12},73642511113322,11,8345,50050,6
os{12},73642513223222,11,7622,45730,6
os{12},73645121113211,11,5820,34906,6
os{12},73645122222311,11,6398,38374,6
os{12},73645211223113,11,4486,26899,5
os{12},73645211231111,11,6599,39579,5
os{12},73645211321111,11,5823,34912,6
os{12},73645211332112,11,6111,36643,6
os{12},73645213112231,11,6592,39535,6
os{12},73645213333112,11,6544,39255,6
os{12},73651241113322,11,5275,31638,6
os{12},73652413211312,11,7289,43719,7
os{12},73652413331321,11,6459,38740,5
os{12},73654122111122,11,9338,56009,6
os{12},73654122221111,11,6458,38724,6
os{12},73654211111132,11,7557,45324,6
os{12},74123563323221,11,5178,31042,5
os{12},74123652322121,11,7187,43103,5
os{12},74123653132232,11,8373,50213,5
os{12},74123653133132,11,6893,41337,5
os{12},74123653133222,11,6807,40814,5
os{12},74123653133231,11,5961,35747,5
os{12},74125631313311,11,5422,32503,6
os{12},74125632121121,11,6896,41366,6
os{12},74125632122111,11,6779,40661,6
os{12},74125632131111,11,7428,44550,6
os{12},74125632321332,11,5420,32500,6
os{12},74125633121111,11,7647,45873,6
os{12},74125633131233,11,6940,41624,6
os{12},74125633132232,11,4473,26815,5
os{12},74125633133222,11,5124,30733,5
os{12},74125633133312,11,8197,49163,6
os{12},74125633332323,11,8468,50792,6
os{12},74126352333122,11,8277,49644,6
os{12},74132561321231,11,7140,42828,7
os{12},74132562121121,11,7433,44584,7
os{12},74132562122111,11,6803,40810,7
os{12},74132563131221,11,7246,43459,6
os{12},74132563132112,11,6319,37897,6
os{12},74136522322121,11,6329,37953,5
os{12},74152363132232,11,5921,35514,6
os{12},74152363133132,11,5491,32925,5
os{12},74152363133222,11,7057,42321,5
os{12},74152363133231,11,5471,32800,5
os{12},74156322122123,11,6505,39000,6
os{12},74156322122321,11,6140,36825,6
os{12},74156322313223,11,7035,42188,7
os{12},74156323132331,11,4894,29349,6
os{12},74156323133123,11,5189,31115,6
os{12},74163251121122,11,6694,40156,6
os{12},74163252112211,11,5237,31405,6
os{12},74163252131111,11,8459,50736,6
os{12},74163253121111,11,7086,42497,6
os{12},74163253131332,11,6607,39625,6
os{12},74163253133132,11,4911,29451,5
os{12},74163253133213,11,7026,42133,6
os{12},74163253133231,11,4848,29071,5
os{12},74163253332323,11,7245,43456,6
os{12},74165231121212,11,8409,50438,5
os{12},74165231131313,11,10555,63309,7
os{12},74165231212121,11,9088,54506,6
os{12},74165231313131,11,7324,43919,6
os{12},74165232111212,11,7592,45529,5
os{12},74165232121112,11,8844,53036,6
os{12},74165232121211,11,8435,50602,7
os{12},74165233111313,11,9217,55284,6
os{12},74165233131113,11,11265,67581,8
os{12},74165233131311,11,11925,71529,7
os{12},74165233131323,11,11096,66564,7
os{12},74165233132313,11,13012,78057,7
os{12},74165233231313,11,12533,75180,7
os{12},74213652323132,11,5476,32842,6
os{12},74251633111313,11,8847,53056,7
os{12},74256311321222,11,10540,63225,6
os{12},74256313111232,11,11216,67284,6
os{12},74265312333233,11,6665,39980,6
os{12},74312652333332,11,5063,30357,5
os{12},74321563311131,11,7995,47963,7
os{12},74321653233323,11,9055,54319,7
os{12},74325163131323,11,6977,41848,6
os{12},74325612221222,11,9132,54775,7
os{12},74325613121312,11,10158,60934,7
os{12},74325613131212,11,7792,46732,6
os{12},74325613133333,11,6154,36900,5
os{12},74361253112132,11,7809,46836,6
os{12},74361253211231,11,5309,31838,6
os{12},74365211121221,11,5744,34440,6
os{12},74365211213111,11,6555,39310,6
os{12},74365211312111,11,6879,41260,6
os{12},74365211313113,11,5823,34912,5
os{12},74365211333111,11,5227,31339,5
os{12},74365212111311,11,6137,36800,6
os{12},74365212222323,11,5919,35494,6
os{12},74365212333332,11,6529,39159,6
os{12},74365213111211,11,6385,38285,5
os{12},74365213121333,11,6879,41259,6
os{12},74512361322233,11,7485,44897,6
os{12},74512362313223,11,6574,39424,5
os{12},74513263121222,11,10597,63568,7
os{12},74521632222212,11,8953,53709,6
os{12},74521633121213,11,8373,50218,6
os{12},74521633121312,11,8234,49388,6
os{12},74521633133333,11,8696,52156,5
os{12},74521633333313,11,8826,52943,7
os{12},74523611121113,11,5282,31673,5
os{12},74523611131112,11,8951,53705,7
os{12},74523611213111,11,7182,43078,6
os{12},74523611312111,11,5428,32551,6
os{12},74523612111311,11,6674,40032,6
os{12},74523613111211,11,5864,35169,5
os{12},74532163123223,11,5125,30731,5
os{12},74561231111222,11,6448,38674,6
os{12},74561232111113,11,6850,41075,6
os{12},74561232221111,11,8470,50799,6
os{12},74561233111112,11,7495,44957,5
os{12},74561233131233,11,5285,31691,5
os{12},74561233233323,11,7845,47058,6
os{12},74561233311233,11,5859,35125,5
os{12},74561233321133,11,7092,42535,6
os{12},74561233321313,11,8350,50081,6
os{12},74563211232332,11,6120,36714,6
os{12},74653213133222,11,5602,33591,5
os{12},75132463233233,11,6917,41484,6
os{12},75143263231313,11,10651,63895,7
os{12},75146321323331,11,5491,32924,5
os{12},75213642223133,11,7974,47822,6
os{12},75231463211123,11,12102,72608,8
os{12},75234161322233,11,6574,39432,6
os{12},75234162221111,11,7596,45561,6
os{12},75236143213232,11,4899,29363,5
os{12},75241632222323,11,7246,43461,7
os{12},75243162211322,11,12296,73754,6
os{12},75243611113232,11,6402,38389,7
os{12},75243613213232,11,4572,27417,5
os{12},75246131333312,11,6079,36457,5
os{12},75246311111111,11,18728,112355,7
os{12},75246313212311,11,8005,48025,7
os{12},75246313312211,11,7119,42695,6
os{12},75246313332332,11,5993,35939,6
os{12},75261432123233,11,7626,45740,6
os{12},75264132121232,11,9002,53996,6
os{12},75264132223331,11,7722,46307,7
os{12},75264132321212,11,6870,41198,6
os{12},75264133121333,11,8279,49654,7
os{12},75264133331213,11,7402,44396,7
os{12},75264311223122,11,5884,35281,5
os{12},75264313231112,11,7772,46617,6
os{12},75312463333133,11,9323,55922,7
os{12},75314621133221,11,4806,28811,5
os{12},75314621313212,11,12750,76484,6
os{12},75314623113122,11,5325,31928,5
os{12},75316241231231,11,6384,38275,5
os{12},75321461311112,11,5180,31065,5
os{12},75321463132121,11,5761,34551,6
os{12},75346122133133,11,6328,37949,5
os{12},75346211133122,11,5726,34338,6
os{12},75346211211311,11,7564,45378,6
os{12},75346211311211,11,5270,31596,5
os{12},75346212323333,11,7290,43716,6
os{12},75346213112132,11,4676,28033,6
os{12},75346213132121,11,5773,34621,6
os{12},75346213132322,11,7268,43587,6
os{12},75346213332122,11,5791,34727,6
os{12},75412631223332,11,5095,30549,6
os{12},75416323232213,11,7821,46913,7
os{12},75431263133213,11,7382,44276,6
os{12},75462132123212,11,10253,61509,8
os{12},75613243131332,11,8075,48429,6
os{12},75613243133213,11,6363,38160,6
os{12},75634123323122,11,6094,36545,6
os{12},75641323232111,11,6813,40859,6
os{12},75642132213311,11,5414,32469,6
os{12},76123453233323,11,8722,52309,7
os{12},76125343333133,11,9422,56514,7
os{12},76143252131312,11,9236,55404,7
os{12},76143252221222,11,6042,36232,6
os{12},76143253131212,11,9544,57253,7
os{12},76143253331333,11,6986,41899,6
os{12},76143253333313,11,11905,71418,6
os{12},76145231121113,11,6088,36510,6
os{12},76145231122112,11,10194,61145,5
os{12},76145231131112,11,8093,48546,6
os{12},76145231221112,11,9925,59534,6
os{12},76145231311331,11,5438,32605,6
os{12},76145232123332,11,6095,36552,6
os{12},76145232233213,11,9967,59785,6
os{12},76145232331313,11,6275,37629,6
os{12},76145232332213,11,9935,59590,6
os{12},76145233133213,11,7427,44553,6
os{12},76145233232333,11,7885,47294,6
os{12},76154323333112,11,6287,37704,6
os{12},76213543213133,11,7018,42094,6
os{12},76213543311332,11,5564,33366,6
os{12},76215341231231,11,5654,33903,6
os{12},76215433333133,11,8223,49323,7
os{12},76231451123111,11,5983,35883,5
os{12},76245311121131,11,5060,30343,5
os{12},76245311131121,11,5543,33234,6
os{12},76245311213312,11,5729,34356,6
os{12},76245312132131,11,5926,35535,6
os{12},76245313122122,11,5953,35702,6
os{12},76245313123121,11,5540,33214,5
os{12},76253141123132,11,4753,28500,6
os{12},76253141211332,11,5396,32355,5
os{12},76253413322312,11,6017,36077,5
os{12},76254133311323,11,12020,72105,6
os{12},76254313211111,11,11307,67828,6
os{12},76312452212111,11,9276,55638,5
os{12},76312453211111,11,6240,37422,6
os{12},76312453311311,11,7280,43661,6
os{12},76312542321212,11,6151,36890,6
os{12},76312542322121,11,5295,31753,5
os{12},76312543322222,11,8198,49177,6
os{12},76315241112113,11,7058,42330,6
os{12},76315241113112,11,6029,36157,6
os{12},76315241223113,11,5587,33496,6
os{12},76315241322122,11,5124,30727,6
os{12},76315241323313,11,6210,37245,6
os{12},76315241332112,11,4531,27169,5
os{12},76315243211231,11,5203,31195,6
os{12},76315243323323,11,6712,40260,6
os{12},76321452122123,11,6390,38319,5
os{12},76321452122321,11,8215,49266,6
os{12},76321452122333,11,7243,43431,5
os{12},76321452123323,11,11079,66449,6
os{12},76321452212231,11,8445,50654,6
os{12},76321452213122,11,8460,50739,6
os{12},76321453233131,11,6734,40381,5
os{12},76321453311233,11,9622,57710,6
os{12},76321453313312,11,8625,51727,5
os{12},76321453321133,11,9481,56867,7
os{12},76321453323311,11,8309,49846,6
os{12},76321542211112,11,9751,58497,6
os{12},76321543211111,11,6721,40308,6
os{12},76321543311131,11,7828,46957,6
os{12},76324151112233,11,6429,38559,6
os{12},76324151112323,11,8241,49431,7
os{12},76324153323122,11,5370,32203,5
os{12},76325411111213,11,5337,31997,6
os{12},76325411111312,11,11058,66341,6
os{12},76325411112131,11,5360,32137,5
os{12},76325411113121,11,7251,43488,6
os{12},76325411122121,11,6077,36438,5
os{12},76325411331311,11,6087,36504,5
os{12},76325412112121,11,7275,43635,6
os{12},76325412231212,11,10398,62372,6
os{12},76325412333233,11,6153,36892,5
os{12},76325413222223,11,6092,36532,6
os{12},76341251111213,11,7448,44662,6
os{12},76341251111312,11,7321,43912,6
os{12},76341251112131,11,8587,51515,6
os{12},76341251113121,11,6244,37436,5
os{12},76341251221121,11,6628,39753,6
os{12},76341251311313,11,7030,42154,6
os{12},76341252232313,11,6691,40129,6
os{12},76341252323333,11,7197,43166,6
os{12},76341253221212,11,7698,46166,6
os{12},76341253233131,11,4996,29953,5
os{12},76342511111231,11,5510,33037,6
os{12},76342511111321,11,6084,36491,5
os{12},76342511323112,11,5112,30646,6
os{12},76342512232223,11,6752,40495,6
os{12},76342513213112,11,7316,43879,5
os{12},76342513322111,11,9759,58539,6
os{12},76342513323122,11,5303,31808,6
os{12},76342513323212,11,6944,41645,6
os{12},76345122211112,11,7528,45157,6
os{12},76345122211121,11,6446,38661,6
os{12},76345122213311,11,5504,33010,6
os{12},76345122311111,11,6867,41182,5
os{12},76345123211111,11,5789,34711,5
os{12},76345123311113,11,6803,40796,6
os{12},76345123311131,11,7126,42750,6
os{12},76345123312211,11,5700,34179,6
os{12},76351421112323,11,9595,57555,7
os{12},76351421113322,11,5148,30878,6
os{12},76351423321232,11,6349,38073,6
os{12},76354121121212,11,7023,42116,6
os{12},76354121122121,11,5513,33054,6
os{12},76354121311313,11,5872,35216,6
os{12},76354121313131,11,7286,43695,6
os{12},76354122111212,11,7599,45575,6
os{12},76354122112121,11,6619,39693,6
os{12},76354122212222,11,8760,52544,7
os{12},76354123211123,11,8379,50264,7
os{12},76354123211132,11,6936,41602,7
os{12},76354123313333,11,9422,56519,7
os{12},76354212213323,11,5366,32181,6
os{12},76354212312233,11,7593,45530,6
os{12},76354212313322,11,9379,56261,6
os{12},76354212333332,11,7182,43075,6
os{12},76354213222223,11,5908,35428,6
os{12},76354213312223,11,5324,31919,6
os{12},76421351131121,11,5558,33332,6
os{12},76512343213313,11,9546,57261,6
os{12},76512343332311,11,8556,51318,5
os{12},76514321112323,11,10457,62732,6
os{12},76514321232113,11,8185,49091,6
os{12},76521433232333,11,5898,35370,6
os{12},76523413223231,11,5699,34170,5
os{12},76524313331222,11,8150,48880,6
os{12},76541232131213,11,9784,58686,6
os{12},76541232221222,11,6336,37999,6
os{12},76541233121213,11,7725,46335,7
os{12},76541233331333,11,6524,39139,6
os{12},76541233333313,11,8218,49291,6
os{12},76543211111111,11,20141,120825,6
os{12},76543211212112,11,8483,50883,6
os{12},76543211223221,11,5211,31255,5
os{12},76543211332331,11,4331,25969,4
os{12},76543211333333,11,5245,31458,5
os{12},76543212132323,11,6287,37705,6
os{12},76543212222221,11,5104,30598,5
os{12},76543212323213,11,5909,35440,6
os{12},76543213113131,11,6414,38467,6
