variant,state,distance,expanded,candidates,iterations
max,12345672121232,11,49870,299213,8
max,12345672123212,11,47805,286816,8
max,12345672321212,11,50192,301135,8
max,12345673131323,11,48471,290816,8
max,12345673132313,11,57359,344148,8
max,12345673231313,11,55745,334461,8
max,12345761111111,11,33633,201786,5
max,12346571111231,11,24869,149195,5
max,12346751113133,11,34645,207852,6
max,12347561112212,11,31708,190232,6
max,12347651111111,11,52653,315906,6
max,12347651122112,11,32550,195285,6
max,12347651133311,11,29674,178021,6
max,12347652111221,11,26734,160388,6
max,12347652123233,11,31639,189813,6
max,12347652123332,11,38989,233922,6
max,12347652223232,11,29512,177051,6
max,12347653111133,11,31510,189049,6
max,12347653132223,11,26937,161610,6
max,12347653132322,11,26324,157922,6
max,12347653332323,11,29665,177972,6
max,12354671111111,11,37127,222744,5
max,12354761112323,11,49124,294728,7
max,12354762121112,11,34972,209813,7
max,12354762121211,11,38004,228017,7
max,12354762311123,11,28550,171287,7
max,12354763131131,11,31810,190839,7
max,12354763133111,11,28905,173419,7
max,12354763211123,11,33855,203117,7
max,12356471113133,11,30580,183468,6
max,12356741133131,11,41427,248551,8
max,12356741313131,11,43142,258840,8
max,12356743113131,11,43387,260316,8
max,12357461111222,11,33528,201158,6
max,12357461113331,11,32261,193553,6
max,12357462211112,11,33235,199389,6
max,12357641113331,11,31308,187830,6
max,12364571112212,11,34906,209422,6
max,12364751112212,11,29912,179460,6
max,12364751113133,11,31454,188706,6
max,12364753311131,11,30197,181159,6
max,12365471111111,11,37099,222578,6
max,12365471211122,11,31409,188440,6
max,12365471313113,11,26004,156004,6
max,12365472223232,11,29108,174632,6
max,12365472321233,11,33613,201669,6
max,12365473232312,11,26446,158657,6
max,12365473332323,11,26545,159255,6
max,12365741113331,11,31626,189740,6
max,12367451123333,11,46606,279617,7
max,12367451132222,11,42453,254702,7
max,12367451213333,11,45188,271112,7
max,12367451312222,11,55278,331661,7
max,12367452113333,11,49980,299866,7
max,12367453112222,11,45039,270216,7
max,12367541112212,11,39122,234725,6
max,12367541113331,11,44837,269010,6
max,12367541331131,11,28705,172221,6
max,12374561121212,11,43242,259433,8
max,12374561211212,11,42564,255370,8
max,12374562111212,11,50546,303264,8
max,12374651111222,11,35044,210245,6
max,12375461111222,11,33879,203255,6
max,12375641113112,11,31997,191966,5
max,12376451111222,11,35672,214015,6
max,12376451113133,11,34064,204375,6
max,12376451221211,11,29369,176195,6
max,12376541112323,11,35519,213102,7
max,12376541232233,11,42032,252186,7
max,12376541322233,11,29126,174745,7
max,12376542121232,11,32429,194553,7
max,12376542123212,11,29908,179432,7
max,12376543133132,11,26121,156715,6
max,12376543133231,11,25973,155817,6
max,12456731132321,11,47383,284280,6
max,12456731233223,11,28126,168743,6
max,12456733223321,11,28312,169861,6
max,12463751231231,11,29886,179294,6
max,12467351131121,11,29941,179623,6
max,12467351231321,11,25934,155581,6
max,12473561132123,11,28499,170985,6
max,12536741112323,11,30719,184301,6
max,12537461332112,11,28567,171383,6
max,12543671111111,11,38150,228890,6
max,12543671211212,11,29707,178222,6
max,12543671331113,11,27256,163516,6
max,12543672121121,11,27828,166954,6
max,12543672321332,11,28760,172544,6
max,12543672322232,11,27875,167235,6
max,12543672331232,11,26428,158546,6
max,12543673111331,11,27156,162916,6
max,12543673221323,11,28465,170770,6
max,12543673231223,11,27248,163471,6
max,12543673233323,11,34604,207607,6
max,12546371221331,11,28362,170158,6
max,12563472131213,11,35295,211752,6
max,12563473131212,11,33078,198448,6
max,12564733323122,11,27144,162842,6
max,12567433232333,11,28231,169363,7
max,12576343212221,11,34771,208613,7
max,12637451132111,11,33391,200332,6
max,12637451332112,11,25061,150338,6
max,12643571321321,11,27549,165273,6
max,12645371131121,11,30934,185580,5
max,12673542331133,11,38174,229032,7
max,12734561112323,11,30547,183266,6
max,12734561322233,11,26919,161497,6
max,12734562313223,11,25804,154804,6
max,12745631111111,11,90278,541652,6
max,12745632111122,11,29693,178137,6
max,12745632212213,11,35028,210154,6
max,12745632222221,11,28464,170763,6
max,12745632232211,11,33851,203083,6
max,12745633131131,11,31720,190309,6
max,12745633313312,11,27762,166555,6
max,12745633313333,11,29603,177605,6
max,12745633323311,11,28123,168721,6
max,12753462231323,11,31707,190230,8
max,12763452322232,11,28629,171760,7
max,12765432121313,11,32177,193054,7
max,12765432222212,11,48688,292119,7
max,12765433121213,11,36504,219011,7
max,12765433331333,11,33357,200137,7
max,13245671321111,11,32256,193520,5
max,13246571111111,11,40813,244866,7
max,13246571112233,11,27446,164662,7
max,13246571113232,11,42551,255300,7
max,13246572321332,11,32236,193396,7
max,13246572331232,11,29131,174766,7
max,13246573221233,11,30119,180685,7
max,13246573321223,11,30701,184190,7
max,13246752133211,11,37415,224484,7
max,13247563212131,11,33355,200123,7
max,13254761322233,11,31752,190504,7
max,13254761323322,11,27273,163617,7
max,13254762321233,11,37732,226383,7
max,13254763323122,11,32272,193619,6
max,13257641112233,11,27722,166322,7
max,13265741112323,11,45839,275023,7
max,13265742131312,11,39152,234895,7
max,13267451122211,11,34056,204323,6
max,13267451311133,11,28558,171328,6
max,13267541111132,11,36322,217914,7
max,13267541232212,11,33134,198790,7
max,13274651112323,11,40467,242792,7
max,13275461112233,11,30514,183066,7
max,13275463213211,11,30169,181001,7
max,13275641112233,11,36850,221077,7
max,13275641112323,11,45862,275152,7
max,13275642131333,11,34757,208531,7
max,13275643212221,11,37215,223273,7
max,13276451113211,11,40029,240157,7
max,13276451233133,11,39832,238972,7
max,13276541133122,11,29583,177478,6
max,13276541213312,11,39744,238443,6
max,13276541321123,11,29674,178024,6
max,13276541322311,11,38203,229195,6
max,13276541323112,11,24961,149746,6
max,13276541323322,11,26045,156253,6
max,13276542323312,11,29733,178382,6
max,13276543323122,11,28741,172433,6
max,13462571111111,11,32095,192554,6
max,13462572213311,11,26694,160156,6
max,13527461211113,11,31837,191007,6
max,13542671231231,11,25442,152633,6
max,13546271213213,11,28463,170763,6
max,13546271231231,11,36671,220005,6
max,13546271321321,11,31518,189092,6
max,13572641122133,11,40501,242995,7
max,13576241312213,11,39484,236898,7
max,13576241321321,11,31659,189935,6
max,13627451332112,11,28233,169386,6
max,13642571221223,11,37504,225009,6
max,13642571223221,11,37434,224584,6
max,13642573221221,11,42429,254559,6
max,13645271221331,11,26372,158214,6
max,13647521111111,11,30950,185678,6
max,13675241112323,11,33856,203123,7
max,13675242331313,11,30445,182655,7
max,13725642332132,11,31321,187911,5
max,13754262123323,11,60326,361942,7
max,13762451321321,11,26398,158367,6
max,13764251211311,11,24285,145683,6
max,13764252323231,11,28110,168643,6
max,13765422121211,11,37619,225702,8
max,14263751131121,11,28355,170118,6
max,14267351321321,11,28663,171959,6
max,14275633323122,11,30575,183432,5
max,14325671111111,11,104821,628911,6
max,14325672112121,11,27796,166764,6
max,14325672231323,11,28772,172621,6
max,14325672323222,11,28073,168419,6
max,14325673123232,11,28693,172143,6
max,14325673232333,11,26958,161724,6
max,14325673311131,11,32666,195985,6
max,14327652131213,11,31261,187553,6
max,14327653121213,11,33240,199432,6
max,14352672212111,11,29939,179615,6
max,14356721112323,11,31151,186893,6
max,14356721322233,11,36403,218405,6
max,14367252322232,11,28818,172890,7
max,14367523311113,11,50627,303752,7
max,14523672121313,11,32130,192766,6
max,14523673121312,11,38762,232567,6
max,14527631121311,11,29826,178938,6
max,14527631131211,11,28733,172381,6
max,14527631133311,11,27762,166541,6
max,14527631211131,11,31395,188357,6
max,14527631311121,11,30966,185775,6
max,14527632122213,11,31265,187571,6
max,14527632212111,11,31768,190591,6
max,14527632333332,11,37385,224298,6
max,14527633132322,11,28999,173977,6
max,14527633312133,11,29895,179352,6
max,14536273311311,11,33411,200454,7
max,14537622231323,11,29490,176925,8
max,14563272323222,11,27221,163311,7
max,14567231312213,11,39529,237164,7
max,14567231321123,11,33744,202451,7
max,14573261333111,11,32210,193244,7
max,14625731111111,11,40303,241801,6
max,14625731131121,11,31980,191864,6
max,14625731322233,11,28829,172950,6
max,14625732112121,11,30287,181708,6
max,14625732113321,11,33787,202710,6
max,14625732213323,11,28514,171063,6
max,14625732233111,11,31370,188201,6
max,14625733133111,11,28242,169435,6
max,14632571111111,11,49327,295947,6
max,14632571321132,11,29097,174568,6
max,14652733321331,11,31413,188460,7
max,14673251111111,11,39320,235905,6
max,14723651111213,11,28480,170868,6
max,14723651111312,11,36215,217281,6
max,14723651112131,11,28704,172215,6
max,14723651113121,11,27518,165090,6
max,14723651211212,11,26192,157133,6
max,14723652322121,11,24411,146448,6
max,14723652331232,11,30120,180703,6
max,14723653232222,11,27364,164167,6
max,14723653313111,11,28385,170289,6
max,14723653321313,11,34725,208340,6
max,14725361111111,11,32603,195604,6
max,14725361111123,11,28379,170260,6
max,14725361322332,11,30459,182738,6
max,14725362211121,11,35278,211653,6
max,14725363211213,11,27551,165291,6
max,14725363213121,11,26707,160221,6
max,14725363223213,11,28080,168464,6
max,14725363311113,11,35939,215608,6
max,14726531223122,11,31280,187667,6
max,14726531232122,11,31334,187991,6
max,14726531233313,11,27907,167430,6
max,14726531333312,11,25966,155784,6
max,14726532232313,11,32274,193633,6
max,14726533323122,11,27289,163714,6
max,14735621221112,11,28173,169025,6
max,14735621223113,11,25995,155954,6
max,14735621223332,11,41158,246936,6
max,14735621233112,11,34636,207796,6
max,14735621323112,11,32965,197770,6
max,14735621332112,11,25533,153176,6
max,14735621333111,11,27251,163484,6
max,14735621333222,11,25531,153169,6
max,14736251111132,11,30511,183051,7
max,14736251112332,11,28083,168484,7
max,14736253222223,11,28444,170660,7
max,14736521132222,11,30822,184909,7
max,14736521133131,11,30398,182370,7
max,14736521211212,11,29144,174847,7
max,14736521213333,11,29828,178947,7
max,14736521221313,11,30843,185050,7
max,14736521321231,11,41758,250545,7
max,14736521322233,11,27844,167050,7
max,14736521332121,11,35065,210375,7
max,14736523112222,11,30988,185912,7
max,14736523113131,11,29215,175271,7
max,14752363222121,11,26842,161034,7
max,14752363232222,11,34563,207358,7
max,14752363233131,11,30762,184545,7
max,14752631111111,11,38187,229109,6
max,14752631112311,11,31667,189982,6
max,14752631323223,11,28067,168381,6
max,14752632332132,11,27122,162714,6
max,14752633213223,11,27626,165744,6
max,14752633222223,11,29467,176787,6
max,14752633223123,11,28518,171090,6
max,14752633223231,11,30947,185664,6
max,14753261221112,11,27926,167538,6
max,14753261323112,11,34644,207855,6
max,14753261333111,11,27983,167879,6
max,14762351221331,11,32088,192513,6
max,14762351321231,11,34446,206665,6
max,14762351331221,11,26304,157798,6
max,14763251221223,11,49254,295508,6
max,14763251222312,11,45754,274506,6
max,14763251332331,11,43187,259105,6
max,14763251333123,11,40805,244814,6
max,14763252322121,11,39570,237397,6
max,14763253132232,11,38870,233203,6
max,14763253133132,11,38836,232995,6
max,14763253133222,11,42095,252559,6
max,14763253133231,11,40730,244356,6
max,14763253221221,11,39170,235001,6
max,14763253222112,11,44923,269524,6
max,14763521113211,11,31005,186009,7
max,14763521113223,11,28338,170015,7
max,14763523222331,11,23901,143386,6
max,14765231111213,11,30686,184095,6
max,14765231111312,11,32004,192007,6
max,14765231112131,11,29901,179388,6
max,14765231113121,11,27350,164080,6
max,14765231133131,11,27627,165740,6
max,14765232211211,11,28192,169138,6
max,14765232232322,11,27960,167740,6
max,14765232331313,11,28008,168028,6
max,14765233113131,11,26417,158479,6
max,14765233323332,11,28198,169184,6
max,15236471111111,11,36244,217449,6
max,15236473231121,11,25242,151439,6
max,15243671331221,11,28332,169973,6
max,15246371331332,11,38993,233941,6
max,15246371332331,11,37734,226384,6
max,15246372331331,11,37279,223657,6
max,15267431223113,11,28438,170606,6
max,15273641112323,11,35372,212211,7
max,15324673113311,11,48621,291714,6
max,15342671211311,11,24279,145647,5
max,15346271321321,11,26004,156005,6
max,15367421211113,11,34516,207085,6
max,15367421223113,11,25732,154373,6
max,15367423211123,11,29862,179152,6
max,15426371111111,11,32112,192656,6
max,15426371112233,11,28293,169747,6
max,15463271313113,11,31459,188738,7
max,15624732123212,11,38404,230414,7
max,15624732133313,11,32002,191990,7
max,15624732333332,11,30052,180297,7
max,15627431223113,11,25726,154337,6
max,15627431322113,11,35283,211680,6
max,15627431332112,11,26225,157332,6
max,15634722123332,11,40826,244943,7
max,15634722321233,11,29620,177708,7
max,15637423211123,11,33297,199772,8
max,15642371111111,11,68037,408215,7
max,15642372213311,11,29148,174869,7
max,15642372231332,11,30038,180207,7
max,15642372331322,11,27972,167814,7
max,15642373212311,11,28573,171427,7
max,15642373221323,11,30308,181839,7
max,15642373231223,11,34287,205711,7
max,15643271221331,11,27586,165503,6
max,15643271331221,11,29275,175637,6
max,15643273223111,11,25947,155659,6
max,15647233213232,11,25895,155354,6
max,15672341113232,11,33480,200869,7
max,15672341323112,11,26538,159219,7
max,15672342323312,11,30545,183256,7
max,15672343213232,11,25925,155524,6
max,15672433312133,11,36595,219555,7
max,15724362212132,11,35348,212078,7
max,15724631111111,11,33216,199273,6
max,15724631211311,11,27021,162115,6
max,15724631322233,11,30530,183164,6
max,15724632123233,11,38199,229183,6
max,15724632313223,11,28247,169474,6
max,15724632323231,11,31346,188056,6
max,15724632323333,11,31136,186798,6
max,15724633132322,11,26178,157047,6
max,15734622331223,11,31274,187621,7
max,15746321111111,11,41848,251070,6
max,15746321323211,11,25008,150030,6
max,15746322313112,11,23485,140895,6
max,15762342122213,11,43510,261044,7
max,15763241111111,11,37166,222981,6
max,15763242323132,11,26596,159555,6
max,16243571132132,11,26485,158894,6
max,16243571231231,11,28577,171433,6
max,16243571321321,11,27386,164304,6
max,16245371231231,11,29610,177644,6
max,16254733312223,11,51220,307304,7
max,16257431132111,11,30166,180975,6
max,16257433223123,11,25562,153363,6
max,16273541122133,11,43293,259737,7
max,16273541321321,11,38238,229408,6
max,16275341312213,11,36077,216455,7
max,16275343122221,11,29537,177209,7
max,16327453232333,11,27742,166436,7
max,16342571331221,11,29291,175734,6
max,16345271111111,11,63463,380766,6
max,16345271133131,11,28569,171394,6
max,16345271222111,11,31180,187068,6
max,16345272322232,11,30125,180738,6
max,16345272333212,11,27426,164542,6
max,16345273122323,11,33444,200646,6
max,16345273233323,11,35880,215264,6
max,16347252131312,11,40451,242685,6
max,16347253121312,11,38277,229644,6
max,16357421223113,11,29540,177234,6
max,16374521112323,11,31308,187838,6
max,16374523211123,11,27864,167163,6
max,16423572112121,11,33176,199041,7
max,16427531211311,11,26630,159763,7
max,16427531231321,11,29386,176304,7
max,16427532333233,11,48429,290557,7
max,16453271111111,11,40223,241315,6
max,16453271211113,11,26854,161099,6
max,16453272111131,11,27154,162901,6
max,16475233132313,11,40007,240031,8
max,16523473332323,11,27550,165286,7
max,16523741112212,11,32255,193511,7
max,16524731112212,11,37271,223617,6
max,16524731112233,11,32018,192097,6
max,16524731113133,11,31692,190132,6
max,16527341111111,11,31501,188985,6
max,16527431123333,11,46643,279844,7
max,16527431222132,11,48473,290824,7
max,16527431312222,11,52605,315611,7
max,16527431333213,11,41630,249761,7
max,16527432113333,11,42258,253533,7
max,16527432211322,11,48769,292592,7
max,16527432231122,11,43842,263041,7
max,16527432231332,11,41834,250986,7
max,16527432331322,11,44703,268200,7
max,16527432333113,11,43518,261086,7
max,16527433312133,11,42710,256236,7
max,16532471111222,11,35740,214421,7
max,16534271111111,11,35353,212101,6
max,16534271111132,11,26372,158206,6
max,16534273211111,11,33136,198805,6
max,16534723211123,11,43298,259779,8
max,16537421111222,11,29212,175248,6
max,16537421113322,11,29475,176833,6
max,16537421113331,11,31028,186152,6
max,16537421223113,11,25727,154341,6
max,16537421233112,11,36197,217167,6
max,16537421332112,11,26067,156377,6
max,16542371221331,11,24520,147099,6
max,16542371331221,11,27172,163014,6
max,16542372112331,11,37846,227061,6
max,16543271221223,11,51710,310235,6
max,16543271223221,11,38504,231008,6
max,16543271331332,11,41733,250382,6
max,16543271332331,11,42146,252857,6
max,16543272331331,11,39019,234086,6
max,16543273221221,11,41608,249626,6
max,16543721111111,11,32277,193642,6
max,16543721113211,11,26442,158634,6
max,16547233332323,11,30422,182520,7
max,16547321113331,11,38071,228415,7
max,16572431111111,11,36523,219126,6
max,16572433213223,11,26254,157502,6
max,16573241123123,11,30690,184119,6
max,16573241312312,11,27619,165691,6
max,16574231113133,11,32410,194450,7
max,16723451122133,11,32509,195043,7
max,16723451322311,11,28784,172693,7
max,16725431121311,11,27541,165228,6
max,16725431131211,11,28423,170523,6
max,16725431211122,11,28676,172049,6
max,16725431211131,11,35260,211545,6
max,16725431311121,11,26655,159909,6
max,16725432211121,11,31559,189338,6
max,16725432232223,11,27709,166234,6
max,16725433113311,11,28399,170375,6
max,16725433122212,11,26814,160868,6
max,16725433333232,11,25509,153034,6
max,16735242122213,11,38338,230013,8
max,16742352232313,11,34175,205037,8
max,16743252323222,11,27975,167831,7
max,16745232121313,11,32735,196402,7
max,16745232122222,11,30430,182562,7
max,16745233121213,11,30060,180342,7
max,16745233333313,11,43566,261390,7
max,16753241221112,11,33180,199068,7
max,17246351111111,11,31384,188282,6
max,17265433111313,11,47692,286134,8
max,17324561211323,11,32975,197829,6
max,17324561232332,11,24023,144123,6
max,17326452212111,11,50692,304137,7
max,17356241212313,11,24434,146579,6
max,17356242211331,11,38727,232340,6
max,17362451211311,11,23992,143938,6
max,17362451231321,11,26968,161796,6
max,17362452213311,11,41477,248848,6
max,17364251231231,11,32158,192934,6
max,17423653213232,11,27278,163649,6
max,17425631122112,11,29314,175865,6
max,17425631223113,11,26285,157694,6
max,17425631313113,11,28522,171113,6
max,17425631322113,11,33556,201316,6
max,17425631322332,11,39437,236602,6
max,17425631323112,11,33939,203620,6
max,17425631323223,11,27620,165706,6
max,17425631332112,11,26950,161678,6
max,17426531112233,11,29280,175672,7
max,17426531121212,11,33001,197991,7
max,17426531132312,11,32296,193759,7
max,17426531213123,11,35189,211119,7
max,17426531223221,11,25902,155382,6
max,17426531232233,11,41160,246948,7
max,17426531313131,11,33121,198709,7
max,17426531331332,11,27170,163006,6
max,17426532121211,11,30123,180716,7
max,17426532331331,11,29820,178891,6
max,17435622211133,11,39503,237006,7
max,17435623211123,11,42562,255360,7
max,17436521323232,11,25977,155855,7
max,17452363213232,11,26192,157134,6
max,17452363322132,11,26384,158281,7
max,17452633213232,11,33814,202876,6
max,17453262211133,11,30050,180278,7
max,17462352213311,11,31241,187425,7
max,17463251122112,11,28947,173664,6
max,17463251221331,11,24399,146372,6
max,17463251313113,11,28104,168602,6
max,17463251321231,11,30353,182098,6
max,17463251323112,11,34627,207750,6
max,17463251331221,11,25915,155472,6
max,17526431131121,11,29113,174674,7
max,17526431231321,11,30671,184008,7
max,17526432123233,11,40595,243564,7
max,17543261111111,11,41440,248620,6
max,17543261132111,11,26374,158219,6
max,17642531111111,11,31286,187694,6
max,17642531112233,11,37534,225188,6
max,17642533312211,11,26713,160264,6
max,17643251122112,11,31628,189756,7
max,21345671111111,11,38998,233961,5
max,21345762223322,11,46576,279445,7
max,21345762312323,11,36797,220769,7
max,21345762313223,11,33083,198482,7
max,21345763332233,11,35499,212978,7
max,21346752313322,11,39613,237665,7
max,21347562312323,11,49559,297337,7
max,21354671122112,11,28924,173521,7
max,21354671131313,11,35650,213894,7
max,21354671221112,11,29417,176488,7
max,21354672311123,11,32594,195559,7
max,21354672311132,11,35739,214421,7
max,21354672313211,11,101180,607070,7
max,21354673131113,11,35469,212798,7
max,21354761112233,11,30241,181424,6
max,21354761112311,11,28223,169321,6
max,21354761113211,11,31309,187837,6
max,21354761113322,11,28658,171930,6
max,21354761122211,11,37592,225532,6
max,21354761133311,11,31543,189239,6
max,21354762213311,11,26399,158374,6
max,21354763312211,11,28200,169183,6
max,21357462311111,11,39042,234234,7
max,21357463213331,11,36115,216673,7
max,21357642221132,11,37659,225940,7
max,21364752311111,11,33791,202735,7
max,21364753212212,11,31815,190870,7
max,21365742221312,11,27602,165597,7
max,21365742312323,11,33401,200396,7
max,21367451311331,11,28639,171815,6
max,21367452112112,11,28128,168746,6
max,21374653333121,11,31308,187833,7
max,21375462312233,11,30707,184230,7
max,21375463333211,11,33295,199760,7
max,21376541111123,11,30043,180238,7
max,21376541112311,11,29007,174030,7
max,21376541122211,11,39455,236715,7
max,21376541131133,11,30720,184300,7
max,21457631321123,11,40954,245711,6
max,21473563331312,11,36589,219531,8
max,21536742222131,11,36055,216318,7
max,21654372231323,11,31738,190424,7
max,21654372233321,11,28976,173847,7
max,21654373332122,11,28515,171066,6
max,21654373332221,11,28308,169835,7
max,21734652123131,11,27833,166978,6
max,23147562123131,11,40273,241632,8
max,23147651112323,11,33238,199417,7
max,23147652312323,11,28959,173736,7
max,23156471222132,11,31144,186844,7
max,23156471333132,11,26384,158280,7
max,23156473323332,11,29289,175720,7
max,23157461231333,11,33020,198105,7
max,23157462131123,11,41196,247164,7
max,23164573213133,11,33006,198010,7
max,23164752131312,11,31524,189133,7
max,23164753333313,11,30682,184074,7
max,23165471111111,11,33358,200127,6
max,23165471311133,11,30134,180784,6
max,23165471312132,11,28030,168161,6
max,23165472111122,11,31455,188718,6
max,23165472111332,11,26904,161400,6
max,23165472132332,11,30947,185658,6
max,23165472311111,11,28808,172834,6
max,23165473233221,11,34094,204547,6
max,23165741112323,11,41799,250787,9
max,23165741231312,11,38005,228022,8
max,23165742123131,11,37715,226287,9
max,23165742131321,11,46464,278776,8
max,23165742131333,11,54348,326085,8
max,23165742312323,11,37609,225629,7
max,23165743331312,11,54495,326964,8
max,23167541233322,11,31622,189725,7
max,23167542131222,11,31285,187697,7
max,23174652123131,11,32743,196444,8
max,23175463211222,11,34167,204994,7
max,23176452132221,11,31463,188758,7
max,23176453332233,11,33491,200932,7
max,23416752121211,11,42329,253968,8
max,23417563232123,11,27978,167853,6
max,23456173212332,11,24339,146021,6
max,23456173233122,11,31085,186496,7
max,23456713212332,11,25310,151835,6
max,23475162121112,11,39640,237822,8
max,23517462131333,11,42664,255977,8
max,23576412233321,11,28263,169562,6
max,23576412312323,11,27132,162773,6
max,23657142121112,11,42967,257788,8
max,23671452122333,11,59120,354709,7
max,23674153232321,11,25605,153608,6
max,23751461132123,11,24457,146720,6
max,23751463112321,11,24730,148359,6
max,23756143222331,11,30859,185147,6
max,23756411222312,11,38126,228732,6
max,23756413222112,11,39856,239118,6
max,23756413223312,11,38219,229293,6
max,23756413322312,11,40021,240111,6
max,24153672321233,11,31346,188063,8
max,24157361313212,11,28605,171612,6
max,24157362323111,11,28189,169121,6
max,24167353132232,11,41375,248241,6
max,24173652323231,11,26105,156612,6
max,24315673311311,11,49483,296892,6
max,24315761122322,11,34399,206384,7
max,24315762213323,11,31406,188419,7
max,24351671212211,11,39410,236453,6
max,24351673111133,11,40110,240655,6
max,24351673311311,11,46433,278583,6
max,24351761111123,11,47500,284986,7
max,24351761212232,11,33511,201057,7
max,24367511323112,11,35069,210401,6
max,24367513111121,11,26234,157383,6
max,24376512222122,11,43018,258095,7
max,24516732233111,11,32041,192228,7
max,24531673123121,11,35831,214973,6
max,24536713231232,11,31903,191406,7
max,24537613231322,11,41501,248991,7
max,24561372111131,11,31292,187732,6
max,24563711121212,11,39736,238407,8
max,24563712121232,11,40051,240297,8
max,24563713121222,11,51354,308118,8
max,24571362221213,11,37036,222197,8
max,24571631121212,11,36935,221592,8
max,24615371112332,11,29673,178023,7
max,24615372213311,11,56247,337469,7
max,24615731122313,11,39033,234193,7
max,24615731132333,11,53480,320875,7
max,24615732111323,11,47199,283192,7
max,24615732213311,11,32208,193232,7
max,24615732233321,11,38285,229697,7
max,24615733113323,11,55016,330088,7
max,24615733311122,11,33594,201549,7
max,24617532233321,11,42746,256453,7
max,24637512311132,11,40058,240330,8
max,24651731113223,11,31260,187553,7
max,24651731333333,11,28150,168891,7
max,24715363311332,11,33702,202203,7
max,24715631111111,11,35610,213652,6
max,24715631122121,11,35341,212025,6
max,24715631122133,11,28464,170763,6
max,24715632313223,11,25801,154785,6
max,24715633112111,11,25387,152302,6
max,24715633131131,11,34439,206614,6
max,24716532323231,11,39965,239773,7
max,24731561111111,11,49751,298494,6
max,24731562311231,11,28945,173654,6
max,24736512222332,11,41596,249564,7
max,24751362221231,11,51471,308811,7
max,24751362321113,11,62024,372129,7
max,24761531221223,11,40236,241401,6
max,24763151111111,11,33234,199386,6
max,24765313222112,11,33902,203392,6
max,25134672233321,11,28022,168111,6
max,25134672312323,11,26913,161463,6
max,25134672313211,11,36089,216521,6
max,25137461111111,11,36280,217662,6
max,25137461211323,11,24963,149751,6
max,25163741112323,11,33013,198057,7
max,25314673111313,11,67246,403459,8
max,25314673111331,11,64232,385381,8
max,25314673131311,11,66424,398536,8
max,25341673113311,11,55556,333324,6
max,25341762313223,11,46967,281785,7
max,25364172311231,11,51264,307568,6
max,25364173223231,11,24248,145466,6
max,25367411211122,11,34302,205791,7
max,25413672323111,11,51618,309695,6
max,25413763121222,11,35858,215132,8
max,25436711311313,11,30326,181938,5
max,25436712123122,11,28207,169224,5
max,25436712123332,11,31249,187470,5
max,25436712132122,11,30900,185387,5
max,25436712323231,11,28183,169075,5
max,25436713232321,11,30306,181811,5
max,25436713332122,11,28739,172420,5
max,25463713212332,11,31808,190833,6
max,25471362323132,11,30044,180247,6
max,25471631312213,11,45196,271165,8
max,25631741212121,11,55392,332340,8
max,25634713321232,11,34921,209510,8
max,25641371213132,11,33704,202212,7
max,25714632123131,11,35980,215864,7
max,25714632223331,11,31914,191473,7
max,25714632313211,11,89280,535671,7
max,25714633121333,11,34885,209296,7
max,25716431212223,11,33580,201466,7
max,25716433223213,11,31683,190078,7
max,25731642232211,11,55753,334499,7
max,25734162221111,11,31640,189819,7
max,25734613113323,11,42854,257115,7
max,25736141111123,11,38051,228293,6
max,25736141233232,11,36044,216257,6
max,25736411133113,11,34389,206318,7
max,25736411231321,11,31037,186216,7
max,25736411321312,11,26459,158736,7
max,25736411331113,11,32853,197102,7
max,25736413123112,11,27574,165432,7
max,25741361232113,11,38124,228734,8
max,25741632222323,11,32186,193106,7
max,25741632312323,11,29031,174177,7
max,25743611233232,11,30036,180200,6
max,25763142223133,11,36569,219400,7
max,25763411332322,11,27753,166504,7
max,26135742132221,11,34692,208148,7
max,26135742213323,11,31987,191899,7
max,26135742332312,11,33065,198374,7
max,26153471122121,11,32566,195378,6
max,26153473131131,11,29563,177359,6
max,26153473132121,11,28829,172949,6
max,26154372332213,11,64044,384249,7
max,26175432331133,11,35343,212043,7
max,26317451212211,11,51326,307950,7
max,26345711223113,11,23929,143550,5
max,26371453112111,11,28183,169082,6
max,26415731322323,11,27761,166554,7
max,26415732121223,11,27639,165825,7
max,26415732233321,11,34267,205586,7
max,26435712222122,11,50631,303775,8
max,26435712233321,11,37420,224507,7
max,26435712311132,11,35716,214281,9
max,26435712322322,11,47118,282703,8
max,26435713311122,11,35265,211572,7
max,26435713333133,11,42884,257291,8
max,26437512122312,11,31488,188918,7
max,26453172211133,11,34837,209008,7
max,26453711333333,11,31358,188131,7
max,26513471122121,11,33223,199323,7
max,26517343333313,11,40442,242636,8
max,26534713333313,11,43429,260555,7
max,26543171111111,11,32898,197365,6
max,26543171123111,11,26679,160047,6
max,26547313131323,11,43324,259938,8
max,26573413331312,11,35782,214669,8
max,26714531212133,11,34670,208008,8
max,26714532121133,11,37464,224773,8
max,26715433231322,11,31958,191735,6
max,26741351232113,11,27720,166294,6
max,26743512121232,11,43281,259680,8
max,27134561131133,11,32115,192671,7
max,27154632311132,11,28885,173290,6
max,27314652313211,11,35152,210899,6
max,27365412321212,11,41793,250749,8
max,27415363131113,11,40458,242731,8
max,27415632323231,11,34600,207583,7
max,27415633321322,11,42691,256133,7
max,27416532133232,11,28799,172778,6
max,27416533321232,11,34976,209836,6
max,27435612122222,11,31073,186430,7
max,27453161123111,11,25667,153986,6
max,27453161132111,11,30116,180694,6
max,27456133132223,11,32694,196154,7
max,27516341111111,11,31647,189849,6
max,27534161111111,11,31479,188851,6
max,27534161111123,11,41802,250795,6
max,27534162311111,11,29130,174768,6
max,27534612311132,11,34079,204460,8
max,27536412332312,11,31499,188980,7
max,27543611111123,11,36987,221912,6
max,27543611111132,11,26279,157649,6
max,27546312231122,11,55420,332504,7
max,27613543333133,11,40542,243232,8
max,27614353311332,11,35194,211151,7
max,27615431312333,11,38346,230065,7
max,27615432113321,11,40573,243416,7
max,27615433313213,11,28207,169214,7
max,27634511131133,11,31654,189905,6
max,27634512233321,11,29631,177768,6
max,27643513311233,11,45898,275381,7
max,31246753312211,11,39136,234804,7
max,31247651113232,11,28174,169038,7
max,31247651323232,11,33260,199548,7
max,31256471231222,11,31510,189045,7
max,31257462222221,11,37562,225362,7
max,31257462312311,11,31092,186545,7
max,31257643311122,11,32680,196067,7
max,31264572122213,11,32191,193131,7
max,31264573132313,11,30975,185839,7
max,31264573222223,11,31804,190811,7
max,31264752132122,11,31994,191945,7
max,31264752313121,11,34067,204392,7
max,31265471111111,11,40523,243126,6
max,31265471122112,11,28455,170713,6
max,31265471122133,11,32570,195399,6
max,31265471312213,11,28939,173620,6
max,31265471313113,11,26869,161197,6
max,31265471321111,11,25321,151909,6
max,31265472233321,11,40604,243612,6
max,31265472312233,11,28939,173617,6
max,31265741233331,11,39987,239902,7
max,31267542222233,11,37414,224470,8
max,31267542313133,11,40577,243444,8
max,31275461112233,11,41218,247289,7
max,31275461322233,11,41615,249683,7
max,31275462133211,11,34746,208457,7
max,31275462223211,11,34902,209399,7
max,31275462311213,11,36610,219659,7
max,31275462312212,11,36973,221822,7
max,31275463311122,11,39764,238566,7
max,31276452133322,11,28662,171958,7
max,31276452313313,11,33708,202235,7
max,31452671323211,11,23843,143043,6
max,31452671332232,11,25281,151668,6
max,31452672322331,11,25400,152387,6
max,31456722111221,11,31913,191462,7
max,31462751111111,11,34199,205181,6
max,31462751113322,11,29377,176249,6
max,31475261322233,11,30696,184167,7
max,31475262331313,11,36747,220472,7
max,31475262333221,11,30549,183287,7
max,31524673332122,11,43298,259778,6
max,31527643332122,11,25576,153433,6
max,31564272212111,11,48971,293812,6
max,31564272213311,11,28403,170401,6
max,31564273113311,11,31028,186148,6
max,31572461122133,11,31639,189815,7
max,31624751112233,11,26923,161524,6
max,31624753312211,11,26403,158395,6
max,31627452221333,11,40691,244134,7
max,31654272313322,11,44635,267791,7
max,31754621331122,11,39271,235610,6
max,31765242322121,11,38328,229951,6
max,32145671111111,11,53839,323022,6
max,32145671123333,11,31025,186133,6
max,32145671132222,11,29086,174505,6
max,32145671221112,11,31192,187134,6
max,32145671333333,11,30955,185715,6
max,32145672113333,11,29170,175005,6
max,32145672212222,11,29562,177355,6
max,32145673112222,11,26377,158244,6
max,32145673311113,11,30135,180790,6
max,32146751232323,11,29949,179682,7
max,32146752232223,11,36828,220949,7
max,32147562313223,11,26404,158407,7
max,32147562333233,11,47307,283824,7
max,32147651123333,11,46103,276603,7
max,32147651132222,11,42024,252126,7
max,32147651213333,11,47506,285017,7
max,32147651312222,11,43760,262549,7
max,32147652113333,11,42596,255564,7
max,32147652231332,11,41276,247641,7
max,32147652233213,11,54436,326606,7
max,32147652331322,11,44779,268654,7
max,32147652332213,11,52670,316013,7
max,32147653112222,11,42883,257286,7
max,32156471111111,11,34460,206751,6
max,32156471113211,11,27390,164320,6
max,32156471232332,11,25222,151311,6
max,32156472312332,11,26628,159749,6
max,32156472332132,11,26222,157315,6
max,32156472332321,11,28826,172946,6
max,32156472333332,11,29825,178935,6
max,32156473223123,11,24466,146773,6
max,32156741112323,11,50029,300152,7
max,32156742311123,11,26945,161657,7
max,32156742313223,11,31936,191606,7
max,32156742333131,11,27045,162247,7
max,32157641232323,11,30115,180676,7
max,32157642231323,11,30351,182090,7
max,32164571111111,11,37519,225101,6
max,32164571111231,11,26102,156592,6
max,32164571232323,11,26864,161161,6
max,32164572232223,11,32002,192000,6
max,32164572232313,11,31940,191624,6
max,32164572233321,11,31168,186991,6
max,32164572312323,11,30076,180433,6
max,32164573323212,11,28452,170689,6
max,32165741111111,11,45045,270264,6
max,32165741111132,11,29008,174039,6
max,32165741233223,11,27873,167220,6
max,32165742211112,11,36536,219204,6
max,32165742331112,11,26863,161151,6
max,32165743311131,11,28457,170713,6
max,32167451111111,11,37706,226217,6
max,32167451213333,11,30011,180053,6
max,32167451222222,11,28835,172997,6
max,32167451312222,11,28648,171868,6
max,32167451333111,11,27699,166174,6
max,32167452211121,11,29634,177787,6
max,32167453222313,11,25559,153329,6
max,32167453313333,11,29576,177443,6
max,32167453321232,11,29152,174889,6
max,32174561112323,11,36550,219288,7
max,32174561232113,11,38100,228586,7
max,32174561232233,11,33667,201993,7
max,32174562231212,11,30530,183156,7
max,32174652312332,11,26156,156926,7
max,32174652332132,11,26685,160095,6
max,32175461111111,11,38670,232002,6
max,32175461113112,11,26751,160486,6
max,32175461221112,11,27664,165967,6
max,32175461333111,11,28554,171301,6
max,32175462233111,11,30145,180847,6
max,32175462312323,11,40072,240406,6
max,32416753121222,11,47238,283424,8
max,32417562113321,11,45201,271202,8
max,32417652132131,11,27900,167391,6
max,32417653132121,11,24235,145386,6
max,32451762331121,11,24715,148268,6
max,32456173212332,11,31681,190068,6
max,32456711233133,11,59943,359643,7
max,32465172112121,11,30643,183834,6
max,32465172132131,11,25098,150565,6
max,32465172133121,11,26279,157661,6
max,32465172332321,11,29404,176414,6
max,32465173123121,11,27560,165342,6
max,32465173132121,11,28363,170157,6
max,32465173133111,11,30694,184143,6
max,32465173233221,11,32837,197010,6
max,32475161232323,11,33491,200926,7
max,32475163331222,11,34403,206398,7
max,32476513232231,11,29144,174848,6
max,32517463131311,11,47261,283563,8
max,32546713323212,11,31868,191195,7
max,32547611121113,11,29609,177649,7
max,32547611131112,11,27491,164920,7
max,32547611213111,11,28110,168644,7
max,32547611312111,11,29436,176600,7
max,32547612111311,11,28618,171691,7
max,32547613111211,11,28101,168589,7
max,32561471113133,11,32318,193884,6
max,32561471121311,11,28984,173887,6
max,32561471122211,11,31338,188007,6
max,32561471131211,11,29252,175497,6
max,32561471211131,11,37073,222419,6
max,32561471311121,11,29660,177932,6
max,32561472133313,11,28127,168742,6
max,32561472213122,11,28019,168090,6
max,32561473222223,11,26529,159159,6
max,32561473323212,11,26894,161345,6
max,32567412122222,11,30865,185166,7
max,32567412131312,11,38209,229241,7
max,32567412222212,11,46958,281724,7
max,32567413131212,11,30319,181900,7
max,32567413133333,11,37145,222857,7
max,32576142313223,11,30303,181807,6
max,32615473332122,11,31227,187347,5
max,32647152133121,11,35581,213470,6
max,32647153132121,11,24413,146465,6
max,32647512333233,11,49508,297033,7
max,32657143121213,11,37260,223551,9
max,32657412111212,11,36626,219735,8
max,32671453123313,11,38338,230026,8
max,32674152113333,11,44291,265739,7
max,32714652332132,11,28236,169394,6
max,32716452123212,11,42253,253515,8
max,32741651121311,11,38743,232441,7
max,32741651131211,11,30627,183745,7
max,32741651211131,11,28511,171053,7
max,32741651311121,11,29641,177836,7
max,32741652111113,11,31241,187431,7
max,32741653111112,11,31208,187239,7
max,32745611223332,11,27231,163374,7
max,32745612313322,11,31726,190350,7
max,32745612322331,11,26547,159269,7
max,32751643321232,11,32810,196850,7
max,32754163211123,11,28251,169486,6
max,32756141233121,11,33547,201274,8
max,32761452121313,11,31173,187027,7
max,32761452122222,11,33128,198751,7
max,32761452222212,11,31048,186281,7
max,32761453121312,11,43457,260730,7
max,32761453133333,11,31745,190452,7
max,32765411112221,11,30816,184878,6
max,32765411121113,11,27954,167704,6
max,32765411131112,11,26663,159967,6
max,32765411133113,11,29155,174901,6
max,32765411331113,11,29125,174727,6
max,32765412221312,11,27704,166211,6
max,32765412323222,11,28803,172809,6
max,32765413122212,11,26452,158696,6
max,32765413223312,11,26261,157549,6
max,32765413231223,11,31229,187357,6
max,32765413322312,11,25952,155686,6
max,34125672131213,11,29826,178943,7
max,34125672131312,11,33172,199024,7
max,34125672221222,11,31096,186568,7
max,34125673133333,11,34091,204535,7
max,34127651121113,11,27849,167080,7
max,34127651131112,11,27515,165067,7
max,34127651213111,11,28275,169636,7
max,34127651312111,11,29533,177184,7
max,34127652111311,11,27750,166490,7
max,34127653111211,11,27975,167831,7
max,34162752132212,11,56822,340918,7
max,34165271112212,11,34017,204087,6
max,34165271121311,11,31462,188765,6
max,34165271131211,11,29471,176810,6
max,34165271211131,11,36200,217189,6
max,34165271311121,11,27654,165904,6
max,34165271311133,11,30435,182590,6
max,34165272323333,11,28375,170230,6
max,34165273133312,11,35567,213386,6
max,34165273222322,11,25458,152728,6
max,34165273311131,11,27960,167740,6
max,34167252213323,11,32455,194709,7
max,34172562132332,11,32079,192464,7
max,34172562313331,11,34344,206045,7
max,34175263321232,11,32978,197849,6
max,34216572213122,11,44344,266057,7
max,34261572132131,11,24921,149505,6
max,34261572133121,11,26163,156963,6
max,34261573123121,11,26734,160385,6
max,34265712212132,11,41585,249490,7
max,34275161312213,11,31172,187011,7
max,34275162112322,11,29996,179959,7
max,34275162213221,11,32972,197816,7
max,34516271111111,11,32284,193694,6
max,34516272312332,11,35268,211586,6
max,34516722313223,11,39555,237318,7
max,34517622231323,11,33072,198419,7
max,34521672223232,11,30618,183693,7
max,34526713232312,11,28225,169327,7
max,34527612211322,11,46465,278771,7
max,34527612231122,11,45232,271379,7
max,34527612231332,11,49594,297559,7
max,34527612331322,11,45201,271190,7
max,34527613312133,11,46037,276213,7
max,34561272122123,11,43028,258156,7
max,34561272122321,11,44915,269473,7
max,34561272212213,11,54591,327539,7
max,34561272213122,11,44656,267921,7
max,34561272232211,11,52759,316544,7
max,34561273221233,11,42646,255861,7
max,34561273233131,11,42238,253412,7
max,34561273311233,11,44270,265609,7
max,34561273313321,11,50483,302886,7
max,34561273321133,11,46037,276199,7
max,34561273321223,11,43271,259608,7
max,34561721111111,11,34976,209843,6
max,34562171321111,11,28179,169056,7
max,34562171321231,11,27519,165093,7
max,34562172232313,11,36371,218213,7
max,34567212223232,11,35676,214045,7
max,34617252111212,11,39094,234545,8
max,34617252123212,11,38726,232341,8
max,34617252132212,11,41361,248154,8
max,34617522221333,11,36837,221002,7
max,34621572132131,11,29152,174896,6
max,34625172111212,11,41863,251163,8
max,34627512232313,11,29480,176861,7
max,34651271123111,11,28787,172704,6
max,34651272332132,11,27472,164817,6
max,34675212222122,11,42769,256609,8
max,34715262221123,11,42003,252003,7
max,34716522223211,11,37387,224313,7
max,34721652121313,11,40099,240586,7
max,34721652131213,11,36337,218009,7
max,34721652221222,11,40611,243655,7
max,34721652222212,11,38174,229031,7
max,34721653333313,11,35861,215148,7
max,34725611212211,11,31828,190954,6
max,34725612111113,11,27411,164452,6
max,34725612121322,11,31700,190188,6
max,34725612231212,11,31777,190646,6
max,34725612231332,11,27852,167106,6
max,34725612322232,11,29765,178565,6
max,34725612331322,11,29393,176344,6
max,34725613111112,11,30125,180738,6
max,34725613111133,11,29245,175456,6
max,34725613132223,11,29407,176419,6
max,34725613311113,11,29326,175940,6
max,34761252323222,11,27749,166472,7
max,35126741232212,11,35140,210830,7
max,35126742231233,11,35020,210113,7
max,35127462331331,11,36875,221236,6
max,35162472122231,11,27978,167853,6
max,35162472123233,11,35783,214683,6
max,35162473122221,11,27516,165084,6
max,35162473323131,11,28008,168029,6
max,35162473332122,11,31109,186631,6
max,35162473332131,11,27737,166404,6
max,35162742213323,11,36069,216396,7
max,35167242132212,11,35243,211443,7
max,35172461232323,11,33458,200740,7
max,35174262213131,11,41981,251877,8
max,35174262231113,11,36957,221728,8
max,35246171111111,11,31263,187553,6
max,35246171113322,11,27149,162876,6
max,35246172213311,11,30247,181471,6
max,35267141223233,11,25599,153578,6
max,35267141321132,11,53476,320840,6
max,35271461322233,11,27736,166406,7
max,35416721113112,11,27697,166167,6
max,35416723232213,11,37437,224615,6
max,35417622223133,11,40540,243218,7
max,35426712131132,11,31035,186194,7
max,35426712311312,11,27473,164817,7
max,35426713111313,11,32931,197565,7
max,35426713131113,11,29835,178991,7
max,35426713312211,11,31451,188690,7
max,35461271111231,11,32251,193494,7
max,35461271321231,11,27481,164871,7
max,35461272222323,11,28540,171218,7
max,35462171131313,11,30544,183256,7
max,35462171212121,11,31987,191904,7
max,35462171221223,11,26299,157779,6
max,35462171332331,11,29470,176798,6
max,35462172213311,11,31476,188840,7
max,35462172223331,11,28725,172334,7
max,35462172312131,11,27847,167064,7
max,35462173123211,11,29240,175422,7
max,35462173131311,11,32649,195876,7
max,35462173221221,11,31409,188437,6
max,35462712322322,11,35043,210243,8
max,35472163222313,11,28623,171718,6
max,35472163231322,11,31717,190284,6
max,35476122221111,11,32505,195011,7
max,35614722321233,11,33910,203449,8
max,35617423131332,11,30884,185297,7
max,35624712121232,11,43848,263075,8
max,35624712321212,11,51042,306249,8
max,35624712321332,11,42902,257391,8
max,35624712331232,11,43249,259483,8
max,35714623111322,11,37381,224279,8
max,35721642221213,11,57470,344808,8
max,35762142222113,11,34567,207398,7
max,36125471111333,11,29721,178315,6
max,36125471212112,11,42044,252239,6
max,36125471213111,11,27174,163023,6
max,36125471222111,11,42792,256733,6
max,36125471312111,11,28569,171405,6
max,36125472111311,11,27060,162339,6
max,36125472121223,11,25945,155651,6
max,36125473111211,11,29096,174567,6
max,36125473232222,11,31819,190894,6
max,36125473323233,11,30775,184632,6
max,36125743222331,11,49402,296403,6
max,36127451333222,11,26668,159994,7
max,36145272122222,11,36201,217187,7
max,36145272131213,11,47077,282441,7
max,36145272131312,11,32183,193083,7
max,36145273333313,11,37062,222361,7
max,36147251121311,11,30592,183544,7
max,36147251131211,11,32054,192305,7
max,36147251211131,11,33346,200067,7
max,36147251311121,11,27913,167467,7
max,36147252111113,11,35663,213961,7
max,36147253111112,11,29938,179608,7
max,36152741231312,11,39517,237103,8
max,36152742131321,11,34872,209220,8
max,36172452133133,11,41796,250759,7
max,36217452131333,11,40545,243256,8
max,36217541223311,11,23890,143316,6
max,36217543213112,11,25168,150986,6
max,36241573212332,11,26305,157815,6
max,36241753212311,11,30552,183289,6
max,36415272123212,11,37626,225738,8
max,36417522123311,11,33804,202812,8
max,36514272212111,11,46913,281465,7
max,36521472113321,11,33021,198114,7
max,36521472331121,11,27798,166772,7
max,36527411131133,11,28055,168321,6
max,36527412111113,11,27642,165840,6
max,36527412131222,11,32458,194735,6
max,36527412211322,11,32751,196493,6
max,36527412221312,11,28449,170681,6
max,36527412231122,11,28752,172497,6
max,36527412322232,11,29214,175270,6
max,36527413111112,11,29167,174981,6
max,36527413311311,11,27327,163934,6
max,36541272323222,11,27451,164686,7
max,36542712121322,11,42474,254832,8
max,36547212121313,11,35837,215014,7
max,36547212122222,11,37978,227847,7
max,36547212131312,11,38161,228948,7
max,36547212221222,11,36203,217197,7
max,36547213331333,11,32625,195736,7
max,36712542121112,11,44184,265093,8
max,36712542121121,11,41379,248263,8
max,36712542121211,11,48709,292236,8
max,36712542122111,11,43628,261754,8
max,36714252232223,11,28520,171101,7
max,36714521232113,11,39367,236200,7
max,36714522121322,11,39134,234795,7
max,36714522122213,11,31716,190284,7
max,36714523132223,11,32255,193511,7
max,36714523132322,11,31638,189805,7
max,36721451131331,11,27827,166951,6
max,36721452121322,11,31847,191067,6
max,36721452122123,11,26536,159195,6
max,36721452122213,11,31830,190958,6
max,36721452122321,11,29730,178366,6
max,36721452131111,11,29420,176501,6
max,36721452223232,11,28473,170818,6
max,36721453113113,11,30932,185574,6
max,36721453121111,11,37588,225518,6
max,36725411121212,11,46931,281576,8
max,36725411131313,11,47075,282440,8
max,36725411212121,11,47215,283277,8
max,36725411313131,11,47405,284418,8
max,36725412111212,11,50834,304982,8
max,36725412121112,11,46973,281819,8
max,36725412121211,11,48367,290186,8
max,36725412121232,11,47215,283268,8
max,36725412123212,11,50008,300029,8
max,36725412321212,11,49189,295121,8
max,36725413111313,11,54178,325056,8
max,36725413131113,11,48695,292160,8
max,36725413131311,11,56892,341352,8
max,36741252122123,11,47546,285256,7
max,36741252122321,11,44395,266348,7
max,36741252122333,11,42884,257288,7
max,36741252123323,11,45910,275441,7
max,36741253233131,11,45256,271520,7
max,36745211211221,11,25920,155497,6
max,36745212121223,11,27046,162257,6
max,36745212122312,11,33795,202763,6
max,36745212122333,11,28722,172318,6
max,36745212123323,11,32278,193652,6
max,36745212131111,11,27141,162826,6
max,36745212223232,11,28511,171048,6
max,36745213121111,11,35007,210022,6
max,36745213131131,11,26626,159733,6
max,36745213133111,11,29213,175252,6
max,36745213232213,11,27873,167218,6
max,36751243222322,11,29184,175099,7
max,36752142122132,11,31136,186800,7
max,36752142123221,11,29161,174954,7
max,36752143132232,11,25930,155562,6
max,36752143133222,11,31571,189412,6
max,36752143211132,11,29468,176794,7
max,36754123232222,11,50595,303561,8
max,37246511112233,11,35724,214337,6
max,37256142321233,11,33589,201518,7
max,37415622333221,11,37807,226830,7
max,37426513132313,11,43353,260106,8
max,37452162323312,11,31206,187220,7
max,37516422333311,11,29628,177755,7
max,37561241311112,11,28792,172734,6
max,37612453122233,11,29185,175097,7
max,37612542221111,11,34268,205594,8
max,37614252221123,11,37256,223513,7
max,37614521111111,11,39271,235607,5
max,37614521323232,11,25572,153412,5
max,37614522111221,11,28988,173910,5
max,37614522113321,11,32950,197687,5
max,37614522313322,11,34344,206042,5
max,37614522323312,11,28783,172674,5
max,37614523232213,11,32434,194586,5
max,37615421113322,11,36177,217048,7
max,37615422211133,11,35961,215752,7
max,37615422223133,11,36440,218629,7
max,37615422313121,11,33896,203359,7
max,37615422313331,11,36393,218347,7
max,37615423121132,11,38460,230749,7
max,37624152311213,11,37291,223731,7
max,37624511232233,11,33740,202428,7
max,37624512121322,11,38956,233724,7
max,37624512231212,11,30113,180666,7
max,37624513131323,11,32091,192534,7
max,37624513231313,11,31292,187742,7
max,37641252222323,11,33164,198968,7
max,37642152213311,11,38959,233733,7
max,37642513122221,11,33483,200888,7
max,37645122312221,11,28290,169718,7
max,37651242211133,11,40355,242111,7
max,37651422312311,11,37976,227844,7
max,37652141113232,11,27378,164250,6
max,37652143231322,11,30925,185530,6
max,37654212311222,11,35640,213828,8
max,41236753232321,11,30195,181155,6
max,41237561313131,11,42443,254649,8
max,41263751312222,11,45863,275171,7
max,41325671212211,11,30839,185018,6
max,41325762313223,11,28647,171867,7
max,41325763131233,11,27410,164442,7
max,41352671212112,11,42701,256194,8
max,41352671212121,11,44046,264267,8
max,41352671222111,11,44287,265716,8
max,41357622313112,11,24594,147546,6
max,41367253111133,11,40396,242357,7
max,41532672313211,11,54360,326151,6
max,41532761233133,11,36066,216385,7
max,41563273113311,11,32359,194136,7
max,41576322212222,11,39826,238948,8
max,41625372313211,11,86068,516402,7
max,41625373121213,11,30258,181535,7
max,41625731222231,11,35146,210870,7
max,41635721212121,11,51581,309480,8
max,41657321222312,11,32331,193969,6
max,41673252212222,11,42038,252215,8
max,41673521111111,11,34320,205908,6
max,41723562313211,11,32764,196574,7
max,41725361232113,11,37004,222012,9
max,41725361321213,11,44620,267707,8
max,41725362221213,11,38193,229156,8
max,41725362313211,11,41356,248123,9
max,41725362313223,11,41473,248822,7
max,41725363121222,11,35585,213499,8
max,41725363121231,11,34063,204365,8
max,41725631111111,11,40918,245498,6
max,41725631211122,11,31783,190684,6
max,41725632322331,11,27788,166712,6
max,41725633111133,11,30069,180397,6
max,41725633121123,11,28981,173864,6
max,41725633211111,11,33164,198973,6
max,41726352313322,11,31551,189290,7
max,41726532312233,11,39136,234801,7
max,41735261323313,11,39217,235292,7
max,41735262312233,11,36822,220925,7
max,41735263123223,11,29609,177647,7
max,41735621233232,11,30694,184140,6
max,41735622313322,11,35937,215611,8
max,41736521233232,11,36849,221085,6
max,41736522332231,11,28595,171555,6
max,41752631222123,11,27057,162321,7
max,41752632311123,11,29642,177837,7
max,41752632312323,11,27243,163448,7
max,41752632313211,11,102258,613532,7
max,41756231321213,11,42738,256422,8
max,41756233121231,11,33348,200076,8
max,41762532221333,11,37226,223347,7
max,41762533123331,11,34200,205183,7
max,41765231233232,11,30365,182177,6
max,41765322221312,11,27650,165890,7
max,41765322313211,11,59677,358048,7
max,41765323122212,11,29153,174911,7
max,42136752131312,11,39631,237774,8
max,42137561123333,11,37456,224720,7
max,42137653122131,11,28333,169982,6
max,42137653132121,11,23893,143335,6
max,42157633231322,11,37691,226138,7
max,42163751121212,11,43599,261582,8
max,42165373223123,11,23701,142185,5
max,42167532131333,11,40685,244101,8
max,42315673112111,11,25438,152610,5
max,42351671212211,11,36821,220910,6
max,42351763231133,11,53902,323397,7
max,42367153111121,11,26087,156499,6
max,42367153211123,11,28636,171798,6
max,42516372233111,11,35688,214121,7
max,42561733323122,11,25222,151312,6
max,42573612323231,11,31344,188045,7
max,42573613322231,11,29053,174305,7
max,42613572313211,11,32720,196307,7
max,42615371313332,11,52459,314743,7
max,42615372213311,11,41820,250907,7
max,42615372221213,11,38179,229057,7
max,42615372313211,11,42663,255971,7
max,42651372213311,11,27710,166248,7
max,42651733311122,11,34871,209213,7
max,42673512232133,11,38288,229710,7
max,42751632321233,11,37168,222999,7
max,42751632323231,11,29697,178164,7
max,43126572133313,11,40038,240209,7
max,43167251232212,11,33791,202727,7
max,43176252123131,11,28200,169176,6
max,43176252311132,11,29997,179961,6
max,43216573132121,11,24981,149873,7
max,43216573132223,11,28000,167987,7
max,43216573212311,11,27464,164772,7
max,43216573212332,11,39475,236836,6
max,43512671313332,11,31618,189691,7
max,43527612312323,11,26662,159949,6
max,43561271111111,11,30099,180578,6
max,43571262122222,11,38393,230346,8
max,43572161111111,11,35967,215786,6
max,43572612312323,11,31527,189152,7
max,43576211123222,11,33487,200916,8
max,43576212112232,11,42055,252330,8
max,43615271333312,11,28499,170979,7
max,43615272113321,11,31653,189895,7
max,43617521223221,11,41500,248988,6
max,43621752213323,11,41671,250008,8
max,43651722323132,11,30337,181996,6
max,43675122222122,11,47422,284521,8
max,43675211221331,11,31834,190978,6
max,43721653231313,11,36571,219410,8
max,43751623123313,11,36959,221747,8
max,43765212222122,11,46369,278212,8
max,45167323322231,11,30474,182825,7
max,45176231131313,11,65650,393880,8
max,45176231133113,11,65464,392764,8
max,45176231331113,11,63563,381361,8
max,45176233131113,11,67412,404455,8
max,45176321131133,11,55763,334572,8
max,45213672221123,11,35460,212739,7
max,45273162222122,11,41121,246711,8
max,45276131131133,11,48701,292206,8
max,45312671222312,11,26714,160260,6
max,45312672223331,11,29800,178785,7
max,45312672233321,11,27881,167270,7
max,45312672313211,11,87661,525957,7
max,45312673132313,11,47880,287266,7
max,45312673222112,11,26567,159385,6
max,45312673231313,11,47253,283501,7
max,45312761113211,11,30640,183830,7
max,45312761133311,11,29254,175508,7
max,45312762221111,11,35861,215151,7
max,45312762311111,11,29379,176259,7
max,45321671212211,11,32080,192473,6
max,45321671221121,11,32061,192343,6
max,45321673113311,11,53197,319164,6
max,45327612222323,11,34241,205430,8
max,45362712122222,11,40655,243914,7
max,45367122223133,11,34804,208810,7
max,45367211111132,11,30920,185510,6
max,45367211211122,11,32729,196362,6
max,45367213111133,11,33227,199345,6
max,45376121131133,11,51491,308934,7
max,45376121331311,11,37670,226012,7
max,45376211333123,11,30493,182946,6
max,45376213131323,11,48387,290314,7
max,45376213333322,11,28251,169491,7
max,45612371133221,11,32087,192502,6
max,45612372331121,11,27089,162509,6
max,45612373112231,11,27794,166746,6
max,45612373132121,11,26527,159149,6
max,45612373132223,11,29244,175446,6
max,45612373322111,11,25662,153948,6
max,45612373332122,11,27356,164121,6
max,45612373332221,11,27578,165453,6
max,45613271331221,11,31262,187549,6
max,45613272233111,11,39378,236256,7
max,45621373123331,11,34424,206535,7
max,45621373211111,11,42979,257860,7
max,45621732212123,11,35860,215154,8
max,45621732233333,11,34368,206205,8
max,45623712332123,11,25215,151279,6
max,45623713322321,11,24161,144943,6
max,45637123132121,11,27774,166630,6
max,45637123332122,11,24342,146033,6
max,45671231132231,11,24722,148322,6
max,45671233112132,11,26582,159464,6
max,45673212212132,11,31956,191726,7
max,45673213211222,11,32646,195867,7
max,45713623223132,11,26314,157871,6
max,45721363321313,11,30577,183436,7
max,45721363322231,11,29513,177066,7
max,45732612233321,11,26595,159556,6
max,45736121122211,11,43223,259331,7
max,46123571111111,11,32356,194115,6
max,46123573232123,11,39598,237578,6
max,46125731333123,11,31794,190745,6
max,46127351131313,11,39929,239555,8
max,46127352131333,11,44897,269371,8
max,46127353131323,11,48263,289564,8
max,46135272133313,11,37690,226123,8
max,46153273131131,11,45624,273739,7
max,46157233333232,11,27832,166983,7
max,46157321331233,11,33238,199416,7
max,46215372121223,11,29448,176675,7
max,46215372313211,11,51066,306379,7
max,46257132211133,11,36243,217447,7
max,46257313312211,11,56682,340079,7
max,46273512122312,11,29517,177092,7
max,46273513221212,11,28077,168446,7
max,46275311123222,11,34431,206576,8
max,46275312112232,11,43258,259541,8
max,46275312132212,11,38152,228901,8
max,46275312232133,11,33606,201618,7
max,46275312313211,11,41073,246431,9
max,46275313121222,11,35377,212257,8
max,46275313312211,11,40882,245273,7
max,46321752111131,11,31205,187213,6
max,46352171211233,11,25476,152838,6
max,46352172113231,11,23610,141642,6
max,46372511221331,11,34471,206806,6
max,46375211211332,11,25601,153586,6
max,46375212113111,11,28107,168633,6
max,46375212132131,11,25534,153187,6
max,46375212132221,11,28172,169019,6
max,46375212332222,11,27533,165180,6
max,46375213112111,11,34874,209226,6
max,46375213123121,11,31821,190911,6
max,46375213333121,11,25905,155412,6
max,46512371331221,11,33522,201121,6
max,46512372113321,11,36507,219018,7
max,46513272332111,11,26985,161889,6
max,46513273113221,11,26875,161233,6
max,46523711331332,11,32080,192463,6
max,46527133111121,11,26113,156657,6
max,46572311223122,11,34262,205556,7
max,46572312132122,11,27949,167677,7
max,46721533123313,11,35637,213802,7
max,47123562232133,11,38974,233826,7
max,47123651233232,11,28858,173125,6
max,47126351233232,11,39296,235763,6
max,47126532133133,11,32949,197684,7
max,47132562311111,11,31543,189234,6
max,47132563222331,11,42130,252765,6
max,47132652233321,11,31435,188597,7
max,47135622132332,11,29480,176872,7
max,47136252133112,11,41615,249678,8
max,47152361233232,11,26021,156116,6
max,47152631322131,11,33447,200662,8
max,47156231332313,11,33571,201421,7
max,47156233211132,11,32101,192592,7
max,47156233223312,11,27708,166236,6
max,47156233233113,11,32716,196285,7
max,47156233322312,11,26601,159594,6
max,47156321111111,11,33837,203005,5
max,47156321133311,11,34212,205249,5
max,47156322132311,11,29016,174081,5
max,47156322313232,11,26804,160797,5
max,47156322332132,11,25018,150081,5
max,47156322332312,11,26149,156878,5
max,47156323223123,11,28835,172980,5
max,47162351322122,11,29314,175871,7
max,47163522131222,11,28060,168344,7
max,47165321232113,11,38037,228207,9
max,47165321322131,11,55347,332070,8
max,47165322132212,11,38120,228709,8
max,47165322133112,11,43499,260981,8
max,47165322232133,11,32764,196563,7
max,47165322313211,11,42850,257093,9
max,47216352131333,11,45731,274381,8
max,47251363131113,11,44364,266168,8
max,47251632131312,11,37884,227291,9
max,47256133212311,11,28946,173657,6
max,47256133321232,11,28580,171456,6
max,47265312122222,11,30744,184451,7
max,47265312131312,11,32043,192254,7
max,47265312313211,11,85959,515742,7
max,47321651311133,11,32131,192770,7
max,47352612123131,11,27601,165587,6
max,47352612311132,11,28429,170561,6
max,47352612313211,11,53729,322362,6
max,47512632312323,11,27294,163750,6
max,47621532232331,11,25031,150166,6
max,47621533231121,11,26136,156789,6
max,47632152233321,11,26571,159409,6
max,47632153212311,11,32666,195976,6
max,47632153232321,11,30060,180340,6
max,47632513212332,11,42072,252417,6
max,47652132231323,11,32609,195644,7
max,47653213211231,11,40778,244652,6
max,47653213232111,11,23870,143198,6
max,51264731113322,11,27634,165785,6
max,51264732213311,11,26058,156329,6
max,51267342312233,11,45980,275875,8
max,51324671211122,11,29982,179876,6
max,51324672212111,11,38739,232421,6
max,51324673113311,11,45653,273900,6
max,51324761111123,11,33734,202386,7
max,51324763113332,11,32490,194924,7
max,51342672212111,11,36972,221813,6
max,51342763312223,11,65540,393225,7
max,51367241211113,11,26516,159082,6
max,51423671221331,11,28053,168300,6
max,51426731111111,11,32987,197900,6
max,51426733312211,11,29932,179575,6
max,51472361131313,11,39822,238920,8
max,51472633331312,11,37788,226716,8
max,51623471321111,11,24006,144012,6
max,51623743313321,11,35275,211634,7
max,51624731312123,11,34199,205173,7
max,51624733323113,11,37280,223678,7
max,51632741323232,11,26654,159904,6
max,51642371122313,11,35855,215115,7
max,51642731113322,11,39118,234700,7
max,51647231113232,11,25645,153859,6
max,51723643131311,11,37612,225655,8
max,51724362122222,11,32572,195418,7
max,51724363121213,11,31984,191893,7
max,51726433123313,11,37943,227647,7
max,51732643121213,11,39660,237947,8
max,51742632323231,11,31359,188143,7
max,51742632323333,11,34044,204252,7
max,52134761232113,11,30103,180605,6
max,52147631121311,11,30470,182814,7
max,52147631131211,11,31816,190887,7
max,52147631211131,11,27377,164242,7
max,52147631311121,11,27954,167715,7
max,52147632111113,11,30249,181471,7
max,52147633111112,11,38990,233935,7
max,52163471112122,11,31653,189894,6
max,52163471213111,11,27187,163107,6
max,52163471312111,11,26823,160924,6
max,52163471333123,11,24807,148825,6
max,52163472111311,11,27087,162505,6
max,52163472131222,11,26619,159686,6
max,52163473111211,11,28711,172249,6
max,52163473111331,11,28369,170196,6
max,52163473221323,11,26601,159583,6
max,52163473323332,11,45647,273860,6
max,52167342121232,11,37582,225483,8
max,52167432121313,11,33802,202795,7
max,52167432122222,11,41286,247708,7
max,52167432131213,11,35954,215706,7
max,52167433133333,11,39915,239478,7
max,52167433331333,11,34245,205459,7
max,52174633223123,11,35537,213206,6
max,52314673311311,11,56297,337776,6
max,52314761322122,11,32008,192036,7
max,52341671111111,11,89647,537872,6
max,52341671122211,11,32759,196538,6
max,52341671311313,11,26602,159586,6
max,52341672211112,11,33072,198425,6
max,52341672232313,11,30732,184374,6
max,52341672323222,11,33479,200850,6
max,52341672323312,11,44004,264008,6
max,52341673133111,11,28227,169339,6
max,52341673232213,11,30118,180687,6
max,52341673232333,11,26858,161131,6
max,52341673323212,11,43225,259325,6
max,52361472121313,11,40947,245674,6
max,52361472131312,11,33850,203091,6
max,52367142211121,11,34599,207576,7
max,52367412322232,11,29041,174226,7
max,52374161112323,11,30013,180062,6
max,52376413222223,11,32459,194735,8
max,52463173212332,11,38852,233100,6
max,52463713212332,11,39009,234030,6
max,52471631223113,11,29231,175367,6
max,52471631323112,11,29974,179825,6
max,52614372313211,11,48528,291160,7
max,52641733212311,11,28398,170378,7
max,52641733232321,11,28912,173452,7
max,52673413232123,11,26983,161883,6
max,52713461232323,11,26630,159753,6
max,52714361232113,11,43985,263902,8
max,52714633213223,11,28877,173246,7
max,52714633223123,11,28914,173464,6
max,52731641233112,11,25439,152622,6
max,52731641323112,11,24521,147108,6
max,52736141322233,11,28879,173260,7
max,52741362313211,11,33346,200065,7
max,52741362313223,11,37959,227750,7
max,52741632122333,11,42704,256209,7
max,52741632123323,11,52738,316416,7
max,52741632212213,11,44675,268042,7
max,52741632212231,11,46448,278671,7
max,52741632232211,11,43294,259747,7
max,52741633221233,11,42615,255673,7
max,52741633313312,11,42035,252195,7
max,52741633313321,11,45315,271868,7
max,52741633321223,11,50115,300679,7
max,52741633323311,11,43799,262782,7
max,52743611111213,11,29066,174385,7
max,52743611111312,11,35904,215416,7
max,52743611112131,11,29043,174250,7
max,52743611113121,11,36523,219124,7
max,52743612131111,11,27689,166114,7
max,52743613121111,11,33532,201177,7
max,52761431111213,11,28845,173064,7
max,52761431111312,11,29043,174253,7
max,52761431112131,11,30221,181308,7
max,52761431113121,11,30629,183756,7
max,52761432131111,11,29420,176510,7
max,52761433121111,11,28256,169523,7
max,52763143222331,11,44631,267780,6
max,52763411222312,11,59136,354796,6
max,52763411333123,11,40243,241440,6
max,52763413222112,11,61159,366940,6
max,52763413223312,11,60995,365953,6
max,52763413322312,11,59199,355171,6
max,53126471231231,11,36064,216365,6
max,53126471231321,11,28818,172890,6
max,53126471321321,11,30848,185064,6
max,53146272123233,11,40756,244517,8
max,53147262123131,11,28370,170205,6
max,53162743312223,11,66425,398529,7
max,53274163211222,11,36926,221536,7
max,53421671321111,11,37936,227602,6
max,53421671321231,11,25279,151654,6
max,53426171112233,11,29243,175444,7
max,53462711113322,11,38109,228643,7
max,53467211321111,11,24126,144735,6
max,53476121323112,11,31484,188895,6
max,53476121323322,11,32433,194586,6
max,53614721212121,11,40191,241131,8
max,53621471331221,11,26395,158354,6
max,53642171111111,11,32538,195206,6
max,53672142221213,11,54384,326293,8
max,53714622233111,11,44738,268423,9
max,53721463223312,11,33308,199823,6
max,53724612121112,11,39562,237360,8
max,53726143333121,11,28452,170689,7
max,53741621323112,11,29218,175289,6
max,53741621332112,11,30135,180803,6
max,53742612323333,11,34591,207534,7
max,53761242121211,11,39232,235373,8
max,53761242221213,11,41540,249225,8
max,53761242321212,11,38935,233585,8
max,53762143222331,11,33200,199190,6
max,53762413322123,11,36383,218293,7
max,54123673233323,11,31723,190317,7
max,54126371331221,11,26840,161021,6
max,54127632131213,11,38613,231662,7
max,54127632222212,11,36632,219782,7
max,54127633131212,11,38586,231502,7
max,54127633133333,11,40442,242643,7
max,54127633333313,11,37587,225513,7
max,54163271133221,11,29758,178533,7
max,54163272233111,11,38751,232486,7
max,54167231121113,11,26973,161823,6
max,54167231131112,11,27371,164212,6
max,54167231221211,11,29193,175146,6
max,54167231333213,11,27027,162139,6
max,54167232112112,11,29017,174081,6
max,54167232133313,11,30767,184587,6
max,54167232333113,11,26869,161191,6
max,54167233232333,11,34662,207954,6
max,54167233331213,11,30584,183483,6
max,54172633132313,11,37791,226727,8
max,54217362233213,11,62339,374016,7
max,54217632132212,11,55752,334497,8
max,54231671123111,11,28955,173710,6
max,54231673123121,11,25360,152138,6
max,54261373123121,11,27510,165038,6
max,54261732231233,11,34011,204059,7
max,54276132233312,11,33104,198608,7
max,54312671131331,11,28466,170773,6
max,54312672212111,11,31141,186833,6
max,54312673311311,11,52941,317631,6
max,54317261113112,11,25467,152787,6
max,54317621111222,11,33379,200261,7
max,54321672212213,11,45167,270981,7
max,54321672212231,11,42290,253725,7
max,54321672232211,11,44193,265146,7
max,54321673313312,11,64029,384160,7
max,54321673313321,11,65827,394951,7
max,54321673323311,11,65581,393478,7
max,54321761211221,11,27628,165750,6
max,54321763113113,11,37364,224167,6
max,54326171111231,11,37579,225457,6
max,54326171112233,11,26651,159893,6
max,54326171321231,11,27092,162536,6
max,54326711112212,11,34556,207320,7
max,54327612223232,11,30211,181243,7
max,54361272223232,11,30798,184772,7
max,54362171113133,11,32085,192494,7
max,54362711111231,11,25668,153991,6
max,54362711323112,11,31337,188010,6
max,54367121112212,11,38118,228696,6
max,54367121113211,11,31436,188595,6
max,54367121113331,11,43449,260684,6
max,54367122211121,11,34852,209094,6
max,54367122311111,11,31479,188860,6
max,54367123311113,11,31360,188135,6
max,54367211132222,11,42565,255376,7
max,54367211213333,11,53164,318978,7
max,54367211222132,11,43394,260351,7
max,54367211333213,11,46210,277243,7
max,54367212211322,11,52843,317040,7
max,54367212231122,11,45009,270045,7
max,54367212233213,11,43275,259636,7
max,54367212332213,11,44455,266719,7
max,54367212333113,11,46618,279691,7
max,54367213112222,11,50158,300934,7
max,54367213312133,11,49130,294754,7
max,54371261113331,11,32826,196938,7
max,54371621113112,11,38481,230869,6
max,54371621113322,11,26391,158334,6
max,54376121322233,11,30812,184861,7
max,54376211111132,11,31661,189951,6
max,54376211111222,11,29196,175164,6
max,54376211113133,11,33022,198125,6
max,54612371112311,11,46839,281023,7
max,54612372222131,11,34532,207174,7
max,54612732112223,11,32629,195764,7
max,54612733322213,11,33062,198359,7
max,54621371133311,11,30463,182770,6
max,54621372211121,11,33333,199975,6
max,54637211132111,11,25752,154495,6
max,54671232221213,11,35081,210468,8
max,54712361323313,11,33272,199623,7
max,54712362223322,11,34924,209524,7
max,54716232222113,11,34550,207284,7
max,54716321112323,11,33442,200636,6
max,54716322313223,11,27609,165638,6
max,54721631111111,11,106635,639792,6
max,54721631122121,11,31244,187448,6
max,54721631311133,11,29642,177835,6
max,54721632133232,11,28900,173385,6
max,54721632212222,11,30838,185010,6
max,54721632212231,11,26887,161305,6
max,54721633231322,11,28690,172124,6
max,54721633313321,11,30843,185040,6
max,54721633333331,11,27099,162569,6
max,54723612131312,11,41727,250354,7
max,54723612221222,11,34145,204856,7
max,54723612222212,11,34961,209757,7
max,54723613121312,11,38377,230249,7
max,54723613333313,11,38761,232562,7
max,54761233322321,11,29829,178969,7
max,54763212322232,11,28359,170147,7
max,56123471222312,11,41448,248675,6
max,56123471223221,11,39342,236032,6
max,56123471331332,11,50361,302160,6
max,56123471333123,11,43253,259495,6
max,56123472322121,11,41601,249588,6
max,56123472331331,11,39036,234192,6
max,56123473133132,11,45960,275749,6
max,56123473133231,11,38689,232120,6
max,56123473222112,11,39994,239948,6
max,56123473223312,11,39895,239349,6
max,56123473322312,11,41364,248169,6
max,56124371111231,11,25042,150226,6
max,56124371232323,11,34422,206514,6
max,56127433332323,11,30700,184186,7
max,56132472333332,11,31210,187245,7
max,56132473211111,11,30292,181745,7
max,56132473213211,11,30293,181750,7
max,56143273332323,11,37902,227404,7
max,56147231222132,11,67103,402607,7
max,56147231333213,11,41677,250041,7
max,56147232233213,11,43432,260568,7
max,56147232332213,11,44896,269355,7
max,56147232333113,11,43484,260880,7
max,56147322333233,11,38865,233180,7
max,56173421113112,11,25401,152394,6
max,56174232323333,11,34302,205798,7
max,56174321232113,11,42136,252814,8
max,56213471111111,11,34812,208861,6
max,56213743313333,11,40838,245006,8
max,56243173133111,11,37199,223181,7
max,56243713121333,11,38088,228518,8
max,56247132333233,11,31340,188036,7
max,56271433111313,11,41819,250899,8
max,56271433123313,11,40769,244602,8
max,56271433132313,11,42869,257208,8
max,56274132331133,11,33263,199566,7
max,56274312313211,11,48722,292318,7
max,56321473233323,11,27781,166672,7
max,56321742211112,11,41435,248600,7
max,56324171221331,11,27207,163223,6
max,56327411211332,11,27431,164571,7
max,56327413213112,11,27105,162610,7
max,56341273121213,11,39721,238308,6
max,56341273131212,11,35620,213699,6
max,56347122333233,11,35640,213830,8
max,56347211213111,11,28088,168506,6
max,56347211222132,11,28706,172212,6
max,56347211312111,11,26599,159573,6
max,56347211331131,11,25861,155141,6
max,56347212111221,11,46759,280541,6
max,56347212111311,11,35318,211893,6
max,56347212123233,11,32443,194639,6
max,56347212232223,11,31194,187152,6
max,56347213111211,11,33833,202980,6
max,56347213131332,11,29673,178023,6
max,56423171231231,11,24957,149729,6
max,56423171231321,11,30468,182796,6
max,56423171321321,11,27473,164828,6
max,56423172112121,11,31320,187905,6
max,56423173132121,11,28302,169796,6
max,56423173133111,11,31030,186154,6
max,56432713122122,11,32504,195008,7
max,56712341232113,11,28424,170519,6
max,56712343211123,11,31194,187138,6
max,56721343123331,11,33546,201259,7
max,56721432312233,11,39071,234407,7
max,56723411113313,11,28877,173243,6
max,56723411121113,11,29352,176100,6
max,56723411131112,11,26937,161607,6
max,56723411222312,11,26378,158250,6
max,56723412122312,11,25864,155165,6
max,56723412323222,11,28306,169810,6
max,56723413221212,11,27282,163667,6
max,56723413222112,11,26849,161079,6
max,56723413331111,11,27322,163901,6
max,56732143122113,11,37673,226021,8
max,56741231121311,11,28431,170569,7
max,56741231131211,11,36877,221251,7
max,56741231211131,11,35811,214852,7
max,56741231311121,11,27408,164428,7
max,56741232111113,11,31374,188225,7
max,56741233111112,11,31005,186019,7
max,56743212122222,11,34254,205512,7
max,56743212221222,11,40622,243724,7
max,56743213121213,11,42361,254154,7
max,56743213121312,11,36813,220866,7
max,56743213331333,11,40017,240091,7
max,57123461111111,11,33049,198271,6
max,57164322131312,11,30812,184852,7
max,57214361323232,11,25584,153490,6
max,57214632212213,11,55384,332279,7
max,57236141113232,11,27915,167480,6
max,57236141322233,11,27116,162674,6
max,57236141323232,11,39640,237823,6
max,57241631322113,11,24637,147804,6
max,57241631323112,11,23877,143238,6
max,57246131112233,11,30882,185281,7
max,57264132111323,11,34418,206482,7
max,57321641311112,11,28607,171622,6
max,57321642311132,11,28715,172271,6
max,57364212213311,11,38814,232877,7
max,57364212313211,11,32783,196678,7
max,57364213332122,11,25693,154142,6
max,57642311113322,11,28675,172035,6
max,61234572231323,11,31552,189306,7
max,61234573232213,11,28441,170630,7
max,61235741313131,11,49834,298990,8
max,61257343232123,11,28321,169911,6
max,61274351313131,11,37813,226865,8
max,61274532231323,11,31080,186468,8
max,61352472233321,11,26544,159241,6
max,61352472313211,11,52543,315243,6
max,61452731311313,11,38818,232898,7
max,61453721111111,11,34031,204172,6
max,61453721311112,11,27425,164538,6
max,61453723111121,11,27081,162475,6
max,61472532123332,11,30322,181917,6
max,61472533112111,11,25673,154012,6
max,61527431111111,11,35566,213375,6
max,61534272311132,11,35372,212213,8
max,61534721112311,11,30554,183314,6
max,61534721113211,11,28814,172861,6
max,61543271111111,11,37329,223951,6
max,61543271112311,11,31579,189460,6
max,61572432312323,11,28869,173200,7
max,61734523222331,11,39296,235757,6
max,62134572321323,11,37588,225517,7
max,62135471122121,11,30904,185412,6
max,62135472132131,11,26638,159819,6
max,62135473122131,11,25749,154474,6
max,62135473123121,11,33628,201754,6
max,62135473131131,11,30873,185225,6
max,62135473132121,11,30198,181171,6
max,62135473232231,11,28428,170550,6
max,62135473322321,11,30309,181844,6
max,62135743222331,11,31378,188250,6
max,62135743312223,11,52500,314983,8
max,62147353123121,11,28937,173608,6
max,62147353132121,11,24469,146796,6
max,62154733321121,11,25846,155057,6
max,62157342132212,11,36703,220205,8
max,62173543232132,11,28494,170940,6
max,62174351122133,11,39732,238383,9
max,62174533311212,11,35914,215469,8
max,62317453112111,11,25151,150892,6
max,62317453312211,11,40508,243031,6
max,62351743112123,11,46494,278952,6
max,62371453311311,11,34867,209189,7
max,62374511322311,11,24600,147584,6
max,62374513112321,11,28962,173760,6
max,62374513312112,11,23508,141033,6
max,62435172211133,11,42308,253833,7
max,62435172311132,11,45421,272514,7
max,62435711222222,11,28448,170663,7
max,62453713311122,11,35883,215282,7
max,62471532232133,11,29686,178095,7
max,62475131322323,11,28634,171794,7
max,62531472321233,11,31570,189416,8
max,62543711211113,11,30939,185626,6
max,62543711311112,11,26125,156729,6
max,62571432321233,11,38712,232268,7
max,62735143223213,11,34696,208160,7
max,63125741112323,11,52439,314617,7
max,63125743131233,11,27865,167162,7
max,63125743133312,11,29518,177093,7
max,63142571111111,11,32244,193439,6
max,63142571132321,11,44832,268976,6
max,63142573112123,11,43569,261392,6
max,63172452312323,11,25986,155890,6
max,63172452313211,11,53462,320754,6
max,63174522332132,11,28341,170027,6
max,63247511123132,11,26608,159640,6
max,63251743133231,11,40090,240528,6
max,63452711311313,11,30835,184987,6
max,63452712333221,11,29082,174478,6
max,63471522123131,11,32762,196553,6
max,63471522323132,11,35914,215470,6
max,63471522332132,11,29327,175949,6
max,63472512123332,11,32266,193574,7
max,63512743313333,11,41700,250188,8
max,63541271212211,11,49207,295226,7
max,63542713121333,11,45752,274498,8
max,63574212123131,11,28151,168889,6
max,63574212313211,11,45592,273530,6
max,63712542221111,11,30320,181907,8
max,63714252123131,11,35339,212021,8
max,63714521112323,11,34279,205652,6
max,63714522332132,11,25922,155509,6
max,63721541233322,11,29513,177071,7
max,63724153121213,11,40854,245116,7
max,63725141112323,11,50429,302564,9
max,63725141233121,11,34160,204952,8
max,63725142123131,11,46163,276978,9
max,63725142223133,11,41757,250527,7
max,63725143122113,11,38372,230227,8
max,63725143123313,11,53945,323670,8
max,63741252222323,11,32022,192120,7
max,63741522123131,11,33045,198252,8
max,63742511232221,11,32701,196197,7
max,63745123122212,11,27979,167859,7
max,63751242221321,11,39057,234337,7
max,63751423122311,11,34469,206799,7
max,63752141111111,11,41942,251637,5
max,63752141122211,11,35295,211743,5
max,63752141123213,11,27621,165708,5
max,63752142332132,11,25501,152988,5
max,63752143123223,11,26723,160314,5
max,63752143212323,11,26187,157096,5
max,63752143223123,11,30720,184302,5
max,63752411223212,11,26843,161046,7
max,63752411333213,11,45243,271433,7
max,63752412312323,11,35009,210041,7
max,63752412322112,11,28096,168564,7
max,63752412333113,11,45128,270749,7
max,63754213122122,11,29362,176161,7
max,64125371131313,11,46144,276851,8
max,64157321133212,11,61252,367497,7
max,64231572311132,11,33741,202425,8
max,64257131113223,11,29915,179478,7
max,64271533221212,11,31812,190859,7
max,64275131212223,11,35891,215333,7
max,64275131312123,11,34661,207955,7
max,64275132211133,11,42867,257190,7
max,64275132232133,11,41494,248946,7
max,64275133231112,11,39267,235591,7
max,64275133312211,11,33028,198152,7
max,64275311112332,11,31671,190009,7
max,64275311222222,11,27443,164646,7
max,64275313312211,11,29269,175602,7
max,64321572111131,11,35192,211138,6
max,64321572132131,11,29241,175421,6
max,64321572311132,11,32792,196724,6
max,64325713121222,11,58395,350358,8
max,64351272132131,11,29329,175961,6
max,64357212313211,11,33689,202126,7
max,64357213231322,11,40743,244445,7
max,64357213312211,11,37225,223343,7
max,64531271212211,11,47597,285562,6
max,64531272132131,11,26790,160723,6
max,64531273122131,11,26254,157506,6
max,64531273123121,11,34398,206376,6
max,64531273311311,11,28807,172825,6
max,64531273312211,11,26786,160693,6
max,64572131122223,11,29172,175028,7
max,64713253112111,11,25063,150357,6
max,65123471112311,11,28308,169832,7
max,65123471233232,11,24537,147207,6
max,65123472312311,11,29421,176506,7
max,65132471212112,11,30590,183528,7
max,65132471222111,11,29570,177411,7
max,65132471231321,11,34035,204193,7
max,65132471323121,11,32774,196633,7
max,65132472131231,11,26642,159837,7
max,65132472212231,11,44138,264814,7
max,65132472233321,11,34926,209540,7
max,65132473111331,11,34043,204236,7
max,65132473313312,11,27676,166033,7
max,65132473323311,11,28313,169861,7
max,65132741223323,11,27569,165401,6
max,65132743222331,11,34536,207206,6
max,65134721233232,11,31119,186694,6
max,65147321232113,11,39875,239234,8
max,65172431132333,11,33695,202149,7
max,65174232123131,11,29334,175994,7
max,65174232133313,11,29127,174738,7
max,65174232323312,11,32346,194062,7
max,65174233323212,11,32147,192868,7
max,65174233331213,11,30609,183633,7
max,65174322313211,11,31429,188545,6
max,65174323223123,11,30763,184566,6
max,65213741111111,11,34373,206226,6
max,65241371111111,11,32965,197769,6
max,65243712121322,11,43521,261111,8
max,65271341332331,11,32034,192186,6
max,65271432231233,11,32747,196465,7
max,65274131111111,11,38804,232810,5
max,65274131311313,11,26882,161266,5
max,65274131312213,11,30319,181883,5
max,65274132123332,11,29218,175288,5
max,65274133132223,11,29063,174352,5
max,65274133232321,11,26191,157122,5
max,65274133312223,11,28503,170990,5
max,65314272311132,11,27038,162205,6
max,65314272313211,11,45013,270065,6
max,65321472111122,11,34557,207335,7
max,65417321232113,11,28144,168844,6
max,65417323223123,11,25895,155352,6
max,65417323232123,11,28112,168655,6
max,65423713321322,11,31319,187899,7
max,65432173232321,11,30619,183699,7
max,65471231132213,11,36704,220201,8
max,65714323223123,11,30039,180216,6
max,65723143321313,11,28045,168252,7
max,65732411333123,11,59752,358495,6
max,65742311212313,11,27524,165125,6
max,67132541133311,11,48875,293242,7
max,67145323133312,11,30763,184555,7
max,67154233323332,11,45354,272115,8
max,67215343333133,11,37939,227625,8
max,67231541323112,11,35761,214553,6
max,67231543323122,11,35897,215372,6
max,67234513332122,11,28046,168261,6
max,67245131313323,11,29237,175415,7
max,67245311112311,11,43258,259534,7
max,67245311133233,11,34937,209613,7
max,67254311131133,11,46974,281835,6
max,67254313311113,11,29095,174553,6
max,67312452233321,11,29878,179254,7
max,67312541121221,11,29059,174331,7
max,67312542221111,11,37091,222530,7
max,67321451111123,11,28077,168444,6
max,67321451112311,11,30172,181011,6
max,67321451212211,11,48919,293490,6
max,67321451311133,11,31406,188423,6
max,67321452111122,11,29216,175284,6
max,67321453113311,11,32751,196496,6
max,67321542232133,11,30980,185862,7
max,67341252222323,11,32943,197637,8
max,67342512222113,11,33177,199043,7
max,67345122223133,11,43348,260076,7
max,67345122232133,11,41826,250941,7
max,67345211111123,11,28024,168128,6
max,67345211111132,11,30231,181374,6
max,67345211112233,11,29116,174678,6
max,67345211113322,11,28225,169341,6
max,67345211211122,11,31341,188025,6
max,67345211311133,11,30883,185280,6
max,67345212111122,11,28324,169930,6
max,67345213111133,11,33343,200040,6
max,67354121111111,11,32411,194433,7
max,67354211212121,11,31847,191067,7
max,67354211313113,11,46504,279005,7
max,67354211333111,11,46319,277898,7
max,67354212111221,11,32219,193303,7
max,67354212212222,11,30231,181374,7
max,67354212311132,11,30579,183452,7
max,67354213111313,11,37228,223355,7
max,67354213131311,11,35517,213095,7
max,67354213211132,11,30174,181032,7
max,67354213313333,11,30395,182355,7
max,67412353132121,11,35046,210263,6
max,67412353332221,11,27305,163811,6
max,67412531131133,11,33411,200448,7
max,67435121332112,11,25294,151743,5
max,67435123123121,11,25416,152481,5
max,67452313321232,11,35911,215441,7
max,71234563231322,11,33745,202464,8
max,71263541333222,11,42737,256403,6
max,71263542323123,11,43157,258923,6
max,71264533131323,11,43306,259822,8
max,71264533221323,11,42720,256308,8
max,71264533231223,11,50015,300078,8
max,71264533231313,11,45603,273615,8
max,71326451211311,11,28038,168218,6
max,71326453132121,11,27404,164405,6
max,71326543333313,11,40543,243239,7
max,71345262132131,11,31626,189744,5
max,71362453113311,11,33325,199928,7
max,71365423331312,11,38379,230272,8
max,71423563213232,11,31546,189259,6
max,71423653213232,11,29607,177626,6
max,71426353312211,11,31559,189336,7
max,71426533333223,11,35661,213962,8
max,71432561232323,11,31886,191297,5
max,71432561323232,11,24862,149152,5
max,71432562111221,11,29722,178313,5
max,71432563232213,11,31653,189898,5
max,71432563323113,11,26785,160692,5
max,71432563323122,11,28742,172432,5
max,71432563332113,11,26999,161979,5
max,71435261322233,11,36922,221512,7
max,71435262222122,11,33477,200851,8
max,71435263211123,11,39217,235291,9
max,71435263311122,11,36630,219763,7
max,71435263333133,11,37310,223852,8
max,71435263333223,11,37663,225967,8
max,71435623333331,11,36786,220709,7
max,71436253333112,11,40397,242375,7
max,71452363213232,11,28885,173292,6
max,71452632222131,11,38584,231489,7
max,71453262222221,11,30917,185496,7
max,71453623311122,11,42084,252494,7
max,71456321322323,11,29273,175617,6
max,71456322111221,11,30651,183898,6
max,71462531113322,11,36725,220345,7
max,71462532111212,11,31675,190040,7
max,71462532121112,11,32698,196170,7
max,71462533111223,11,39302,235801,7
max,71462533221113,11,32180,193075,7
max,71463523331222,11,32854,197109,7
max,71523463131311,11,41755,250512,8
max,71523463231313,11,43216,259290,8
max,71523463331312,11,41178,247050,8
max,71532463221332,11,31804,190807,7
max,71534262122222,11,40364,242170,7
max,71542633132322,11,31068,186392,7
max,71543622111131,11,26302,157794,6
max,71543623111121,11,29252,175488,6
max,71546233331213,11,40091,240529,8
max,71546322231212,11,41553,249308,8
max,71562433123232,11,29977,179848,7
max,71563243221221,11,33601,201588,6
max,71625433213133,11,53742,322438,7
max,71643252231212,11,40883,245286,8
max,71643523331213,11,42043,252251,8
max,72134562312212,11,38008,228036,7
max,72136541322233,11,28225,169336,6
max,72143563222331,11,28510,171044,6
max,72143651121113,11,28690,172129,7
max,72143651131112,11,30545,183271,7
max,72143651213111,11,27775,166636,7
max,72143651312111,11,27329,163961,7
max,72143652111311,11,27831,166974,7
max,72143653111211,11,27696,166154,7
max,72145631233223,11,27211,163253,7
max,72145633232231,11,27310,163847,7
max,72145633312223,11,44186,265107,7
max,72146352232223,11,32664,195962,7
max,72163452122222,11,40516,243084,7
max,72163453121213,11,34089,204528,7
max,72163453131212,11,38519,231103,7
max,72163453133333,11,32958,197730,7
max,72163453331333,11,40587,243508,7
max,72164353131113,11,39571,237417,8
max,72165431113331,11,28235,169384,6
max,72165432111113,11,29346,176058,6
max,72165432111122,11,39036,234195,6
max,72165432211112,11,32093,192543,6
max,72165432323312,11,28369,170198,6
max,72165433111112,11,27587,165505,6
max,72165433121333,11,30485,182890,6
max,72165433221233,11,29019,174094,6
max,72165433233323,11,31377,188239,6
max,72165433321223,11,26973,161820,6
max,72165433331213,11,29755,178513,6
max,72345611111111,11,38435,230597,6
max,72345611133113,11,26399,158377,6
max,72345611221223,11,23998,143968,6
max,72345611222222,11,26053,156308,6
max,72345611331332,11,28101,168596,6
max,72345612122111,11,30067,180382,6
max,72345612331331,11,23785,142684,6
max,72345613221221,11,25345,152053,6
max,72345613333331,11,32053,192308,6
max,72356141112323,11,30834,184982,6
max,72356141232113,11,28453,170696,6
max,72356143211123,11,27249,163475,6
max,72361453232333,11,27357,164130,7
max,72361542333233,11,48879,293258,8
max,72365412222212,11,29896,179357,7
max,72365413121312,11,42539,255225,7
max,72365413131212,11,31084,186493,7
max,72365413331333,11,31682,190087,7
max,72435163333313,11,44912,269471,7
max,72513641232323,11,28380,170258,7
max,72513641233322,11,33088,198513,7
max,72516342313223,11,30804,184800,7
max,72531463321232,11,33916,203492,7
max,72534163211123,11,35355,212121,8
max,72541631111213,11,29046,174268,7
max,72541631111312,11,32295,193758,7
max,72541631112131,11,30238,181408,7
max,72541631113121,11,31416,188477,7
max,72541632131111,11,27749,166477,7
max,72541633121111,11,34406,206428,7
max,72543162311111,11,26460,158743,6
max,72543163211111,11,29383,176279,6
max,72543611221223,11,38722,232312,6
max,72543611223221,11,40562,243357,6
max,72543611331332,11,45808,274829,6
max,72543611332331,11,41130,246762,6
max,72543612331331,11,38927,233535,6
max,72543613132232,11,49621,297707,6
max,72543613133222,11,40071,240407,6
max,72543613221221,11,41880,251263,6
max,72543613223312,11,46224,277327,6
max,72543613322312,11,47797,286774,6
max,72546311323112,11,27364,164166,7
max,72546313323212,11,30603,183598,7
max,72561342313223,11,41135,246802,6
max,72561432213122,11,48638,291817,7
max,72561433221233,11,43095,258554,7
max,72561433311233,11,55493,332945,7
max,72561433321133,11,46256,277520,7
max,72561433321223,11,45629,273762,7
max,72563411111213,11,28604,171608,7
max,72563411111312,11,28088,168505,7
max,72563411112131,11,38605,231622,7
max,72563411113121,11,30672,184015,7
max,72563412131111,11,27827,166944,7
max,72563413121111,11,27443,164641,7
max,72643513212311,11,28833,172986,7
max,72643513212332,11,26759,160538,6
max,73125463133132,11,32006,192021,6
max,73146522113231,11,26027,156153,6
max,73246153312211,11,27827,166949,6
max,73456123231322,11,31740,190424,7
max,73516243323113,11,27528,165153,7
max,73516243332131,11,29361,176149,7
max,73541262321212,11,36740,220413,8
max,73542163321133,11,36864,221168,7
max,73542613132121,11,26887,161310,7
max,73542613132322,11,27477,164839,7
max,73564213321322,11,35514,213066,7
max,73614251112323,11,36604,219618,7
max,73615241112323,11,48535,291194,9
max,73615241113322,11,39644,237848,7
max,73615242223133,11,38575,231435,7
max,73615243123313,11,36467,218791,8
max,73615243213313,11,37707,226231,8
max,73615243331312,11,36714,220273,8
max,73615243332311,11,38048,228280,8
max,73615421113322,11,28538,171218,7
max,73615423213211,11,37932,227574,7
max,73615423333331,11,30059,180342,7
max,73624513121132,11,48610,291651,7
max,73624513332131,11,43601,261603,7
max,73625141112323,11,35810,214846,7
max,73625143121213,11,30396,182359,7
max,73625143333313,11,31730,190368,7
max,73625412222323,11,31182,187074,6
max,73642511111111,11,41180,247071,7
max,73642511113232,11,35347,212070,7
max,73642511113322,11,35205,211213,7
max,73642513223222,11,38459,230755,7
max,73645121113211,11,34733,208387,7
max,73645122222311,11,33190,199129,7
max,73645211223113,11,25282,151678,6
max,73645211231111,11,32342,194040,6
max,73645211321111,11,25292,151726,6
max,73645211332112,11,26298,157765,6
max,73645213112231,11,27314,163867,6
max,73645213333112,11,28980,173871,6
max,73651241113322,11,30523,183129,7
max,73652413211312,11,32641,195831,7
max,73652413331321,11,36671,220018,7
max,73654122111122,11,40670,244001,6
max,73654122221111,11,28299,169770,6
max,73654211111132,11,33347,200067,7
max,74123563323221,11,26163,156958,7
max,74123652322121,11,40563,243362,6
max,74123653132232,11,51926,311534,6
max,74123653133132,11,42231,253368,6
max,74123653133222,11,41824,250919,6
max,74123653133231,11,38516,231080,6
max,74125631313311,11,27713,166249,6
max,74125632121121,11,28960,173750,6
max,74125632122111,11,26828,160955,6
max,74125632131111,11,27690,166122,6
max,74125632321332,11,26889,161314,6
max,74125633121111,11,33854,203115,6
max,74125633131233,11,26363,158162,6
max,74125633132232,11,23969,143794,6
max,74125633133222,11,25340,152032,6
max,74125633133312,11,33747,202463,6
max,74125633332323,11,31704,190208,6
max,74126352333122,11,37406,224421,7
max,74132561321231,11,35185,211098,7
max,74132562121121,11,32683,196084,7
max,74132562122111,11,30596,183568,7
max,74132563131221,11,37673,226024,7
max,74132563132112,11,30733,184384,7
max,74136522322121,11,37941,227628,6
max,74152363132232,11,37310,223848,6
max,74152363133132,11,37564,225366,6
max,74152363133222,11,42441,254628,6
max,74152363133231,11,37488,224905,6
max,74156322122123,11,28580,171453,7
max,74156322122321,11,29283,175686,7
max,74156322313223,11,29334,175982,7
max,74156323132331,11,27677,166050,7
max,74156323133123,11,28567,171386,7
max,74163251121122,11,31797,190774,6
max,74163252112211,11,29469,176797,6
max,74163252131111,11,31755,190512,6
max,74163253121111,11,31516,189077,6
max,74163253131332,11,26485,158893,6
max,74163253133132,11,26065,156378,6
max,74163253133213,11,28250,169477,6
max,74163253133231,11,26893,161344,6
max,74163253332323,11,28888,173314,6
max,74165231121212,11,49693,298151,8
max,74165231131313,11,46729,280356,8
max,74165231212121,11,47320,283904,8
max,74165231313131,11,48816,292877,8
max,74165232111212,11,49366,296182,8
max,74165232121112,11,46965,281768,8
max,74165232121211,11,47551,285301,8
max,74165233111313,11,51379,308262,8
max,74165233131113,11,47133,282789,8
max,74165233131311,11,50014,300066,8
max,74165233131323,11,47375,284241,8
max,74165233132313,11,50990,305928,8
max,74165233231313,11,51044,306249,8
max,74213652323132,11,27366,164182,6
max,74251633111313,11,37394,224341,8
max,74256311321222,11,52023,312126,7
max,74256313111232,11,60490,362931,7
max,74265312333233,11,31459,188744,6
max,74312652333332,11,31385,188298,8
max,74321563311131,11,33680,202073,7
max,74321653233323,11,34307,205831,7
max,74325163131323,11,36518,219100,8
max,74325612221222,11,29796,178759,7
max,74325613121312,11,37982,227878,7
max,74325613131212,11,29835,178993,7
max,74325613133333,11,32008,192030,7
max,74361253112132,11,36027,216147,7
max,74361253211231,11,26311,157853,7
max,74365211121221,11,28779,172650,6
max,74365211213111,11,27141,162826,6
max,74365211312111,11,26783,160684,6
max,74365211313113,11,29643,177835,6
max,74365211333111,11,29524,177124,6
max,74365212111311,11,27333,163976,6
max,74365212222323,11,28131,168766,6
max,74365212333332,11,26743,160443,6
max,74365213111211,11,28631,171764,6
max,74365213121333,11,27913,167463,6
max,74512361322233,11,36394,218351,6
max,74512362313223,11,27203,163201,6
max,74513263121222,11,55331,331975,8
max,74521632222212,11,36479,218868,7
max,74521633121213,11,40962,245755,7
max,74521633121312,11,37684,226091,7
max,74521633133333,11,41648,249874,7
max,74521633333313,11,37234,223391,7
max,74523611121113,11,28647,171869,7
max,74523611131112,11,29663,177977,7
max,74523611213111,11,29265,175579,7
max,74523611312111,11,27802,166798,7
max,74523612111311,11,28917,173493,7
max,74523613111211,11,27715,166281,7
max,74532163123223,11,33090,198527,7
max,74561231111222,11,29195,175156,6
max,74561232111113,11,29636,177791,6
max,74561232221111,11,32853,197097,6
max,74561233111112,11,32028,192158,6
max,74561233131233,11,28782,172676,6
max,74561233233323,11,33893,203346,6
max,74561233311233,11,28841,173020,6
max,74561233321133,11,28431,170569,6
max,74561233321313,11,34657,207923,6
max,74563211232332,11,28428,170565,7
max,74653213133222,11,33360,200142,6
max,75132463233233,11,33215,199275,7
max,75143263231313,11,40286,241708,8
max,75146321323331,11,36635,219794,7
max,75213642223133,11,31753,190499,7
max,75231463211123,11,46093,276554,8
max,75234161322233,11,28490,170928,6
max,75234162221111,11,37671,226011,6
max,75236143213232,11,26534,159176,6
max,75241632222323,11,32613,195663,7
max,75243162211322,11,55524,333125,7
max,75243611113232,11,29399,176371,7
max,75243613213232,11,25606,153624,6
max,75246131333312,11,35969,215803,7
max,75246311111111,11,68313,409865,7
max,75246313212311,11,30352,182107,7
max,75246313312211,11,29466,176780,7
max,75246313332332,11,29475,176834,7
max,75261432123233,11,33631,201773,7
max,75264132121232,11,34957,209729,7
max,75264132223331,11,27347,164057,7
max,75264132321212,11,36753,220499,7
max,75264133121333,11,29555,177310,7
max,75264133331213,11,29959,179738,7
max,75264311223122,11,31872,191215,7
max,75264313231112,11,36616,219684,7
max,75312463333133,11,37651,225890,7
max,75314621133221,11,23905,143408,6
max,75314621313212,11,52116,312680,6
max,75314623113122,11,26876,161237,6
max,75316241231231,11,37554,225298,6
max,75321461311112,11,29249,175482,6
max,75321463132121,11,26461,158751,6
max,75346122133133,11,33555,201317,7
max,75346211133122,11,28026,168138,6
max,75346211211311,11,35590,213534,6
max,75346211311211,11,26441,158625,6
max,75346212323333,11,33787,202698,6
max,75346213112132,11,25303,151795,6
max,75346213132121,11,26427,158545,6
max,75346213132322,11,26690,160119,6
max,75346213332122,11,28305,169811,6
max,75412631223332,11,24427,146541,6
max,75416323232213,11,32718,196295,7
max,75431263133213,11,37362,224159,7
max,75462132123212,11,49292,295743,8
max,75613243131332,11,37782,226674,7
max,75613243133213,11,30725,184335,7
max,75634123323122,11,29399,176375,6
max,75641323232111,11,27862,167153,6
max,75642132213311,11,26965,161775,6
max,76123453233323,11,28825,172927,7
max,76125343333133,11,38141,228831,8
max,76143252131312,11,31736,190404,7
max,76143252221222,11,32275,193633,7
max,76143253131212,11,32677,196051,7
max,76143253331333,11,30257,181528,7
max,76143253333313,11,42445,254661,7
max,76145231121113,11,26915,161472,6
max,76145231122112,11,46619,279698,6
max,76145231131112,11,29095,174558,6
max,76145231221112,11,46534,279188,6
max,76145231311331,11,26209,157231,6
max,76145232123332,11,28130,168762,6
max,76145232233213,11,34781,208669,6
max,76145232331313,11,27054,162303,6
max,76145232332213,11,35975,215830,6
max,76145233133213,11,28740,172431,6
max,76145233232333,11,27314,163868,6
max,76154323333112,11,33308,199833,7
max,76213543213133,11,34409,206443,7
max,76213543311332,11,32276,193641,7
max,76215341231231,11,30970,185799,6
max,76215433333133,11,36717,220290,8
max,76231451123111,11,29433,176586,6
max,76245311121131,11,28573,171424,6
max,76245311131121,11,25723,154314,6
max,76245311213312,11,27206,163218,6
max,76245312132131,11,27767,166581,6
max,76245313122122,11,27038,162212,6
max,76245313123121,11,27213,163255,6
max,76253141123132,11,25206,151218,6
max,76253141211332,11,24716,148278,6
max,76253413322312,11,33894,203342,6
max,76254133311323,11,54367,326193,8
max,76254313211111,11,48348,290077,7
max,76312452212111,11,50282,301677,6
max,76312453211111,11,29420,176502,6
max,76312453311311,11,32350,194081,6
max,76312542321212,11,31589,189521,7
max,76312542322121,11,29587,177508,6
max,76312543322222,11,39217,235294,7
max,76315241112113,11,30960,185742,6
max,76315241113112,11,26517,159085,6
max,76315241223113,11,25832,154966,6
max,76315241322122,11,27354,164107,6
max,76315241323313,11,28828,172953,6
max,76315241332112,11,26387,158308,6
max,76315243211231,11,25089,150511,6
max,76315243323323,11,30184,181092,6
max,76321452122123,11,42968,257793,7
max,76321452122321,11,43817,262881,7
max,76321452122333,11,42975,257829,7
max,76321452123323,11,49845,299048,7
max,76321452212231,11,41598,249575,7
max,76321452213122,11,43718,262290,7
max,76321453233131,11,45682,274075,7
max,76321453311233,11,52207,313223,7
max,76321453313312,11,49047,294265,7
max,76321453321133,11,43561,261347,7
max,76321453323311,11,50008,300043,7
max,76321542211112,11,41673,250029,6
max,76321543211111,11,28005,168012,6
max,76321543311131,11,30936,185605,6
max,76324151112233,11,28729,172362,7
max,76324151112323,11,34761,208551,7
max,76324153323122,11,28389,170320,6
max,76325411111213,11,29741,178421,6
max,76325411111312,11,36698,220181,6
max,76325411112131,11,27173,163018,6
max,76325411113121,11,29804,178806,6
max,76325411122121,11,29430,176559,6
max,76325411331311,11,31698,190173,6
max,76325412112121,11,36954,221709,6
max,76325412231212,11,31774,190628,6
max,76325412333233,11,31586,189493,6
max,76325413222223,11,29232,175372,6
max,76341251111213,11,29022,174106,6
max,76341251111312,11,36179,217060,6
max,76341251112131,11,31956,191729,6
max,76341251113121,11,29291,175721,6
max,76341251221121,11,30687,184107,6
max,76341251311313,11,29419,176488,6
max,76341252232313,11,28723,172321,6
max,76341252323333,11,31500,188984,6
max,76341253221212,11,32404,194402,6
max,76341253233131,11,26080,156460,6
max,76342511111231,11,24554,147301,6
max,76342511111321,11,31598,189578,6
max,76342511323112,11,25956,155710,6
max,76342512232223,11,31137,186805,6
max,76342513213112,11,37788,226714,6
max,76342513322111,11,39343,236043,6
max,76342513323122,11,27468,164798,6
max,76342513323212,11,29618,177689,6
max,76345122211112,11,40458,242737,6
max,76345122211121,11,32429,194559,6
max,76345122213311,11,27072,162418,6
max,76345122311111,11,32710,196243,6
max,76345123211111,11,27602,165592,6
max,76345123311113,11,31894,191342,6
max,76345123311131,11,30451,182700,6
max,76345123312211,11,25950,155679,6
max,76351421112323,11,37483,224883,7
max,76351421113322,11,27861,167159,7
max,76351423321232,11,29450,176682,7
max,76354121121212,11,34463,206759,7
max,76354121122121,11,28922,173511,7
max,76354121311313,11,29485,176897,7
max,76354121313131,11,32503,195000,7
max,76354122111212,11,37787,226706,7
max,76354122112121,11,31430,188562,7
max,76354122212222,11,29990,179924,7
max,76354123211123,11,32133,192788,7
max,76354123211132,11,27909,167440,7
max,76354123313333,11,32784,196691,7
max,76354212213323,11,29829,178959,6
max,76354212312233,11,30677,184034,6
max,76354212313322,11,32666,195983,6
max,76354212333332,11,30029,180157,6
max,76354213222223,11,29456,176716,6
max,76354213312223,11,27638,165803,6
max,76421351131121,11,23859,143138,6
max,76512343213313,11,47768,286599,8
max,76512343332311,11,47653,285909,8
max,76514321112323,11,31982,191882,6
max,76514321232113,11,29472,176813,6
max,76521433232333,11,28509,171039,7
max,76523413223231,11,29974,179826,7
max,76524313331222,11,37047,222265,7
max,76541232131213,11,48979,293859,7
max,76541232221222,11,30120,180706,7
max,76541233121213,11,31059,186339,7
max,76541233331333,11,33441,200644,7
max,76541233333313,11,37804,226810,7
max,76543211111111,11,64307,385821,6
max,76543211212112,11,32997,197967,6
max,76543211223221,11,26761,160558,6
max,76543211332331,11,26724,160333,6
max,76543211333333,11,29562,177363,6
max,76543212132323,11,29481,176869,6
max,76543212222221,11,28290,169717,6
max,76543212323213,11,29079,174460,6
max,76543213113131,11,29265,175573,6
max-noprune,12345672121232,11,1217694,10959200,8
max-noprune,12345672123212,11,1148778,10338952,8
max-noprune,12345672321212,11,1200826,10807381,8
max-noprune,12345673131323,11,1224745,11022656,8
max-noprune,12345673132313,11,1383130,12448128,8
max-noprune,12345673231313,11,1356301,12206661,8
max-noprune,12345761111111,11,260159,2341389,5
max-noprune,12346571111231,11,133954,1205540,5
max-noprune,12346751113133,11,266979,2402763,6
max-noprune,12347561112212,11,238354,2145140,6
max-noprune,12347651111111,11,482617,4343511,6
max-noprune,12347651122112,11,201311,1811754,6
max-noprune,12347651133311,11,193932,1745332,6
max-noprune,12347652111221,11,170373,1533305,6
max-noprune,12347652123233,11,214087,1926732,6
max-noprune,12347652123332,11,252100,2268858,6
max-noprune,12347652223232,11,228938,2060391,6
max-noprune,12347653111133,11,208341,1875025,6
max-noprune,12347653132223,11,161837,1456488,6
max-noprune,12347653132322,11,159189,1432646,6
max-noprune,12347653332323,11,183523,1651656,6
max-noprune,12354671111111,11,283241,2549121,5
max-noprune,12354761112323,11,528826,4759385,7
max-noprune,12354762121112,11,345077,3105638,7
max-noprune,12354762121211,11,376990,3392870,7
max-noprune,12354762311123,11,216696,1950215,7
max-noprune,12354763131131,11,251459,2263074,7
max-noprune,12354763133111,11,235747,2121679,7
max-noprune,12354763211123,11,355069,3195572,7
max-noprune,12356471113133,11,228177,2053548,6
max-noprune,12356741133131,11,581284,5231509,8
max-noprune,12356741313131,11,788279,7094460,8
max-noprune,12356743113131,11,611033,5499252,8
max-noprune,12357461111222,11,203749,1833698,6
max-noprune,12357461113331,11,209478,1885259,6
max-noprune,12357462211112,11,212238,1910091,6
max-noprune,12357641113331,11,225064,2025525,6
max-noprune,12364571112212,11,268381,2415385,6
max-noprune,12364751112212,11,198553,1786932,6
max-noprune,12364751113133,11,200137,1801182,6
max-noprune,12364753311131,11,198681,1788073,6
max-noprune,12365471111111,11,332514,2992580,6
max-noprune,12365471211122,11,204067,1836559,6
max-noprune,12365471313113,11,179866,1618741,6
max-noprune,12365472223232,11,226040,2034311,6
max-noprune,12365472321233,11,208594,1877304,6
max-noprune,12365473232312,11,166362,1497209,6
max-noprune,12365473332323,11,171180,1540572,6
max-noprune,12365741113331,11,245931,2213333,6
max-noprune,12367451123333,11,603528,5431697,7
max-noprune,12367451132222,11,457030,4113218,7
max-noprune,12367451213333,11,488613,4397468,7
max-noprune,12367451312222,11,628193,5653694,7
max-noprune,12367452113333,11,612302,5510671,7
max-noprune,12367453112222,11,480275,4322424,7
max-noprune,12367541112212,11,288911,2600159,6
max-noprune,12367541113331,11,382546,3442869,6
max-noprune,12367541331131,11,187178,1684560,6
max-noprune,12374561121212,11,820839,7387493,8
max-noprune,12374561211212,11,598431,5385829,8
max-noprune,12374562111212,11,898988,8090844,8
max-noprune,12374651111222,11,273341,2460017,6
max-noprune,12375461111222,11,274642,2471726,6
max-noprune,12375641113112,11,163935,1475369,5
max-noprune,12376451111222,11,232907,2096116,6
max-noprune,12376451113133,11,249617,2246511,6
max-noprune,12376451221211,11,184161,1657400,6
max-noprune,12376541112323,11,328924,2960271,7
max-noprune,12376541232233,11,271928,2447310,7
max-noprune,12376541322233,11,196017,1764106,7
max-noprune,12376542121232,11,256505,2308491,7
max-noprune,12376542123212,11,235739,2121602,7
max-noprune,12376543133132,11,158754,1428742,6
max-noprune,12376543133231,11,158697,1428219,6
max-noprune,12456731132321,11,272767,2454855,6
max-noprune,12456731233223,11,152016,1368101,6
max-noprune,12456733223321,11,146032,1314244,6
max-noprune,12463751231231,11,169249,1523186,6
max-noprune,12467351131121,11,158405,1425592,6
max-noprune,12467351231321,11,133969,1205668,6
max-noprune,12473561132123,11,145616,1310502,6
max-noprune,12536741112323,11,219271,1973393,6
max-noprune,12537461332112,11,188923,1700258,6
max-noprune,12543671111111,11,348051,3132416,6
max-noprune,12543671211212,11,191020,1719130,6
max-noprune,12543671331113,11,171821,1546339,6
max-noprune,12543672121121,11,180580,1625176,6
max-noprune,12543672321332,11,170595,1535303,6
max-noprune,12543672322232,11,182257,1640268,6
max-noprune,12543672331232,11,159628,1436600,6
max-noprune,12543673111331,11,174496,1570411,6
max-noprune,12543673221323,11,175792,1582078,6
max-noprune,12543673231223,11,170829,1537411,6
max-noprune,12543673233323,11,209793,1888087,6
max-noprune,12546371221331,11,155672,1401004,6
max-noprune,12563472131213,11,269203,2422776,6
max-noprune,12563473131212,11,266560,2398987,6
max-noprune,12564733323122,11,186750,1680698,6
max-noprune,12567433232333,11,226088,2034736,7
max-noprune,12576343212221,11,340788,3067043,7
max-noprune,12637451132111,11,165260,1487293,6
max-noprune,12637451332112,11,151610,1364432,6
max-noprune,12643571321321,11,154224,1387965,6
max-noprune,12645371131121,11,167774,1509915,5
max-noprune,12673542331133,11,280648,2525784,7
max-noprune,12734561112323,11,239991,2159873,6
max-noprune,12734561322233,11,154597,1391323,6
max-noprune,12734562313223,11,152583,1373194,6
max-noprune,12745631111111,11,900593,8105288,6
max-noprune,12745632111122,11,198382,1785384,6
max-noprune,12745632212213,11,276365,2487238,6
max-noprune,12745632222221,11,182844,1645545,6
max-noprune,12745632232211,11,273706,2463301,6
max-noprune,12745633131131,11,205213,1846876,6
max-noprune,12745633313312,11,163667,1472956,6
max-noprune,12745633313333,11,211530,1903727,6
max-noprune,12745633323311,11,168478,1516255,6
max-noprune,12753462231323,11,367771,3309888,8
max-noprune,12763452322232,11,192928,1736305,7
max-noprune,12765432121313,11,263807,2374222,7
max-noprune,12765432222212,11,393448,3540987,7
max-noprune,12765433121213,11,332644,2993747,7
max-noprune,12765433331333,11,304428,2739811,7
max-noprune,13245671321111,11,163366,1470251,5
max-noprune,13246571111111,11,586449,5277993,7
max-noprune,13246571112233,11,182293,1640590,7
max-noprune,13246571113232,11,363216,3268902,7
max-noprune,13246572321332,11,252349,2271085,7
max-noprune,13246572331232,11,232106,2088901,7
max-noprune,13246573221233,11,227573,2048095,7
max-noprune,13246573321223,11,239035,2151263,7
max-noprune,13246752133211,11,320597,2885331,7
max-noprune,13247563212131,11,294587,2651243,7
max-noprune,13254761322233,11,197160,1774399,7
max-noprune,13254761323322,11,186792,1681074,7
max-noprune,13254762321233,11,308997,2780931,7
max-noprune,13254763323122,11,175522,1579652,6
max-noprune,13257641112233,11,188121,1693046,7
max-noprune,13265741112323,11,585612,5270461,7
max-noprune,13265742131312,11,357142,3214231,7
max-noprune,13267451122211,11,221862,1996712,6
max-noprune,13267451311133,11,184820,1663327,6
max-noprune,13267541111132,11,368402,3315564,7
max-noprune,13267541232212,11,382657,3443863,7
max-noprune,13274651112323,11,486902,4382075,7
max-noprune,13275461112233,11,195911,1763145,7
max-noprune,13275463213211,11,212279,1910462,7
max-noprune,13275641112233,11,314713,2832361,7
max-noprune,13275641112323,11,715643,6440734,7
max-noprune,13275642131333,11,317892,2860987,7
max-noprune,13275643212221,11,370768,3336862,7
max-noprune,13276451113211,11,375238,3377089,7
max-noprune,13276451233133,11,421392,3792472,7
max-noprune,13276541133122,11,185934,1673353,6
max-noprune,13276541213312,11,272683,2454099,6
max-noprune,13276541321123,11,165857,1492663,6
max-noprune,13276541322311,11,242246,2180161,6
max-noprune,13276541323112,11,166344,1497043,6
max-noprune,13276541323322,11,171272,1541401,6
max-noprune,13276542323312,11,214367,1929254,6
max-noprune,13276543323122,11,158343,1425044,6
max-noprune,13462571111111,11,253688,2283146,6
max-noprune,13462572213311,11,160888,1447951,6
max-noprune,13527461211113,11,167584,1508211,6
max-noprune,13542671231231,11,138225,1243973,6
max-noprune,13546271213213,11,189488,1705350,6
max-noprune,13546271231231,11,189167,1702449,6
max-noprune,13546271321321,11,163834,1474460,6
max-noprune,13572641122133,11,341534,3073762,7
max-noprune,13576241312213,11,449996,4049922,7
max-noprune,13576241321321,11,218102,1962869,6
max-noprune,13627451332112,11,191911,1727157,6
max-noprune,13642571221223,11,293771,2643891,6
max-noprune,13642571223221,11,284255,2558245,6
max-noprune,13642573221221,11,332526,2992686,6
max-noprune,13645271221331,11,135415,1218684,6
max-noprune,13647521111111,11,226449,2037986,6
max-noprune,13675241112323,11,335484,3019310,7
max-noprune,13675242331313,11,191211,1720848,7
max-noprune,13725642332132,11,133089,1197756,5
max-noprune,13754262123323,11,592439,5331904,7
max-noprune,13762451321321,11,146630,1319619,6
max-noprune,13764251211311,11,141074,1269609,6
max-noprune,13764252323231,11,150249,1352194,6
max-noprune,13765422121211,11,475573,4280106,8
max-noprune,14263751131121,11,155736,1401576,6
max-noprune,14267351321321,11,170579,1535162,6
max-noprune,14275633323122,11,134361,1209201,5
max-noprune,14325671111111,11,1056768,9510864,6
max-noprune,14325672112121,11,192297,1730628,6
max-noprune,14325672231323,11,189454,1705042,6
max-noprune,14325672323222,11,191346,1722062,6
max-noprune,14325673123232,11,180944,1628448,6
max-noprune,14325673232333,11,227556,2047950,6
max-noprune,14325673311131,11,215819,1942330,6
max-noprune,14327652131213,11,240346,2163071,6
max-noprune,14327653121213,11,276445,2487964,6
max-noprune,14352672212111,11,209158,1882373,6
max-noprune,14356721112323,11,228401,2055566,6
max-noprune,14356721322233,11,202927,1826297,6
max-noprune,14367252322232,11,193661,1742895,7
max-noprune,14367523311113,11,518577,4667147,7
max-noprune,14523672121313,11,247269,2225377,6
max-noprune,14523673121312,11,290778,2616967,6
max-noprune,14527631121311,11,223960,2015589,6
max-noprune,14527631131211,11,219932,1979338,6
max-noprune,14527631133311,11,178913,1610156,6
max-noprune,14527631211131,11,237414,2136680,6
max-noprune,14527631311121,11,234339,2109000,6
max-noprune,14527632122213,11,196980,1772771,6
max-noprune,14527632212111,11,202665,1823935,6
max-noprune,14527632333332,11,225947,2033475,6
max-noprune,14527633132322,11,188907,1700116,6
max-noprune,14527633312133,11,217208,1954824,6
max-noprune,14536273311311,11,300344,2703048,7
max-noprune,14537622231323,11,288629,2597610,8
max-noprune,14563272323222,11,237596,2138316,7
max-noprune,14567231312213,11,375483,3379301,7
max-noprune,14567231321123,11,235609,2120432,7
max-noprune,14573261333111,11,257117,2314004,7
max-noprune,14625731111111,11,372683,3354100,6
max-noprune,14625731131121,11,184594,1661300,6
max-noprune,14625731322233,11,156822,1411344,6
max-noprune,14625732112121,11,189728,1707508,6
max-noprune,14625732113321,11,228421,2055744,6
max-noprune,14625732213323,11,216084,1944705,6
max-noprune,14625732233111,11,217057,1953461,6
max-noprune,14625733133111,11,181457,1633063,6
max-noprune,14632571111111,11,451169,4060470,6
max-noprune,14632571321132,11,148038,1332295,6
max-noprune,14652733321331,11,267827,2410389,7
max-noprune,14673251111111,11,329744,2967648,6
max-noprune,14723651111213,11,203827,1834398,6
max-noprune,14723651111312,11,239317,2153811,6
max-noprune,14723651112131,11,185708,1671330,6
max-noprune,14723651113121,11,177810,1600239,6
max-noprune,14723651211212,11,148278,1334450,6
max-noprune,14723652322121,11,137068,1233561,6
max-noprune,14723652331232,11,183248,1649182,6
max-noprune,14723653232222,11,163600,1472353,6
max-noprune,14723653313111,11,206985,1862811,6
max-noprune,14723653321313,11,181516,1633601,6
max-noprune,14725361111111,11,293229,2639017,6
max-noprune,14725361111123,11,177113,1593973,6
max-noprune,14725361322332,11,186985,1682819,6
max-noprune,14725362211121,11,236826,2131392,6
max-noprune,14725363211213,11,169772,1527900,6
max-noprune,14725363213121,11,177674,1599012,6
max-noprune,14725363223213,11,163986,1475828,6
max-noprune,14725363311113,11,251952,2267512,6
max-noprune,14726531223122,11,166610,1499444,6
max-noprune,14726531232122,11,178296,1604615,6
max-noprune,14726531233313,11,179101,1611867,6
max-noprune,14726531333312,11,140488,1264350,6
max-noprune,14726532232313,11,199672,1797007,6
max-noprune,14726533323122,11,140673,1266004,6
max-noprune,14735621221112,11,179645,1616759,6
max-noprune,14735621223113,11,143287,1289534,6
max-noprune,14735621223332,11,250318,2252817,6
max-noprune,14735621233112,11,212372,1911295,6
max-noprune,14735621323112,11,200955,1808542,6
max-noprune,14735621332112,11,135757,1221758,6
max-noprune,14735621333111,11,187537,1687778,6
max-noprune,14735621333222,11,149180,1342573,6
max-noprune,14736251111132,11,182752,1644717,7
max-noprune,14736251112332,11,221037,1989283,7
max-noprune,14736253222223,11,226209,2035841,7
max-noprune,14736521132222,11,231096,2079805,7
max-noprune,14736521133131,11,225908,2033121,7
max-noprune,14736521211212,11,231055,2079442,7
max-noprune,14736521213333,11,221592,1994274,7
max-noprune,14736521221313,11,234149,2107300,7
max-noprune,14736521321231,11,379172,3412509,7
max-noprune,14736521322233,11,181227,1630996,7
max-noprune,14736521332121,11,273681,2463081,7
max-noprune,14736523112222,11,237845,2140553,7
max-noprune,14736523113131,11,206260,1856288,7
max-noprune,14752363222121,11,198952,1790517,7
max-noprune,14752363232222,11,261785,2356012,7
max-noprune,14752363233131,11,210112,1890945,7
max-noprune,14752631111111,11,358628,3227606,6
max-noprune,14752631112311,11,199554,1795936,6
max-noprune,14752631323223,11,176876,1591830,6
max-noprune,14752632332132,11,140735,1266567,6
max-noprune,14752633213223,11,173704,1563291,6
max-noprune,14752633222223,11,214880,1933872,6
max-noprune,14752633223123,11,177658,1598874,6
max-noprune,14752633223231,11,178542,1606833,6
max-noprune,14753261221112,11,178168,1603461,6
max-noprune,14753261323112,11,207505,1867503,6
max-noprune,14753261333111,11,200672,1805996,6
max-noprune,14762351221331,11,163291,1469574,6
max-noprune,14762351321231,11,223354,2010145,6
max-noprune,14762351331221,11,130012,1170049,6
max-noprune,14763251221223,11,354030,3186221,6
max-noprune,14763251222312,11,323640,2912712,6
max-noprune,14763251332331,11,337799,3040144,6
max-noprune,14763251333123,11,304087,2736737,6
max-noprune,14763252322121,11,282388,2541439,6
max-noprune,14763253132232,11,305757,2751763,6
max-noprune,14763253133132,11,283939,2555397,6
max-noprune,14763253133222,11,305950,2753506,6
max-noprune,14763253133231,11,293461,2641095,6
max-noprune,14763253221221,11,275361,2478194,6
max-noprune,14763253222112,11,327024,2943172,6
max-noprune,14763521113211,11,191015,1719081,7
max-noprune,14763521113223,11,213479,1921265,7
max-noprune,14763523222331,11,114453,1030027,6
max-noprune,14765231111213,11,218278,1964451,6
max-noprune,14765231111312,11,224378,2019352,6
max-noprune,14765231112131,11,193059,1737480,6
max-noprune,14765231113121,11,177237,1595080,6
max-noprune,14765231133131,11,164405,1479593,6
max-noprune,14765232211211,11,189194,1702699,6
max-noprune,14765232232322,11,177671,1598989,6
max-noprune,14765232331313,11,154119,1387018,6
max-noprune,14765233113131,11,153046,1377361,6
max-noprune,14765233323332,11,174947,1574486,6
max-noprune,15236471111111,11,259842,2338533,6
max-noprune,15236473231121,11,124358,1119176,6
max-noprune,15243671331221,11,149090,1341761,6
max-noprune,15246371331332,11,288297,2594626,6
max-noprune,15246371332331,11,297864,2680723,6
max-noprune,15246372331331,11,282128,2539102,6
max-noprune,15267431223113,11,186019,1674119,6
max-noprune,15273641112323,11,322793,2905083,7
max-noprune,15324673113311,11,393077,3537651,6
max-noprune,15342671211311,11,141994,1277892,5
max-noprune,15346271321321,11,136967,1232651,6
max-noprune,15367421211113,11,168871,1519795,6
max-noprune,15367421223113,11,147509,1327532,6
max-noprune,15367423211123,11,201359,1812181,6
max-noprune,15426371111111,11,257350,2316104,6
max-noprune,15426371112233,11,177490,1597366,6
max-noprune,15463271313113,11,241993,2177885,7
max-noprune,15624732123212,11,387357,3486170,7
max-noprune,15624732133313,11,288492,2596373,7
max-noprune,15624732333332,11,238583,2147196,7
max-noprune,15627431223113,11,137143,1234235,6
max-noprune,15627431322113,11,212172,1909497,6
max-noprune,15627431332112,11,140361,1263201,6
max-noprune,15634722123332,11,320821,2887340,7
max-noprune,15634722321233,11,268537,2416785,7
max-noprune,15637423211123,11,430221,3871943,8
max-noprune,15642371111111,11,1100309,9902738,7
max-noprune,15642372213311,11,194719,1752419,7
max-noprune,15642372231332,11,216409,1947627,7
max-noprune,15642372331322,11,206707,1860309,7
max-noprune,15642373212311,11,296534,2668762,7
max-noprune,15642373221323,11,265296,2387619,7
max-noprune,15642373231223,11,290978,2618758,7
max-noprune,15643271221331,11,140790,1267067,6
max-noprune,15643271331221,11,146899,1322048,6
max-noprune,15643273223111,11,160748,1446676,6
max-noprune,15647233213232,11,143147,1288274,6
max-noprune,15672341113232,11,224653,2021830,7
max-noprune,15672341323112,11,187245,1685160,7
max-noprune,15672342323312,11,248196,2233714,7
max-noprune,15672343213232,11,127695,1149196,6
max-noprune,15672433312133,11,308360,2775192,7
max-noprune,15724362212132,11,300266,2702348,7
max-noprune,15724631111111,11,360144,3241243,6
max-noprune,15724631211311,11,182399,1641550,6
max-noprune,15724631322233,11,183276,1649438,6
max-noprune,15724632123233,11,270025,2430181,6
max-noprune,15724632313223,11,153486,1381336,6
max-noprune,15724632323231,11,191162,1720408,6
max-noprune,15724632323333,11,215802,1942170,6
max-noprune,15724633132322,11,184429,1659807,6
max-noprune,15734622331223,11,240034,2160250,7
max-noprune,15746321111111,11,343598,3092331,6
max-noprune,15746321323211,11,128436,1155876,6
max-noprune,15746322313112,11,115088,1035747,6
max-noprune,15762342122213,11,600602,5405369,7
max-noprune,15763241111111,11,332595,2993307,6
max-noprune,15763242323132,11,151285,1361514,6
max-noprune,16243571132132,11,174460,1570091,6
max-noprune,16243571231231,11,138964,1250617,6
max-noprune,16243571321321,11,140238,1262097,6
max-noprune,16245371231231,11,160133,1441148,6
max-noprune,16254733312223,11,817919,7361219,7
max-noprune,16257431132111,11,157498,1417431,6
max-noprune,16257433223123,11,141845,1276566,6
max-noprune,16273541122133,11,485590,4370253,7
max-noprune,16273541321321,11,275618,2480509,6
max-noprune,16275341312213,11,347177,3124550,7
max-noprune,16275343122221,11,213628,1922603,7
max-noprune,16327453232333,11,222876,2005832,7
max-noprune,16342571331221,11,156621,1409544,6
max-noprune,16345271111111,11,592023,5328162,6
max-noprune,16345271133131,11,170263,1532314,6
max-noprune,16345271222111,11,180857,1627671,6
max-noprune,16345272322232,11,192897,1736031,6
max-noprune,16345272333212,11,183263,1649323,6
max-noprune,16345273122323,11,207829,1870413,6
max-noprune,16345273233323,11,214676,1932038,6
max-noprune,16347252131312,11,365655,3290844,6
max-noprune,16347253121312,11,301511,2713548,6
max-noprune,16357421223113,11,187412,1686669,6
max-noprune,16374521112323,11,217580,1958177,6
max-noprune,16374523211123,11,176914,1592172,6
max-noprune,16423572112121,11,258742,2328627,7
max-noprune,16427531211311,11,161995,1457905,7
max-noprune,16427531231321,11,198883,1789899,7
max-noprune,16427532333233,11,399277,3593443,7
max-noprune,16453271111111,11,303510,2731537,6
max-noprune,16453271211113,11,135142,1216223,6
max-noprune,16453272111131,11,132142,1189225,6
max-noprune,16475233132313,11,426718,3840412,8
max-noprune,16523473332323,11,214460,1930090,7
max-noprune,16523741112212,11,369988,3329837,7
max-noprune,16524731112212,11,265473,2389212,6
max-noprune,16524731112233,11,175945,1583464,6
max-noprune,16524731113133,11,240015,2160082,6
max-noprune,16527341111111,11,249591,2246268,6
max-noprune,16527431123333,11,501625,4514578,7
max-noprune,16527431222132,11,491493,4423387,7
max-noprune,16527431312222,11,528440,4755908,7
max-noprune,16527431333213,11,385878,3472847,7
max-noprune,16527432113333,11,484038,4356291,7
max-noprune,16527432211322,11,531919,4787216,7
max-noprune,16527432231122,11,496280,4466473,7
max-noprune,16527432231332,11,476579,4289154,7
max-noprune,16527432331322,11,502276,4520430,7
max-noprune,16527432333113,11,412266,3710339,7
max-noprune,16527433312133,11,456067,4104543,7
max-noprune,16532471111222,11,366246,3296159,7
max-noprune,16534271111111,11,255100,2295850,6
max-noprune,16534271111132,11,133567,1202047,6
max-noprune,16534273211111,11,174546,1570873,6
max-noprune,16534723211123,11,662305,5960700,8
max-noprune,16537421111222,11,211706,1905297,6
max-noprune,16537421113322,11,168051,1512406,6
max-noprune,16537421113331,11,233451,2101013,6
max-noprune,16537421223113,11,146390,1317459,6
max-noprune,16537421233112,11,235740,2121615,6
max-noprune,16537421332112,11,149921,1349231,6
max-noprune,16542371221331,11,123016,1107090,6
max-noprune,16542371331221,11,132985,1196817,6
max-noprune,16542372112331,11,220912,1988160,6
max-noprune,16543271221223,11,406387,3657425,6
max-noprune,16543271223221,11,295306,2657705,6
max-noprune,16543271331332,11,305009,2745035,6
max-noprune,16543271332331,11,340204,3061784,6
max-noprune,16543272331331,11,299605,2696387,6
max-noprune,16543273221221,11,325215,2926880,6
max-noprune,16543721111111,11,235975,2123728,6
max-noprune,16543721113211,11,138109,1242930,6
max-noprune,16547233332323,11,226660,2039892,7
max-noprune,16547321113331,11,378682,3408094,7
max-noprune,16572431111111,11,274306,2468709,6
max-noprune,16572433213223,11,152364,1371221,6
max-noprune,16573241123123,11,175535,1579761,6
max-noprune,16573241312312,11,165562,1490005,6
max-noprune,16574231113133,11,306577,2759147,7
max-noprune,16723451122133,11,316869,2851774,7
max-noprune,16723451322311,11,206767,1860859,7
max-noprune,16725431121311,11,215275,1937427,6
max-noprune,16725431131211,11,219140,1972212,6
max-noprune,16725431211122,11,193484,1741316,6
max-noprune,16725431211131,11,258858,2329674,6
max-noprune,16725431311121,11,213905,1925091,6
max-noprune,16725432211121,11,219581,1976183,6
max-noprune,16725432232223,11,193093,1737784,6
max-noprune,16725433113311,11,198578,1787153,6
max-noprune,16725433122212,11,166305,1496696,6
max-noprune,16725433333232,11,161093,1449784,6
max-noprune,16735242122213,11,486122,4375047,8
max-noprune,16742352232313,11,430611,3875450,8
max-noprune,16743252323222,11,244291,2198567,7
max-noprune,16745232121313,11,292118,2629018,7
max-noprune,16745232122222,11,278548,2506878,7
max-noprune,16745233121213,11,276421,2487735,7
max-noprune,16745233333313,11,404560,3640998,7
max-noprune,16753241221112,11,264079,2376666,7
max-noprune,17246351111111,11,263573,2372102,6
max-noprune,17265433111313,11,494369,4449264,8
max-noprune,17324561211323,11,172280,1550466,6
max-noprune,17324561232332,11,130775,1176927,6
max-noprune,17326452212111,11,422326,3800883,7
max-noprune,17356241212313,11,130062,1170500,6
max-noprune,17356242211331,11,221456,1993049,6
max-noprune,17362451211311,11,137505,1237498,6
max-noprune,17362451231321,11,143095,1287810,6
max-noprune,17362452213311,11,210758,1896778,6
max-noprune,17364251231231,11,179825,1618378,6
max-noprune,17423653213232,11,144374,1299314,6
max-noprune,17425631122112,11,197955,1781543,6
max-noprune,17425631223113,11,144063,1296518,6
max-noprune,17425631313113,11,202531,1822727,6
max-noprune,17425631322113,11,208109,1872931,6
max-noprune,17425631322332,11,262888,2365939,6
max-noprune,17425631323112,11,201388,1812445,6
max-noprune,17425631323223,11,180126,1621090,6
max-noprune,17425631332112,11,146046,1314362,6
max-noprune,17426531112233,11,193435,1740874,7
max-noprune,17426531121212,11,261537,2353782,7
max-noprune,17426531132312,11,227342,2046028,7
max-noprune,17426531213123,11,237480,2137269,7
max-noprune,17426531223221,11,166004,1493976,6
max-noprune,17426531232233,11,266030,2394225,7
max-noprune,17426531313131,11,250177,2251540,7
max-noprune,17426531331332,11,151822,1366354,6
max-noprune,17426532121211,11,239926,2159279,7
max-noprune,17426532331331,11,183147,1648264,6
max-noprune,17435622211133,11,320755,2886747,7
max-noprune,17435623211123,11,583515,5251590,7
max-noprune,17436521323232,11,172362,1551218,7
max-noprune,17452363213232,11,127764,1149825,6
max-noprune,17452363322132,11,184627,1661584,7
max-noprune,17452633213232,11,253268,2279374,6
max-noprune,17453262211133,11,222204,1999778,7
max-noprune,17462352213311,11,215586,1940220,7
max-noprune,17463251122112,11,206402,1857570,6
max-noprune,17463251221331,11,119972,1079696,6
max-noprune,17463251313113,11,187316,1685792,6
max-noprune,17463251321231,11,201179,1810558,6
max-noprune,17463251323112,11,211950,1907508,6
max-noprune,17463251331221,11,133846,1204566,6
max-noprune,17526431131121,11,182932,1646351,7
max-noprune,17526431231321,11,208063,1872516,7
max-noprune,17526432123233,11,305322,2747856,7
max-noprune,17543261111111,11,329871,2968789,6
max-noprune,17543261132111,11,145504,1309481,6
max-noprune,17642531111111,11,254645,2291750,6
max-noprune,17642531112233,11,234961,2114600,6
max-noprune,17642533312211,11,150211,1351855,6
max-noprune,17643251122112,11,246162,2215413,7
max-noprune,21345671111111,11,298839,2689497,5
max-noprune,21345762223322,11,393675,3543028,7
max-noprune,21345762312323,11,272606,2453405,7
max-noprune,21345762313223,11,247821,2230337,7
max-noprune,21345763332233,11,360708,3246326,7
max-noprune,21346752313322,11,368627,3317597,7
max-noprune,21347562312323,11,301990,2717857,7
max-noprune,21354671122112,11,221974,1997710,7
max-noprune,21354671131313,11,309735,2787573,7
max-noprune,21354671221112,11,223755,2013748,7
max-noprune,21354672311123,11,207973,1871719,7
max-noprune,21354672311132,11,308434,2775857,7
max-noprune,21354672313211,11,1068397,9615527,7
max-noprune,21354673131113,11,310722,2796446,7
max-noprune,21354761112233,11,189236,1703072,6
max-noprune,21354761112311,11,169280,1523470,6
max-noprune,21354761113211,11,202950,1826500,6
max-noprune,21354761113322,11,167692,1509177,6
max-noprune,21354761122211,11,348522,3136645,6
max-noprune,21354761133311,11,273284,2459504,6
max-noprune,21354762213311,11,148961,1340596,6
max-noprune,21354763312211,11,162909,1466137,6
max-noprune,21357462311111,11,303073,2727603,7
max-noprune,21357463213331,11,269627,2426590,7
max-noprune,21357642221132,11,405939,3653404,7
max-noprune,21364752311111,11,307947,2771476,7
max-noprune,21364753212212,11,246772,2220892,7
max-noprune,21365742221312,11,169392,1524477,7
max-noprune,21365742312323,11,182550,1642907,7
max-noprune,21367451311331,11,182381,1641377,6
max-noprune,21367452112112,11,177698,1599227,6
max-noprune,21374653333121,11,225601,2030358,7
max-noprune,21375462312233,11,308607,2777415,7
max-noprune,21375463333211,11,208787,1879034,7
max-noprune,21376541111123,11,218427,1965790,7
max-noprune,21376541112311,11,180033,1620249,7
max-noprune,21376541122211,11,387704,3489285,7
max-noprune,21376541131133,11,290871,2617786,7
max-noprune,21457631321123,11,275081,2475686,6
max-noprune,21473563331312,11,398344,3585054,8
max-noprune,21536742222131,11,329019,2961123,7
max-noprune,21654372231323,11,288854,2599649,7
max-noprune,21654372233321,11,197498,1777440,7
max-noprune,21654373332122,11,176141,1585215,6
max-noprune,21654373332221,11,202919,1826225,7
max-noprune,21734652123131,11,175231,1577026,6
max-noprune,23147562123131,11,475243,4277142,8
max-noprune,23147651112323,11,309406,2784610,7
max-noprune,23147652312323,11,188551,1696908,7
max-noprune,23156471222132,11,202109,1818925,7
max-noprune,23156471333132,11,188113,1692957,7
max-noprune,23156473323332,11,198587,1787233,7
max-noprune,23157461231333,11,327813,2950266,7
max-noprune,23157462131123,11,388212,3493860,7
max-noprune,23164573213133,11,313256,2819242,7
max-noprune,23164752131312,11,279461,2515105,7
max-noprune,23164753333313,11,273476,2461230,7
max-noprune,23165471111111,11,294930,2654316,6
max-noprune,23165471311133,11,207531,1867726,6
max-noprune,23165471312132,11,180565,1625033,6
max-noprune,23165472111122,11,209881,1888884,6
max-noprune,23165472111332,11,160404,1443582,6
max-noprune,23165472132332,11,170353,1533123,6
max-noprune,23165472311111,11,171699,1545244,6
max-noprune,23165473233221,11,219868,1978765,6
max-noprune,23165741112323,11,952372,8571302,9
max-noprune,23165741231312,11,388151,3493312,8
max-noprune,23165742123131,11,835121,7516047,9
max-noprune,23165742131321,11,440071,3960592,8
max-noprune,23165742131333,11,546136,4915182,8
max-noprune,23165742312323,11,303146,2728253,7
max-noprune,23165743331312,11,523954,4715541,8
max-noprune,23167541233322,11,214740,1932617,7
max-noprune,23167542131222,11,193596,1742318,7
max-noprune,23174652123131,11,651814,5866273,8
max-noprune,23175463211222,11,353797,3184129,7
max-noprune,23176452132221,11,211658,1904869,7
max-noprune,23176453332233,11,296729,2670511,7
max-noprune,23416752121211,11,507695,4569210,8
max-noprune,23417563232123,11,153411,1380654,6
max-noprune,23456173212332,11,118108,1062929,6
max-noprune,23456173233122,11,213132,1918138,7
max-noprune,23456713212332,11,126730,1140512,6
max-noprune,23475162121112,11,629921,5669235,8
max-noprune,23517462131333,11,454871,4093793,8
max-noprune,23576412233321,11,160595,1445309,6
max-noprune,23576412312323,11,155620,1400528,6
max-noprune,23657142121112,11,599383,5394397,8
max-noprune,23671452122333,11,589100,5301853,7
max-noprune,23674153232321,11,146603,1319375,6
max-noprune,23751461132123,11,120200,1081748,6
max-noprune,23751463112321,11,126392,1137474,6
max-noprune,23756143222331,11,152205,1369805,6
max-noprune,23756411222312,11,268074,2412612,6
max-noprune,23756413222112,11,274288,2468541,6
max-noprune,23756413223312,11,253677,2283039,6
max-noprune,23756413322312,11,273287,2459535,6
max-noprune,24153672321233,11,420775,3786923,8
max-noprune,24157361313212,11,157867,1420752,6
max-noprune,24157362323111,11,149481,1345283,6
max-noprune,24167353132232,11,273522,2461656,6
max-noprune,24173652323231,11,151936,1367373,6
max-noprune,24315673311311,11,409917,3689217,6
max-noprune,24315761122322,11,223792,2014085,7
max-noprune,24315762213323,11,315127,2836093,7
max-noprune,24351671212211,11,272230,2450030,6
max-noprune,24351673111133,11,280775,2526937,6
max-noprune,24351673311311,11,336548,3028887,6
max-noprune,24351761111123,11,381290,3431563,7
max-noprune,24351761212232,11,244384,2199414,7
max-noprune,24367511323112,11,190864,1717730,6
max-noprune,24367513111121,11,143245,1289151,6
max-noprune,24376512222122,11,448338,4034993,7
max-noprune,24516732233111,11,317949,2861490,7
max-noprune,24531673123121,11,211359,1902188,6
max-noprune,24536713231232,11,245806,2212209,7
max-noprune,24537613231322,11,342020,3078132,7
max-noprune,24561372111131,11,167388,1506439,6
max-noprune,24563711121212,11,436502,3928473,8
max-noprune,24563712121232,11,615619,5540520,8
max-noprune,24563713121222,11,561712,5055363,8
max-noprune,24571362221213,11,475588,4280237,8
max-noprune,24571631121212,11,407873,3670803,8
max-noprune,24615371112332,11,238880,2149872,7
max-noprune,24615372213311,11,515563,4640018,7
max-noprune,24615731122313,11,402759,3624793,7
max-noprune,24615731132333,11,684706,6162313,7
max-noprune,24615732111323,11,451694,4065211,7
max-noprune,24615732213311,11,266303,2396672,7
max-noprune,24615732233321,11,312894,2815997,7
max-noprune,24615733113323,11,702583,6323206,7
max-noprune,24615733311122,11,271756,2445756,7
max-noprune,24617532233321,11,267840,2410504,7
max-noprune,24637512311132,11,429915,3869178,8
max-noprune,24651731113223,11,248588,2237252,7
max-noprune,24651731333333,11,198753,1788732,7
max-noprune,24715363311332,11,341061,3069504,7
max-noprune,24715631111111,11,393965,3545644,6
max-noprune,24715631122121,11,242978,2186751,6
max-noprune,24715631122133,11,221451,1993005,6
max-noprune,24715632313223,11,142258,1280268,6
max-noprune,24715633112111,11,155880,1402867,6
max-noprune,24715633131131,11,237929,2141308,6
max-noprune,24716532323231,11,312057,2808460,7
max-noprune,24731561111111,11,478943,4310442,6
max-noprune,24731562311231,11,151658,1364876,6
max-noprune,24736512222332,11,341629,3074613,7
max-noprune,24751362221231,11,584213,5257866,7
max-noprune,24751362321113,11,665369,5988270,7
max-noprune,24761531221223,11,261833,2356446,6
max-noprune,24763151111111,11,299382,2694387,6
max-noprune,24765313222112,11,221458,1993072,6
max-noprune,25134672233321,11,149839,1348500,6
max-noprune,25134672312323,11,149132,1342137,6
max-noprune,25134672313211,11,287148,2584289,6
max-noprune,25137461111111,11,271327,2441895,6
max-noprune,25137461211323,11,120681,1086069,6
max-noprune,25163741112323,11,362062,3258504,7
max-noprune,25314673111313,11,1236257,11126260,8
max-noprune,25314673111331,11,908037,8172283,8
max-noprune,25314673131311,11,1219036,10971274,8
max-noprune,25341673113311,11,408263,3674322,6
max-noprune,25341762313223,11,410122,3691048,7
max-noprune,25364172311231,11,301590,2714264,6
max-noprune,25364173223231,11,128376,1155332,6
max-noprune,25367411211122,11,347230,3125013,7
max-noprune,25413672323111,11,291826,2626391,6
max-noprune,25413763121222,11,436227,3925988,8
max-noprune,25436711311313,11,168758,1518777,5
max-noprune,25436712123122,11,156136,1405179,5
max-noprune,25436712123332,11,185273,1667406,5
max-noprune,25436712132122,11,154377,1389350,5
max-noprune,25436712323231,11,158393,1425484,5
max-noprune,25436713232321,11,151762,1365806,5
max-noprune,25436713332122,11,157914,1421182,5
max-noprune,25463713212332,11,224249,2018193,6
max-noprune,25471362323132,11,159985,1439815,6
max-noprune,25471631312213,11,619214,5572879,8
max-noprune,25631741212121,11,629388,5664444,8
max-noprune,25634713321232,11,344299,3098639,8
max-noprune,25641371213132,11,304825,2743380,7
max-noprune,25714632123131,11,308874,2779814,7
max-noprune,25714632223331,11,202611,1823452,7
max-noprune,25714632313211,11,897294,8075604,7
max-noprune,25714633121333,11,274241,2468119,7
max-noprune,25716431212223,11,293723,2643460,7
max-noprune,25716433223213,11,209208,1882819,7
max-noprune,25731642232211,11,697116,6273992,7
max-noprune,25734162221111,11,323576,2912127,7
max-noprune,25734613113323,11,376871,3391797,7
max-noprune,25736141111123,11,218367,1965257,6
max-noprune,25736141233232,11,175607,1580420,6
max-noprune,25736411133113,11,231202,2080769,7
max-noprune,25736411231321,11,295435,2658870,7
max-noprune,25736411321312,11,193556,1741950,7
max-noprune,25736411331113,11,236382,2127386,7
max-noprune,25736413123112,11,198920,1790235,7
max-noprune,25741361232113,11,481877,4336844,8
max-noprune,25741632222323,11,255987,2303840,7
max-noprune,25741632312323,11,180671,1625997,7
max-noprune,25743611233232,11,168399,1515542,6
max-noprune,25763142223133,11,242243,2180137,7
max-noprune,25763411332322,11,182207,1639816,7
max-noprune,26135742132221,11,249836,2248484,7
max-noprune,26135742213323,11,290722,2616442,7
max-noprune,26135742332312,11,224162,2017406,7
max-noprune,26153471122121,11,232166,2089446,6
max-noprune,26153473131131,11,195632,1760636,6
max-noprune,26153473132121,11,179915,1619180,6
max-noprune,26154372332213,11,729364,6564225,7
max-noprune,26175432331133,11,294808,2653224,7
max-noprune,26317451212211,11,466106,4194912,7
max-noprune,26345711223113,11,108158,973368,5
max-noprune,26371453112111,11,164297,1478627,6
max-noprune,26415731322323,11,190303,1712682,7
max-noprune,26415732121223,11,173203,1558785,7
max-noprune,26415732233321,11,190622,1715549,7
max-noprune,26435712222122,11,503153,4528327,8
max-noprune,26435712233321,11,294828,2653403,7
max-noprune,26435712311132,11,819911,7379145,9
max-noprune,26435712322322,11,439671,3956992,8
max-noprune,26435713311122,11,288050,2592396,7
max-noprune,26435713333133,11,356980,3212765,8
max-noprune,26437512122312,11,200188,1801649,7
max-noprune,26453172211133,11,227588,2048242,7
max-noprune,26453711333333,11,214227,1927990,7
max-noprune,26513471122121,11,264026,2376183,7
max-noprune,26517343333313,11,486365,4377233,8
max-noprune,26534713333313,11,362826,3265382,7
max-noprune,26543171111111,11,270877,2437840,6
max-noprune,26543171123111,11,142226,1279974,6
max-noprune,26547313131323,11,538841,4849527,8
max-noprune,26573413331312,11,381958,3437563,8
max-noprune,26714531212133,11,400961,3608598,8
max-noprune,26714532121133,11,415468,3739165,8
max-noprune,26715433231322,11,226594,2039303,6
max-noprune,26741351232113,11,193113,1737961,6
max-noprune,26743512121232,11,487337,4385988,8
max-noprune,27134561131133,11,300060,2700488,7
max-noprune,27154632311132,11,189586,1706221,6
max-noprune,27314652313211,11,274108,2466929,6
max-noprune,27365412321212,11,462143,4159239,8
max-noprune,27415363131113,11,625780,5631967,8
max-noprune,27415632323231,11,327275,2945428,7
max-noprune,27415633321322,11,471783,4245998,7
max-noprune,27416532133232,11,176921,1592240,6
max-noprune,27416533321232,11,222335,2000965,6
max-noprune,27435612122222,11,271303,2441683,7
max-noprune,27453161123111,11,140463,1264118,6
max-noprune,27453161132111,11,165081,1485694,6
max-noprune,27456133132223,11,270137,2431187,7
max-noprune,27516341111111,11,254484,2290293,6
max-noprune,27534161111111,11,247904,2231080,6
max-noprune,27534161111123,11,237089,2133751,6
max-noprune,27534162311111,11,156689,1410156,6
max-noprune,27534612311132,11,664749,5982691,8
max-noprune,27536412332312,11,206037,1854286,7
max-noprune,27543611111123,11,188686,1698131,6
max-noprune,27543611111132,11,139023,1251152,6
max-noprune,27546312231122,11,521649,4694789,7
max-noprune,27613543333133,11,375448,3378973,8
max-noprune,27614353311332,11,305109,2745935,7
max-noprune,27615431312333,11,247999,2231944,7
max-noprune,27615432113321,11,357995,3221900,7
max-noprune,27615433313213,11,191436,1722863,7
max-noprune,27634511131133,11,200888,1807940,6
max-noprune,27634512233321,11,170964,1538628,6
max-noprune,27643513311233,11,406089,3654758,7
max-noprune,31246753312211,11,250868,2257761,7
max-noprune,31247651113232,11,200074,1800624,7
max-noprune,31247651323232,11,190975,1718730,7
max-noprune,31256471231222,11,265537,2389785,7
max-noprune,31257462222221,11,226982,2042795,7
max-noprune,31257462312311,11,220507,1984520,7
max-noprune,31257643311122,11,251917,2267204,7
max-noprune,31264572122213,11,260871,2347788,7
max-noprune,31264573132313,11,315630,2840623,7
max-noprune,31264573222223,11,256603,2309378,7
max-noprune,31264752132122,11,219690,1977158,7
max-noprune,31264752313121,11,318501,2866463,7
max-noprune,31265471111111,11,345975,3113733,6
max-noprune,31265471122112,11,179217,1612906,6
max-noprune,31265471122133,11,209722,1887447,6
max-noprune,31265471312213,11,188629,1697614,6
max-noprune,31265471313113,11,170855,1537645,6
max-noprune,31265471321111,11,141989,1277851,6
max-noprune,31265472233321,11,220966,1988649,6
max-noprune,31265472312233,11,197283,1775497,6
max-noprune,31265741233331,11,284275,2558419,7
max-noprune,31267542222233,11,448745,4038652,8
max-noprune,31267542313133,11,471422,4242744,8
max-noprune,31275461112233,11,408792,3679079,7
max-noprune,31275461322233,11,401145,3610262,7
max-noprune,31275462133211,11,409908,3689120,7
max-noprune,31275462223211,11,418111,3762953,7
max-noprune,31275462311213,11,442819,3985337,7
max-noprune,31275462312212,11,456870,4111781,7
max-noprune,31275463311122,11,363561,3271998,7
max-noprune,31276452133322,11,202659,1823881,7
max-noprune,31276452313313,11,212634,1913660,7
max-noprune,31452671323211,11,120944,1088451,6
max-noprune,31452671332232,11,130238,1172094,6
max-noprune,31452672322331,11,139695,1257209,6
max-noprune,31456722111221,11,249745,2247656,7
max-noprune,31462751111111,11,286730,2580524,6
max-noprune,31462751113322,11,181913,1637174,6
max-noprune,31475261322233,11,182129,1639116,7
max-noprune,31475262331313,11,219624,1976570,7
max-noprune,31475262333221,11,208625,1877582,7
max-noprune,31524673332122,11,323891,2914979,6
max-noprune,31527643332122,11,173686,1563118,6
max-noprune,31564272212111,11,452864,4075729,6
max-noprune,31564272213311,11,165584,1490206,6
max-noprune,31564273113311,11,254827,2293390,6
max-noprune,31572461122133,11,310333,2792939,7
max-noprune,31624751112233,11,156742,1410631,6
max-noprune,31624753312211,11,150346,1353058,6
max-noprune,31627452221333,11,343321,3089841,7
max-noprune,31654272313322,11,594619,5351516,7
max-noprune,31754621331122,11,240896,2168018,6
max-noprune,31765242322121,11,240733,2166550,6
max-noprune,32145671111111,11,495658,4460880,6
max-noprune,32145671123333,11,220071,1980589,6
max-noprune,32145671132222,11,173330,1559926,6
max-noprune,32145671221112,11,194710,1752339,6
max-noprune,32145671333333,11,187492,1687383,6
max-noprune,32145672113333,11,208063,1872522,6
max-noprune,32145672212222,11,206263,1856320,6
max-noprune,32145673112222,11,155374,1398315,6
max-noprune,32145673311113,11,195986,1763821,6
max-noprune,32146751232323,11,211872,1906800,7
max-noprune,32146752232223,11,250284,2252504,7
max-noprune,32147562313223,11,164964,1484623,7
max-noprune,32147562333233,11,454751,4092708,7
max-noprune,32147651123333,11,458701,4128258,7
max-noprune,32147651132222,11,408958,3680568,7
max-noprune,32147651213333,11,452816,4075292,7
max-noprune,32147651312222,11,458456,4126060,7
max-noprune,32147652113333,11,443516,3991599,7
max-noprune,32147652231332,11,382429,3441810,7
max-noprune,32147652233213,11,542246,4880168,7
max-noprune,32147652331322,11,402948,3626476,7
max-noprune,32147652332213,11,514027,4626203,7
max-noprune,32147653112222,11,411304,3701691,7
max-noprune,32156471111111,11,334145,3007266,6
max-noprune,32156471113211,11,167145,1504252,6
max-noprune,32156471232332,11,153013,1377063,6
max-noprune,32156472312332,11,163162,1468412,6
max-noprune,32156472332132,11,148760,1338790,6
max-noprune,32156472332321,11,193743,1743644,6
max-noprune,32156472333332,11,208134,1873158,6
max-noprune,32156473223123,11,138356,1245148,6
max-noprune,32156741112323,11,504772,4542893,7
max-noprune,32156742311123,11,181291,1631570,7
max-noprune,32156742313223,11,206501,1858466,7
max-noprune,32156742333131,11,199037,1791274,7
max-noprune,32157641232323,11,180446,1623967,7
max-noprune,32157642231323,11,221907,1997114,7
max-noprune,32164571111111,11,352186,3169628,6
max-noprune,32164571111231,11,156687,1410133,6
max-noprune,32164571232323,11,153982,1385782,6
max-noprune,32164572232223,11,204562,1841016,6
max-noprune,32164572232313,11,200183,1801601,6
max-noprune,32164572233321,11,159092,1431781,6
max-noprune,32164572312323,11,149732,1347532,6
max-noprune,32164573323212,11,181137,1630180,6
max-noprune,32165741111111,11,429642,3866739,6
max-noprune,32165741111132,11,178360,1605201,6
max-noprune,32165741233223,11,158718,1428414,6
max-noprune,32165742211112,11,275438,2478897,6
max-noprune,32165742331112,11,186380,1677360,6
max-noprune,32165743311131,11,207220,1864921,6
max-noprune,32167451111111,11,348831,3139430,6
max-noprune,32167451213333,11,188419,1695731,6
max-noprune,32167451222222,11,190226,1711988,6
max-noprune,32167451312222,11,212719,1914418,6
max-noprune,32167451333111,11,185664,1670923,6
max-noprune,32167452211121,11,212668,1913965,6
max-noprune,32167453222313,11,156557,1408955,6
max-noprune,32167453313333,11,212101,1908866,6
max-noprune,32167453321232,11,203639,1832698,6
max-noprune,32174561112323,11,339187,3052632,7
max-noprune,32174561232113,11,354159,3187381,7
max-noprune,32174561232233,11,225394,2028501,7
max-noprune,32174562231212,11,250404,2253579,7
max-noprune,32174652312332,11,174527,1570700,7
max-noprune,32174652332132,11,156280,1406472,6
max-noprune,32175461111111,11,374500,3370452,6
max-noprune,32175461113112,11,152912,1376155,6
max-noprune,32175461221112,11,182472,1642198,6
max-noprune,32175461333111,11,190250,1712194,6
max-noprune,32175462233111,11,220128,1981099,6
max-noprune,32175462312323,11,221128,1990093,6
max-noprune,32416753121222,11,678625,6107585,8
max-noprune,32417562113321,11,637598,5738339,8
max-noprune,32417652132131,11,150818,1357320,6
max-noprune,32417653132121,11,163134,1468149,6
max-noprune,32451762331121,11,141315,1271783,6
max-noprune,32456173212332,11,222784,2005011,6
max-noprune,32456711233133,11,516090,4644756,7
max-noprune,32465172112121,11,213832,1924431,6
max-noprune,32465172132131,11,139137,1252177,6
max-noprune,32465172133121,11,160545,1444859,6
max-noprune,32465172332321,11,201575,1814132,6
max-noprune,32465173123121,11,148826,1339383,6
max-noprune,32465173132121,11,178192,1603674,6
max-noprune,32465173133111,11,208164,1873425,6
max-noprune,32465173233221,11,221533,1993749,6
max-noprune,32475161232323,11,329360,2964181,7
max-noprune,32475163331222,11,379445,3414949,7
max-noprune,32476513232231,11,166393,1497488,6
max-noprune,32517463131311,11,471661,4244907,8
max-noprune,32546713323212,11,235518,2119616,7
max-noprune,32547611121113,11,268723,2418466,7
max-noprune,32547611131112,11,251911,2267137,7
max-noprune,32547611213111,11,255298,2297630,7
max-noprune,32547611312111,11,275086,2475725,7
max-noprune,32547612111311,11,252725,2274472,7
max-noprune,32547613111211,11,254123,2287054,7
max-noprune,32561471113133,11,203089,1827747,6
max-noprune,32561471121311,11,215588,1940242,6
max-noprune,32561471122211,11,192967,1736652,6
max-noprune,32561471131211,11,213316,1919796,6
max-noprune,32561471211131,11,260319,2342822,6
max-noprune,32561471311121,11,225083,2025689,6
max-noprune,32561472133313,11,184993,1664887,6
max-noprune,32561472213122,11,208672,1877994,6
max-noprune,32561473222223,11,175451,1579011,6
max-noprune,32561473323212,11,181103,1629878,6
max-noprune,32567412122222,11,288574,2597106,7
max-noprune,32567412131312,11,377627,3398597,7
max-noprune,32567412222212,11,397186,3574614,7
max-noprune,32567413131212,11,254529,2290711,7
max-noprune,32567413133333,11,291930,2627324,7
max-noprune,32576142313223,11,181487,1633339,6
max-noprune,32615473332122,11,141452,1273026,5
max-noprune,32647152133121,11,190060,1710491,6
max-noprune,32647153132121,11,126732,1140542,6
max-noprune,32647512333233,11,378143,3403236,7
max-noprune,32657143121213,11,533862,4804707,9
max-noprune,32657412111212,11,398197,3583713,8
max-noprune,32671453123313,11,433820,3904339,8
max-noprune,32674152113333,11,330325,2972882,7
max-noprune,32714652332132,11,171955,1547543,6
max-noprune,32716452123212,11,411894,3707004,8
max-noprune,32741651121311,11,290619,2615518,7
max-noprune,32741651131211,11,249285,2243512,7
max-noprune,32741651211131,11,214947,1934474,7
max-noprune,32741651311121,11,222847,2005577,7
max-noprune,32741652111113,11,257602,2318367,7
max-noprune,32741653111112,11,261381,2352384,7
max-noprune,32745611223332,11,190000,1709952,7
max-noprune,32745612313322,11,290476,2614239,7
max-noprune,32745612322331,11,184925,1664276,7
max-noprune,32751643321232,11,274209,2467835,7
max-noprune,32754163211123,11,197285,1775512,6
max-noprune,32756141233121,11,342727,3084496,8
max-noprune,32761452121313,11,289642,2606734,7
max-noprune,32761452122222,11,305356,2748154,7
max-noprune,32761452222212,11,249215,2242895,7
max-noprune,32761453121312,11,323595,2912307,7
max-noprune,32761453133333,11,291356,2622153,7
max-noprune,32765411112221,11,217703,1959276,6
max-noprune,32765411121113,11,188259,1694278,6
max-noprune,32765411131112,11,178790,1609066,6
max-noprune,32765411133113,11,170283,1532485,6
max-noprune,32765411331113,11,172943,1556431,6
max-noprune,32765412221312,11,161280,1451474,6
max-noprune,32765412323222,11,202880,1825878,6
max-noprune,32765413122212,11,154177,1387544,6
max-noprune,32765413223312,11,151316,1361794,6
max-noprune,32765413231223,11,211265,1901338,6
max-noprune,32765413322312,11,148774,1338907,6
max-noprune,34125672131213,11,246829,2221415,7
max-noprune,34125672131312,11,283694,2553205,7
max-noprune,34125672221222,11,297364,2676232,7
max-noprune,34125673133333,11,290249,2612194,7
max-noprune,34127651121113,11,252492,2272378,7
max-noprune,34127651131112,11,253554,2281930,7
max-noprune,34127651213111,11,260036,2340274,7
max-noprune,34127651312111,11,278432,2505841,7
max-noprune,34127652111311,11,256621,2309546,7
max-noprune,34127653111211,11,258762,2328803,7
max-noprune,34162752132212,11,757057,6813466,7
max-noprune,34165271112212,11,229941,2069421,6
max-noprune,34165271121311,11,235782,2121998,6
max-noprune,34165271131211,11,218678,1968056,6
max-noprune,34165271211131,11,260701,2346265,6
max-noprune,34165271311121,11,216130,1945117,6
max-noprune,34165271311133,11,210184,1891603,6
max-noprune,34165272323333,11,196376,1767331,6
max-noprune,34165273133312,11,212154,1909337,6
max-noprune,34165273222322,11,154761,1392796,6
max-noprune,34165273311131,11,192954,1736536,6
max-noprune,34167252213323,11,323760,2913786,7
max-noprune,34172562132332,11,221922,1997252,7
max-noprune,34172562313331,11,320746,2886662,7
max-noprune,34175263321232,11,226199,2035742,6
max-noprune,34216572213122,11,340016,3060101,7
max-noprune,34261572132131,11,136680,1230066,6
max-noprune,34261572133121,11,160145,1441257,6
max-noprune,34261573123121,11,142503,1282481,6
max-noprune,34265712212132,11,318170,2863474,7
max-noprune,34275161312213,11,286951,2582502,7
max-noprune,34275162112322,11,203428,1830802,7
max-noprune,34275162213221,11,213613,1922465,7
max-noprune,34516271111111,11,252306,2270714,6
max-noprune,34516272312332,11,195396,1758512,6
max-noprune,34516722313223,11,241192,2170680,7
max-noprune,34517622231323,11,237199,2134745,7
max-noprune,34521672223232,11,217932,1961340,7
max-noprune,34526713232312,11,189080,1701664,7
max-noprune,34527612211322,11,453757,4083758,7
max-noprune,34527612231122,11,461048,4149386,7
max-noprune,34527612231332,11,468024,4212175,7
max-noprune,34527612331322,11,429869,3868772,7
max-noprune,34527613312133,11,444687,4002138,7
max-noprune,34561272122123,11,393843,3544542,7
max-noprune,34561272122321,11,396985,3572812,7
max-noprune,34561272212213,11,650890,5857964,7
max-noprune,34561272213122,11,492315,4430787,7
max-noprune,34561272232211,11,608371,5475296,7
max-noprune,34561273221233,11,513083,4617696,7
max-noprune,34561273233131,11,392783,3534995,7
max-noprune,34561273311233,11,520348,4683088,7
max-noprune,34561273313321,11,567407,5106612,7
max-noprune,34561273321133,11,536200,4825744,7
max-noprune,34561273321223,11,528469,4756167,7
max-noprune,34561721111111,11,255167,2296457,6
max-noprune,34562171321111,11,159868,1438761,7
max-noprune,34562171321231,11,181448,1632978,7
max-noprune,34562172232313,11,233364,2100227,7
max-noprune,34567212223232,11,252917,2276206,7
max-noprune,34617252111212,11,588646,5297756,8
max-noprune,34617252123212,11,484354,4359135,8
max-noprune,34617252132212,11,543996,4895913,8
max-noprune,34617522221333,11,329751,2967703,7
max-noprune,34621572132131,11,190864,1717730,6
max-noprune,34625172111212,11,432554,3892932,8
max-noprune,34627512232313,11,247570,2228078,7
max-noprune,34651271123111,11,156704,1410291,6
max-noprune,34651272332132,11,141987,1277835,6
max-noprune,34675212222122,11,405797,3652132,8
max-noprune,34715262221123,11,361801,3256161,7
max-noprune,34716522223211,11,352653,3173835,7
max-noprune,34721652121313,11,312178,2809558,7
max-noprune,34721652131213,11,312873,2815808,7
max-noprune,34721652221222,11,317317,2855806,7
max-noprune,34721652222212,11,326168,2935466,7
max-noprune,34721653333313,11,351851,3166608,7
max-noprune,34725611212211,11,210680,1896073,6
max-noprune,34725612111113,11,223783,2014000,6
max-noprune,34725612121322,11,195605,1760400,6
max-noprune,34725612231212,11,196808,1771223,6
max-noprune,34725612231332,11,157352,1416129,6
max-noprune,34725612322232,11,201067,1809545,6
max-noprune,34725612331322,11,160129,1441114,6
max-noprune,34725613111112,11,238449,2145996,6
max-noprune,34725613111133,11,206797,1861126,6
max-noprune,34725613132223,11,186803,1681174,6
max-noprune,34725613311113,11,207197,1864727,6
max-noprune,34761252323222,11,245963,2213612,7
max-noprune,35126741232212,11,284604,2561390,7
max-noprune,35126742231233,11,295447,2658980,7
max-noprune,35127462331331,11,228798,2059135,6
max-noprune,35162472122231,11,182216,1639896,6
max-noprune,35162472123233,11,249448,2244987,6
max-noprune,35162473122221,11,158892,1429986,6
max-noprune,35162473323131,11,172248,1550180,6
max-noprune,35162473332122,11,186658,1679866,6
max-noprune,35162473332131,11,160877,1447845,6
max-noprune,35162742213323,11,397635,3578664,7
max-noprune,35167242132212,11,351843,3166539,7
max-noprune,35172461232323,11,290661,2615905,7
max-noprune,35174262213131,11,447529,4027713,8
max-noprune,35174262231113,11,399818,3598309,8
max-noprune,35246171111111,11,256140,2305202,6
max-noprune,35246171113322,11,156369,1407273,6
max-noprune,35246172213311,11,181417,1632709,6
max-noprune,35267141223233,11,135221,1216943,6
max-noprune,35267141321132,11,322646,2903765,6
max-noprune,35271461322233,11,181785,1636019,7
max-noprune,35416721113112,11,144202,1297770,6
max-noprune,35416723232213,11,217420,1956743,6
max-noprune,35417622223133,11,304139,2737193,7
max-noprune,35426712131132,11,228779,2058959,7
max-noprune,35426712311312,11,201417,1812699,7
max-noprune,35426713111313,11,284647,2561766,7
max-noprune,35426713131113,11,255863,2302715,7
max-noprune,35426713312211,11,197827,1780394,7
max-noprune,35461271111231,11,179201,1612761,7
max-noprune,35461271321231,11,182996,1646913,7
max-noprune,35461272222323,11,192496,1732406,7
max-noprune,35462171131313,11,249843,2248543,7
max-noprune,35462171212121,11,260194,2341692,7
max-noprune,35462171221223,11,172737,1554585,6
max-noprune,35462171332331,11,196469,1768169,6
max-noprune,35462172213311,11,194149,1747295,7
max-noprune,35462172223331,11,204334,1838960,7
max-noprune,35462172312131,11,195383,1758393,7
max-noprune,35462173123211,11,205120,1846026,7
max-noprune,35462173131311,11,264892,2383977,7
max-noprune,35462173221221,11,180856,1627654,6
max-noprune,35462712322322,11,356908,3212121,8
max-noprune,35472163222313,11,172599,1553344,6
max-noprune,35472163231322,11,195912,1763160,6
max-noprune,35476122221111,11,263256,2369249,7
max-noprune,35614722321233,11,284011,2556052,8
max-noprune,35617423131332,11,197616,1778501,7
max-noprune,35624712121232,11,553315,4979783,8
max-noprune,35624712321212,11,597559,5377989,8
max-noprune,35624712321332,11,552023,4968147,8
max-noprune,35624712331232,11,574608,5171422,8
max-noprune,35714623111322,11,367070,3303584,8
max-noprune,35721642221213,11,730289,6572553,8
max-noprune,35762142222113,11,288417,2595713,7
max-noprune,36125471111333,11,206211,1855858,6
max-noprune,36125471212112,11,299534,2695751,6
max-noprune,36125471213111,11,178379,1605357,6
max-noprune,36125471222111,11,299759,2697779,6
max-noprune,36125471312111,11,189481,1705287,6
max-noprune,36125472111311,11,196924,1772262,6
max-noprune,36125472121223,11,148819,1339319,6
max-noprune,36125473111211,11,211517,1903611,6
max-noprune,36125473232222,11,218125,1963072,6
max-noprune,36125473323233,11,198116,1782993,6
max-noprune,36125743222331,11,260863,2347722,6
max-noprune,36127451333222,11,204140,1837210,7
max-noprune,36145272122222,11,332742,2994626,7
max-noprune,36145272131213,11,372886,3355917,7
max-noprune,36145272131312,11,295608,2660421,7
max-noprune,36145273333313,11,332903,2996080,7
max-noprune,36147251121311,11,260264,2342332,7
max-noprune,36147251131211,11,263106,2367902,7
max-noprune,36147251211131,11,243990,2195868,7
max-noprune,36147251311121,11,213290,1919566,7
max-noprune,36147252111113,11,285866,2572741,7
max-noprune,36147253111112,11,259231,2333023,7
max-noprune,36152741231312,11,359326,3233896,8
max-noprune,36152742131321,11,341193,3070686,8
max-noprune,36172452133133,11,295762,2661805,7
max-noprune,36217452131333,11,404225,3637972,8
max-noprune,36217541223311,11,134530,1210716,6
max-noprune,36217543213112,11,147587,1328234,6
max-noprune,36241573212332,11,140906,1268106,6
max-noprune,36241753212311,11,167501,1507453,6
max-noprune,36415272123212,11,413904,3725082,8
max-noprune,36417522123311,11,312994,2816898,8
max-noprune,36514272212111,11,420499,3784442,7
max-noprune,36521472113321,11,311337,2801988,7
max-noprune,36521472331121,11,189875,1708826,7
max-noprune,36527411131133,11,183094,1647804,6
max-noprune,36527412111113,11,225782,2031993,6
max-noprune,36527412131222,11,186565,1679039,6
max-noprune,36527412211322,11,233782,2103992,6
max-noprune,36527412221312,11,172056,1548458,6
max-noprune,36527412231122,11,214839,1933503,6
max-noprune,36527412322232,11,198454,1786039,6
max-noprune,36527413111112,11,236463,2128113,6
max-noprune,36527413311311,11,179808,1618214,6
max-noprune,36541272323222,11,238104,2142883,7
max-noprune,36542712121322,11,533052,4797417,8
max-noprune,36547212121313,11,345515,3109591,7
max-noprune,36547212122222,11,322928,2906295,7
max-noprune,36547212131312,11,330900,2978046,7
max-noprune,36547212221222,11,320208,2881815,7
max-noprune,36547213331333,11,260186,2341624,7
max-noprune,36712542121112,11,531333,4781947,8
max-noprune,36712542121121,11,434110,3906943,8
max-noprune,36712542121211,11,646390,5817453,8
max-noprune,36712542122111,11,452616,4073494,8
max-noprune,36714252232223,11,243533,2191745,7
max-noprune,36714521232113,11,364525,3280687,7
max-noprune,36714522121322,11,308466,2776149,7
max-noprune,36714522122213,11,254873,2293809,7
max-noprune,36714523132223,11,266609,2399432,7
max-noprune,36714523132322,11,257963,2321611,7
max-noprune,36721451131331,11,170277,1532449,6
max-noprune,36721452121322,11,199862,1798710,6
max-noprune,36721452122123,11,158201,1423755,6
max-noprune,36721452122213,11,198707,1788308,6
max-noprune,36721452122321,11,168038,1512295,6
max-noprune,36721452131111,11,193440,1740908,6
max-noprune,36721452223232,11,205739,1851601,6
max-noprune,36721453113113,11,187388,1686441,6
max-noprune,36721453121111,11,234666,2111951,6
max-noprune,36725411121212,11,640275,5762426,8
max-noprune,36725411131313,11,628641,5657720,8
max-noprune,36725411212121,11,646933,5822345,8
max-noprune,36725411313131,11,607727,5469492,8
max-noprune,36725412111212,11,698370,6285269,8
max-noprune,36725412121112,11,675549,6079883,8
max-noprune,36725412121211,11,613641,5522717,8
max-noprune,36725412121232,11,640129,5761103,8
max-noprune,36725412123212,11,643441,5790911,8
max-noprune,36725412321212,11,674119,6067019,8
max-noprune,36725413111313,11,678303,6104676,8
max-noprune,36725413131113,11,616013,5544071,8
max-noprune,36725413131311,11,721365,6492246,8
max-noprune,36741252122123,11,387441,3486913,7
max-noprune,36741252122321,11,361599,3254336,7
max-noprune,36741252122333,11,442609,3983429,7
max-noprune,36741252123323,11,426460,3838085,7
max-noprune,36741253233131,11,431066,3879545,7
max-noprune,36745211211221,11,163643,1472731,6
max-noprune,36745212121223,11,166048,1494380,6
max-noprune,36745212122312,11,199424,1794776,6
max-noprune,36745212122333,11,222989,2006857,6
max-noprune,36745212123323,11,235963,2123621,6
max-noprune,36745212131111,11,179957,1619563,6
max-noprune,36745212223232,11,207272,1865400,6
max-noprune,36745213121111,11,222434,2001856,6
max-noprune,36745213131131,11,171407,1542610,6
max-noprune,36745213133111,11,188724,1698457,6
max-noprune,36745213232213,11,181342,1632028,6
max-noprune,36751243222322,11,196487,1768345,7
max-noprune,36752142122132,11,226930,2042318,7
max-noprune,36752142123221,11,207930,1871322,7
max-noprune,36752143132232,11,175227,1576995,6
max-noprune,36752143133222,11,193618,1742515,6
max-noprune,36752143211132,11,192475,1732228,7
max-noprune,36754123232222,11,685848,6172587,8
max-noprune,37246511112233,11,207331,1865939,6
max-noprune,37256142321233,11,295720,2661431,7
max-noprune,37415622333221,11,254501,2290461,7
max-noprune,37426513132313,11,582533,5242749,8
max-noprune,37452162323312,11,254280,2288468,7
max-noprune,37516422333311,11,199944,1799447,7
max-noprune,37561241311112,11,157040,1413315,6
max-noprune,37612453122233,11,193249,1739195,7
max-noprune,37612542221111,11,268412,2415658,8
max-noprune,37614252221123,11,327364,2946217,7
max-noprune,37614521111111,11,274453,2470031,5
max-noprune,37614521323232,11,122988,1106845,5
max-noprune,37614522111221,11,155206,1396806,5
max-noprune,37614522113321,11,177849,1600601,5
max-noprune,37614522313322,11,188319,1694822,5
max-noprune,37614522323312,11,148362,1335207,5
max-noprune,37614523232213,11,168778,1518954,5
max-noprune,37615421113322,11,306854,2761636,7
max-noprune,37615422211133,11,328486,2956327,7
max-noprune,37615422223133,11,321859,2896684,7
max-noprune,37615422313121,11,378714,3408376,7
max-noprune,37615422313331,11,437801,3940165,7
max-noprune,37615423121132,11,397970,3581683,7
max-noprune,37624152311213,11,332839,2995503,7
max-noprune,37624511232233,11,220966,1988646,7
max-noprune,37624512121322,11,297653,2678829,7
max-noprune,37624512231212,11,248054,2232438,7
max-noprune,37624513131323,11,305186,2746629,7
max-noprune,37624513231313,11,301538,2713796,7
max-noprune,37641252222323,11,230348,2073083,7
max-noprune,37642152213311,11,250586,2255217,7
max-noprune,37642513122221,11,250701,2256263,7
max-noprune,37645122312221,11,186244,1676138,7
max-noprune,37651242211133,11,281840,2536505,7
max-noprune,37651422312311,11,278148,2503287,7
max-noprune,37652141113232,11,166461,1498098,6
max-noprune,37652143231322,11,188816,1699291,6
max-noprune,37654212311222,11,389283,3503499,8
max-noprune,41236753232321,11,168528,1516704,6
max-noprune,41237561313131,11,487755,4389747,8
max-noprune,41263751312222,11,379754,3417743,7
max-noprune,41325671212211,11,214878,1933856,6
max-noprune,41325762313223,11,192842,1735530,7
max-noprune,41325763131233,11,184000,1655952,7
max-noprune,41352671212112,11,606267,5456355,8
max-noprune,41352671212121,11,799292,7193580,8
max-noprune,41352671222111,11,621926,5597289,8
max-noprune,41357622313112,11,121795,1096107,6
max-noprune,41367253111133,11,568745,5118653,7
max-noprune,41532672313211,11,492298,4430640,6
max-noprune,41532761233133,11,337007,3033019,7
max-noprune,41563273113311,11,320315,2882784,7
max-noprune,41576322212222,11,559121,5032042,8
max-noprune,41625372313211,11,1431477,12883251,7
max-noprune,41625373121213,11,287697,2589227,7
max-noprune,41625731222231,11,263479,2371269,7
max-noprune,41635721212121,11,592737,5334588,8
max-noprune,41657321222312,11,212144,1909246,6
max-noprune,41673252212222,11,603693,5433188,8
max-noprune,41673521111111,11,269808,2428227,6
max-noprune,41723562313211,11,322783,2905001,7
max-noprune,41725361232113,11,853711,7683348,9
max-noprune,41725361321213,11,446118,4015010,8
max-noprune,41725362221213,11,407008,3663031,8
max-noprune,41725362313211,11,1017293,9155585,9
max-noprune,41725362313223,11,311909,2807129,7
max-noprune,41725363121222,11,374191,3367672,8
max-noprune,41725363121231,11,369829,3328409,8
max-noprune,41725631111111,11,383487,3451343,6
max-noprune,41725631211122,11,219467,1975156,6
max-noprune,41725632322331,11,150174,1351517,6
max-noprune,41725633111133,11,207127,1864093,6
max-noprune,41725633121123,11,202359,1821179,6
max-noprune,41725633211111,11,203388,1830448,6
max-noprune,41726352313322,11,284691,2562167,7
max-noprune,41726532312233,11,421901,3797058,7
max-noprune,41735261323313,11,262546,2362868,7
max-noprune,41735262312233,11,323569,2912078,7
max-noprune,41735263123223,11,192779,1734971,7
max-noprune,41735621233232,11,229667,2066949,6
max-noprune,41735622313322,11,458151,4123309,8
max-noprune,41736521233232,11,186552,1678923,6
max-noprune,41736522332231,11,179742,1617633,6
max-noprune,41752631222123,11,186453,1678020,7
max-noprune,41752632311123,11,178292,1604577,7
max-noprune,41752632312323,11,167737,1509587,7
max-noprune,41752632313211,11,1073486,9661322,7
max-noprune,41756231321213,11,405120,3646038,8
max-noprune,41756233121231,11,311491,2803371,8
max-noprune,41762532221333,11,312393,2811495,7
max-noprune,41762533123331,11,278573,2507107,7
max-noprune,41765231233232,11,165451,1489013,6
max-noprune,41765322221312,11,166403,1497581,7
max-noprune,41765322313211,11,562446,5061964,7
max-noprune,41765323122212,11,174054,1566446,7
max-noprune,42136752131312,11,518227,4663995,8
max-noprune,42137561123333,11,372343,3351035,7
max-noprune,42137653122131,11,156279,1406462,6
max-noprune,42137653132121,11,130865,1177729,6
max-noprune,42157633231322,11,328319,2954830,7
max-noprune,42163751121212,11,521366,4692243,8
max-noprune,42165373223123,11,108116,972993,5
max-noprune,42167532131333,11,388076,3492636,8
max-noprune,42315673112111,11,141335,1271970,5
max-noprune,42351671212211,11,257537,2317787,6
max-noprune,42351763231133,11,615854,5542641,7
max-noprune,42367153111121,11,136347,1227067,6
max-noprune,42367153211123,11,203498,1831431,6
max-noprune,42516372233111,11,316047,2844380,7
max-noprune,42561733323122,11,163792,1474072,6
max-noprune,42573612323231,11,188973,1700705,7
max-noprune,42573613322231,11,231395,2082506,7
max-noprune,42613572313211,11,304006,2736002,7
max-noprune,42615371313332,11,524866,4723750,7
max-noprune,42615372213311,11,323403,2910578,7
max-noprune,42615372221213,11,344755,3102745,7
max-noprune,42615372313211,11,737323,6635867,7
max-noprune,42651372213311,11,206842,1861533,7
max-noprune,42651733311122,11,233693,2103191,7
max-noprune,42673512232133,11,255973,2303700,7
max-noprune,42751632321233,11,273501,2461464,7
max-noprune,42751632323231,11,184535,1660767,7
max-noprune,43126572133313,11,542454,4882031,7
max-noprune,43167251232212,11,289106,2601902,7
max-noprune,43176252123131,11,176265,1586331,6
max-noprune,43176252311132,11,191289,1721550,6
max-noprune,43216573132121,11,195152,1756319,7
max-noprune,43216573132223,11,254615,2291486,7
max-noprune,43216573212311,11,204427,1839798,7
max-noprune,43216573212332,11,222353,2001130,6
max-noprune,43512671313332,11,279439,2514898,7
max-noprune,43527612312323,11,156244,1406143,6
max-noprune,43561271111111,11,231480,2083274,6
max-noprune,43571262122222,11,499476,4495233,8
max-noprune,43572161111111,11,284256,2558258,6
max-noprune,43572612312323,11,199993,1799891,7
max-noprune,43576211123222,11,292512,2632563,8
max-noprune,43576212112232,11,358011,3222060,8
max-noprune,43615271333312,11,210094,1890795,7
max-noprune,43615272113321,11,301188,2710636,7
max-noprune,43617521223221,11,277472,2497206,6
max-noprune,43621752213323,11,785543,7069830,8
max-noprune,43651722323132,11,166546,1498858,6
max-noprune,43675122222122,11,466937,4202386,8
max-noprune,43675211221331,11,242443,2181934,6
max-noprune,43721653231313,11,445247,4007168,8
max-noprune,43751623123313,11,382586,3443228,8
max-noprune,43765212222122,11,433485,3901321,8
max-noprune,45167323322231,11,271373,2442305,7
max-noprune,45176231131313,11,897196,8074708,8
max-noprune,45176231133113,11,693412,6240652,8
max-noprune,45176231331113,11,668800,6019144,8
max-noprune,45176233131113,11,812833,7315441,8
max-noprune,45176321131133,11,503525,4531680,8
max-noprune,45213672221123,11,261146,2350260,7
max-noprune,45273162222122,11,376672,3389994,8
max-noprune,45276131131133,11,406089,3654765,8
max-noprune,45312671222312,11,158256,1424250,6
max-noprune,45312672223331,11,196224,1765968,7
max-noprune,45312672233321,11,177398,1596533,7
max-noprune,45312672313211,11,880721,7926444,7
max-noprune,45312673132313,11,382118,3439015,7
max-noprune,45312673222112,11,156384,1407406,6
max-noprune,45312673231313,11,375640,3380710,7
max-noprune,45312761113211,11,192407,1731617,7
max-noprune,45312761133311,11,248368,2235263,7
max-noprune,45312762221111,11,316476,2848233,7
max-noprune,45312762311111,11,199298,1793631,7
max-noprune,45321671212211,11,227756,2049767,6
max-noprune,45321671221121,11,197954,1781530,6
max-noprune,45321673113311,11,410537,3694785,6
max-noprune,45327612222323,11,387386,3486422,8
max-noprune,45362712122222,11,482657,4343861,7
max-noprune,45367122223133,11,230982,2078788,7
max-noprune,45367211111132,11,189907,1709120,6
max-noprune,45367211211122,11,227468,2047170,6
max-noprune,45367213111133,11,225353,2028130,6
max-noprune,45376121131133,11,518049,4662396,7
max-noprune,45376121331311,11,299285,2693518,7
max-noprune,45376211333123,11,183026,1647189,6
max-noprune,45376213131323,11,406879,3661867,7
max-noprune,45376213333322,11,192746,1734666,7
max-noprune,45612371133221,11,187042,1683328,6
max-noprune,45612372331121,11,160079,1440656,6
max-noprune,45612373112231,11,187467,1687155,6
max-noprune,45612373132121,11,192272,1730405,6
max-noprune,45612373132223,11,236339,2127000,6
max-noprune,45612373322111,11,173299,1559637,6
max-noprune,45612373332122,11,171379,1542366,6
max-noprune,45612373332221,11,192360,1731195,6
max-noprune,45613271331221,11,239720,2157427,6
max-noprune,45613272233111,11,450954,4058538,7
max-noprune,45621373123331,11,340987,3068841,7
max-noprune,45621373211111,11,405601,3650359,7
max-noprune,45621732212123,11,437899,3941049,8
max-noprune,45621732233333,11,416490,3748368,8
max-noprune,45623712332123,11,144398,1299538,6
max-noprune,45623713322321,11,138852,1249615,6
max-noprune,45637123132121,11,153081,1377685,6
max-noprune,45637123332122,11,136913,1232165,6
max-noprune,45671231132231,11,139695,1257215,6
max-noprune,45671233112132,11,145778,1311941,6
max-noprune,45673212212132,11,274869,2473775,7
max-noprune,45673213211222,11,279987,2519841,7
max-noprune,45713623223132,11,144099,1296845,6
max-noprune,45721363321313,11,214529,1930702,7
max-noprune,45721363322231,11,240961,2168604,7
max-noprune,45732612233321,11,141744,1275649,6
max-noprune,45736121122211,11,389091,3501776,7
max-noprune,46123571111111,11,287207,2584812,6
max-noprune,46123573232123,11,222539,2002805,6
max-noprune,46125731333123,11,191519,1723622,6
max-noprune,46127351131313,11,679037,6111275,8
max-noprune,46127352131333,11,447933,4031350,8
max-noprune,46127353131323,11,642647,5783770,8
max-noprune,46135272133313,11,476037,4284280,8
max-noprune,46153273131131,11,346461,3118108,7
max-noprune,46157233333232,11,196052,1764420,7
max-noprune,46157321331233,11,268509,2416533,7
max-noprune,46215372121223,11,181913,1637168,7
max-noprune,46215372313211,11,489553,4405924,7
max-noprune,46257132211133,11,229126,2062090,7
max-noprune,46257313312211,11,535693,4821188,7
max-noprune,46273512122312,11,191994,1727903,7
max-noprune,46273513221212,11,175527,1579694,7
max-noprune,46275311123222,11,363592,3272279,8
max-noprune,46275312112232,11,436744,3930650,8
max-noprune,46275312132212,11,351245,3161155,8
max-noprune,46275312232133,11,285332,2567937,7
max-noprune,46275312313211,11,1026003,9233981,9
max-noprune,46275313121222,11,339199,3052750,8
max-noprune,46275313312211,11,325475,2929223,7
max-noprune,46321752111131,11,157839,1420501,6
max-noprune,46352171211233,11,131270,1181382,6
max-noprune,46352172113231,11,122624,1103568,6
max-noprune,46372511221331,11,261987,2357833,6
max-noprune,46375211211332,11,145268,1307359,6
max-noprune,46375212113111,11,138148,1243290,6
max-noprune,46375212132131,11,131449,1182991,6
max-noprune,46375212132221,11,158944,1430450,6
max-noprune,46375212332222,11,173750,1563699,6
max-noprune,46375213112111,11,207465,1867137,6
max-noprune,46375213123121,11,163599,1472346,6
max-noprune,46375213333121,11,150169,1351470,6
max-noprune,46512371331221,11,243472,2191207,6
max-noprune,46512372113321,11,413640,3722703,7
max-noprune,46513272332111,11,163244,1469142,6
max-noprune,46513273113221,11,170042,1530328,6
max-noprune,46523711331332,11,205028,1845205,6
max-noprune,46527133111121,11,139522,1255644,6
max-noprune,46572311223122,11,245821,2212340,7
max-noprune,46572312132122,11,209933,1889344,7
max-noprune,46721533123313,11,317125,2854069,7
max-noprune,47123562232133,11,261141,2350215,7
max-noprune,47123651233232,11,144447,1299967,6
max-noprune,47126351233232,11,268197,2413727,6
max-noprune,47126532133133,11,268381,2415386,7
max-noprune,47132562311111,11,188131,1693125,6
max-noprune,47132563222331,11,230008,2070027,6
max-noprune,47132652233321,11,203447,1830974,7
max-noprune,47135622132332,11,195127,1756099,7
max-noprune,47136252133112,11,371365,3342234,8
max-noprune,47152361233232,11,139402,1254575,6
max-noprune,47152631322131,11,339831,3058420,8
max-noprune,47156231332313,11,214938,1934404,7
max-noprune,47156233211132,11,186832,1681438,7
max-noprune,47156233223312,11,167233,1505058,6
max-noprune,47156233233113,11,209828,1888408,7
max-noprune,47156233322312,11,154163,1387422,6
max-noprune,47156321111111,11,250315,2252791,5
max-noprune,47156321133311,11,203623,1832557,5
max-noprune,47156322132311,11,176778,1590957,5
max-noprune,47156322313232,11,138866,1249737,5
max-noprune,47156322332132,11,120541,1084812,5
max-noprune,47156322332312,11,134878,1213856,5
max-noprune,47156323223123,11,156697,1410213,5
max-noprune,47162351322122,11,234469,2110175,7
max-noprune,47163522131222,11,183675,1653023,7
max-noprune,47165321232113,11,824661,7421892,9
max-noprune,47165321322131,11,732114,6588975,8
max-noprune,47165322132212,11,360381,3243382,8
max-noprune,47165322133112,11,443236,3989072,8
max-noprune,47165322232133,11,274354,2469129,7
max-noprune,47165322313211,11,1015739,9141605,9
max-noprune,47216352131333,11,432582,3893194,8
max-noprune,47251363131113,11,579109,5211926,8
max-noprune,47251632131312,11,551066,4959539,9
max-noprune,47256133212311,11,175850,1582601,6
max-noprune,47256133321232,11,177934,1601352,6
max-noprune,47265312122222,11,276797,2491124,7
max-noprune,47265312131312,11,275128,2476112,7
max-noprune,47265312313211,11,1408843,12679539,7
max-noprune,47321651311133,11,299120,2692031,7
max-noprune,47352612123131,11,169272,1523399,6
max-noprune,47352612311132,11,174509,1570538,6
max-noprune,47352612313211,11,483828,4354407,6
max-noprune,47512632312323,11,156691,1410172,6
max-noprune,47621532232331,11,134963,1214617,6
max-noprune,47621533231121,11,136184,1225599,6
max-noprune,47632152233321,11,152705,1374295,6
max-noprune,47632153212311,11,179237,1613080,6
max-noprune,47632153232321,11,165018,1485109,6
max-noprune,47632513212332,11,233171,2098494,6
max-noprune,47652132231323,11,320770,2886884,7
max-noprune,47653213211231,11,256977,2312747,6
max-noprune,47653213232111,11,129817,1168298,6
max-noprune,51264731113322,11,158041,1422317,6
max-noprune,51264732213311,11,147259,1325279,6
max-noprune,51267342312233,11,722506,6502513,8
max-noprune,51324671211122,11,202368,1821266,6
max-noprune,51324672212111,11,261992,2357882,6
max-noprune,51324673113311,11,342379,3081363,6
max-noprune,51324761111123,11,298523,2686656,7
max-noprune,51324763113332,11,241586,2174222,7
max-noprune,51342672212111,11,269847,2428574,6
max-noprune,51342763312223,11,729217,6562905,7
max-noprune,51367241211113,11,134403,1209583,6
max-noprune,51423671221331,11,149739,1347600,6
max-noprune,51426731111111,11,284962,2564606,6
max-noprune,51426733312211,11,181737,1635583,6
max-noprune,51472361131313,11,525903,4733079,8
max-noprune,51472633331312,11,501681,4515078,8
max-noprune,51623471321111,11,128030,1152213,6
max-noprune,51623743313321,11,325818,2932313,7
max-noprune,51624731312123,11,291166,2620437,7
max-noprune,51624733323113,11,249055,2241460,7
max-noprune,51632741323232,11,148502,1336468,6
max-noprune,51642371122313,11,292639,2633706,7
max-noprune,51642731113322,11,267482,2407294,7
max-noprune,51647231113232,11,140894,1268002,6
max-noprune,51723643131311,11,459808,4138219,8
max-noprune,51724362122222,11,281354,2532139,7
max-noprune,51724363121213,11,286071,2574595,7
max-noprune,51726433123313,11,370087,3330739,7
max-noprune,51732643121213,11,498904,4490087,8
max-noprune,51742632323231,11,216924,1952272,7
max-noprune,51742632323333,11,249815,2248290,7
max-noprune,52134761232113,11,195732,1761542,6
max-noprune,52147631121311,11,250708,2256330,7
max-noprune,52147631131211,11,257138,2314197,7
max-noprune,52147631211131,11,212333,1910944,7
max-noprune,52147631311121,11,213498,1921440,7
max-noprune,52147632111113,11,251105,2259889,7
max-noprune,52147633111112,11,302389,2721460,7
max-noprune,52163471112122,11,232913,2096163,6
max-noprune,52163471213111,11,177216,1594899,6
max-noprune,52163471312111,11,176217,1585906,6
max-noprune,52163471333123,11,143467,1291153,6
max-noprune,52163472111311,11,194466,1750144,6
max-noprune,52163472131222,11,153087,1377725,6
max-noprune,52163473111211,11,208415,1875688,6
max-noprune,52163473111331,11,164544,1480845,6
max-noprune,52163473221323,11,174884,1573903,6
max-noprune,52163473323332,11,304234,2738051,6
max-noprune,52167342121232,11,424972,3824700,8
max-noprune,52167432121313,11,308768,2778862,7
max-noprune,52167432122222,11,383784,3454015,7
max-noprune,52167432131213,11,300110,2700939,7
max-noprune,52167433133333,11,333257,2999265,7
max-noprune,52167433331333,11,277402,2496574,7
max-noprune,52174633223123,11,233154,2098337,6
max-noprune,52314673311311,11,421488,3793353,6
max-noprune,52314761322122,11,250457,2254068,7
max-noprune,52341671111111,11,887347,7986077,6
max-noprune,52341671122211,11,224000,2015951,6
max-noprune,52341671311313,11,175251,1577203,6
max-noprune,52341672211112,11,226803,2041187,6
max-noprune,52341672232313,11,216978,1952754,6
max-noprune,52341672323222,11,231436,2082870,6
max-noprune,52341672323312,11,329996,2969918,6
max-noprune,52341673133111,11,188282,1694485,6
max-noprune,52341673232213,11,210916,1898193,6
max-noprune,52341673232333,11,228229,2054011,6
max-noprune,52341673323212,11,326756,2940749,6
max-noprune,52361472121313,11,291536,2623783,6
max-noprune,52361472131312,11,294295,2648613,6
max-noprune,52367142211121,11,334563,3011016,7
max-noprune,52367412322232,11,195343,1758031,7
max-noprune,52374161112323,11,225918,2033213,6
max-noprune,52376413222223,11,343785,3094010,8
max-noprune,52463173212332,11,210369,1893279,6
max-noprune,52463713212332,11,207927,1871286,6
max-noprune,52471631223113,11,155832,1402439,6
max-noprune,52471631323112,11,179152,1612319,6
max-noprune,52614372313211,11,728567,6557059,7
max-noprune,52641733212311,11,198296,1784621,7
max-noprune,52641733232321,11,170881,1537876,7
max-noprune,52673413232123,11,151235,1361067,6
max-noprune,52713461232323,11,150439,1353894,6
max-noprune,52714361232113,11,832244,7490149,8
max-noprune,52714633213223,11,192498,1732433,7
max-noprune,52714633223123,11,175731,1581529,6
max-noprune,52731641233112,11,138618,1247520,6
max-noprune,52731641323112,11,129716,1167393,6
max-noprune,52736141322233,11,212870,1915783,7
max-noprune,52741362313211,11,332812,2995261,7
max-noprune,52741362313223,11,223748,2013692,7
max-noprune,52741632122333,11,417709,3759330,7
max-noprune,52741632123323,11,481406,4332606,7
max-noprune,52741632212213,11,498680,4488079,7
max-noprune,52741632212231,11,469226,4222981,7
max-noprune,52741632232211,11,463322,4169848,7
max-noprune,52741633221233,11,427579,3848161,7
max-noprune,52741633313312,11,416311,3746751,7
max-noprune,52741633313321,11,511736,4605569,7
max-noprune,52741633321223,11,472458,4252078,7
max-noprune,52741633323311,11,453146,4078266,7
max-noprune,52743611111213,11,241775,2175928,7
max-noprune,52743611111312,11,271457,2443069,7
max-noprune,52743611112131,11,240408,2163628,7
max-noprune,52743611113121,11,272756,2454754,7
max-noprune,52743612131111,11,228147,2053267,7
max-noprune,52743613121111,11,259167,2332452,7
max-noprune,52761431111213,11,241895,2177016,7
max-noprune,52761431111312,11,246881,2221891,7
max-noprune,52761431112131,11,249680,2247066,7
max-noprune,52761431113121,11,247662,2228904,7
max-noprune,52761432131111,11,238213,2143871,7
max-noprune,52761433121111,11,234228,2108003,7
max-noprune,52763143222331,11,236430,2127831,6
max-noprune,52763411222312,11,446152,4015315,6
max-noprune,52763411333123,11,282324,2540868,6
max-noprune,52763413222112,11,470106,4230907,6
max-noprune,52763413223312,11,467200,4204750,6
max-noprune,52763413322312,11,463796,4174111,6
max-noprune,53126471231231,11,182891,1645967,6
max-noprune,53126471231321,11,191735,1725564,6
max-noprune,53126471321321,11,156759,1410777,6
max-noprune,53146272123233,11,507403,4566569,8
max-noprune,53147262123131,11,194691,1752174,6
max-noprune,53162743312223,11,698267,6284349,7
max-noprune,53274163211222,11,329300,2963644,7
max-noprune,53421671321111,11,210436,1893880,6
max-noprune,53421671321231,11,129773,1167904,6
max-noprune,53426171112233,11,208512,1876561,7
max-noprune,53462711113322,11,265040,2385313,7
max-noprune,53467211321111,11,126429,1137810,6
max-noprune,53476121323112,11,162463,1462125,6
max-noprune,53476121323322,11,168616,1517499,6
max-noprune,53614721212121,11,481900,4337046,8
max-noprune,53621471331221,11,144681,1302080,6
max-noprune,53642171111111,11,268182,2413586,6
max-noprune,53672142221213,11,779942,7019428,8
max-noprune,53714622233111,11,975427,8778796,9
max-noprune,53721463223312,11,210259,1892273,6
max-noprune,53724612121112,11,481802,4336170,8
max-noprune,53726143333121,11,238853,2149618,7
max-noprune,53741621323112,11,174932,1574336,6
max-noprune,53741621332112,11,161532,1453751,6
max-noprune,53742612323333,11,302315,2720787,7
max-noprune,53761242121211,11,721070,6489575,8
max-noprune,53761242221213,11,473708,4263318,8
max-noprune,53761242321212,11,495484,4459295,8
max-noprune,53762143222331,11,237354,2136146,6
max-noprune,53762413322123,11,238858,2149681,7
max-noprune,54123673233323,11,198787,1789029,7
max-noprune,54126371331221,11,140273,1262408,6
max-noprune,54127632131213,11,342804,3085184,7
max-noprune,54127632222212,11,328551,2956913,7
max-noprune,54127633131212,11,301994,2717899,7
max-noprune,54127633133333,11,297069,2673576,7
max-noprune,54127633333313,11,360514,3244581,7
max-noprune,54163271133221,11,201867,1816755,7
max-noprune,54163272233111,11,386400,3477544,7
max-noprune,54167231121113,11,184329,1658913,6
max-noprune,54167231131112,11,187845,1690561,6
max-noprune,54167231221211,11,178337,1604988,6
max-noprune,54167231333213,11,166435,1497862,6
max-noprune,54167232112112,11,179986,1619823,6
max-noprune,54167232133313,11,210535,1894767,6
max-noprune,54167232333113,11,170857,1537657,6
max-noprune,54167233232333,11,270649,2435793,6
max-noprune,54167233331213,11,210943,1898433,6
max-noprune,54172633132313,11,395054,3555434,8
max-noprune,54217362233213,11,795940,7163406,7
max-noprune,54217632132212,11,827706,7449300,8
max-noprune,54231671123111,11,144577,1301146,6
max-noprune,54231673123121,11,148921,1340234,6
max-noprune,54261373123121,11,184262,1658303,6
max-noprune,54261732231233,11,293984,2645810,7
max-noprune,54276132233312,11,222867,2005751,7
max-noprune,54312671131331,11,174679,1572058,6
max-noprune,54312672212111,11,221872,1996805,6
max-noprune,54312673311311,11,389481,3505284,6
max-noprune,54317261113112,11,136895,1232007,6
max-noprune,54317621111222,11,307516,2767598,7
max-noprune,54321672212213,11,660445,5943951,7
max-noprune,54321672212231,11,482866,4345743,7
max-noprune,54321672232211,11,648392,5835477,7
max-noprune,54321673313312,11,890008,8010025,7
max-noprune,54321673313321,11,1144252,10298221,7
max-noprune,54321673323311,11,903923,8135263,7
max-noprune,54321761211221,11,172511,1552551,6
max-noprune,54321763113113,11,238174,2143516,6
max-noprune,54326171111231,11,216854,1951639,6
max-noprune,54326171112233,11,135886,1222928,6
max-noprune,54326171321231,11,141989,1277855,6
max-noprune,54326711112212,11,302995,2726906,7
max-noprune,54327612223232,11,211964,1907620,7
max-noprune,54361272223232,11,217954,1961537,7
max-noprune,54362171113133,11,278799,2509142,7
max-noprune,54362711111231,11,141165,1270435,6
max-noprune,54362711323112,11,153547,1381875,6
max-noprune,54367121112212,11,296050,2664405,6
max-noprune,54367121113211,11,207788,1870038,6
max-noprune,54367121113331,11,371050,3339407,6
max-noprune,54367122211121,11,252090,2268762,6
max-noprune,54367122311111,11,191344,1722052,6
max-noprune,54367123311113,11,210441,1893911,6
max-noprune,54367211132222,11,432960,3896590,7
max-noprune,54367211213333,11,499222,4492956,7
max-noprune,54367211222132,11,549658,4946876,7
max-noprune,54367211333213,11,428745,3858652,7
max-noprune,54367212211322,11,521439,4692897,7
max-noprune,54367212231122,11,483590,4352268,7
max-noprune,54367212233213,11,478978,4310755,7
max-noprune,54367212332213,11,497943,4481443,7
max-noprune,54367212333113,11,420044,3780343,7
max-noprune,54367213112222,11,497914,4481179,7
max-noprune,54367213312133,11,486404,4377574,7
max-noprune,54371261113331,11,296001,2663958,7
max-noprune,54371621113112,11,214662,1931911,6
max-noprune,54371621113322,11,133102,1197873,6
max-noprune,54376121322233,11,218533,1966750,7
max-noprune,54376211111132,11,202191,1819671,6
max-noprune,54376211111222,11,205792,1852083,6
max-noprune,54376211113133,11,251504,2263496,6
max-noprune,54612371112311,11,450490,4054366,7
max-noprune,54612372222131,11,344802,3103167,7
max-noprune,54612732112223,11,226966,2042651,7
max-noprune,54612733322213,11,240336,2162978,7
max-noprune,54621371133311,11,199364,1794238,6
max-noprune,54621372211121,11,215106,1935901,6
max-noprune,54637211132111,11,136372,1227298,6
max-noprune,54671232221213,11,402630,3623616,8
max-noprune,54712361323313,11,222539,2002806,7
max-noprune,54712362223322,11,309605,2786392,7
max-noprune,54716232222113,11,265417,2388701,7
max-noprune,54716321112323,11,254628,2291606,6
max-noprune,54716322313223,11,152346,1371065,6
max-noprune,54721631111111,11,1082795,9745104,6
max-noprune,54721631122121,11,218924,1970267,6
max-noprune,54721631311133,11,210717,1896403,6
max-noprune,54721632133232,11,179453,1615029,6
max-noprune,54721632212222,11,230948,2078481,6
max-noprune,54721632212231,11,170319,1532821,6
max-noprune,54721633231322,11,200411,1803653,6
max-noprune,54721633313321,11,249434,2244855,6
max-noprune,54721633333331,11,181767,1635848,6
max-noprune,54723612131312,11,370151,3331315,7
max-noprune,54723612221222,11,302752,2724718,7
max-noprune,54723612222212,11,274137,2467188,7
max-noprune,54723613121312,11,288810,2599241,7
max-noprune,54723613333313,11,352161,3169406,7
max-noprune,54761233322321,11,226811,2041258,7
max-noprune,54763212322232,11,194361,1749206,7
max-noprune,56123471222312,11,303587,2732240,6
max-noprune,56123471223221,11,297898,2681032,6
max-noprune,56123471331332,11,332643,2993748,6
max-noprune,56123471333123,11,306543,2758831,6
max-noprune,56123472322121,11,323793,2914089,6
max-noprune,56123472331331,11,277380,2496366,6
max-noprune,56123473133132,11,348342,3135034,6
max-noprune,56123473133231,11,286569,2579074,6
max-noprune,56123473222112,11,289629,2606612,6
max-noprune,56123473223312,11,294092,2646774,6
max-noprune,56123473322312,11,291541,2623824,6
max-noprune,56124371111231,11,135985,1223806,6
max-noprune,56124371232323,11,182079,1638660,6
max-noprune,56127433332323,11,235048,2115382,7
max-noprune,56132472333332,11,230287,2072535,7
max-noprune,56132473211111,11,180548,1624892,7
max-noprune,56132473213211,11,221530,1993726,7
max-noprune,56143273332323,11,264483,2380303,7
max-noprune,56147231222132,11,860069,7740577,7
max-noprune,56147231333213,11,363296,3269607,7
max-noprune,56147232233213,11,480641,4325712,7
max-noprune,56147232332213,11,451823,4066350,7
max-noprune,56147232333113,11,387144,3484239,7
max-noprune,56147322333233,11,318106,2862908,7
max-noprune,56173421113112,11,136134,1225161,6
max-noprune,56174232323333,11,292076,2628634,7
max-noprune,56174321232113,11,654039,5886310,8
max-noprune,56213471111111,11,287321,2585845,6
max-noprune,56213743313333,11,590256,5312246,8
max-noprune,56243173133111,11,295413,2658671,7
max-noprune,56243713121333,11,588070,5292581,8
max-noprune,56247132333233,11,231576,2084147,7
max-noprune,56271433111313,11,555459,4999077,8
max-noprune,56271433123313,11,472163,4249416,8
max-noprune,56271433132313,11,507047,4563378,8
max-noprune,56274132331133,11,295122,2656047,7
max-noprune,56274312313211,11,743513,6691567,7
max-noprune,56321473233323,11,181891,1636972,7
max-noprune,56321742211112,11,440241,3962123,7
max-noprune,56324171221331,11,144603,1301378,6
max-noprune,56327411211332,11,189780,1707969,7
max-noprune,56327413213112,11,190718,1716409,7
max-noprune,56341273121213,11,321784,2896005,6
max-noprune,56341273131212,11,300894,2707995,6
max-noprune,56347122333233,11,335913,3023171,8
max-noprune,56347211213111,11,198706,1788302,6
max-noprune,56347211222132,11,188632,1697634,6
max-noprune,56347211312111,11,188557,1696959,6
max-noprune,56347211331131,11,161605,1454387,6
max-noprune,56347212111221,11,360616,3245498,6
max-noprune,56347212111311,11,241827,2176395,6
max-noprune,56347212123233,11,215860,1942691,6
max-noprune,56347212232223,11,228669,2057976,6
max-noprune,56347213111211,11,229986,2069823,6
max-noprune,56347213131332,11,195479,1759263,6
max-noprune,56423171231231,11,122613,1103471,6
max-noprune,56423171231321,11,196954,1772538,6
max-noprune,56423171321321,11,141330,1271927,6
max-noprune,56423172112121,11,208723,1878459,6
max-noprune,56423173132121,11,183016,1647095,6
max-noprune,56423173133111,11,217850,1960594,6
max-noprune,56432713122122,11,254220,2287928,7
max-noprune,56712341232113,11,185483,1669292,6
max-noprune,56712343211123,11,212432,1911832,6
max-noprune,56721343123331,11,274075,2466622,7
max-noprune,56721432312233,11,387647,3488768,7
max-noprune,56723411113313,11,199903,1799075,6
max-noprune,56723411121113,11,203058,1827477,6
max-noprune,56723411131112,11,182026,1638186,6
max-noprune,56723411222312,11,153368,1380261,6
max-noprune,56723412122312,11,146588,1319240,6
max-noprune,56723412323222,11,201450,1812994,6
max-noprune,56723413221212,11,159323,1433849,6
max-noprune,56723413222112,11,160465,1444137,6
max-noprune,56723413331111,11,186506,1678490,6
max-noprune,56732143122113,11,315681,2841073,8
max-noprune,56741231121311,11,240736,2166574,7
max-noprune,56741231131211,11,284606,2561407,7
max-noprune,56741231211131,11,250943,2258437,7
max-noprune,56741231311121,11,210441,1893913,7
max-noprune,56741232111113,11,261904,2357084,7
max-noprune,56741233111112,11,266927,2402296,7
max-noprune,56743212122222,11,323111,2907954,7
max-noprune,56743212221222,11,314439,2829910,7
max-noprune,56743213121213,11,405004,3644988,7
max-noprune,56743213121312,11,309878,2788854,7
max-noprune,56743213331333,11,359224,3232969,7
max-noprune,57123461111111,11,286596,2579311,6
max-noprune,57164322131312,11,256125,2305072,7
max-noprune,57214361323232,11,139188,1252645,6
max-noprune,57214632212213,11,562770,5064869,7
max-noprune,57236141113232,11,147144,1324253,6
max-noprune,57236141322233,11,145777,1311938,6
max-noprune,57236141323232,11,234877,2113843,6
max-noprune,57241631322113,11,135053,1215429,6
max-noprune,57241631323112,11,122536,1102770,6
max-noprune,57246131112233,11,229820,2068336,7
max-noprune,57264132111323,11,280279,2522449,7
max-noprune,57321641311112,11,145664,1310929,6
max-noprune,57321642311132,11,188460,1696088,6
max-noprune,57364212213311,11,234641,2111726,7
max-noprune,57364212313211,11,313827,2824387,7
max-noprune,57364213332122,11,144543,1300841,6
max-noprune,57642311113322,11,172818,1555314,6
max-noprune,61234572231323,11,305775,2751936,7
max-noprune,61234573232213,11,268704,2418284,7
max-noprune,61235741313131,11,640313,5762767,8
max-noprune,61257343232123,11,168029,1512216,6
max-noprune,61274351313131,11,484297,4358621,8
max-noprune,61274532231323,11,272813,2455266,8
max-noprune,61352472233321,11,138322,1244842,6
max-noprune,61352472313211,11,483108,4347927,6
max-noprune,61452731311313,11,298429,2685815,7
max-noprune,61453721111111,11,276245,2486158,6
max-noprune,61453721311112,11,137562,1238016,6
max-noprune,61453723111121,11,141475,1273231,6
max-noprune,61472532123332,11,190101,1710864,6
max-noprune,61472533112111,11,143087,1287727,6
max-noprune,61527431111111,11,262839,2365500,6
max-noprune,61534272311132,11,505202,4546760,8
max-noprune,61534721112311,11,165607,1490420,6
max-noprune,61534721113211,11,165288,1487539,6
max-noprune,61543271111111,11,265092,2385778,6
max-noprune,61543271112311,11,164270,1478383,6
max-noprune,61572432312323,11,176227,1585993,7
max-noprune,61734523222331,11,209701,1887260,6
max-noprune,62134572321323,11,268357,2415169,7
max-noprune,62135471122121,11,218246,1964169,6
max-noprune,62135472132131,11,154500,1390461,6
max-noprune,62135473122131,11,161340,1452010,6
max-noprune,62135473123121,11,175707,1581316,6
max-noprune,62135473131131,11,211852,1906622,6
max-noprune,62135473132121,11,197535,1777765,6
max-noprune,62135473232231,11,178572,1607100,6
max-noprune,62135473322321,11,198745,1788662,6
max-noprune,62135743222331,11,228011,2052048,6
max-noprune,62135743312223,11,681082,6129685,8
max-noprune,62147353123121,11,154000,1385956,6
max-noprune,62147353132121,11,164264,1478328,6
max-noprune,62154733321121,11,141904,1277087,6
max-noprune,62157342132212,11,444941,4004420,8
max-noprune,62173543232132,11,164853,1483626,6
max-noprune,62174351122133,11,920046,8280363,9
max-noprune,62174533311212,11,358707,3228315,8
max-noprune,62317453112111,11,146399,1317547,6
max-noprune,62317453312211,11,204712,1842361,6
max-noprune,62351743112123,11,260415,2343693,6
max-noprune,62371453311311,11,307474,2767220,7
max-noprune,62374511322311,11,141299,1271642,6
max-noprune,62374513112321,11,151342,1362033,6
max-noprune,62374513312112,11,124462,1120113,6
max-noprune,62435172211133,11,311508,2803524,7
max-noprune,62435172311132,11,549154,4942338,7
max-noprune,62435711222222,11,196547,1768862,7
max-noprune,62453713311122,11,239702,2157266,7
max-noprune,62471532232133,11,207871,1870785,7
max-noprune,62475131322323,11,205496,1849418,7
max-noprune,62531472321233,11,341384,3072416,8
max-noprune,62543711211113,11,182517,1642612,6
max-noprune,62543711311112,11,151050,1359396,6
max-noprune,62571432321233,11,297986,2681834,7
max-noprune,62735143223213,11,233987,2105834,7
max-noprune,63125741112323,11,599784,5398006,7
max-noprune,63125743131233,11,183936,1655363,7
max-noprune,63125743133312,11,194859,1753683,7
max-noprune,63142571111111,11,252940,2276402,6
max-noprune,63142571132321,11,238911,2150153,6
max-noprune,63142573112123,11,227179,2044556,6
max-noprune,63172452312323,11,142571,1283080,6
max-noprune,63172452313211,11,509244,4583148,6
max-noprune,63174522332132,11,167780,1509968,6
max-noprune,63247511123132,11,133419,1200733,6
max-noprune,63251743133231,11,260833,2347455,6
max-noprune,63452711311313,11,193557,1741957,6
max-noprune,63452712333221,11,175909,1583134,6
max-noprune,63471522123131,11,213188,1918640,6
max-noprune,63471522323132,11,183006,1647007,6
max-noprune,63471522332132,11,149821,1348343,6
max-noprune,63472512123332,11,315175,2836517,7
max-noprune,63512743313333,11,582230,5240022,8
max-noprune,63541271212211,11,465415,4188683,7
max-noprune,63542713121333,11,684349,6159088,8
max-noprune,63574212123131,11,189765,1707838,6
max-noprune,63574212313211,11,377697,3399218,6
max-noprune,63712542221111,11,291688,2625143,8
max-noprune,63714252123131,11,499606,4496402,8
max-noprune,63714521112323,11,265324,2387864,6
max-noprune,63714522332132,11,131300,1181647,6
max-noprune,63721541233322,11,221472,1993208,7
max-noprune,63724153121213,11,329566,2966050,7
max-noprune,63725141112323,11,1064063,9576515,9
max-noprune,63725141233121,11,468364,4215232,8
max-noprune,63725142123131,11,887750,7989708,9
max-noprune,63725142223133,11,319157,2872362,7
max-noprune,63725143122113,11,384034,3456265,8
max-noprune,63725143123313,11,513124,4618077,8
max-noprune,63741252222323,11,275847,2482578,7
max-noprune,63741522123131,11,429493,3865380,8
max-noprune,63742511232221,11,331760,2985792,7
max-noprune,63745123122212,11,167150,1504302,7
max-noprune,63751242221321,11,300102,2700880,7
max-noprune,63751423122311,11,335290,3017562,7
max-noprune,63752141111111,11,306145,2755260,5
max-noprune,63752141122211,11,236187,2125629,5
max-noprune,63752141123213,11,159185,1432617,5
max-noprune,63752142332132,11,126733,1140552,5
max-noprune,63752143123223,11,137064,1233525,5
max-noprune,63752143212323,11,134784,1213000,5
max-noprune,63752143223123,11,163962,1475610,5
max-noprune,63752411223212,11,188187,1693635,7
max-noprune,63752411333213,11,313006,2816993,7
max-noprune,63752412312323,11,197691,1779170,7
max-noprune,63752412322112,11,201137,1810185,7
max-noprune,63752412333113,11,315554,2839931,7
max-noprune,63754213122122,11,191778,1725958,7
max-noprune,64125371131313,11,517327,4655891,8
max-noprune,64157321133212,11,651072,5859597,7
max-noprune,64231572311132,11,386787,3481026,8
max-noprune,64257131113223,11,273419,2460723,7
max-noprune,64271533221212,11,197593,1778294,7
max-noprune,64275131212223,11,406855,3661649,7
max-noprune,64275131312123,11,341054,3069439,7
max-noprune,64275132211133,11,335899,3023043,7
max-noprune,64275132232133,11,369575,3326124,7
max-noprune,64275133231112,11,361729,3255517,7
max-noprune,64275133312211,11,267233,2405048,7
max-noprune,64275311112332,11,267813,2410267,7
max-noprune,64275311222222,11,185326,1667886,7
max-noprune,64275313312211,11,199639,1796703,7
max-noprune,64321572111131,11,166685,1500118,6
max-noprune,64321572132131,11,155884,1402898,6
max-noprune,64321572311132,11,201477,1813235,6
max-noprune,64325713121222,11,695055,6255444,8
max-noprune,64351272132131,11,183853,1654634,6
max-noprune,64357212313211,11,342884,3085912,7
max-noprune,64357213231322,11,289600,2606354,7
max-noprune,64357213312211,11,229103,2061884,7
max-noprune,64531271212211,11,462177,4159543,6
max-noprune,64531272132131,11,162544,1462849,6
max-noprune,64531273122131,11,177693,1599189,6
max-noprune,64531273123121,11,192223,1729962,6
max-noprune,64531273311311,11,219365,1974235,6
max-noprune,64531273312211,11,161048,1449376,6
max-noprune,64572131122223,11,196130,1765130,7
max-noprune,64713253112111,11,146630,1319622,6
max-noprune,65123471112311,11,166519,1498619,7
max-noprune,65123471233232,11,119299,1073646,6
max-noprune,65123472312311,11,212963,1916611,7
max-noprune,65132471212112,11,209892,1888980,7
max-noprune,65132471222111,11,212344,1911051,7
max-noprune,65132471231321,11,307285,2765515,7
max-noprune,65132471323121,11,236983,2132800,7
max-noprune,65132472131231,11,201415,1812684,7
max-noprune,65132472212231,11,300571,2705089,7
max-noprune,65132472233321,11,196629,1769609,7
max-noprune,65132473111331,11,251007,2259005,7
max-noprune,65132473313312,11,196413,1767661,7
max-noprune,65132473323311,11,193759,1743778,7
max-noprune,65132741223323,11,155294,1397600,6
max-noprune,65132743222331,11,164986,1484828,6
max-noprune,65134721233232,11,165476,1489234,6
max-noprune,65147321232113,11,495324,4457864,8
max-noprune,65172431132333,11,297471,2677185,7
max-noprune,65174232123131,11,282120,2539034,7
max-noprune,65174232133313,11,233893,2104980,7
max-noprune,65174232323312,11,241898,2177035,7
max-noprune,65174233323212,11,238672,2148001,7
max-noprune,65174233331213,11,258791,2329065,7
max-noprune,65174322313211,11,249072,2241589,6
max-noprune,65174323223123,11,161999,1457946,6
max-noprune,65213741111111,11,280547,2524878,6
max-noprune,65241371111111,11,250916,2258190,6
max-noprune,65243712121322,11,590257,5312259,8
max-noprune,65271341332331,11,217528,1957701,6
max-noprune,65271432231233,11,315022,2835148,7
max-noprune,65274131111111,11,289055,2601451,5
max-noprune,65274131311313,11,149235,1343059,5
max-noprune,65274131312213,11,173626,1562573,5
max-noprune,65274132123332,11,163111,1467952,5
max-noprune,65274133132223,11,158863,1429714,5
max-noprune,65274133232321,11,129596,1166310,5
max-noprune,65274133312223,11,174573,1571099,5
max-noprune,65314272311132,11,162472,1462195,6
max-noprune,65314272313211,11,358760,3228794,6
max-noprune,65321472111122,11,324666,2921951,7
max-noprune,65417321232113,11,184252,1658218,6
max-noprune,65417323223123,11,148375,1335327,6
max-noprune,65417323232123,11,165755,1491748,6
max-noprune,65423713321322,11,264235,2378064,7
max-noprune,65432173232321,11,207859,1870680,7
max-noprune,65471231132213,11,344359,3099169,8
max-noprune,65714323223123,11,190603,1715376,6
max-noprune,65723143321313,11,202131,1819128,7
max-noprune,65732411333123,11,460739,4146604,6
max-noprune,65742311212313,11,132389,1191449,6
max-noprune,67132541133311,11,465570,4190089,7
max-noprune,67145323133312,11,203041,1827310,7
max-noprune,67154233323332,11,586135,5275170,8
max-noprune,67215343333133,11,403036,3627276,8
max-noprune,67231541323112,11,190636,1715678,6
max-noprune,67231543323122,11,202072,1818608,6
max-noprune,67234513332122,11,185060,1665495,6
max-noprune,67245131313323,11,203980,1835777,7
max-noprune,67245311112311,11,418968,3770662,7
max-noprune,67245311133233,11,291256,2621259,7
max-noprune,67254311131133,11,338644,3047757,6
max-noprune,67254313311113,11,176694,1590199,6
max-noprune,67312452233321,11,186404,1677586,7
max-noprune,67312541121221,11,233721,2103433,7
max-noprune,67312542221111,11,345890,3112958,7
max-noprune,67321451111123,11,170692,1536174,6
max-noprune,67321451112311,11,204381,1839375,6
max-noprune,67321451212211,11,458088,4122735,6
max-noprune,67321451311133,11,243779,2193968,6
max-noprune,67321452111122,11,195198,1756737,6
max-noprune,67321453113311,11,252308,2270729,6
max-noprune,67321542232133,11,215861,1942698,7
max-noprune,67341252222323,11,315891,2842962,8
max-noprune,67342512222113,11,275969,2483666,7
max-noprune,67345122223133,11,325954,2933538,7
max-noprune,67345122232133,11,357385,3216414,7
max-noprune,67345211111123,11,171068,1539560,6
max-noprune,67345211111132,11,191102,1719873,6
max-noprune,67345211112233,11,170604,1535385,6
max-noprune,67345211113322,11,158925,1430286,6
max-noprune,67345211211122,11,241782,2175984,6
max-noprune,67345211311133,11,243998,2195931,6
max-noprune,67345212111122,11,189506,1705507,6
max-noprune,67345213111133,11,248770,2238879,6
max-noprune,67354121111111,11,460802,4147149,7
max-noprune,67354211212121,11,311600,2804349,7
max-noprune,67354211313113,11,367673,3309002,7
max-noprune,67354211333111,11,362695,3264203,7
max-noprune,67354212111221,11,244652,2201821,7
max-noprune,67354212212222,11,248768,2238864,7
max-noprune,67354212311132,11,289209,2602826,7
max-noprune,67354213111313,11,326200,2935754,7
max-noprune,67354213131311,11,307771,2769896,7
max-noprune,67354213211132,11,176228,1586004,7
max-noprune,67354213313333,11,225604,2030385,7
max-noprune,67412353132121,11,189476,1705238,6
max-noprune,67412353332221,11,154033,1386245,6
max-noprune,67412531131133,11,266426,2397783,7
max-noprune,67435121332112,11,122871,1105791,5
max-noprune,67435123123121,11,120406,1083612,5
max-noprune,67452313321232,11,369092,3321767,7
max-noprune,71234563231322,11,281809,2536236,8
max-noprune,71263541333222,11,277618,2498510,6
max-noprune,71263542323123,11,255463,2299118,6
max-noprune,71264533131323,11,554467,4990150,8
max-noprune,71264533221323,11,608845,5479554,8
max-noprune,71264533231223,11,659418,5934714,8
max-noprune,71264533231313,11,574321,5168850,8
max-noprune,71326451211311,11,167230,1505024,6
max-noprune,71326453132121,11,146838,1321493,6
max-noprune,71326543333313,11,475375,4278323,7
max-noprune,71345262132131,11,135611,1220457,5
max-noprune,71362453113311,11,298252,2684210,7
max-noprune,71365423331312,11,339587,3056242,8
max-noprune,71423563213232,11,244235,2198065,6
max-noprune,71423653213232,11,142774,1284920,6
max-noprune,71426353312211,11,221148,1990278,7
max-noprune,71426533333223,11,396039,3564311,8
max-noprune,71432561232323,11,173204,1558784,5
max-noprune,71432561323232,11,123188,1108642,5
max-noprune,71432562111221,11,159519,1435619,5
max-noprune,71432563232213,11,181003,1628977,5
max-noprune,71432563323113,11,130699,1176246,5
max-noprune,71432563323122,11,141877,1276849,5
max-noprune,71432563332113,11,149570,1346082,5
max-noprune,71435261322233,11,321890,2896954,7
max-noprune,71435262222122,11,318985,2870815,8
max-noprune,71435263211123,11,997534,8977756,9
max-noprune,71435263311122,11,324239,2918098,7
max-noprune,71435263333133,11,379344,3414049,8
max-noprune,71435263333223,11,432396,3891517,8
max-noprune,71435623333331,11,222753,2004737,7
max-noprune,71436253333112,11,273937,2465390,7
max-noprune,71452363213232,11,155629,1400610,6
max-noprune,71452632222131,11,274956,2474556,7
max-noprune,71453262222221,11,186499,1678449,7
max-noprune,71453623311122,11,330556,2974958,7
max-noprune,71456321322323,11,172492,1552377,6
max-noprune,71456322111221,11,191959,1727587,6
max-noprune,71462531113322,11,221663,1994923,7
max-noprune,71462532111212,11,265239,2387105,7
max-noprune,71462532121112,11,266409,2397624,7
max-noprune,71462533111223,11,260070,2340583,7
max-noprune,71462533221113,11,230438,2073901,7
max-noprune,71463523331222,11,269072,2421600,7
max-noprune,71523463131311,11,448286,4034517,8
max-noprune,71523463231313,11,712478,6412260,8
max-noprune,71523463331312,11,418471,3766182,8
max-noprune,71532463221332,11,251788,2266042,7
max-noprune,71534262122222,11,348352,3135118,7
max-noprune,71542633132322,11,226237,2036081,7
max-noprune,71543622111131,11,154863,1393716,6
max-noprune,71543623111121,11,163537,1471779,6
max-noprune,71546233331213,11,529879,4768858,8
max-noprune,71546322231212,11,659105,5931896,8
max-noprune,71562433123232,11,218988,1970845,7
max-noprune,71563243221221,11,229675,2067024,6
max-noprune,71625433213133,11,495454,4459039,7
max-noprune,71643252231212,11,646079,5814660,8
max-noprune,71643523331213,11,553475,4981232,8
max-noprune,72134562312212,11,365043,3285345,7
max-noprune,72136541322233,11,162444,1461952,6
max-noprune,72143563222331,11,146585,1319219,6
max-noprune,72143651121113,11,254111,2286952,7
max-noprune,72143651131112,11,280498,2524447,7
max-noprune,72143651213111,11,253219,2278924,7
max-noprune,72143651312111,11,252221,2269940,7
max-noprune,72143652111311,11,255146,2296266,7
max-noprune,72143653111211,11,251897,2267015,7
max-noprune,72145631233223,11,197380,1776374,7
max-noprune,72145633232231,11,196070,1764584,7
max-noprune,72145633312223,11,389864,3508728,7
max-noprune,72146352232223,11,278643,2507732,7
max-noprune,72163452122222,11,402212,3619860,7
max-noprune,72163453121213,11,337272,3035409,7
max-noprune,72163453131212,11,294676,2652040,7
max-noprune,72163453133333,11,256608,2309418,7
max-noprune,72163453331333,11,351848,3166582,7
max-noprune,72164353131113,11,501711,4515351,8
max-noprune,72165431113331,11,193622,1742542,6
max-noprune,72165432111113,11,233424,2100765,6
max-noprune,72165432111122,11,258043,2322336,6
max-noprune,72165432211112,11,221597,1994325,6
max-noprune,72165432323312,11,181099,1629842,6
max-noprune,72165433111112,11,225033,2025250,6
max-noprune,72165433121333,11,196953,1772524,6
max-noprune,72165433221233,11,173978,1565749,6
max-noprune,72165433233323,11,209290,1883557,6
max-noprune,72165433321223,11,161459,1453080,6
max-noprune,72165433331213,11,195596,1760317,6
max-noprune,72345611111111,11,346282,3116492,6
max-noprune,72345611133113,11,172553,1552930,6
max-noprune,72345611221223,11,142073,1278604,6
max-noprune,72345611222222,11,147882,1330895,6
max-noprune,72345611331332,11,153198,1378739,6
max-noprune,72345612122111,11,191472,1723198,6
max-noprune,72345612331331,11,132759,1194772,6
max-noprune,72345613221221,11,152333,1370950,6
max-noprune,72345613333331,11,191871,1726799,6
max-noprune,72356141112323,11,217998,1961927,6
max-noprune,72356141232113,11,178525,1606673,6
max-noprune,72356143211123,11,178441,1605920,6
max-noprune,72361453232333,11,221395,1992507,7
max-noprune,72361542333233,11,527661,4748897,8
max-noprune,72365412222212,11,244748,2202680,7
max-noprune,72365413121312,11,314142,2827233,7
max-noprune,72365413131212,11,275942,2483434,7
max-noprune,72365413331333,11,243533,2191756,7
max-noprune,72435163333313,11,357928,3221315,7
max-noprune,72513641232323,11,161768,1455857,7
max-noprune,72513641233322,11,255124,2296065,7
max-noprune,72516342313223,11,212372,1911288,7
max-noprune,72531463321232,11,263587,2372243,7
max-noprune,72534163211123,11,744681,6702084,8
max-noprune,72541631111213,11,234744,2112655,7
max-noprune,72541631111312,11,255122,2296050,7
max-noprune,72541631112131,11,245634,2210650,7
max-noprune,72541631113121,11,247226,2224982,7
max-noprune,72541632131111,11,227942,2051425,7
max-noprune,72541633121111,11,262030,2358226,7
max-noprune,72543162311111,11,141141,1270219,6
max-noprune,72543163211111,11,154056,1386452,6
max-noprune,72543611221223,11,290108,2610919,6
max-noprune,72543611223221,11,273256,2459259,6
max-noprune,72543611331332,11,299653,2696825,6
max-noprune,72543611332331,11,295851,2662608,6
max-noprune,72543612331331,11,281022,2529138,6
max-noprune,72543613132232,11,374615,3371483,6
max-noprune,72543613133222,11,307737,2769584,6
max-noprune,72543613221221,11,293063,2637520,6
max-noprune,72543613223312,11,323689,2913154,6
max-noprune,72543613322312,11,339091,3051781,6
max-noprune,72546311323112,11,184437,1659879,7
max-noprune,72546313323212,11,247271,2225383,7
max-noprune,72561342313223,11,219792,1978087,6
max-noprune,72561432213122,11,471786,4246027,7
max-noprune,72561433221233,11,442703,3984278,7
max-noprune,72561433311233,11,531303,4781678,7
max-noprune,72561433321133,11,472094,4248797,7
max-noprune,72561433321223,11,456125,4105080,7
max-noprune,72563411111213,11,239379,2154362,7
max-noprune,72563411111312,11,234025,2106166,7
max-noprune,72563411112131,11,298749,2688697,7
max-noprune,72563411113121,11,244511,2200549,7
max-noprune,72563412131111,11,235828,2122398,7
max-noprune,72563413121111,11,234885,2113915,7
max-noprune,72643513212311,11,212084,1908711,7
max-noprune,72643513212332,11,131263,1181321,6
max-noprune,73125463133132,11,204747,1842678,6
max-noprune,73146522113231,11,132781,1194990,6
max-noprune,73246153312211,11,160924,1448270,6
max-noprune,73456123231322,11,283846,2554562,7
max-noprune,73516243323113,11,206452,1858020,7
max-noprune,73516243332131,11,209766,1887841,7
max-noprune,73541262321212,11,448937,4040370,8
max-noprune,73542163321133,11,302147,2719271,7
max-noprune,73542613132121,11,201086,1809729,7
max-noprune,73542613132322,11,245665,2210926,7
max-noprune,73564213321322,11,297381,2676378,7
max-noprune,73614251112323,11,487316,4385805,7
max-noprune,73615241112323,11,1171717,10545398,9
max-noprune,73615241113322,11,336152,3025313,7
max-noprune,73615242223133,11,321398,2892534,7
max-noprune,73615243123313,11,339844,3058549,8
max-noprune,73615243213313,11,428073,3852607,8
max-noprune,73615243331312,11,350698,3156235,8
max-noprune,73615243332311,11,445022,4005151,8
max-noprune,73615421113322,11,175881,1582883,7
max-noprune,73615423213211,11,257009,2313030,7
max-noprune,73615423333331,11,184947,1664475,7
max-noprune,73624513121132,11,449706,4047309,7
max-noprune,73624513332131,11,276563,2489028,7
max-noprune,73625141112323,11,440611,3965449,7
max-noprune,73625143121213,11,264080,2376670,7
max-noprune,73625143333313,11,287990,2591862,7
max-noprune,73625412222323,11,207318,1865811,6
max-noprune,73642511111111,11,585554,5269941,7
max-noprune,73642511113232,11,329417,2964705,7
max-noprune,73642511113322,11,221786,1996024,7
max-noprune,73642513223222,11,262886,2365939,7
max-noprune,73645121113211,11,369161,3322408,7
max-noprune,73645122222311,11,285394,2568499,7
max-noprune,73645211223113,11,137519,1237624,6
max-noprune,73645211231111,11,170533,1534752,6
max-noprune,73645211321111,11,155047,1395367,6
max-noprune,73645211332112,11,148452,1336015,6
max-noprune,73645213112231,11,166873,1501810,6
max-noprune,73645213333112,11,147380,1326378,6
max-noprune,73651241113322,11,202792,1825083,7
max-noprune,73652413211312,11,302060,2718489,7
max-noprune,73652413331321,11,343347,3090079,7
max-noprune,73654122111122,11,247757,2229761,6
max-noprune,73654122221111,11,182855,1645638,6
max-noprune,73654211111132,11,277494,2497395,7
max-noprune,74123563323221,11,185842,1672525,7
max-noprune,74123652322121,11,286172,2575499,6
max-noprune,74123653132232,11,386594,3479291,6
max-noprune,74123653133132,11,303549,2731890,6
max-noprune,74123653133222,11,313473,2821199,6
max-noprune,74123653133231,11,271002,2438969,6
max-noprune,74125631313311,11,202483,1822288,6
max-noprune,74125632121121,11,164264,1478333,6
max-noprune,74125632122111,11,153447,1380977,6
max-noprune,74125632131111,11,187861,1690698,6
max-noprune,74125632321332,11,170995,1538902,6
max-noprune,74125633121111,11,212988,1916850,6
max-noprune,74125633131233,11,143684,1293107,6
max-noprune,74125633132232,11,144675,1302025,6
max-noprune,74125633133222,11,148160,1333402,6
max-noprune,74125633133312,11,179425,1614773,6
max-noprune,74125633332323,11,208499,1876445,6
max-noprune,74126352333122,11,221153,1990326,7
max-noprune,74132561321231,11,347494,3127401,7
max-noprune,74132562121121,11,247893,2230990,7
max-noprune,74132562122111,11,223905,2015104,7
max-noprune,74132563131221,11,265443,2388940,7
max-noprune,74132563132112,11,226384,2037409,7
max-noprune,74136522322121,11,260196,2341713,6
max-noprune,74152363132232,11,260357,2343168,6
max-noprune,74152363133132,11,253587,2282232,6
max-noprune,74152363133222,11,303350,2730099,6
max-noprune,74152363133231,11,260402,2343565,6
max-noprune,74156322122123,11,205174,1846503,7
max-noprune,74156322122321,11,205561,1850004,7
max-noprune,74156322313223,11,188358,1695164,7
max-noprune,74156323132331,11,198280,1784472,7
max-noprune,74156323133123,11,213848,1924583,7
max-noprune,74163251121122,11,205435,1848874,6
max-noprune,74163252112211,11,200313,1802770,6
max-noprune,74163252131111,11,214802,1933170,6
max-noprune,74163253121111,11,210843,1897535,6
max-noprune,74163253131332,11,152520,1372630,6
max-noprune,74163253133132,11,145810,1312248,6
max-noprune,74163253133213,11,157654,1418833,6
max-noprune,74163253133231,11,143877,1294849,6
max-noprune,74163253332323,11,194788,1753045,6
max-noprune,74165231121212,11,696740,6270614,8
max-noprune,74165231131313,11,576325,5186868,8
max-noprune,74165231212121,11,596767,5370848,8
max-noprune,74165231313131,11,682125,6139070,8
max-noprune,74165232111212,11,665096,5985814,8
max-noprune,74165232121112,11,609371,5484278,8
max-noprune,74165232121211,11,645887,5812939,8
max-noprune,74165233111313,11,674792,6073077,8
max-noprune,74165233131113,11,646829,5821416,8
max-noprune,74165233131311,11,643289,5789544,8
max-noprune,74165233131323,11,661383,5952402,8
max-noprune,74165233132313,11,665611,5990448,8
max-noprune,74165233231313,11,672345,6051051,8
max-noprune,74213652323132,11,154391,1389469,6
max-noprune,74251633111313,11,377291,3395557,8
max-noprune,74256311321222,11,576559,5188983,7
max-noprune,74256313111232,11,631364,5682231,7
max-noprune,74265312333233,11,211640,1904720,6
max-noprune,74312652333332,11,326449,2937993,8
max-noprune,74321563311131,11,314618,2831522,7
max-noprune,74321653233323,11,216985,1952818,7
max-noprune,74325163131323,11,455271,4097392,8
max-noprune,74325612221222,11,240737,2166580,7
max-noprune,74325613121312,11,309916,2789197,7
max-noprune,74325613131212,11,239722,2157445,7
max-noprune,74325613133333,11,249251,2243208,7
max-noprune,74361253112132,11,219029,1971210,7
max-noprune,74361253211231,11,189246,1703168,7
max-noprune,74365211121221,11,194718,1752408,6
max-noprune,74365211213111,11,188086,1692721,6
max-noprune,74365211312111,11,187821,1690342,6
max-noprune,74365211313113,11,199508,1795516,6
max-noprune,74365211333111,11,198476,1786231,6
max-noprune,74365212111311,11,186346,1677059,6
max-noprune,74365212222323,11,198321,1784836,6
max-noprune,74365212333332,11,184533,1660752,6
max-noprune,74365213111211,11,195839,1762496,6
max-noprune,74365213121333,11,201891,1816974,6
max-noprune,74512361322233,11,228682,2058095,6
max-noprune,74512362313223,11,165023,1485160,6
max-noprune,74513263121222,11,762282,6860488,8
max-noprune,74521632222212,11,296481,2668290,7
max-noprune,74521633121213,11,364463,3280117,7
max-noprune,74521633121312,11,291818,2626316,7
max-noprune,74521633133333,11,340179,3061561,7
max-noprune,74521633333313,11,341678,3075053,7
max-noprune,74523611121113,11,258561,2327000,7
max-noprune,74523611131112,11,279852,2518631,7
max-noprune,74523611213111,11,275633,2480650,7
max-noprune,74523611312111,11,253568,2282062,7
max-noprune,74523612111311,11,262225,2359977,7
max-noprune,74523613111211,11,251623,2264562,7
max-noprune,74532163123223,11,221235,1991066,7
max-noprune,74561231111222,11,192054,1728439,6
max-noprune,74561232111113,11,232337,2090978,6
max-noprune,74561232221111,11,211148,1900278,6
max-noprune,74561233111112,11,255789,2302061,6
max-noprune,74561233131233,11,178631,1607633,6
max-noprune,74561233233323,11,216870,1951785,6
max-noprune,74561233311233,11,217748,1959673,6
max-noprune,74561233321133,11,215828,1942402,6
max-noprune,74561233321313,11,200815,1807286,6
max-noprune,74563211232332,11,214168,1927476,7
max-noprune,74653213133222,11,234315,2108787,6
max-noprune,75132463233233,11,300542,2704827,7
max-noprune,75143263231313,11,494959,4454584,8
max-noprune,75146321323331,11,389629,3506609,7
max-noprune,75213642223133,11,239019,2151116,7
max-noprune,75231463211123,11,585855,5272655,8
max-noprune,75234161322233,11,157727,1419501,6
max-noprune,75234162221111,11,229066,2061546,6
max-noprune,75236143213232,11,144882,1303880,6
max-noprune,75241632222323,11,249664,2246925,7
max-noprune,75243162211322,11,559249,5033186,7
max-noprune,75243611113232,11,204438,1839886,7
max-noprune,75243613213232,11,129711,1167357,6
max-noprune,75246131333312,11,276151,2485315,7
max-noprune,75246311111111,11,1111603,10004378,7
max-noprune,75246313212311,11,311406,2802616,7
max-noprune,75246313312211,11,196919,1772219,7
max-noprune,75246313332332,11,211410,1902638,7
max-noprune,75261432123233,11,263716,2373398,7
max-noprune,75264132121232,11,334214,3007877,7
max-noprune,75264132223331,11,192221,1729931,7
max-noprune,75264132321212,11,366708,3300320,7
max-noprune,75264133121333,11,260392,2343475,7
max-noprune,75264133331213,11,268433,2415845,7
max-noprune,75264311223122,11,217638,1958692,7
max-noprune,75264313231112,11,325757,2931768,7
max-noprune,75312463333133,11,418149,3763289,7
max-noprune,75314621133221,11,135175,1216520,6
max-noprune,75314621313212,11,298330,2684924,6
max-noprune,75314623113122,11,138547,1246871,6
max-noprune,75316241231231,11,247677,2229034,6
max-noprune,75321461311112,11,161078,1449657,6
max-noprune,75321463132121,11,150883,1357899,6
max-noprune,75346122133133,11,254540,2290811,7
max-noprune,75346211133122,11,179921,1619241,6
max-noprune,75346211211311,11,224506,2020515,6
max-noprune,75346211311211,11,142976,1286733,6
max-noprune,75346212323333,11,266666,2399940,6
max-noprune,75346213112132,11,149676,1347031,6
max-noprune,75346213132121,11,180496,1624417,6
max-noprune,75346213132322,11,189510,1705536,6
max-noprune,75346213332122,11,174596,1571312,6
max-noprune,75412631223332,11,143644,1292742,6
max-noprune,75416323232213,11,314420,2829734,7
max-noprune,75431263133213,11,229365,2064236,7
max-noprune,75462132123212,11,632352,5691120,8
max-noprune,75613243131332,11,226154,2035332,7
max-noprune,75613243133213,11,201288,1811541,7
max-noprune,75634123323122,11,189381,1704377,6
max-noprune,75641323232111,11,135920,1223228,6
max-noprune,75642132213311,11,149635,1346667,6
max-noprune,76123453233323,11,196261,1766293,7
max-noprune,76125343333133,11,392579,3533160,8
max-noprune,76143252131312,11,303738,2733597,7
max-noprune,76143252221222,11,299163,2692414,7
max-noprune,76143253131212,11,294459,2650084,7
max-noprune,76143253331333,11,245416,2208694,7
max-noprune,76143253333313,11,385853,3472632,7
max-noprune,76145231121113,11,182903,1646073,6
max-noprune,76145231122112,11,360174,3241520,6
max-noprune,76145231131112,11,199033,1791255,6
max-noprune,76145231221112,11,355250,3197204,6
max-noprune,76145231311331,11,166950,1502497,6
max-noprune,76145232123332,11,183556,1651953,6
max-noprune,76145232233213,11,290768,2616862,6
max-noprune,76145232331313,11,173965,1565631,6
max-noprune,76145232332213,11,298602,2687368,6
max-noprune,76145233133213,11,188225,1693983,6
max-noprune,76145233232333,11,211487,1903337,6
max-noprune,76154323333112,11,212451,1912008,7
max-noprune,76213543213133,11,299391,2694472,7
max-noprune,76213543311332,11,275855,2482647,7
max-noprune,76215341231231,11,217641,1958715,6
max-noprune,76215433333133,11,365669,3290970,8
max-noprune,76231451123111,11,162592,1463283,6
max-noprune,76245311121131,11,149136,1342180,6
max-noprune,76245311131121,11,167850,1510596,6
max-noprune,76245311213312,11,167657,1508862,6
max-noprune,76245312132131,11,150998,1358928,6
max-noprune,76245313122122,11,150685,1356119,6
max-noprune,76245313123121,11,150291,1352563,6
max-noprune,76253141123132,11,134129,1207110,6
max-noprune,76253141211332,11,134845,1213557,6
max-noprune,76253413322312,11,214515,1930580,6
max-noprune,76254133311323,11,655778,5901957,8
max-noprune,76254313211111,11,399806,3598207,7
max-noprune,76312452212111,11,457147,4114278,6
max-noprune,76312453211111,11,198263,1784316,6
max-noprune,76312453311311,11,225596,2030312,6
max-noprune,76312542321212,11,262493,2362388,7
max-noprune,76312542322121,11,189757,1707766,6
max-noprune,76312543322222,11,253209,2278834,7
max-noprune,76315241112113,11,151459,1363080,6
max-noprune,76315241113112,11,144250,1298200,6
max-noprune,76315241223113,11,132196,1189708,6
max-noprune,76315241322122,11,154333,1388950,6
max-noprune,76315241323313,11,152491,1372371,6
max-noprune,76315241332112,11,137548,1237885,6
max-noprune,76315243211231,11,136715,1230379,6
max-noprune,76315243323323,11,181926,1637289,6
max-noprune,76321452122123,11,364755,3282747,7
max-noprune,76321452122321,11,386513,3478563,7
max-noprune,76321452122333,11,450734,4056552,7
max-noprune,76321452123323,11,508924,4580261,7
max-noprune,76321452212231,11,419149,3772292,7
max-noprune,76321452213122,11,461441,4152918,7
max-noprune,76321453233131,11,512107,4608910,7
max-noprune,76321453311233,11,526433,4737842,7
max-noprune,76321453313312,11,494749,4452688,7
max-noprune,76321453321133,11,487888,4390937,7
max-noprune,76321453323311,11,502350,4521109,7
max-noprune,76321542211112,11,348677,3138051,6
max-noprune,76321543211111,11,181512,1633557,6
max-noprune,76321543311131,11,240093,2160793,6
max-noprune,76324151112233,11,179749,1617696,7
max-noprune,76324151112323,11,296954,2672538,7
max-noprune,76324153323122,11,148996,1340920,6
max-noprune,76325411111213,11,193084,1737698,6
max-noprune,76325411111312,11,223507,2011523,6
max-noprune,76325411112131,11,184017,1656100,6
max-noprune,76325411113121,11,198765,1788834,6
max-noprune,76325411122121,11,185867,1672752,6
max-noprune,76325411331311,11,212806,1915209,6
max-noprune,76325412112121,11,223903,2015079,6
max-noprune,76325412231212,11,210512,1894559,6
max-noprune,76325412333233,11,214496,1930411,6
max-noprune,76325413222223,11,190521,1714636,6
max-noprune,76341251111213,11,185073,1665601,6
max-noprune,76341251111312,11,216078,1944655,6
max-noprune,76341251112131,11,208081,1872689,6
max-noprune,76341251113121,11,195974,1763708,6
max-noprune,76341251221121,11,178655,1607847,6
max-noprune,76341251311313,11,184244,1658137,6
max-noprune,76341252232313,11,186344,1677049,6
max-noprune,76341252323333,11,208184,1873610,6
max-noprune,76341253221212,11,192623,1733555,6
max-noprune,76341253233131,11,154976,1394731,6
max-noprune,76342511111231,11,148560,1336987,6
max-noprune,76342511111321,11,157110,1413950,6
max-noprune,76342511323112,11,160784,1447000,6
max-noprune,76342512232223,11,228026,2052184,6
max-noprune,76342513213112,11,228246,2054170,6
max-noprune,76342513322111,11,261490,2353362,6
max-noprune,76342513323122,11,145526,1309694,6
max-noprune,76342513323212,11,189283,1703495,6
max-noprune,76345122211112,11,340543,3064843,6
max-noprune,76345122211121,11,252516,2272596,6
max-noprune,76345122213311,11,151721,1365442,6
max-noprune,76345122311111,11,209625,1886575,6
max-noprune,76345123211111,11,174123,1567054,6
max-noprune,76345123311113,11,217779,1959959,6
max-noprune,76345123311131,11,248355,2235156,6
max-noprune,76345123312211,11,147484,1327302,6
max-noprune,76351421112323,11,316010,2844042,7
max-noprune,76351421113322,11,169551,1525916,7
max-noprune,76351423321232,11,218591,1967265,7
max-noprune,76354121121212,11,323927,2915291,7
max-noprune,76354121122121,11,231478,2083248,7
max-noprune,76354121311313,11,241208,2170823,7
max-noprune,76354121313131,11,345435,3108867,7
max-noprune,76354122111212,11,365886,3292925,7
max-noprune,76354122112121,11,251756,2265753,7
max-noprune,76354122212222,11,234718,2112410,7
max-noprune,76354123211123,11,331947,2987480,7
max-noprune,76354123211132,11,177620,1598530,7
max-noprune,76354123313333,11,289273,2603408,7
max-noprune,76354212213323,11,213090,1917765,6
max-noprune,76354212312233,11,209849,1888580,6
max-noprune,76354212313322,11,214793,1933094,6
max-noprune,76354212333332,11,185758,1671772,6
max-noprune,76354213222223,11,189472,1705198,6
max-noprune,76354213312223,11,196149,1765283,6
max-noprune,76421351131121,11,129451,1165010,6
max-noprune,76512343213313,11,437865,3940737,8
max-noprune,76512343332311,11,432596,3893316,8
max-noprune,76514321112323,11,235798,2122142,6
max-noprune,76514321232113,11,204885,1843913,6
max-noprune,76521433232333,11,234032,2106240,7
max-noprune,76523413223231,11,207296,1865610,7
max-noprune,76524313331222,11,315742,2841625,7
max-noprune,76541232131213,11,425467,3829155,7
max-noprune,76541232221222,11,250796,2257117,7
max-noprune,76541233121213,11,293864,2644725,7
max-noprune,76541233331333,11,296363,2667229,7
max-noprune,76541233333313,11,355938,3203395,7
max-noprune,76543211111111,11,618075,5562621,6
max-noprune,76543211212112,11,205419,1848726,6
max-noprune,76543211223221,11,133973,1205719,6
max-noprune,76543211332331,11,137365,1236244,6
max-noprune,76543211333333,11,164313,1478778,6
max-noprune,76543212132323,11,194589,1751254,6
max-noprune,76543212222221,11,159065,1431532,6
max-noprune,76543212323213,11,193497,1741429,6
max-noprune,76543213113131,11,183448,1650982,6
perm,12345672121232,11,294797,1768787,12
perm,12345672123212,11,288312,1729870,12
perm,12345672321212,11,297847,1787077,12
perm,12345673131323,11,286167,1717004,12
perm,12345673132313,11,341571,2049432,12
perm,12345673231313,11,329271,1975629,12
perm,12345761111111,11,153313,919866,5
perm,12346571111231,11,148301,889787,5
perm,12346751113133,11,182011,1092048,6
perm,12347561112212,11,172510,1035044,6
perm,12347651111111,11,240734,1444392,6
perm,12347651122112,11,169284,1015689,6
perm,12347651133311,11,149771,898603,6
perm,12347652111221,11,138546,831260,6
perm,12347652123233,11,154926,929535,6
perm,12347652123332,11,195336,1172004,6
perm,12347652223232,11,151741,910425,6
perm,12347653111133,11,152535,915199,6
perm,12347653132223,11,137665,825978,6
perm,12347653132322,11,136577,819440,6
perm,12347653332323,11,152961,917748,6
perm,12354671111111,11,175702,1054194,5
perm,12354761112323,11,249761,1498550,7
perm,12354762121112,11,175951,1055687,7
perm,12354762121211,11,192854,1157117,7
perm,12354762311123,11,163079,978461,7
perm,12354763131131,11,170370,1022199,7
perm,12354763133111,11,153492,920941,7
perm,12354763211123,11,183693,1102145,7
perm,12356471113133,11,166862,1001160,6
perm,12356741133131,11,259964,1559782,11
perm,12356741313131,11,261812,1570869,11
perm,12356743113131,11,269546,1617279,11
perm,12357461111222,11,182963,1097768,6
perm,12357461113331,11,173334,1039991,6
perm,12357462211112,11,177142,1062831,6
perm,12357641113331,11,161838,971010,6
perm,12364571112212,11,182454,1094710,6
perm,12364751112212,11,160092,960540,6
perm,12364751113133,11,169083,1014480,6
perm,12364753311131,11,159182,955069,6
perm,12365471111111,11,165403,992402,6
perm,12365471211122,11,157128,942754,6
perm,12365471313113,11,136638,819808,6
perm,12365472223232,11,150529,903158,6
perm,12365472321233,11,172379,1034265,6
perm,12365473232312,11,143463,860759,6
perm,12365473332323,11,138082,828477,6
perm,12365741113331,11,173411,1040450,6
perm,12367451123333,11,292272,1753625,11
perm,12367451132222,11,280608,1683644,11
perm,12367451213333,11,294129,1764770,11
perm,12367451312222,11,353954,2123729,11
perm,12367452113333,11,321275,1927648,11
perm,12367453112222,11,294408,1766442,11
perm,12367541112212,11,208350,1250093,6
perm,12367541113331,11,233356,1400124,6
perm,12367541331131,11,156774,940635,6
perm,12374561121212,11,259719,1558304,11
perm,12374561211212,11,263706,1582231,11
perm,12374562111212,11,309233,1855395,11
perm,12374651111222,11,194663,1167959,6
perm,12375461111222,11,177441,1064627,6
perm,12375641113112,11,192638,1155812,5
perm,12376451111222,11,185438,1112611,6
perm,12376451113133,11,172671,1036017,6
perm,12376451221211,11,160150,960881,6
perm,12376541112323,11,174692,1048140,7
perm,12376541232233,11,237160,1422954,7
perm,12376541322233,11,168525,1011139,7
perm,12376542121232,11,169787,1018701,7
perm,12376542123212,11,155541,933230,7
perm,12376543133132,11,156019,936106,7
perm,12376543133231,11,154569,927396,7
perm,12456731132321,11,277018,1662090,6
perm,12456731233223,11,165858,995135,6
perm,12456733223321,11,166768,1000597,6
perm,12463751231231,11,198709,1192235,7
perm,12467351131121,11,174427,1046539,6
perm,12467351231321,11,146126,876733,6
perm,12473561132123,11,165093,990549,6
perm,12536741112323,11,140366,842183,6
perm,12537461332112,11,182527,1095146,7
perm,12543671111111,11,163807,982832,6
perm,12543671211212,11,157330,943960,6
perm,12543671331113,11,142785,856690,6
perm,12543672121121,11,145213,871264,6
perm,12543672321332,11,153407,920426,6
perm,12543672322232,11,143680,862065,6
perm,12543672331232,11,138133,828776,6
perm,12543673111331,11,143634,861784,6
perm,12543673221323,11,150825,904930,6
perm,12543673231223,11,144513,867061,6
perm,12543673233323,11,182894,1097347,6
perm,12546371221331,11,181184,1087090,6
perm,12563472131213,11,199924,1199526,6
perm,12563473131212,11,187641,1125826,6
perm,12564733323122,11,170803,1024802,8
perm,12567433232333,11,146280,877657,7
perm,12576343212221,11,210440,1262627,7
perm,12637451132111,11,188188,1129114,6
perm,12637451332112,11,142351,854078,6
perm,12643571321321,11,178368,1070187,6
perm,12645371131121,11,182511,1095042,5
perm,12673542331133,11,231925,1391538,7
perm,12734561112323,11,139760,838544,6
perm,12734561322233,11,143124,858727,6
perm,12734562313223,11,137492,824932,6
perm,12745631111111,11,424224,2545328,6
perm,12745632111122,11,147199,883173,6
perm,12745632212213,11,177745,1066456,6
perm,12745632222221,11,147865,887169,6
perm,12745632232211,11,169743,1018435,6
perm,12745633131131,11,167510,1005049,6
perm,12745633313312,11,150132,900775,6
perm,12745633313333,11,148886,893303,6
perm,12745633323311,11,151430,908563,6
perm,12753462231323,11,172228,1033356,8
perm,12763452322232,11,148480,890866,7
perm,12765432121313,11,187611,1125658,7
perm,12765432222212,11,276972,1661823,7
perm,12765433121213,11,207656,1245923,7
perm,12765433331333,11,187595,1125565,7
perm,13245671321111,11,192836,1157000,5
perm,13246571111111,11,174397,1046370,7
perm,13246571112233,11,158875,953236,7
perm,13246571113232,11,238256,1429530,7
perm,13246572321332,11,176822,1060912,7
perm,13246572331232,11,156418,938488,7
perm,13246573221233,11,169491,1016917,7
perm,13246573321223,11,170093,1020542,7
perm,13246752133211,11,222045,1332264,7
perm,13247563212131,11,194111,1164659,7
perm,13254761322233,11,179635,1077802,7
perm,13254761323322,11,160230,961359,7
perm,13254762321233,11,198938,1193619,7
perm,13254763323122,11,192310,1153850,7
perm,13257641112233,11,166479,998864,7
perm,13265741112323,11,219804,1318813,7
perm,13265742131312,11,213551,1281289,7
perm,13267451122211,11,180418,1082495,6
perm,13267451311133,11,152383,914278,6
perm,13267541111132,11,220596,1323558,7
perm,13267541232212,11,201650,1209886,7
perm,13274651112323,11,190611,1143656,7
perm,13275461112233,11,179682,1078074,7
perm,13275463213211,11,178828,1072955,7
perm,13275641112233,11,228654,1371901,7
perm,13275641112323,11,228316,1369876,7
perm,13275642131333,11,211155,1266919,7
perm,13275643212221,11,225154,1350907,7
perm,13276451113211,11,245413,1472461,7
perm,13276451233133,11,239822,1438912,7
perm,13276541133122,11,170190,1021120,6
perm,13276541213312,11,233440,1400619,6
perm,13276541321123,11,175845,1055050,6
perm,13276541322311,11,225291,1351723,6
perm,13276541323112,11,147430,884560,6
perm,13276541323322,11,151700,910183,6
perm,13276542323312,11,161247,967466,6
perm,13276543323122,11,167623,1005725,6
perm,13462571111111,11,144927,869546,6
perm,13462572213311,11,140691,844138,6
perm,13527461211113,11,178705,1072215,6
perm,13542671231231,11,163344,980045,6
perm,13546271213213,11,168061,1008351,6
perm,13546271231231,11,232051,1392285,6
perm,13546271321321,11,199195,1195154,6
perm,13572641122133,11,219637,1317811,7
perm,13576241312213,11,221983,1331892,7
perm,13576241321321,11,207780,1246664,7
perm,13627451332112,11,178601,1071597,7
perm,13642571221223,11,261442,1568652,11
perm,13642571223221,11,260277,1561657,11
perm,13642573221221,11,295693,1774158,11
perm,13645271221331,11,168189,1009116,6
perm,13647521111111,11,137912,827450,6
perm,13675241112323,11,171087,1026509,7
perm,13675242331313,11,180670,1084005,7
perm,13725642332132,11,182364,1094169,5
perm,13754262123323,11,387045,2322256,7
perm,13762451321321,11,176276,1057638,7
perm,13764251211311,11,140824,844917,6
perm,13764252323231,11,155547,933265,6
perm,13765422121211,11,218956,1313724,8
perm,14263751131121,11,166722,1000320,6
perm,14267351321321,11,190828,1144952,7
perm,14275633323122,11,176403,1058400,5
perm,14325671111111,11,500405,3002415,6
perm,14325672112121,11,145591,873534,6
perm,14325672231323,11,146707,880231,6
perm,14325672323222,11,145692,874133,6
perm,14325673123232,11,153880,923265,6
perm,14325673232333,11,137791,826722,6
perm,14325673311131,11,163621,981715,6
perm,14327652131213,11,176909,1061441,6
perm,14327653121213,11,189092,1134544,6
perm,14352672212111,11,162461,974747,6
perm,14356721112323,11,146288,877715,6
perm,14356721322233,11,194707,1168229,6
perm,14367252322232,11,150054,900306,7
perm,14367523311113,11,271364,1628174,7
perm,14523672121313,11,187408,1124434,6
perm,14523673121312,11,224468,1346803,6
perm,14527631121311,11,153712,922254,6
perm,14527631131211,11,146730,880363,6
perm,14527631133311,11,136571,819395,6
perm,14527631211131,11,163658,981935,6
perm,14527631311121,11,159429,956553,6
perm,14527632122213,11,159953,959699,6
perm,14527632212111,11,159818,958891,6
perm,14527632333332,11,196378,1178256,6
perm,14527633132322,11,151559,909337,6
perm,14527633312133,11,149911,899448,6
perm,14536273311311,11,182805,1096818,7
perm,14537622231323,11,159137,954807,8
perm,14563272323222,11,140535,843195,7
perm,14567231312213,11,214650,1287890,7
perm,14567231321123,11,213980,1283867,7
perm,14573261333111,11,181629,1089758,7
perm,14625731111111,11,182213,1093261,6
perm,14625731131121,11,187186,1123100,6
perm,14625731322233,11,163458,980724,6
perm,14625732112121,11,165757,994528,6
perm,14625732113321,11,177256,1063524,6
perm,14625732213323,11,149201,895185,6
perm,14625732233111,11,162499,974975,6
perm,14625733133111,11,155338,932011,6
perm,14632571111111,11,240912,1445457,6
perm,14632571321132,11,167049,1002280,6
perm,14652733321331,11,198724,1192329,8
perm,14673251111111,11,177596,1065561,6
perm,14723651111213,11,145463,872766,6
perm,14723651111312,11,186348,1118079,6
perm,14723651112131,11,147719,886305,6
perm,14723651113121,11,140566,843378,6
perm,14723651211212,11,139111,834647,6
perm,14723652322121,11,140541,843228,6
perm,14723652331232,11,158993,953941,6
perm,14723653232222,11,143723,862321,6
perm,14723653313111,11,140477,842841,6
perm,14723653321313,11,190389,1142324,6
perm,14725361111111,11,148393,890344,6
perm,14725361111123,11,156665,939976,6
perm,14725361322332,11,179166,1074980,6
perm,14725362211121,11,195845,1175055,6
perm,14725363211213,11,152906,917421,6
perm,14725363213121,11,148092,888531,6
perm,14725363223213,11,163376,980240,6
perm,14725363311113,11,190884,1145278,6
perm,14726531223122,11,179279,1075661,6
perm,14726531232122,11,173589,1041521,6
perm,14726531233313,11,154612,927660,6
perm,14726531333312,11,150306,901824,6
perm,14726532232313,11,165915,995479,6
perm,14726533323122,11,159196,955156,6
perm,14735621221112,11,155201,931193,6
perm,14735621223113,11,153724,922328,6
perm,14735621223332,11,237712,1426260,6
perm,14735621233112,11,197298,1183768,6
perm,14735621323112,11,191799,1150774,6
perm,14735621332112,11,148805,892808,6
perm,14735621333111,11,147443,884636,6
perm,14735621333222,11,149900,899383,6
perm,14736251111132,11,164841,989031,7
perm,14736251112332,11,153627,921748,7
perm,14736253222223,11,158300,949796,7
perm,14736521132222,11,171571,1029403,7
perm,14736521133131,11,163829,982956,7
perm,14736521211212,11,157220,943303,7
perm,14736521213333,11,171545,1029249,7
perm,14736521221313,11,181741,1090438,7
perm,14736521321231,11,233389,1400331,7
perm,14736521322233,11,161301,967792,7
perm,14736521332121,11,204145,1224855,7
perm,14736523112222,11,172138,1032812,7
perm,14736523113131,11,157796,946757,7
perm,14752363222121,11,156582,939474,7
perm,14752363232222,11,186852,1121092,7
perm,14752363233131,11,171410,1028433,7
perm,14752631111111,11,178266,1069583,6
perm,14752631112311,11,173460,1040740,6
perm,14752631323223,11,160996,965955,6
perm,14752632332132,11,161191,967128,6
perm,14752633213223,11,162060,972348,6
perm,14752633222223,11,160225,961335,6
perm,14752633223123,11,168061,1008348,6
perm,14752633223231,11,185692,1114134,6
perm,14753261221112,11,155738,934410,6
perm,14753261323112,11,208427,1250553,6
perm,14753261333111,11,156747,940463,6
perm,14762351221331,11,196379,1178259,6
perm,14762351321231,11,188543,1131247,6
perm,14762351331221,11,165090,990514,6
perm,14763251221223,11,338081,2028482,10
perm,14763251222312,11,317576,1905450,10
perm,14763251332331,11,294758,1768543,10
perm,14763251333123,11,282513,1695074,10
perm,14763252322121,11,276905,1661419,10
perm,14763253132232,11,270536,1623211,10
perm,14763253133132,11,271201,1627197,10
perm,14763253133222,11,292831,1756987,10
perm,14763253133231,11,285954,1715712,10
perm,14763253221221,11,276001,1655999,10
perm,14763253222112,11,310562,1863370,10
perm,14763521113211,11,173306,1039815,7
perm,14763521113223,11,157909,947441,7
perm,14763523222331,11,152245,913453,7
perm,14765231111213,11,159625,957729,6
perm,14765231111312,11,164933,989581,6
perm,14765231112131,11,153867,923184,6
perm,14765231113121,11,140921,845506,6
perm,14765231133131,11,145187,871100,6
perm,14765232211211,11,140995,845956,6
perm,14765232232322,11,142367,854182,6
perm,14765232331313,11,153670,922000,6
perm,14765233113131,11,140078,840445,6
perm,14765233323332,11,147994,887960,6
perm,15236471111111,11,168045,1008255,6
perm,15236473231121,11,143982,863879,6
perm,15243671331221,11,178411,1070447,6
perm,15246371331332,11,273932,1643590,11
perm,15246371332331,11,264001,1584001,11
perm,15246372331331,11,259865,1559188,11
perm,15267431223113,11,179178,1075049,7
perm,15273641112323,11,180805,1084809,7
perm,15324673113311,11,250956,1505724,6
perm,15342671211311,11,146032,876165,5
perm,15346271321321,11,165536,993197,6
perm,15367421211113,11,194300,1165789,6
perm,15367421223113,11,149701,898187,6
perm,15367423211123,11,151268,907588,6
perm,15426371111111,11,145002,869996,6
perm,15426371112233,11,148542,891241,6
perm,15463271313113,11,179532,1077176,7
perm,15624732123212,11,193547,1161272,7
perm,15624732133313,11,165254,991502,7
perm,15624732333332,11,160498,962973,7
perm,15627431223113,11,156244,937445,6
perm,15627431322113,11,206085,1236492,6
perm,15627431332112,11,159637,957804,6
perm,15634722123332,11,216155,1296917,7
perm,15634722321233,11,157530,945168,7
perm,15637423211123,11,177557,1065332,8
perm,15642371111111,11,308992,1853945,7
perm,15642372213311,11,170420,1022501,7
perm,15642372231332,11,168946,1013655,7
perm,15642372331322,11,155817,934884,7
perm,15642373212311,11,158830,952969,7
perm,15642373221323,11,163920,983511,7
perm,15642373231223,11,186262,1117561,7
perm,15643271221331,11,173399,1040381,6
perm,15643271331221,11,181932,1091579,6
perm,15643273223111,11,150728,904345,6
perm,15647233213232,11,170860,1025150,8
perm,15672341113232,11,186609,1119643,7
perm,15672341323112,11,160409,962445,7
perm,15672342323312,11,167014,1002070,7
perm,15672343213232,11,162583,975475,7
perm,15672433312133,11,229699,1378179,7
perm,15724362212132,11,212130,1272773,8
perm,15724631111111,11,148813,892855,6
perm,15724631211311,11,160029,960163,6
perm,15724631322233,11,177018,1062092,6
perm,15724632123233,11,207676,1246045,6
perm,15724632313223,11,164293,985750,6
perm,15724632323231,11,176632,1059772,6
perm,15724632323333,11,169370,1016202,6
perm,15724633132322,11,146704,880203,6
perm,15734622331223,11,201060,1206337,7
perm,15746321111111,11,199246,1195458,6
perm,15746321323211,11,144336,865998,6
perm,15746322313112,11,137015,822075,6
perm,15762342122213,11,238181,1429070,7
perm,15763241111111,11,171267,1027587,6
perm,15763242323132,11,146065,876369,6
perm,16243571132132,11,153811,922850,6
perm,16243571231231,11,179330,1075951,6
perm,16243571321321,11,170635,1023798,6
perm,16245371231231,11,193157,1158926,6
perm,16254733312223,11,268155,1608914,7
perm,16257431132111,11,170600,1023579,6
perm,16257433223123,11,148117,888693,6
perm,16273541122133,11,244342,1466031,7
perm,16273541321321,11,248309,1489837,7
perm,16275341312213,11,189681,1138079,7
perm,16275343122221,11,174898,1049375,7
perm,16327453232333,11,144921,869510,7
perm,16342571331221,11,184628,1107756,6
perm,16345271111111,11,287349,1724082,6
perm,16345271133131,11,148999,893974,6
perm,16345271222111,11,162225,973338,6
perm,16345272322232,11,157731,946374,6
perm,16345272333212,11,139093,834544,6
perm,16345273122323,11,170556,1023318,6
perm,16345273233323,11,192374,1154228,6
perm,16347252131312,11,227176,1363035,6
perm,16347253121312,11,218586,1311498,6
perm,16357421223113,11,185207,1111239,7
perm,16374521112323,11,146550,879290,6
perm,16374523211123,11,142968,857787,6
perm,16423572112121,11,188751,1132491,7
perm,16427531211311,11,157153,942901,7
perm,16427531231321,11,164640,987828,7
perm,16427532333233,11,262485,1574893,7
perm,16453271111111,11,185829,1114951,6
perm,16453271211113,11,149408,896423,6
perm,16453272111131,11,150259,901531,6
perm,16475233132313,11,230760,1384549,8
perm,16523473332323,11,142359,854140,7
perm,16523741112212,11,175419,1052495,7
perm,16524731112212,11,196706,1180227,6
perm,16524731112233,11,182043,1092247,6
perm,16524731113133,11,165390,992320,6
perm,16527341111111,11,148433,890577,6
perm,16527431123333,11,295276,1771651,10
perm,16527431222132,11,312370,1874215,10
perm,16527431312222,11,335891,2015336,10
perm,16527431333213,11,274928,1649558,10
perm,16527432113333,11,270691,1624140,10
perm,16527432211322,11,309532,1857179,10
perm,16527432231122,11,279008,1674046,10
perm,16527432231332,11,271978,1631859,10
perm,16527432331322,11,289090,1734531,10
perm,16527432333113,11,282555,1695317,10
perm,16527433312133,11,270023,1620123,10
perm,16532471111222,11,198534,1191185,7
perm,16534271111111,11,168571,1011409,6
perm,16534271111132,11,139682,838066,6
perm,16534273211111,11,175151,1050895,6
perm,16534723211123,11,233518,1401099,8
perm,16537421111222,11,155173,931014,6
perm,16537421113322,11,167792,1006735,6
perm,16537421113331,11,163250,979484,6
perm,16537421223113,11,155777,934641,6
perm,16537421233112,11,208785,1252695,6
perm,16537421332112,11,156727,940337,6
perm,16542371221331,11,153546,921255,6
perm,16542371331221,11,169283,1015680,6
perm,16542372112331,11,219185,1315095,6
perm,16543271221223,11,353694,2122154,11
perm,16543271223221,11,270428,1622567,11
perm,16543271331332,11,294710,1768259,11
perm,16543271332331,11,292894,1757360,11
perm,16543272331331,11,273109,1638641,11
perm,16543273221221,11,293236,1759409,11
perm,16543721111111,11,147952,887692,6
perm,16543721113211,11,140903,845400,6
perm,16547233332323,11,156786,940704,7
perm,16547321113331,11,209910,1259449,7
perm,16572431111111,11,170403,1022406,6
perm,16572433213223,11,150219,901292,6
perm,16573241123123,11,180044,1080243,6
perm,16573241312312,11,160624,963721,6
perm,16574231113133,11,179843,1079048,7
perm,16723451122133,11,178545,1071259,7
perm,16723451322311,11,187164,1122973,7
perm,16725431121311,11,140133,840780,6
perm,16725431131211,11,147475,884835,6
perm,16725431211122,11,143478,860861,6
perm,16725431211131,11,185380,1112265,6
perm,16725431311121,11,137601,825585,6
perm,16725432211121,11,155579,933458,6
perm,16725432232223,11,137575,825430,6
perm,16725433113311,11,144127,864743,6
perm,16725433122212,11,140301,841790,6
perm,16725433333232,11,139406,836416,6
perm,16735242122213,11,216147,1296867,8
perm,16742352232313,11,180748,1084475,8
perm,16743252323222,11,143742,862433,7
perm,16745232121313,11,182341,1094038,7
perm,16745232122222,11,171770,1030602,7
perm,16745233121213,11,171754,1030506,7
perm,16745233333313,11,244908,1469442,7
perm,16753241221112,11,184265,1105578,7
perm,17246351111111,11,139277,835640,6
perm,17265433111313,11,279779,1678656,8
perm,17324561211323,11,200438,1202607,6
perm,17324561232332,11,139830,838965,6
perm,17326452212111,11,271347,1628067,7
perm,17356241212313,11,144896,869351,6
perm,17356242211331,11,229133,1374776,6
perm,17362451211311,11,141752,850498,6
perm,17362451231321,11,151473,908826,6
perm,17362452213311,11,227881,1367272,6
perm,17364251231231,11,211998,1271977,7
perm,17423653213232,11,173370,1040207,8
perm,17425631122112,11,161242,967433,6
perm,17425631223113,11,155272,931616,6
perm,17425631313113,11,153958,923729,6
perm,17425631322113,11,192136,1152796,6
perm,17425631322332,11,227710,1366240,6
perm,17425631323112,11,197551,1185292,6
perm,17425631323223,11,157237,943408,6
perm,17425631332112,11,159966,959774,6
perm,17426531112233,11,167903,1007410,7
perm,17426531121212,11,171456,1028721,7
perm,17426531132312,11,183309,1099837,7
perm,17426531213123,11,202501,1214991,7
perm,17426531223221,11,154119,924687,7
perm,17426531232233,11,232107,1392630,7
perm,17426531313131,11,171477,1028845,7
perm,17426531331332,11,166139,996823,7
perm,17426532121211,11,155201,931184,7
perm,17426532331331,11,177643,1065832,7
perm,17435622211133,11,245164,1470972,7
perm,17435623211123,11,242623,1455726,7
perm,17436521323232,11,148225,889343,7
perm,17452363213232,11,165139,990819,7
perm,17452363322132,11,153030,918157,7
perm,17452633213232,11,221554,1329319,7
perm,17453262211133,11,177290,1063721,8
perm,17462352213311,11,189155,1134912,8
perm,17463251122112,11,160241,961428,6
perm,17463251221331,11,152710,916238,6
perm,17463251313113,11,156200,937178,6
perm,17463251321231,11,167662,1005952,6
perm,17463251323112,11,206879,1241262,6
perm,17463251331221,11,162662,975954,6
perm,17526431131121,11,169803,1018814,7
perm,17526431231321,11,173954,1043706,7
perm,17526432123233,11,220585,1323504,7
perm,17543261111111,11,191972,1151812,6
perm,17543261132111,11,142431,854561,6
perm,17642531111111,11,138385,830288,6
perm,17642531112233,11,196303,1177802,6
perm,17642533312211,11,140585,843496,6
perm,17643251122112,11,178612,1071660,7
perm,21345671111111,11,182424,1094517,5
perm,21345762223322,11,279029,1674163,7
perm,21345762312323,11,231706,1390223,7
perm,21345762313223,11,208733,1252382,7
perm,21345763332233,11,208564,1251368,7
perm,21346752313322,11,215010,1290047,7
perm,21347562312323,11,299798,1798771,7
perm,21354671122112,11,154345,926047,7
perm,21354671131313,11,181022,1086126,7
perm,21354671221112,11,156175,937036,7
perm,21354672311123,11,186045,1116265,7
perm,21354672311132,11,192760,1156547,7
perm,21354672313211,11,491587,2949512,7
perm,21354673131113,11,179851,1079090,7
perm,21354761112233,11,174950,1049678,6
perm,21354761112311,11,158084,948487,6
perm,21354761113211,11,174675,1048033,6
perm,21354761113322,11,165970,995802,6
perm,21354761122211,11,198007,1188022,6
perm,21354761133311,11,167451,1004687,6
perm,21354762213311,11,154399,926374,6
perm,21354763312211,11,161626,969739,6
perm,21357462311111,11,243535,1461192,7
perm,21357463213331,11,228200,1369183,7
perm,21357642221132,11,209925,1259536,7
perm,21364752311111,11,205855,1235119,7
perm,21364753212212,11,202192,1213132,7
perm,21365742221312,11,162935,977595,7
perm,21365742312323,11,202957,1217732,7
perm,21367451311331,11,157480,944861,6
perm,21367452112112,11,154912,929450,6
perm,21374653333121,11,198499,1190979,7
perm,21375462312233,11,164278,985656,7
perm,21375463333211,11,192851,1157096,7
perm,21376541111123,11,163148,978868,7
perm,21376541112311,11,163666,981984,7
perm,21376541122211,11,209698,1258173,7
perm,21376541131133,11,161769,970594,7
perm,21457631321123,11,236258,1417535,6
perm,21473563331312,11,213677,1282059,8
perm,21536742222131,11,223973,1343829,8
perm,21654372231323,11,167553,1005314,7
perm,21654372233321,11,164068,984399,7
perm,21654373332122,11,169779,1018653,7
perm,21654373332221,11,166158,996935,7
perm,21734652123131,11,139341,836026,6
perm,23147562123131,11,216601,1299600,8
perm,23147651112323,11,159112,954661,7
perm,23147652312323,11,164136,984798,7
perm,23156471222132,11,169642,1017832,7
perm,23156471333132,11,153365,920166,7
perm,23156473323332,11,157514,945070,7
perm,23157461231333,11,190818,1144896,8
perm,23157462131123,11,237236,1423407,8
perm,23164573213133,11,198751,1192483,8
perm,23164752131312,11,170609,1023643,7
perm,23164753333313,11,163489,980916,7
perm,23165471111111,11,152099,912573,6
perm,23165471311133,11,160844,965044,6
perm,23165471312132,11,154517,927083,6
perm,23165472111122,11,163037,978210,6
perm,23165472111332,11,149018,894084,6
perm,23165472132332,11,175667,1053978,6
perm,23165472311111,11,157931,947572,6
perm,23165473233221,11,197435,1184593,6
perm,23165741112323,11,203712,1222265,9
perm,23165741231312,11,228254,1369519,9
perm,23165742123131,11,207091,1242543,9
perm,23165742131321,11,278650,1671895,9
perm,23165742131333,11,326288,1957728,9
perm,23165742312323,11,235819,1414895,9
perm,23165743331312,11,326059,1956351,9
perm,23167541233322,11,184620,1107713,7
perm,23167542131222,11,184598,1107575,7
perm,23174652123131,11,173756,1042522,8
perm,23175463211222,11,208989,1253926,7
perm,23176452132221,11,200957,1205725,8
perm,23176453332233,11,195263,1171567,8
perm,23416752121211,11,242693,1456152,8
perm,23417563232123,11,154847,929067,6
perm,23456173212332,11,153467,920792,7
perm,23456173233122,11,181221,1087312,7
perm,23456713212332,11,161514,969065,8
perm,23475162121112,11,229861,1379151,9
perm,23517462131333,11,250154,1500917,8
perm,23576412233321,11,146552,879296,6
perm,23576412312323,11,139060,834341,6
perm,23657142121112,11,243662,1461958,8
perm,23671452122333,11,372289,2233726,8
perm,23674153232321,11,148180,889058,6
perm,23751461132123,11,141983,851876,6
perm,23751463112321,11,141398,848367,6
perm,23756143222331,11,195964,1175783,8
perm,23756411222312,11,267791,1606728,8
perm,23756413222112,11,279855,1679118,8
perm,23756413223312,11,271215,1627275,8
perm,23756413322312,11,283624,1701735,8
perm,24153672321233,11,170626,1023743,8
perm,24157361313212,11,166494,998946,6
perm,24157362323111,11,166609,999641,6
perm,24167353132232,11,272250,1633497,8
perm,24173652323231,11,140186,841098,6
perm,24315673311311,11,255739,1534428,6
perm,24315761122322,11,192963,1157768,7
perm,24315762213323,11,168011,1008049,7
perm,24351671212211,11,214398,1286381,6
perm,24351673111133,11,214982,1289887,6
perm,24351673311311,11,253149,1518879,6
perm,24351761111123,11,292242,1753438,7
perm,24351761212232,11,209846,1259067,7
perm,24367511323112,11,208603,1251605,6
perm,24367513111121,11,147992,887931,6
perm,24376512222122,11,250240,1501427,7
perm,24516732233111,11,169356,1016118,7
perm,24531673123121,11,227611,1365656,7
perm,24536713231232,11,203574,1221435,8
perm,24537613231322,11,232058,1392333,7
perm,24561372111131,11,181295,1087750,6
perm,24563711121212,11,232059,1392348,9
perm,24563712121232,11,232831,1396980,9
perm,24563713121222,11,303987,1823919,9
perm,24571362221213,11,217223,1303319,8
perm,24571631121212,11,213680,1282065,9
perm,24615371112332,11,177027,1062147,7
perm,24615372213311,11,337943,2027645,7
perm,24615731122313,11,228978,1373869,9
perm,24615731132333,11,304642,1827853,9
perm,24615732111323,11,279686,1678120,9
perm,24615732213311,11,203904,1223414,9
perm,24615732233321,11,238305,1429823,9
perm,24615733113323,11,310484,1862902,9
perm,24615733311122,11,205353,1232109,9
perm,24617532233321,11,250215,1501267,7
perm,24637512311132,11,215961,1295748,8
perm,24651731113223,11,181577,1089455,7
perm,24651731333333,11,166776,1000647,7
perm,24715363311332,11,205430,1232571,7
perm,24715631111111,11,157783,946690,6
perm,24715631122121,11,194210,1165239,6
perm,24715631122133,11,148729,892353,6
perm,24715632313223,11,148791,892725,6
perm,24715633112111,11,149039,894214,6
perm,24715633131131,11,191747,1150462,6
perm,24716532323231,11,246551,1479289,7
perm,24731561111111,11,241717,1450290,6
perm,24731562311231,11,166447,998666,6
perm,24736512222332,11,239119,1434705,8
perm,24751362221231,11,304489,1826922,8
perm,24751362321113,11,359855,2159118,8
perm,24761531221223,11,266442,1598640,7
perm,24763151111111,11,147564,885366,6
perm,24765313222112,11,229851,1379092,8
perm,25134672233321,11,148025,888129,6
perm,25134672312323,11,142953,857703,6
perm,25134672313211,11,162978,977855,6
perm,25137461111111,11,166655,999912,6
perm,25137461211323,11,141686,850089,6
perm,25163741112323,11,168133,1008777,7
perm,25314673111313,11,418787,2512714,11
perm,25314673111331,11,404925,2429548,11
perm,25314673131311,11,408145,2448871,11
perm,25341673113311,11,303056,1818324,6
perm,25341762313223,11,283624,1701727,7
perm,25364172311231,11,303984,1823888,6
perm,25364173223231,11,140522,843110,6
perm,25367411211122,11,188404,1130403,7
perm,25413672323111,11,303183,1819085,6
perm,25413763121222,11,208666,1251980,8
perm,25436711311313,11,170215,1021272,5
perm,25436712123122,11,157718,946290,5
perm,25436712123332,11,163102,978588,5
perm,25436712132122,11,176682,1060079,5
perm,25436712323231,11,153225,919327,5
perm,25436713232321,11,179946,1079651,5
perm,25436713332122,11,166204,997210,5
perm,25463713212332,11,208383,1250289,8
perm,25471362323132,11,169447,1016665,6
perm,25471631312213,11,251266,1507585,8
perm,25631741212121,11,330367,1982190,8
perm,25634713321232,11,193034,1158188,8
perm,25641371213132,11,195866,1175184,7
perm,25714632123131,11,194912,1169456,7
perm,25714632223331,11,182523,1095127,7
perm,25714632313211,11,420292,2521743,7
perm,25714633121333,11,183712,1102258,7
perm,25716431212223,11,196935,1181599,8
perm,25716433223213,11,202212,1213255,8
perm,25731642232211,11,329504,1977011,9
perm,25734162221111,11,175639,1053813,7
perm,25734613113323,11,245030,1470174,8
perm,25736141111123,11,212041,1272233,6
perm,25736141233232,11,226689,1360127,6
perm,25736411133113,11,186824,1120928,7
perm,25736411231321,11,171355,1028124,7
perm,25736411321312,11,155848,935070,7
perm,25736411331113,11,179517,1077086,7
perm,25736413123112,11,162137,972810,7
perm,25741361232113,11,202926,1217546,8
perm,25741632222323,11,170563,1023368,7
perm,25741632312323,11,165981,995877,7
perm,25743611233232,11,200407,1202429,7
perm,25763142223133,11,214059,1284343,8
perm,25763411332322,11,160881,965272,7
perm,26135742132221,11,201706,1210232,7
perm,26135742213323,11,167247,1003459,7
perm,26135742332312,11,193446,1160660,7
perm,26153471122121,11,183485,1100892,6
perm,26153473131131,11,164756,988517,6
perm,26153473132121,11,175463,1052753,6
perm,26154372332213,11,392259,2353539,7
perm,26175432331133,11,224594,1347552,8
perm,26317451212211,11,271162,1626966,7
perm,26345711223113,11,139027,834138,5
perm,26371453112111,11,165555,993314,6
perm,26415731322323,11,162480,974868,7
perm,26415732121223,11,165534,993195,7
perm,26415732233321,11,203382,1220276,7
perm,26435712222122,11,305742,1834444,9
perm,26435712233321,11,234222,1405325,9
perm,26435712311132,11,199622,1197717,9
perm,26435712322322,11,280313,1681876,9
perm,26435713311122,11,212057,1272330,9
perm,26435713333133,11,259190,1555130,9
perm,26437512122312,11,183977,1103852,7
perm,26453172211133,11,204290,1225729,8
perm,26453711333333,11,185780,1114663,7
perm,26513471122121,11,186156,1116921,7
perm,26517343333313,11,227581,1365470,8
perm,26534713333313,11,232542,1395233,7
perm,26543171111111,11,146991,881923,6
perm,26543171123111,11,144372,866205,6
perm,26547313131323,11,245213,1471275,9
perm,26573413331312,11,210666,1263973,8
perm,26714531212133,11,190444,1142652,8
perm,26714532121133,11,209538,1257217,8
perm,26715433231322,11,173756,1042523,6
perm,26741351232113,11,140715,844264,6
perm,26743512121232,11,245783,1474692,8
perm,27134561131133,11,177255,1063511,7
perm,27154632311132,11,144579,867454,6
perm,27314652313211,11,162500,974987,6
perm,27365412321212,11,243161,1458957,8
perm,27415363131113,11,235944,1415650,9
perm,27415632323231,11,210930,1265566,8
perm,27415633321322,11,254426,1526546,8
perm,27416532133232,11,161154,966908,6
perm,27416533321232,11,187838,1127008,6
perm,27435612122222,11,166236,997408,7
perm,27453161123111,11,142343,854042,6
perm,27453161132111,11,168406,1010434,6
perm,27456133132223,11,183824,1102934,7
perm,27516341111111,11,141782,850659,6
perm,27534161111111,11,141873,851215,6
perm,27534161111123,11,224608,1347631,6
perm,27534162311111,11,154173,925026,6
perm,27534612311132,11,181236,1087402,8
perm,27536412332312,11,202179,1213063,8
perm,27543611111123,11,204749,1228484,6
perm,27543611111132,11,143409,860429,6
perm,27546312231122,11,342293,2053745,8
perm,27613543333133,11,241633,1449778,8
perm,27614353311332,11,219641,1317836,8
perm,27615431312333,11,224012,1344061,7
perm,27615432113321,11,216318,1297886,7
perm,27615433313213,11,164040,984212,7
perm,27634511131133,11,170899,1025375,6
perm,27634512233321,11,164399,986376,6
perm,27643513311233,11,283362,1700171,9
perm,31246753312211,11,234179,1405065,8
perm,31247651113232,11,155361,932160,7
perm,31247651323232,11,190398,1142376,7
perm,31256471231222,11,199366,1196184,8
perm,31257462222221,11,217895,1307360,7
perm,31257462312311,11,179987,1079915,7
perm,31257643311122,11,187980,1127870,8
perm,31264572122213,11,167719,1006299,7
perm,31264573132313,11,154743,928447,7
perm,31264573222223,11,171427,1028549,7
perm,31264752132122,11,202592,1215536,8
perm,31264752313121,11,201342,1208045,8
perm,31265471111111,11,183151,1098894,6
perm,31265471122112,11,157214,943267,6
perm,31265471122133,11,168470,1010799,6
perm,31265471312213,11,151852,911098,6
perm,31265471313113,11,148178,889051,6
perm,31265471321111,11,149295,895753,6
perm,31265472233321,11,232803,1396806,6
perm,31265472312233,11,151827,910945,6
perm,31265741233331,11,249792,1498732,7
perm,31267542222233,11,207844,1247050,8
perm,31267542313133,11,223284,1339686,8
perm,31275461112233,11,257751,1546493,9
perm,31275461322233,11,259368,1556207,9
perm,31275462133211,11,202987,1217909,9
perm,31275462223211,11,203230,1219373,9
perm,31275462311213,11,214447,1286687,9
perm,31275462312212,11,214144,1284854,9
perm,31275463311122,11,243949,1463682,9
perm,31276452133322,11,164780,988666,7
perm,31276452313313,11,197934,1187591,7
perm,31452671323211,11,139145,834855,6
perm,31452671332232,11,148288,889710,6
perm,31452672322331,11,148816,892883,6
perm,31456722111221,11,179812,1078856,7
perm,31462751111111,11,154078,924455,6
perm,31462751113322,11,156607,939629,6
perm,31475261322233,11,181497,1088973,7
perm,31475262331313,11,217107,1302632,7
perm,31475262333221,11,179390,1076333,7
perm,31524673332122,11,269080,1614476,8
perm,31527643332122,11,144302,865789,6
perm,31564272212111,11,263076,1578442,6
perm,31564272213311,11,165358,992131,6
perm,31564273113311,11,166677,1000042,6
perm,31572461122133,11,166739,1000415,7
perm,31624751112233,11,143897,863368,6
perm,31624753312211,11,140600,843577,6
perm,31627452221333,11,262773,1576629,8
perm,31654272313322,11,247340,1484021,7
perm,31754621331122,11,228935,1373594,6
perm,31765242322121,11,255810,1534849,8
perm,32145671111111,11,241973,1451826,6
perm,32145671123333,11,153829,922957,6
perm,32145671132222,11,155188,931117,6
perm,32145671221112,11,164722,988314,6
perm,32145671333333,11,161334,967989,6
perm,32145672113333,11,147643,885843,6
perm,32145672212222,11,148372,890215,6
perm,32145673112222,11,141328,847950,6
perm,32145673311113,11,151388,908308,6
perm,32146751232323,11,164575,987438,7
perm,32146752232223,11,193143,1158839,7
perm,32147562313223,11,152646,915859,7
perm,32147562333233,11,256880,1541262,7
perm,32147651123333,11,293146,1758864,8
perm,32147651132222,11,278503,1671003,8
perm,32147651213333,11,314067,1884386,8
perm,32147651312222,11,282707,1696234,8
perm,32147652113333,11,272874,1637235,8
perm,32147652231332,11,274187,1645110,8
perm,32147652233213,11,344307,2065835,8
perm,32147652331322,11,297083,1782481,8
perm,32147652332213,11,334546,2007272,8
perm,32147653112222,11,283505,1701021,8
perm,32156471111111,11,158182,949083,6
perm,32156471113211,11,150882,905272,6
perm,32156471232332,11,153194,919143,6
perm,32156472312332,11,156981,941867,6
perm,32156472332132,11,154639,927817,6
perm,32156472332321,11,164487,986912,6
perm,32156472333332,11,162347,974067,6
perm,32156473223123,11,146979,881851,6
perm,32156741112323,11,250123,1500716,7
perm,32156742311123,11,156135,936797,7
perm,32156742313223,11,185914,1115474,7
perm,32156742333131,11,154675,928027,7
perm,32157641232323,11,165503,993004,7
perm,32157642231323,11,162292,973736,7
perm,32164571111111,11,171043,1026245,6
perm,32164571111231,11,153027,918142,6
perm,32164571232323,11,149427,896539,6
perm,32164572232223,11,170316,1021884,6
perm,32164572232313,11,171253,1027502,6
perm,32164572233321,11,178079,1068457,6
perm,32164572312323,11,172308,1033825,6
perm,32164573323212,11,158424,950521,6
perm,32165741111111,11,212614,1275678,6
perm,32165741111132,11,161100,966591,6
perm,32165741233223,11,166838,1001010,6
perm,32165742211112,11,192948,1157676,6
perm,32165742331112,11,149248,895461,6
perm,32165743311131,11,147139,882805,6
perm,32167451111111,11,164284,985685,6
perm,32167451213333,11,161868,971195,6
perm,32167451222222,11,149915,899477,6
perm,32167451312222,11,142810,856840,6
perm,32167451333111,11,145424,872524,6
perm,32167452211121,11,146915,881473,6
perm,32167453222313,11,138295,829745,6
perm,32167453313333,11,148263,889565,6
perm,32167453321232,11,147359,884131,6
perm,32174561112323,11,177660,1065948,7
perm,32174561232113,11,204741,1228432,7
perm,32174561232233,11,190834,1144995,7
perm,32174562231212,11,161666,969972,7
perm,32174652312332,11,153398,920378,7
perm,32174652332132,11,158582,951480,7
perm,32175461111111,11,173756,1042518,6
perm,32175461113112,11,159663,957958,6
perm,32175461221112,11,151422,908515,6
perm,32175461333111,11,156342,938029,6
perm,32175462233111,11,158895,953347,6
perm,32175462312323,11,229433,1376572,6
perm,32416753121222,11,267105,1602629,9
perm,32417562113321,11,252023,1512134,8
perm,32417652132131,11,159752,958503,6
perm,32417653132121,11,140141,840822,6
perm,32451762331121,11,142412,854450,6
perm,32456173212332,11,208084,1248489,7
perm,32456711233133,11,360701,2164194,8
perm,32465172112121,11,163167,978978,6
perm,32465172132131,11,147386,884293,6
perm,32465172133121,11,151693,910145,6
perm,32465172332321,11,165329,991964,6
perm,32465173123121,11,161256,967518,6
perm,32465173132121,11,163291,979725,6
perm,32465173133111,11,168989,1013913,6
perm,32465173233221,11,188293,1129746,6
perm,32475161232323,11,204817,1228885,8
perm,32475163331222,11,206618,1239691,8
perm,32476513232231,11,168292,1009736,6
perm,32517463131311,11,280652,1683912,9
perm,32546713323212,11,181545,1089257,7
perm,32547611121113,11,151569,909409,7
perm,32547611131112,11,142752,856486,7
perm,32547611213111,11,145950,875684,7
perm,32547611312111,11,153096,918560,7
perm,32547612111311,11,146782,880675,7
perm,32547613111211,11,142288,853711,7
perm,32561471113133,11,164170,984996,6
perm,32561471121311,11,147123,882721,6
perm,32561471122211,11,154669,927993,6
perm,32561471131211,11,152427,914547,6
perm,32561471211131,11,193375,1160231,6
perm,32561471311121,11,152435,914582,6
perm,32561472133313,11,142436,854596,6
perm,32561472213122,11,139480,836856,6
perm,32561473222223,11,137713,826263,6
perm,32561473323212,11,139551,837287,6
perm,32567412122222,11,176728,1060344,7
perm,32567412131312,11,217784,1306691,7
perm,32567412222212,11,266083,1596474,7
perm,32567413131212,11,173941,1043632,7
perm,32567413133333,11,219730,1318367,7
perm,32576142313223,11,159159,954943,6
perm,32615473332122,11,176631,1059771,5
perm,32647152133121,11,204573,1227422,6
perm,32647153132121,11,144635,867797,6
perm,32647512333233,11,273091,1638531,7
perm,32657143121213,11,213613,1281669,9
perm,32657412111212,11,211283,1267677,8
perm,32671453123313,11,229772,1378633,9
perm,32674152113333,11,268929,1613570,8
perm,32714652332132,11,176737,1060403,7
perm,32716452123212,11,244014,1464081,8
perm,32741651121311,11,197351,1184089,7
perm,32741651131211,11,157864,947167,7
perm,32741651211131,11,146341,878033,7
perm,32741651311121,11,151709,910244,7
perm,32741652111113,11,161659,969939,7
perm,32741653111112,11,156415,938481,7
perm,32745611223332,11,175708,1054236,7
perm,32745612313322,11,175712,1054266,7
perm,32745612322331,11,171033,1026185,7
perm,32751643321232,11,180499,1082984,7
perm,32754163211123,11,141019,846094,6
perm,32756141233121,11,205017,1230094,8
perm,32761452121313,11,173804,1042813,7
perm,32761452122222,11,187943,1127641,7
perm,32761452222212,11,177990,1067933,7
perm,32761453121312,11,244216,1465284,7
perm,32761453133333,11,178362,1070154,7
perm,32765411112221,11,155209,931236,6
perm,32765411121113,11,140512,843052,6
perm,32765411131112,11,139277,835651,6
perm,32765411133113,11,155113,930649,6
perm,32765411331113,11,156306,937813,6
perm,32765412221312,11,150668,903995,6
perm,32765412323222,11,148668,891999,6
perm,32765413122212,11,143879,863258,6
perm,32765413223312,11,152115,912673,6
perm,32765413231223,11,165470,992803,6
perm,32765413322312,11,151076,906430,6
perm,34125672131213,11,171643,1029845,7
perm,34125672131312,11,188231,1129378,7
perm,34125672221222,11,172876,1037248,7
perm,34125673133333,11,190099,1140583,7
perm,34127651121113,11,144018,864094,7
perm,34127651131112,11,140618,843685,7
perm,34127651213111,11,147232,883378,7
perm,34127651312111,11,155746,934462,7
perm,34127652111311,11,145161,870956,7
perm,34127653111211,11,142847,857063,7
perm,34162752132212,11,333333,1999984,7
perm,34165271112212,11,173877,1043247,6
perm,34165271121311,11,162394,974357,6
perm,34165271131211,11,151355,908114,6
perm,34165271211131,11,189591,1137535,6
perm,34165271311121,11,142856,857116,6
perm,34165271311133,11,151006,906016,6
perm,34165272323333,11,140545,843250,6
perm,34165273133312,11,188474,1130828,6
perm,34165273222322,11,139414,836464,6
perm,34165273311131,11,139132,834772,6
perm,34167252213323,11,179264,1075563,7
perm,34172562132332,11,203980,1223873,8
perm,34172562313331,11,201688,1210112,8
perm,34175263321232,11,177342,1064033,6
perm,34216572213122,11,269148,1614881,7
perm,34261572132131,11,151431,908565,6
perm,34261572133121,11,155030,930165,6
perm,34261573123121,11,160933,965579,6
perm,34265712212132,11,262230,1573363,8
perm,34275161312213,11,163851,983085,7
perm,34275162112322,11,174292,1045735,7
perm,34275162213221,11,192714,1156268,7
perm,34516271111111,11,147666,885986,6
perm,34516272312332,11,202848,1217066,6
perm,34516722313223,11,235129,1410765,8
perm,34517622231323,11,174146,1044863,7
perm,34521672223232,11,159760,958545,7
perm,34526713232312,11,155340,932017,7
perm,34527612211322,11,296701,1780193,9
perm,34527612231122,11,286441,1718639,9
perm,34527612231332,11,322186,1933117,9
perm,34527612331322,11,294847,1769072,9
perm,34527613312133,11,296933,1781595,9
perm,34561272122123,11,280296,1681773,10
perm,34561272122321,11,295438,1772620,10
perm,34561272212213,11,342015,2052092,10
perm,34561272213122,11,281773,1690632,10
perm,34561272232211,11,332427,1994561,10
perm,34561273221233,11,277608,1665642,10
perm,34561273233131,11,277114,1662677,10
perm,34561273311233,11,281574,1689442,10
perm,34561273313321,11,319091,1914543,10
perm,34561273321133,11,293376,1760242,10
perm,34561273321223,11,280041,1680237,10
perm,34561721111111,11,166746,1000463,6
perm,34562171321111,11,164044,984246,7
perm,34562171321231,11,152797,916761,7
perm,34562172232313,11,194936,1169603,7
perm,34567212223232,11,184963,1109767,7
perm,34617252111212,11,229049,1374278,9
perm,34617252123212,11,227504,1365012,9
perm,34617252132212,11,253338,1520019,9
perm,34617522221333,11,230201,1381189,8
perm,34621572132131,11,183200,1099187,7
perm,34625172111212,11,240941,1445631,8
perm,34627512232313,11,157658,945929,7
perm,34651271123111,11,163938,983610,6
perm,34651272332132,11,158664,951969,6
perm,34675212222122,11,254328,1525963,8
perm,34715262221123,11,277145,1662858,8
perm,34716522223211,11,221338,1328022,8
perm,34721652121313,11,241212,1447264,7
perm,34721652131213,11,202031,1212173,7
perm,34721652221222,11,241188,1447117,7
perm,34721652222212,11,212895,1277357,7
perm,34721653333313,11,207002,1241994,7
perm,34725611212211,11,160775,964636,6
perm,34725612111113,11,141765,850576,6
perm,34725612121322,11,161795,970758,6
perm,34725612231212,11,160534,963188,6
perm,34725612231332,11,148651,891900,6
perm,34725612322232,11,153299,919769,6
perm,34725612331322,11,156409,938440,6
perm,34725613111112,11,154431,926574,6
perm,34725613111133,11,140921,845512,6
perm,34725613132223,11,153890,923317,6
perm,34725613311113,11,144982,869876,6
perm,34761252323222,11,142219,853292,7
perm,35126741232212,11,211333,1267991,8
perm,35126742231233,11,211562,1269368,8
perm,35127462331331,11,247686,1486105,7
perm,35162472122231,11,157108,942633,6
perm,35162472123233,11,187481,1124871,6
perm,35162473122221,11,160437,962610,6
perm,35162473323131,11,156593,939539,6
perm,35162473332122,11,182317,1093879,6
perm,35162473332131,11,162953,977700,6
perm,35162742213323,11,205402,1232394,7
perm,35167242132212,11,212881,1277271,7
perm,35172461232323,11,206001,1235998,7
perm,35174262213131,11,233450,1400691,8
perm,35174262231113,11,208415,1250476,8
perm,35246171111111,11,138336,829991,6
perm,35246171113322,11,143695,862152,6
perm,35246172213311,11,158463,950767,6
perm,35267141223233,11,147452,884696,6
perm,35267141321132,11,310436,1862600,6
perm,35271461322233,11,167075,1002440,7
perm,35416721113112,11,165388,992313,6
perm,35416723232213,11,196703,1180211,6
perm,35417622223133,11,242760,1456541,8
perm,35426712131132,11,174595,1047554,7
perm,35426712311312,11,157812,946851,7
perm,35426713111313,11,171575,1029429,7
perm,35426713131113,11,155405,932411,7
perm,35426713312211,11,184277,1105646,7
perm,35461271111231,11,189643,1137846,7
perm,35461271321231,11,154377,926247,7
perm,35461272222323,11,152603,915596,7
perm,35462171131313,11,156772,940624,7
perm,35462171212121,11,165096,990558,7
perm,35462171221223,11,156209,937242,7
perm,35462171332331,11,175666,1053977,7
perm,35462172213311,11,183697,1102166,7
perm,35462172223331,11,162697,976166,7
perm,35462172312131,11,160411,962448,7
perm,35462173123211,11,166771,1000608,7
perm,35462173131311,11,172257,1033524,7
perm,35462173221221,11,192981,1157872,7
perm,35462712322322,11,205041,1230231,8
perm,35472163222313,11,160289,961714,6
perm,35472163231322,11,168491,1010928,6
perm,35476122221111,11,178200,1069181,7
perm,35614722321233,11,181205,1087219,8
perm,35617423131332,11,180359,1082147,7
perm,35624712121232,11,262301,1573793,8
perm,35624712321212,11,309951,1859703,8
perm,35624712321332,11,265671,1594005,8
perm,35624712331232,11,267595,1605559,8
perm,35714623111322,11,206170,1237013,8
perm,35721642221213,11,338896,2033364,8
perm,35762142222113,11,211223,1267337,8
perm,36125471111333,11,149390,896329,6
perm,36125471212112,11,229442,1376627,6
perm,36125471213111,11,139606,837615,6
perm,36125471222111,11,232245,1393451,6
perm,36125471312111,11,147773,886629,6
perm,36125472111311,11,139634,837783,6
perm,36125472121223,11,142067,852383,6
perm,36125473111211,11,147814,886875,6
perm,36125473232222,11,167148,1002868,6
perm,36125473323233,11,155959,935736,6
perm,36125743222331,11,312273,1873629,6
perm,36127451333222,11,169993,1019944,7
perm,36145272122222,11,205834,1234985,7
perm,36145272131213,11,266723,1600317,7
perm,36145272131312,11,185625,1113735,7
perm,36145273333313,11,213764,1282573,7
perm,36147251121311,11,156480,938872,7
perm,36147251131211,11,162116,972677,7
perm,36147251211131,11,173900,1043391,7
perm,36147251311121,11,143126,858745,7
perm,36147252111113,11,183930,1103563,7
perm,36147253111112,11,150420,902500,7
perm,36152741231312,11,239238,1435429,8
perm,36152742131321,11,204672,1228020,8
perm,36172452133133,11,263196,1579159,7
perm,36217452131333,11,244711,1468252,8
perm,36217541223311,11,139690,838116,6
perm,36217543213112,11,147839,887012,6
perm,36241573212332,11,172989,1037925,8
perm,36241753212311,11,168382,1010269,6
perm,36415272123212,11,218069,1308396,8
perm,36417522123311,11,191491,1148934,8
perm,36514272212111,11,255792,1534739,7
perm,36521472113321,11,183800,1102788,7
perm,36521472331121,11,181630,1089764,7
perm,36527411131133,11,141195,847161,6
perm,36527412111113,11,141287,847710,6
perm,36527412131222,11,169425,1016537,6
perm,36527412211322,11,164253,985505,6
perm,36527412221312,11,148308,889835,6
perm,36527412231122,11,141250,847485,6
perm,36527412322232,11,150407,902428,6
perm,36527413111112,11,148057,888321,6
perm,36527413311311,11,137569,825386,6
perm,36541272323222,11,141374,848224,7
perm,36542712121322,11,233540,1401228,8
perm,36547212121313,11,200206,1201228,7
perm,36547212122222,11,213631,1281765,7
perm,36547212131312,11,213662,1281954,7
perm,36547212221222,11,201757,1210521,7
perm,36547213331333,11,189182,1135078,7
perm,36712542121112,11,267977,1607851,8
perm,36712542121121,11,261529,1569163,8
perm,36712542121211,11,298425,1790532,8
perm,36712542122111,11,274907,1649428,8
perm,36714252232223,11,151968,911789,7
perm,36714521232113,11,212470,1274818,7
perm,36714522121322,11,212914,1277475,7
perm,36714522122213,11,169957,1019730,7
perm,36714523132223,11,171551,1029287,7
perm,36714523132322,11,170916,1025473,7
perm,36721451131331,11,150174,901033,6
perm,36721452121322,11,162416,974481,6
perm,36721452122123,11,140331,841965,6
perm,36721452122213,11,160814,964862,6
perm,36721452122321,11,156282,937678,6
perm,36721452131111,11,153571,921407,6
perm,36721452223232,11,147653,885898,6
perm,36721453113113,11,166493,998940,6
perm,36721453121111,11,194707,1168232,6
perm,36725411121212,11,283057,1698332,8
perm,36725411131313,11,285158,1710938,8
perm,36725411212121,11,282969,1697801,8
perm,36725411313131,11,283865,1703178,8
perm,36725412111212,11,302226,1813334,8
perm,36725412121112,11,282657,1695923,8
perm,36725412121211,11,300589,1803518,8
perm,36725412121232,11,282519,1695092,8
perm,36725412123212,11,302689,1816115,8
perm,36725412321212,11,300134,1800791,8
perm,36725413111313,11,329583,1977486,8
perm,36725413131113,11,292712,1756262,8
perm,36725413131311,11,342360,2054160,8
perm,36741252122123,11,311968,1871794,9
perm,36741252122321,11,294143,1764842,9
perm,36741252122333,11,274843,1649048,9
perm,36741252123323,11,296055,1776317,9
perm,36741253233131,11,294575,1767440,9
perm,36745211211221,11,140471,842803,6
perm,36745212121223,11,140939,845615,6
perm,36745212122312,11,176007,1056035,6
perm,36745212122333,11,139407,836428,6
perm,36745212123323,11,161739,970418,6
perm,36745212131111,11,141936,851596,6
perm,36745212223232,11,147869,887196,6
perm,36745213121111,11,181902,1091392,6
perm,36745213131131,11,137772,826609,6
perm,36745213133111,11,152420,914494,6
perm,36745213232213,11,139355,836110,6
perm,36751243222322,11,160617,963697,7
perm,36752142122132,11,174542,1047236,7
perm,36752142123221,11,167563,1005366,7
perm,36752143132232,11,154285,925695,7
perm,36752143133222,11,192364,1154173,7
perm,36752143211132,11,170076,1020442,7
perm,36754123232222,11,309372,1856223,8
perm,37246511112233,11,190607,1143635,6
perm,37256142321233,11,184966,1109780,7
perm,37415622333221,11,220178,1321056,7
perm,37426513132313,11,263571,1581414,8
perm,37452162323312,11,175099,1050578,7
perm,37516422333311,11,171710,1030247,7
perm,37561241311112,11,165365,992172,6
perm,37612453122233,11,166851,1001093,7
perm,37612542221111,11,181416,1088482,8
perm,37614252221123,11,230595,1383550,8
perm,37614521111111,11,177625,1065731,5
perm,37614521323232,11,153584,921484,5
perm,37614522111221,11,159239,955416,5
perm,37614522113321,11,174336,1046003,5
perm,37614522313322,11,180010,1080038,5
perm,37614522323312,11,159329,955950,5
perm,37614523232213,11,172753,1036500,5
perm,37615421113322,11,230080,1380472,9
perm,37615422211133,11,222521,1335118,9
perm,37615422223133,11,223055,1338325,9
perm,37615422313121,11,200894,1205353,9
perm,37615422313331,11,212789,1276729,9
perm,37615423121132,11,225069,1350409,9
perm,37624152311213,11,223002,1338000,8
perm,37624511232233,11,189514,1137072,7
perm,37624512121322,11,211367,1268190,7
perm,37624512231212,11,160134,960792,7
perm,37624513131323,11,162758,976536,7
perm,37624513231313,11,158231,949376,7
perm,37641252222323,11,174391,1046330,7
perm,37642152213311,11,232985,1397892,8
perm,37642513122221,11,212738,1276421,8
perm,37645122312221,11,165577,993440,7
perm,37651242211133,11,243819,1462898,8
perm,37651422312311,11,219947,1319670,7
perm,37652141113232,11,153971,923808,6
perm,37652143231322,11,166625,999730,6
perm,37654212311222,11,197090,1182528,8
perm,41236753232321,11,171501,1028991,6
perm,41237561313131,11,245837,1475013,8
perm,41263751312222,11,283973,1703834,8
perm,41325671212211,11,168517,1011086,6
perm,41325762313223,11,177222,1063317,7
perm,41325763131233,11,162065,972372,7
perm,41352671212112,11,267500,1604997,11
perm,41352671212121,11,268235,1609410,11
perm,41352671222111,11,279784,1678707,11
perm,41357622313112,11,145085,870492,6
perm,41367253111133,11,214752,1288493,7
perm,41532672313211,11,245055,1470321,6
perm,41532761233133,11,226086,1356508,8
perm,41563273113311,11,175624,1053726,7
perm,41576322212222,11,217551,1305298,8
perm,41625372313211,11,400400,2402394,7
perm,41625373121213,11,164557,987329,7
perm,41625731222231,11,222897,1337376,7
perm,41635721212121,11,307293,1843755,9
perm,41657321222312,11,216143,1296847,8
perm,41673252212222,11,223520,1341107,8
perm,41673521111111,11,152961,917754,6
perm,41723562313211,11,166468,998798,7
perm,41725361232113,11,204312,1225860,9
perm,41725361321213,11,258999,1553984,9
perm,41725362221213,11,228450,1370701,9
perm,41725362313211,11,201480,1208867,9
perm,41725362313223,11,259116,1554686,9
perm,41725363121222,11,210707,1264234,9
perm,41725363121231,11,203633,1221788,9
perm,41725631111111,11,185706,1114226,6
perm,41725631211122,11,165605,993616,6
perm,41725632322331,11,164701,988190,6
perm,41725633111133,11,154022,924115,6
perm,41725633121123,11,161001,965984,6
perm,41725633211111,11,182663,1095967,6
perm,41726352313322,11,166811,1000850,7
perm,41726532312233,11,222023,1332123,7
perm,41735261323313,11,234276,1405646,7
perm,41735262312233,11,191435,1148603,7
perm,41735263123223,11,174877,1049255,7
perm,41735621233232,11,200692,1204134,8
perm,41735622313322,11,204965,1229779,8
perm,41736521233232,11,234815,1408881,6
perm,41736522332231,11,168968,1013793,6
perm,41752631222123,11,154901,929385,7
perm,41752632311123,11,170644,1023849,7
perm,41752632312323,11,158185,949100,7
perm,41752632313211,11,492193,2953142,7
perm,41756231321213,11,246495,1478964,8
perm,41756233121231,11,197865,1187178,8
perm,41762532221333,11,229785,1378704,8
perm,41762533123331,11,206808,1240834,8
perm,41765231233232,11,196414,1178471,6
perm,41765322221312,11,166107,996632,7
perm,41765322313211,11,298055,1788316,7
perm,41765323122212,11,172145,1032863,7
perm,42136752131312,11,227627,1365750,8
perm,42137561123333,11,226439,1358624,9
perm,42137653122131,11,165890,995324,6
perm,42137653132121,11,141789,850711,6
perm,42157633231322,11,211985,1271902,7
perm,42163751121212,11,244754,1468515,9
perm,42165373223123,11,138885,833289,5
perm,42167532131333,11,246328,1477959,8
perm,42315673112111,11,152512,915054,5
perm,42351671212211,11,190399,1142378,6
perm,42351763231133,11,309761,1858551,7
perm,42367153111121,11,148917,893479,6
perm,42367153211123,11,144612,867654,6
perm,42516372233111,11,189680,1138073,7
perm,42561733323122,11,142951,857686,6
perm,42573612323231,11,174379,1046255,7
perm,42573613322231,11,158745,952457,7
perm,42613572313211,11,166280,997667,7
perm,42615371313332,11,311588,1869517,7
perm,42615372213311,11,259286,1555703,7
perm,42615372221213,11,229626,1377739,7
perm,42615372313211,11,209249,1255487,7
perm,42651372213311,11,167619,1005702,7
perm,42651733311122,11,201450,1208690,8
perm,42673512232133,11,221089,1326519,8
perm,42751632321233,11,202498,1214979,7
perm,42751632323231,11,165578,993450,7
perm,43126572133313,11,216576,1299437,7
perm,43167251232212,11,211640,1269824,8
perm,43176252123131,11,142808,856824,6
perm,43176252311132,11,149802,898791,6
perm,43216573132121,11,151250,907487,7
perm,43216573132223,11,153113,918665,7
perm,43216573212311,11,153909,923442,7
perm,43216573212332,11,251751,1510495,7
perm,43512671313332,11,190038,1140211,7
perm,43527612312323,11,145631,873763,6
perm,43561271111111,11,140589,843518,6
perm,43571262122222,11,215441,1292634,8
perm,43572161111111,11,166914,1001468,6
perm,43572612312323,11,188416,1130489,8
perm,43576211123222,11,198766,1192590,8
perm,43576212112232,11,245873,1475238,8
perm,43615271333312,11,172610,1035645,7
perm,43615272113321,11,167889,1007311,7
perm,43617521223221,11,272191,1633140,8
perm,43621752213323,11,233087,1398504,8
perm,43651722323132,11,169370,1016194,6
perm,43675122222122,11,293849,1763086,9
perm,43675211221331,11,207015,1242067,7
perm,43721653231313,11,210483,1262885,9
perm,43751623123313,11,218867,1313195,8
perm,43765212222122,11,275366,1652194,8
perm,45167323322231,11,180247,1081463,7
perm,45176231131313,11,408826,2452936,8
perm,45176231133113,11,416703,2500198,8
perm,45176231331113,11,407988,2447911,8
perm,45176233131113,11,419876,2519239,8
perm,45176321131133,11,304281,1825680,8
perm,45213672221123,11,220551,1323285,7
perm,45273162222122,11,245662,1473957,8
perm,45276131131133,11,254715,1528290,8
perm,45312671222312,11,158366,950175,7
perm,45312672223331,11,169208,1015233,7
perm,45312672233321,11,161635,969794,7
perm,45312672313211,11,416745,2500461,7
perm,45312673132313,11,243884,1463290,7
perm,45312673222112,11,158527,951148,7
perm,45312673231313,11,242902,1457395,7
perm,45312761113211,11,172788,1036718,7
perm,45312761133311,11,153416,920480,7
perm,45312762221111,11,192235,1153395,7
perm,45312762311111,11,158709,952239,7
perm,45321671212211,11,162463,974771,6
perm,45321671221121,11,176965,1061767,6
perm,45321673113311,11,277743,1666440,6
perm,45327612222323,11,188030,1128164,8
perm,45362712122222,11,227881,1367270,7
perm,45367122223133,11,203885,1223299,8
perm,45367211111132,11,169219,1015304,6
perm,45367211211122,11,172528,1035156,6
perm,45367213111133,11,172506,1035019,6
perm,45376121131133,11,268937,1613610,7
perm,45376121331311,11,211164,1266976,7
perm,45376211333123,11,181591,1089537,7
perm,45376213131323,11,244167,1464994,7
perm,45376213333322,11,159947,959667,7
perm,45612371133221,11,191477,1148842,6
perm,45612372331121,11,161343,968033,6
perm,45612373112231,11,159542,957234,6
perm,45612373132121,11,156379,938261,6
perm,45612373132223,11,157878,947250,6
perm,45612373322111,11,149251,895482,6
perm,45612373332122,11,160430,962565,6
perm,45612373332221,11,160576,963441,6
perm,45613271331221,11,204208,1225228,7
perm,45613272233111,11,220839,1325022,7
perm,45621373123331,11,209721,1258317,7
perm,45621373211111,11,261261,1567552,7
perm,45621732212123,11,195365,1172184,8
perm,45621732233333,11,189523,1137135,8
perm,45623712332123,11,146842,881041,6
perm,45623713322321,11,140882,845269,6
perm,45637123132121,11,167101,1002592,6
perm,45637123332122,11,142189,853115,6
perm,45671231132231,11,144253,865508,6
perm,45671233112132,11,154711,928238,6
perm,45673212212132,11,196166,1176989,8
perm,45673213211222,11,200324,1201938,8
perm,45713623223132,11,149714,898271,6
perm,45721363321313,11,185467,1112776,7
perm,45721363322231,11,173467,1040790,7
perm,45732612233321,11,140658,843934,6
perm,45736121122211,11,230999,1385987,7
perm,46123571111111,11,146015,876069,6
perm,46123573232123,11,213821,1282916,6
perm,46125731333123,11,215011,1290053,8
perm,46127351131313,11,231478,1388852,9
perm,46127352131333,11,281237,1687414,9
perm,46127353131323,11,283487,1700911,9
perm,46135272133313,11,211042,1266235,8
perm,46153273131131,11,264599,1587589,7
perm,46157233333232,11,152873,917229,7
perm,46157321331233,11,208976,1253847,8
perm,46215372121223,11,172764,1036571,7
perm,46215372313211,11,248073,1488421,7
perm,46257132211133,11,214140,1284832,8
perm,46257313312211,11,340931,2045573,7
perm,46273512122312,11,172604,1035614,7
perm,46273513221212,11,166937,1001606,7
perm,46275311123222,11,203584,1221497,9
perm,46275312112232,11,252296,1513772,9
perm,46275312132212,11,229439,1376626,9
perm,46275312232133,11,206175,1237038,9
perm,46275312313211,11,200920,1205513,9
perm,46275313121222,11,211596,1269574,9
perm,46275313312211,11,252316,1513883,9
perm,46321752111131,11,181077,1086445,6
perm,46352171211233,11,148106,888618,6
perm,46352172113231,11,139246,835458,6
perm,46372511221331,11,227610,1365646,8
perm,46375211211332,11,154121,924706,6
perm,46375212113111,11,161789,970725,6
perm,46375212132131,11,149459,896737,6
perm,46375212132221,11,165028,990155,6
perm,46375212332222,11,152856,917118,6
perm,46375213112111,11,205479,1232856,6
perm,46375213123121,11,194097,1164567,6
perm,46375213333121,11,150179,901056,6
perm,46512371331221,11,219349,1316086,7
perm,46512372113321,11,205835,1234986,7
perm,46513272332111,11,157658,945927,6
perm,46513273113221,11,154588,927511,6
perm,46523711331332,11,214688,1288117,8
perm,46527133111121,11,149794,898743,6
perm,46572311223122,11,198168,1188992,7
perm,46572312132122,11,164813,988861,7
perm,46721533123313,11,214969,1289794,7
perm,47123562232133,11,223550,1341285,8
perm,47123651233232,11,181531,1089166,7
perm,47126351233232,11,253148,1518881,8
perm,47126532133133,11,203230,1219373,8
perm,47132562311111,11,174516,1047072,6
perm,47132563222331,11,268631,1611771,6
perm,47132652233321,11,188749,1132484,8
perm,47135622132332,11,174266,1045588,7
perm,47136252133112,11,244784,1468692,8
perm,47152361233232,11,165444,992660,8
perm,47152631322131,11,202193,1213138,8
perm,47156231332313,11,189794,1138759,7
perm,47156233211132,11,182401,1094392,7
perm,47156233223312,11,165632,993783,7
perm,47156233233113,11,184673,1108027,7
perm,47156233322312,11,159313,955869,7
perm,47156321111111,11,159979,959857,5
perm,47156321133311,11,184950,1109677,5
perm,47156322132311,11,163895,983355,5
perm,47156322313232,11,152147,912855,5
perm,47156322332132,11,150959,905727,5
perm,47156322332312,11,155717,934286,5
perm,47156323223123,11,170895,1025340,5
perm,47162351322122,11,173280,1039667,7
perm,47163522131222,11,166628,999752,7
perm,47165321232113,11,211003,1266003,9
perm,47165321322131,11,326400,1958391,9
perm,47165322132212,11,228405,1370422,9
perm,47165322133112,11,252430,1514570,9
perm,47165322232133,11,200715,1204275,9
perm,47165322313211,11,208891,1253339,9
perm,47216352131333,11,274296,1645771,8
perm,47251363131113,11,258515,1551074,8
perm,47251632131312,11,216845,1301057,9
perm,47256133212311,11,163174,979025,6
perm,47256133321232,11,152687,916098,6
perm,47265312122222,11,163801,982793,7
perm,47265312131312,11,172200,1033196,7
perm,47265312313211,11,403194,2419152,7
perm,47321651311133,11,173309,1039838,7
perm,47352612123131,11,139543,837239,6
perm,47352612311132,11,144507,867029,6
perm,47352612313211,11,246824,1480932,6
perm,47512632312323,11,142677,856048,6
perm,47621532232331,11,144051,864286,6
perm,47621533231121,11,150921,905499,6
perm,47632152233321,11,142539,855217,6
perm,47632153212311,11,176982,1061872,6
perm,47632153232321,11,170677,1024042,6
perm,47632513212332,11,269646,1617864,7
perm,47652132231323,11,179309,1075844,7
perm,47653213211231,11,236817,1420886,6
perm,47653213232111,11,139001,833984,6
perm,51264731113322,11,148909,893435,6
perm,51264732213311,11,139434,836585,6
perm,51267342312233,11,252802,1516807,8
perm,51324671211122,11,160182,961076,6
perm,51324672212111,11,209807,1258829,6
perm,51324673113311,11,247053,1482300,6
perm,51324761111123,11,206466,1238778,7
perm,51324763113332,11,206199,1237178,7
perm,51342672212111,11,193111,1158647,6
perm,51342763312223,11,341090,2046525,7
perm,51367241211113,11,150631,903772,6
perm,51423671221331,11,182732,1096377,7
perm,51426731111111,11,146076,876434,6
perm,51426733312211,11,158617,951685,6
perm,51472361131313,11,229521,1377114,8
perm,51472633331312,11,217191,1303137,9
perm,51623471321111,11,141488,848904,6
perm,51623743313321,11,218508,1311035,8
perm,51624731312123,11,203434,1220586,8
perm,51624733323113,11,239646,1437877,8
perm,51632741323232,11,151205,907210,6
perm,51642371122313,11,215535,1293195,7
perm,51642731113322,11,237035,1422205,8
perm,51647231113232,11,142721,856315,6
perm,51723643131311,11,213871,1283212,9
perm,51724362122222,11,172684,1036090,7
perm,51724363121213,11,171831,1030975,7
perm,51726433123313,11,227161,1362955,7
perm,51732643121213,11,226732,1360379,8
perm,51742632323231,11,175218,1051297,7
perm,51742632323333,11,183211,1099254,7
perm,52134761232113,11,153340,920027,6
perm,52147631121311,11,156386,938310,7
perm,52147631131211,11,161448,968679,7
perm,52147631211131,11,141024,846124,7
perm,52147631311121,11,142929,857565,7
perm,52147632111113,11,156793,940735,7
perm,52147633111112,11,197864,1187179,7
perm,52163471112122,11,157098,942564,6
perm,52163471213111,11,140127,840747,6
perm,52163471312111,11,137073,822424,6
perm,52163471333123,11,142776,856639,6
perm,52163472111311,11,138545,831253,6
perm,52163472131222,11,147300,883772,6
perm,52163473111211,11,145959,875737,6
perm,52163473111331,11,151203,907200,6
perm,52163473221323,11,140023,840115,6
perm,52163473323332,11,244731,1468364,6
perm,52167342121232,11,215418,1292502,9
perm,52167432121313,11,190731,1144369,7
perm,52167432122222,11,228747,1372474,7
perm,52167432131213,11,206434,1238586,7
perm,52167433133333,11,219167,1314990,7
perm,52167433331333,11,199237,1195411,7
perm,52174633223123,11,225122,1350719,7
perm,52314673311311,11,307499,1844988,6
perm,52314761322122,11,203697,1222170,7
perm,52341671111111,11,425742,2554442,6
perm,52341671122211,11,164458,986732,6
perm,52341671311313,11,138969,833788,6
perm,52341672211112,11,164517,987095,6
perm,52341672232313,11,151268,907590,6
perm,52341672323222,11,173764,1042560,6
perm,52341672323312,11,231224,1387328,6
perm,52341673133111,11,147985,887887,6
perm,52341673232213,11,150286,901695,6
perm,52341673232333,11,136106,816619,6
perm,52341673323212,11,229394,1376339,6
perm,52361472121313,11,239674,1438036,6
perm,52361472131312,11,193016,1158087,6
perm,52367142211121,11,185885,1115292,7
perm,52367412322232,11,150412,902452,7
perm,52374161112323,11,140380,842264,6
perm,52376413222223,11,181901,1091387,8
perm,52463173212332,11,244932,1469586,8
perm,52463713212332,11,246214,1477263,7
perm,52471631223113,11,167722,1006313,6
perm,52471631323112,11,172626,1035737,6
perm,52614372313211,11,227242,1363444,7
perm,52641733212311,11,156711,940256,7
perm,52641733232321,11,165152,990892,7
perm,52673413232123,11,143425,860535,6
perm,52713461232323,11,143164,858957,6
perm,52714361232113,11,236802,1420804,8
perm,52714633213223,11,168068,1008392,7
perm,52714633223123,11,172136,1032799,7
perm,52731641233112,11,147814,886872,6
perm,52731641323112,11,146070,876402,6
perm,52736141322233,11,176020,1056109,8
perm,52741362313211,11,160623,963727,7
perm,52741362313223,11,217563,1305374,7
perm,52741632122333,11,275757,1654530,8
perm,52741632123323,11,342728,2056359,8
perm,52741632212213,11,286419,1718509,8
perm,52741632212231,11,303224,1819330,8
perm,52741632232211,11,277098,1662574,8
perm,52741633221233,11,283166,1698982,8
perm,52741633313312,11,279127,1674750,8
perm,52741633313321,11,290320,1741901,8
perm,52741633321223,11,330412,1982464,8
perm,52741633323311,11,290043,1740249,8
perm,52743611111213,11,148320,889909,7
perm,52743611111312,11,188687,1132114,7
perm,52743611112131,11,150585,903502,7
perm,52743611113121,11,190876,1145242,7
perm,52743612131111,11,143078,858448,7
perm,52743613121111,11,174410,1046445,7
perm,52761431111213,11,150352,902106,7
perm,52761431111312,11,148547,891277,7
perm,52761431112131,11,156203,937200,7
perm,52761431113121,11,159416,956478,7
perm,52761432131111,11,152325,913940,7
perm,52761433121111,11,144865,869177,7
perm,52763143222331,11,280718,1684305,7
perm,52763411222312,11,413243,2479447,9
perm,52763411333123,11,286454,1718715,9
perm,52763413222112,11,425652,2553907,9
perm,52763413223312,11,421883,2531290,9
perm,52763413322312,11,409819,2458900,9
perm,53126471231231,11,224734,1348385,6
perm,53126471231321,11,160420,962502,6
perm,53126471321321,11,193721,1162302,6
perm,53146272123233,11,216344,1298045,8
perm,53147262123131,11,143454,860709,6
perm,53162743312223,11,341259,2047533,7
perm,53274163211222,11,231081,1386469,8
perm,53421671321111,11,222194,1333150,6
perm,53421671321231,11,142249,853474,6
perm,53426171112233,11,176251,1057495,8
perm,53462711113322,11,228520,1371112,8
perm,53467211321111,11,141892,851331,6
perm,53476121323112,11,183820,1102911,6
perm,53476121323322,11,183746,1102464,6
perm,53614721212121,11,232797,1396767,8
perm,53621471331221,11,174375,1046237,7
perm,53642171111111,11,146192,877130,6
perm,53672142221213,11,318612,1911661,8
perm,53714622233111,11,244941,1469641,9
perm,53721463223312,11,224513,1347059,8
perm,53724612121112,11,228178,1369056,8
perm,53726143333121,11,167311,1003843,7
perm,53741621323112,11,167572,1005413,6
perm,53741621332112,11,172412,1034465,6
perm,53742612323333,11,186389,1118322,7
perm,53761242121211,11,228059,1368338,9
perm,53761242221213,11,255917,1535490,9
perm,53761242321212,11,228024,1368122,9
perm,53762143222331,11,215678,1294064,8
perm,53762413322123,11,209937,1259617,7
perm,54123673233323,11,167265,1003569,7
perm,54126371331221,11,178292,1069736,7
perm,54127632131213,11,214044,1284248,7
perm,54127632222212,11,203674,1222034,7
perm,54127633131212,11,228508,1371034,7
perm,54127633133333,11,238523,1431129,7
perm,54127633333313,11,219528,1317159,7
perm,54163271133221,11,192581,1155471,7
perm,54163272233111,11,209803,1258798,7
perm,54167231121113,11,140712,844257,6
perm,54167231131112,11,139376,836242,6
perm,54167231221211,11,158120,948708,6
perm,54167231333213,11,142799,856771,6
perm,54167232112112,11,157033,942177,6
perm,54167232133313,11,155101,930591,6
perm,54167232333113,11,142744,856441,6
perm,54167233232333,11,181221,1087308,6
perm,54167233331213,11,154795,928749,6
perm,54172633132313,11,217690,1306121,8
perm,54217362233213,11,373487,2240907,8
perm,54217632132212,11,329010,1974048,9
perm,54231671123111,11,162886,977296,6
perm,54231673123121,11,144166,864974,6
perm,54261373123121,11,173996,1043957,7
perm,54261732231233,11,212827,1276958,8
perm,54276132233312,11,190662,1143956,7
perm,54312671131331,11,155469,932791,6
perm,54312672212111,11,157226,943343,6
perm,54312673311311,11,274991,1649931,6
perm,54317261113112,11,152433,914583,6
perm,54317621111222,11,179759,1078541,7
perm,54321672212213,11,289699,1738185,11
perm,54321672212231,11,275837,1655019,11
perm,54321672232211,11,279057,1674342,11
perm,54321673313312,11,408831,2452984,11
perm,54321673313321,11,409566,2457397,11
perm,54321673323311,11,421115,2526694,11
perm,54321761211221,11,152254,913506,6
perm,54321763113113,11,209953,1259701,6
perm,54326171111231,11,222315,1333873,6
perm,54326171112233,11,144428,866555,6
perm,54326171321231,11,149819,898898,6
perm,54326711112212,11,185998,1115972,7
perm,54327612223232,11,157093,942535,7
perm,54361272223232,11,161731,970370,7
perm,54362171113133,11,173940,1043624,7
perm,54362711111231,11,150762,904555,6
perm,54362711323112,11,185899,1115382,6
perm,54367121112212,11,201311,1207854,6
perm,54367121113211,11,168818,1012887,6
perm,54367121113331,11,225622,1353722,6
perm,54367122211121,11,185162,1110954,6
perm,54367122311111,11,176032,1056178,6
perm,54367123311113,11,165148,990863,6
perm,54367211132222,11,282280,1693675,10
perm,54367211213333,11,350479,2102877,10
perm,54367211222132,11,277018,1662104,10
perm,54367211333213,11,302375,1814242,10
perm,54367212211322,11,339000,2033991,10
perm,54367212231122,11,286090,1716540,10
perm,54367212233213,11,274883,1649293,10
perm,54367212332213,11,283977,1703860,10
perm,54367212333113,11,300361,1802158,10
perm,54367213112222,11,325377,1952257,10
perm,54367213312133,11,315301,1891789,10
perm,54371261113331,11,174757,1048524,7
perm,54371621113112,11,228134,1368787,6
perm,54371621113322,11,142700,856188,6
perm,54376121322233,11,186813,1120870,8
perm,54376211111132,11,167652,1005897,6
perm,54376211111222,11,152199,913182,6
perm,54376211113133,11,172205,1033223,6
perm,54612371112311,11,282990,1697929,7
perm,54612372222131,11,206476,1238838,7
perm,54612732112223,11,190372,1142222,7
perm,54612733322213,11,191166,1146983,7
perm,54621371133311,11,162410,974452,6
perm,54621372211121,11,179099,1074571,6
perm,54637211132111,11,144305,865813,6
perm,54671232221213,11,212192,1273134,8
perm,54712361323313,11,215977,1295856,8
perm,54712362223322,11,203742,1222435,8
perm,54716232222113,11,219496,1316960,7
perm,54716321112323,11,155410,932444,6
perm,54716322313223,11,148497,890966,6
perm,54721631111111,11,503245,3019452,6
perm,54721631122121,11,165044,990248,6
perm,54721631311133,11,149489,896917,6
perm,54721632133232,11,156798,940773,6
perm,54721632212222,11,154653,927900,6
perm,54721632212231,11,143547,861265,6
perm,54721633231322,11,146830,880964,6
perm,54721633313321,11,153523,921120,6
perm,54721633333331,11,141609,849629,6
perm,54723612131312,11,230868,1385200,7
perm,54723612221222,11,190904,1145410,7
perm,54723612222212,11,201242,1207443,7
perm,54723613121312,11,218967,1313789,7
perm,54723613333313,11,219070,1314416,7
perm,54761233322321,11,189332,1135987,7
perm,54763212322232,11,145521,873119,7
perm,56123471222312,11,289987,1739921,10
perm,56123471223221,11,270546,1623268,10
perm,56123471331332,11,351295,2107776,10
perm,56123471333123,11,302650,1815889,10
perm,56123472322121,11,286188,1717122,10
perm,56123472331331,11,273538,1641216,10
perm,56123473133132,11,317855,1907131,10
perm,56123473133231,11,272163,1632976,10
perm,56123473222112,11,278753,1672514,10
perm,56123473223312,11,278437,1670613,10
perm,56123473322312,11,289706,1738233,10
perm,56124371111231,11,143889,863308,6
perm,56124371232323,11,184800,1108782,6
perm,56127433332323,11,157144,942850,7
perm,56132472333332,11,173517,1041087,7
perm,56132473211111,11,163734,982397,7
perm,56132473213211,11,165149,990886,7
perm,56143273332323,11,197120,1182712,7
perm,56147231222132,11,424593,2547553,9
perm,56147231333213,11,277719,1666299,9
perm,56147232233213,11,278557,1671324,9
perm,56147232332213,11,289607,1737627,9
perm,56147232333113,11,286434,1718586,9
perm,56147322333233,11,211739,1270424,7
perm,56173421113112,11,152957,917730,6
perm,56174232323333,11,184530,1107166,7
perm,56174321232113,11,228407,1370440,8
perm,56213471111111,11,152445,914659,6
perm,56213743313333,11,218829,1312952,8
perm,56243173133111,11,216747,1300469,7
perm,56243713121333,11,210683,1264091,9
perm,56247132333233,11,161801,970802,7
perm,56271433111313,11,246393,1478346,9
perm,56271433123313,11,252440,1514631,9
perm,56271433132313,11,252132,1512789,9
perm,56274132331133,11,202009,1212045,8
perm,56274312313211,11,228918,1373494,7
perm,56321473233323,11,144946,869662,7
perm,56321742211112,11,220684,1324094,7
perm,56324171221331,11,177974,1067828,7
perm,56327411211332,11,177172,1063017,7
perm,56327413213112,11,176617,1059682,7
perm,56341273121213,11,218128,1308750,6
perm,56341273131212,11,200537,1203201,6
perm,56347122333233,11,185637,1113812,8
perm,56347211213111,11,144643,867836,6
perm,56347211222132,11,152047,912258,6
perm,56347211312111,11,137195,823149,6
perm,56347211331131,11,138627,831737,6
perm,56347212111221,11,244692,1468139,6
perm,56347212111311,11,182134,1092789,6
perm,56347212123233,11,164139,984815,6
perm,56347212232223,11,152416,914484,6
perm,56347213111211,11,173129,1038756,6
perm,56347213131332,11,154217,925287,6
perm,56423171231231,11,155738,934415,6
perm,56423171231321,11,166914,1001472,6
perm,56423171321321,11,170426,1022546,6
perm,56423172112121,11,172623,1035723,6
perm,56423173132121,11,168242,1009436,6
perm,56423173133111,11,172604,1035598,6
perm,56432713122122,11,191880,1151264,7
perm,56712341232113,11,145281,871661,6
perm,56712343211123,11,157640,945814,6
perm,56721343123331,11,210655,1263916,8
perm,56721432312233,11,211291,1267727,7
perm,56723411113313,11,145951,875687,6
perm,56723411121113,11,147000,881988,6
perm,56723411131112,11,139552,837297,6
perm,56723411222312,11,152617,915684,6
perm,56723412122312,11,141587,849503,6
perm,56723412323222,11,145267,871576,6
perm,56723413221212,11,148181,889061,6
perm,56723413222112,11,153858,923133,6
perm,56723413331111,11,138076,828425,6
perm,56732143122113,11,231450,1388683,8
perm,56741231121311,11,142632,855775,7
perm,56741231131211,11,190806,1144825,7
perm,56741231211131,11,188393,1130344,7
perm,56741231311121,11,140516,843076,7
perm,56741232111113,11,162151,972887,7
perm,56741233111112,11,156096,936565,7
perm,56743212122222,11,194374,1166232,7
perm,56743212221222,11,240906,1445428,7
perm,56743213121213,11,238970,1433808,7
perm,56743213121312,11,206831,1240974,7
perm,56743213331333,11,229101,1374595,7
perm,57123461111111,11,145768,874585,6
perm,57164322131312,11,167013,1002058,7
perm,57214361323232,11,146643,879844,6
perm,57214632212213,11,331605,1989608,8
perm,57236141113232,11,152742,916442,6
perm,57236141322233,11,145556,873314,6
perm,57236141323232,11,229060,1374343,6
perm,57241631322113,11,141334,847986,6
perm,57241631323112,11,141266,847572,6
perm,57246131112233,11,186322,1117924,8
perm,57264132111323,11,204691,1228123,8
perm,57321641311112,11,163004,978004,6
perm,57321642311132,11,143482,860873,6
perm,57364212213311,11,217062,1302365,7
perm,57364212313211,11,154525,927130,7
perm,57364213332122,11,156840,941027,7
perm,57642311113322,11,150254,901509,6
perm,61234572231323,11,168579,1011468,7
perm,61234573232213,11,150514,903068,7
perm,61235741313131,11,295915,1775479,9
perm,61257343232123,11,155466,932781,6
perm,61274351313131,11,217767,1306589,8
perm,61274532231323,11,165798,994776,8
perm,61352472233321,11,143006,858013,6
perm,61352472313211,11,246674,1480029,6
perm,61452731311313,11,226759,1360544,7
perm,61453721111111,11,153229,919360,6
perm,61453721311112,11,151838,911016,6
perm,61453723111121,11,148170,889009,6
perm,61472532123332,11,159363,956163,6
perm,61472533112111,11,152485,914884,6
perm,61527431111111,11,166238,997407,6
perm,61534272311132,11,188270,1129601,8
perm,61534721112311,11,168182,1009082,6
perm,61534721113211,11,157243,943435,6
perm,61543271111111,11,174600,1047577,6
perm,61543271112311,11,168093,1008544,6
perm,61572432312323,11,174808,1048837,8
perm,61734523222331,11,254073,1524422,7
perm,62134572321323,11,242236,1453405,7
perm,62135471122121,11,170363,1022166,6
perm,62135472132131,11,155678,934059,6
perm,62135473122131,11,148138,888808,6
perm,62135473123121,11,200986,1205902,6
perm,62135473131131,11,170283,1021685,6
perm,62135473132121,11,177785,1066693,6
perm,62135473232231,11,168873,1013220,6
perm,62135473322321,11,178243,1069448,6
perm,62135743222331,11,204135,1224798,8
perm,62135743312223,11,282825,1696933,8
perm,62147353123121,11,167066,1002382,6
perm,62147353132121,11,140841,845028,6
perm,62154733321121,11,149252,895493,6
perm,62157342132212,11,217323,1303925,8
perm,62173543232132,11,165541,993222,6
perm,62174351122133,11,217187,1303113,9
perm,62174533311212,11,196447,1178667,8
perm,62317453112111,11,149714,898270,6
perm,62317453312211,11,222513,1335061,6
perm,62351743112123,11,277329,1663962,6
perm,62371453311311,11,188740,1132427,7
perm,62374511322311,11,142205,853214,6
perm,62374513112321,11,166450,998688,6
perm,62374513312112,11,137507,825027,6
perm,62435172211133,11,257000,1541985,7
perm,62435172311132,11,257751,1546494,7
perm,62435711222222,11,170326,1021931,7
perm,62453713311122,11,211437,1268609,8
perm,62471532232133,11,172328,1033950,8
perm,62475131322323,11,167150,1002890,7
perm,62531472321233,11,170756,1024532,8
perm,62543711211113,11,168416,1010488,6
perm,62543711311112,11,143144,858843,6
perm,62571432321233,11,211168,1267004,7
perm,62735143223213,11,201682,1210076,7
perm,63125741112323,11,282118,1692691,7
perm,63125743131233,11,168563,1011350,7
perm,63125743133312,11,177558,1065333,7
perm,63142571111111,11,145266,871571,6
perm,63142571132321,11,256505,1539014,6
perm,63142573112123,11,250734,1504382,6
perm,63172452312323,11,139073,834412,6
perm,63172452313211,11,245391,1472328,6
perm,63174522332132,11,177193,1063142,7
perm,63247511123132,11,148893,893350,6
perm,63251743133231,11,264243,1585452,8
perm,63452711311313,11,173893,1043335,6
perm,63452712333221,11,164572,987418,6
perm,63471522123131,11,171164,1026965,6
perm,63471522323132,11,204526,1227142,6
perm,63471522332132,11,172409,1034441,6
perm,63472512123332,11,174124,1044722,7
perm,63512743313333,11,229187,1375110,8
perm,63541271212211,11,268949,1613678,7
perm,63542713121333,11,244072,1464421,9
perm,63574212123131,11,143476,860839,6
perm,63574212313211,11,209413,1256456,6
perm,63712542221111,11,163645,981857,8
perm,63714252123131,11,188489,1130921,8
perm,63714521112323,11,169665,1017968,6
perm,63714522332132,11,155555,933307,6
perm,63721541233322,11,172191,1033139,7
perm,63724153121213,11,222214,1333276,7
perm,63725141112323,11,252916,1517486,9
perm,63725141233121,11,204393,1226353,9
perm,63725142123131,11,258342,1550052,9
perm,63725142223133,11,255641,1533837,9
perm,63725143122113,11,228756,1372534,9
perm,63725143123313,11,326228,1957371,9
perm,63741252222323,11,172520,1035108,7
perm,63741522123131,11,173389,1040316,8
perm,63742511232221,11,191309,1147848,8
perm,63745123122212,11,165584,993489,7
perm,63751242221321,11,250199,1501192,8
perm,63751423122311,11,196779,1180662,8
perm,63752141111111,11,206292,1237737,5
perm,63752141122211,11,188287,1129695,5
perm,63752141123213,11,156375,938232,5
perm,63752142332132,11,150853,905100,5
perm,63752143123223,11,159706,958212,5
perm,63752143212323,11,148457,890716,5
perm,63752143223123,11,186639,1119816,5
perm,63752411223212,11,156234,937392,7
perm,63752411333213,11,247278,1483643,7
perm,63752412312323,11,200613,1203665,7
perm,63752412322112,11,162427,974550,7
perm,63752412333113,11,248471,1490807,7
perm,63754213122122,11,190534,1143196,8
perm,64125371131313,11,276550,1659287,8
perm,64157321133212,11,354038,2124216,8
perm,64231572311132,11,178529,1071153,8
perm,64257131113223,11,176472,1058820,7
perm,64271533221212,11,183965,1103777,7
perm,64275131212223,11,208133,1248791,9
perm,64275131312123,11,205352,1232107,9
perm,64275132211133,11,262420,1574514,9
perm,64275132232133,11,250117,1500690,9
perm,64275133231112,11,229264,1375579,9
perm,64275133312211,11,208365,1250180,9
perm,64275311112332,11,185400,1112383,7
perm,64275311222222,11,164871,989214,7
perm,64275313312211,11,177891,1067334,7
perm,64321572111131,11,204667,1227988,6
perm,64321572132131,11,168772,1012607,6
perm,64321572311132,11,169078,1014440,6
perm,64325713121222,11,339866,2039184,8
perm,64351272132131,11,183036,1098206,7
perm,64357212313211,11,161680,970072,7
perm,64357213231322,11,224296,1345763,7
perm,64357213312211,11,210094,1260557,7
perm,64531271212211,11,255812,1534852,6
perm,64531272132131,11,161633,969781,6
perm,64531273122131,11,152712,916254,6
perm,64531273123121,11,212913,1277466,6
perm,64531273311311,11,153819,922897,6
perm,64531273312211,11,152209,913231,6
perm,64572131122223,11,167963,1007774,7
perm,64713253112111,11,148862,893151,6
perm,65123471112311,11,156751,940490,7
perm,65123471233232,11,155139,930822,7
perm,65123472312311,11,163499,980974,7
perm,65132471212112,11,164487,986910,7
perm,65132471222111,11,158367,950193,7
perm,65132471231321,11,187450,1124683,7
perm,65132471323121,11,190545,1143259,7
perm,65132472131231,11,154869,929199,7
perm,65132472212231,11,243773,1462624,7
perm,65132472233321,11,200053,1200302,7
perm,65132473111331,11,180956,1085714,7
perm,65132473313312,11,154329,925951,7
perm,65132473323311,11,157132,942775,7
perm,65132741223323,11,162953,977705,6
perm,65132743222331,11,218362,1310162,6
perm,65134721233232,11,209074,1254427,7
perm,65147321232113,11,210173,1261022,8
perm,65172431132333,11,197742,1186434,8
perm,65174232123131,11,157755,946520,7
perm,65174232133313,11,155141,930822,7
perm,65174232323312,11,170285,1021696,7
perm,65174233323212,11,171152,1026898,7
perm,65174233331213,11,161499,968973,7
perm,65174322313211,11,153011,918037,6
perm,65174323223123,11,186193,1117146,6
perm,65213741111111,11,153034,918192,6
perm,65241371111111,11,149230,895359,6
perm,65243712121322,11,234297,1405767,8
perm,65271341332331,11,213558,1281336,8
perm,65271432231233,11,200542,1203238,8
perm,65274131111111,11,176372,1058218,5
perm,65274131311313,11,149574,897418,5
perm,65274131312213,11,160965,965759,5
perm,65274132123332,11,155578,933448,5
perm,65274133132223,11,160733,964372,5
perm,65274133232321,11,158792,952728,5
perm,65274133312223,11,149615,897662,5
perm,65314272311132,11,138874,833221,6
perm,65314272313211,11,209205,1255217,6
perm,65321472111122,11,185510,1113053,7
perm,65417321232113,11,145785,874690,6
perm,65417323223123,11,151460,908742,6
perm,65417323232123,11,155094,930547,6
perm,65423713321322,11,191051,1146294,8
perm,65432173232321,11,175301,1051791,7
perm,65471231132213,11,208029,1248151,8
perm,65714323223123,11,186581,1119471,7
perm,65723143321313,11,167007,1002024,7
perm,65732411333123,11,417227,2503351,8
perm,65742311212313,11,156029,936155,6
perm,67132541133311,11,264729,1588366,7
perm,67145323133312,11,185706,1114213,7
perm,67154233323332,11,282565,1695381,8
perm,67215343333133,11,230300,1381794,9
perm,67231541323112,11,214246,1285463,6
perm,67231543323122,11,208752,1252502,6
perm,67234513332122,11,178476,1070844,7
perm,67245131313323,11,170660,1023953,7
perm,67245311112311,11,263360,1580149,8
perm,67245311133233,11,220324,1321938,8
perm,67254311131133,11,255782,1534683,6
perm,67254313311113,11,157147,942865,6
perm,67312452233321,11,181309,1087843,8
perm,67312541121221,11,162095,972547,7
perm,67312542221111,11,198695,1192154,7
perm,67321451111123,11,154614,927666,6
perm,67321451112311,11,160514,963063,6
perm,67321451212211,11,258494,1550940,6
perm,67321451311133,11,162831,976973,6
perm,67321452111122,11,152333,913986,6
perm,67321453113311,11,169366,1016186,6
perm,67321542232133,11,179550,1077285,8
perm,67341252222323,11,175006,1050015,8
perm,67342512222113,11,205635,1233791,7
perm,67345122223133,11,262507,1575030,7
perm,67345122232133,11,252137,1512807,7
perm,67345211111123,11,150432,902576,6
perm,67345211111132,11,163416,980484,6
perm,67345211112233,11,162264,973566,6
perm,67345211113322,11,159748,958479,6
perm,67345211211122,11,163251,979485,6
perm,67345211311133,11,160504,963006,6
perm,67345212111122,11,148074,888430,6
perm,67345213111133,11,169350,1016082,6
perm,67354121111111,11,145357,872109,7
perm,67354211212121,11,158284,949689,7
perm,67354211313113,11,248125,1488731,7
perm,67354211333111,11,246982,1481876,7
perm,67354212111221,11,169603,1017607,7
perm,67354212212222,11,160359,962142,7
perm,67354212311132,11,162630,975758,7
perm,67354213111313,11,185175,1111037,7
perm,67354213131311,11,180472,1082825,7
perm,67354213211132,11,170910,1025448,7
perm,67354213313333,11,160372,962217,7
perm,67412353132121,11,204839,1229021,6
perm,67412353332221,11,153486,920897,6
perm,67412531131133,11,182174,1093026,7
perm,67435121332112,11,145548,873267,5
perm,67435123123121,11,145566,873381,5
perm,67452313321232,11,199709,1198229,7
perm,71234563231322,11,183748,1102482,8
perm,71263541333222,11,248483,1490879,6
perm,71263542323123,11,254138,1524809,6
perm,71264533131323,11,261701,1570192,8
perm,71264533221323,11,263894,1583352,8
perm,71264533231223,11,307028,1842156,8
perm,71264533231313,11,272290,1633737,8
perm,71326451211311,11,166391,998336,6
perm,71326453132121,11,163618,981689,6
perm,71326543333313,11,230421,1382507,7
perm,71345262132131,11,182139,1092822,5
perm,71362453113311,11,178306,1069814,7
perm,71365423331312,11,230706,1384234,8
perm,71423563213232,11,205443,1232647,8
perm,71423653213232,11,183335,1099997,7
perm,71426353312211,11,190477,1142847,8
perm,71426533333223,11,213277,1279658,8
perm,71432561232323,11,170679,1024055,5
perm,71432561323232,11,148877,893242,5
perm,71432562111221,11,164644,987845,5
perm,71432563232213,11,165890,995320,5
perm,71432563323113,11,154898,929370,5
perm,71432563323122,11,164787,988702,5
perm,71432563332113,11,150754,904509,5
perm,71435261322233,11,229381,1376272,9
perm,71435262222122,11,202628,1215760,9
perm,71435263211123,11,220150,1320889,9
perm,71435263311122,11,220723,1324327,9
perm,71435263333133,11,224486,1346911,9
perm,71435263333223,11,224661,1347958,9
perm,71435623333331,11,217407,1304435,7
perm,71436253333112,11,239435,1436603,7
perm,71452363213232,11,182208,1093236,8
perm,71452632222131,11,232465,1394778,8
perm,71453262222221,11,182203,1093212,7
perm,71453623311122,11,251614,1509677,8
perm,71456321322323,11,164735,988389,6
perm,71456322111221,11,170569,1023406,6
perm,71462531113322,11,211926,1271551,7
perm,71462532111212,11,164532,987182,7
perm,71462532121112,11,171074,1026426,7
perm,71462533111223,11,227304,1363813,7
perm,71462533221113,11,184192,1105147,7
perm,71463523331222,11,201429,1208562,8
perm,71523463131311,11,246228,1477353,9
perm,71523463231313,11,252235,1513407,9
perm,71523463331312,11,251826,1510941,9
perm,71532463221332,11,202806,1216822,8
perm,71534262122222,11,215989,1295920,7
perm,71542633132322,11,177565,1065374,7
perm,71543622111131,11,142158,852930,6
perm,71543623111121,11,158543,951234,6
perm,71546233331213,11,215744,1294447,8
perm,71546322231212,11,222099,1332587,9
perm,71562433123232,11,166537,999208,7
perm,71563243221221,11,223296,1339764,8
perm,71625433213133,11,334941,2009635,8
perm,71643252231212,11,228319,1369905,9
perm,71643523331213,11,223710,1342253,8
perm,72134562312212,11,221453,1328709,8
perm,72136541322233,11,148880,893266,6
perm,72143563222331,11,187900,1127387,7
perm,72143651121113,11,148207,889231,7
perm,72143651131112,11,157085,942511,7
perm,72143651213111,11,144573,867424,7
perm,72143651312111,11,140570,843407,7
perm,72143652111311,11,142429,854562,7
perm,72143653111211,11,143200,859178,7
perm,72145631233223,11,174750,1048487,7
perm,72145633232231,11,175330,1051967,7
perm,72145633312223,11,232962,1397763,7
perm,72146352232223,11,176685,1060088,7
perm,72163452122222,11,227618,1365696,7
perm,72163453121213,11,193595,1161564,7
perm,72163453131212,11,229105,1374619,7
perm,72163453133333,11,193512,1161054,7
perm,72163453331333,11,229081,1374472,7
perm,72164353131113,11,232027,1392153,8
perm,72165431113331,11,142363,854152,6
perm,72165432111113,11,153297,919764,6
perm,72165432111122,11,195304,1171803,6
perm,72165432211112,11,156429,938559,6
perm,72165432323312,11,148889,893318,6
perm,72165433111112,11,140941,845629,6
perm,72165433121333,11,154351,926086,6
perm,72165433221233,11,155072,930412,6
perm,72165433233323,11,164210,985237,6
perm,72165433321223,11,144126,864738,6
perm,72165433331213,11,150884,905287,6
perm,72345611111111,11,166445,998657,6
perm,72345611133113,11,137316,823879,6
perm,72345611221223,11,138797,832762,6
perm,72345611222222,11,141799,850784,6
perm,72345611331332,11,163083,978488,6
perm,72345612122111,11,157315,943870,6
perm,72345612331331,11,137504,824998,6
perm,72345613221221,11,147055,882313,6
perm,72345613333331,11,174558,1047338,6
perm,72356141112323,11,146691,880124,6
perm,72356141232113,11,145730,874358,6
perm,72356143211123,11,139972,839813,6
perm,72361453232333,11,141086,846504,7
perm,72361542333233,11,262215,1573274,8
perm,72365412222212,11,171412,1028453,7
perm,72365413121312,11,238651,1431897,7
perm,72365413131212,11,172513,1035067,7
perm,72365413331333,11,183717,1102297,7
perm,72435163333313,11,240414,1442483,7
perm,72513641232323,11,156244,937442,7
perm,72513641233322,11,182384,1094289,7
perm,72516342313223,11,188382,1130271,8
perm,72531463321232,11,183911,1103462,7
perm,72534163211123,11,189793,1138749,8
perm,72541631111213,11,150183,901090,7
perm,72541631111312,11,165977,995850,7
perm,72541631112131,11,156202,937192,7
perm,72541631113121,11,162191,973127,7
perm,72541632131111,11,141462,848755,7
perm,72541633121111,11,181978,1091860,7
perm,72543162311111,11,141916,851479,6
perm,72543163211111,11,163356,980117,6
perm,72543611221223,11,273974,1643830,8
perm,72543611223221,11,289747,1738473,8
perm,72543611331332,11,323451,1940693,8
perm,72543611332331,11,293217,1759290,8
perm,72543612331331,11,275249,1651473,8
perm,72543613132232,11,338815,2032877,8
perm,72543613133222,11,280196,1681163,8
perm,72543613221221,11,295326,1771945,8
perm,72543613223312,11,319302,1915801,8
perm,72543613322312,11,330405,1982428,8
perm,72546311323112,11,164522,987114,7
perm,72546313323212,11,168195,1009150,7
perm,72561342313223,11,227708,1366240,6
perm,72561432213122,11,313582,1881487,9
perm,72561433221233,11,281302,1687802,9
perm,72561433311233,11,355400,2132393,9
perm,72561433321133,11,295064,1770374,9
perm,72561433321223,11,296725,1780344,9
perm,72563411111213,11,145052,870296,7
perm,72563411111312,11,143884,863281,7
perm,72563411112131,11,197885,1187302,7
perm,72563411113121,11,157336,943999,7
perm,72563412131111,11,142576,855438,7
perm,72563413121111,11,141568,849391,7
perm,72643513212311,11,160441,962634,7
perm,72643513212332,11,167789,1006721,7
perm,73125463133132,11,215181,1291077,8
perm,73146522113231,11,148132,888783,6
perm,73246153312211,11,146408,878435,6
perm,73456123231322,11,174453,1046702,7
perm,73516243323113,11,162521,975111,7
perm,73516243332131,11,172809,1036837,7
perm,73541262321212,11,209246,1255452,9
perm,73542163321133,11,231264,1387571,8
perm,73542613132121,11,163905,983418,7
perm,73542613132322,11,151547,909259,7
perm,73564213321322,11,222657,1335924,7
perm,73614251112323,11,170181,1021080,7
perm,73615241112323,11,247230,1483364,9
perm,73615241113322,11,248982,1493882,9
perm,73615242223133,11,241693,1450149,9
perm,73615243123313,11,224606,1347628,9
perm,73615243213313,11,224378,1346260,9
perm,73615243331312,11,224670,1348012,9
perm,73615243332311,11,224417,1346497,9
perm,73615421113322,11,171412,1028462,7
perm,73615423213211,11,220251,1321488,7
perm,73615423333331,11,179985,1079898,7
perm,73624513121132,11,288355,1730124,8
perm,73624513332131,11,288348,1730088,8
perm,73625141112323,11,167977,1007848,7
perm,73625143121213,11,163944,983647,7
perm,73625143333313,11,170439,1022622,7
perm,73625412222323,11,169807,1018824,6
perm,73642511111111,11,177630,1065771,7
perm,73642511113232,11,197220,1183308,7
perm,73642511113322,11,203928,1223551,7
perm,73642513223222,11,227876,1367257,7
perm,73645121113211,11,210798,1264780,8
perm,73645122222311,11,208334,1249996,8
perm,73645211223113,11,148260,889546,6
perm,73645211231111,11,180131,1080774,6
perm,73645211321111,11,148363,890152,6
perm,73645211332112,11,156332,937969,6
perm,73645213112231,11,157081,942469,6
perm,73645213333112,11,168656,1011927,6
perm,73651241113322,11,182498,1094979,7
perm,73652413211312,11,189489,1136922,8
perm,73652413331321,11,210169,1261009,8
perm,73654122111122,11,219318,1315889,6
perm,73654122221111,11,154034,924180,6
perm,73654211111132,11,205734,1234389,7
perm,74123563323221,11,151907,911422,7
perm,74123652322121,11,286123,1716731,9
perm,74123653132232,11,356356,2138123,9
perm,74123653133132,11,296283,1777689,9
perm,74123653133222,11,294484,1766888,9
perm,74123653133231,11,273496,1640969,9
perm,74125631313311,11,140414,842455,6
perm,74125632121121,11,155275,931640,6
perm,74125632122111,11,142447,854669,6
perm,74125632131111,11,139539,837216,6
perm,74125632321332,11,141321,847906,6
perm,74125633121111,11,180186,1081107,6
perm,74125633131233,11,143658,861932,6
perm,74125633132232,11,137695,826150,6
perm,74125633133222,11,148320,889912,6
perm,74125633133312,11,184392,1106333,6
perm,74125633332323,11,163983,983882,6
perm,74126352333122,11,216964,1301769,7
perm,74132561321231,11,196050,1176288,7
perm,74132562121121,11,179222,1075318,7
perm,74132562122111,11,166626,999748,7
perm,74132563131221,11,225181,1351072,7
perm,74132563132112,11,182131,1092772,7
perm,74136522322121,11,268182,1609080,8
perm,74152363132232,11,263693,1582152,8
perm,74152363133132,11,263372,1580220,8
perm,74152363133222,11,296509,1779042,8
perm,74152363133231,11,262435,1574593,8
perm,74156322122123,11,159434,956577,7
perm,74156322122321,11,163343,980046,7
perm,74156322313223,11,171450,1028678,7
perm,74156323132331,11,162108,972636,7
perm,74156323133123,11,166493,998942,7
perm,74163251121122,11,160831,964978,6
perm,74163252112211,11,147285,883693,6
perm,74163252131111,11,160275,961632,6
perm,74163253121111,11,165562,993353,6
perm,74163253131332,11,141974,851827,6
perm,74163253133132,11,148972,893820,6
perm,74163253133213,11,154519,927091,6
perm,74163253133231,11,155425,932536,6
perm,74163253332323,11,148242,889438,6
perm,74165231121212,11,294518,1767101,8
perm,74165231131313,11,288420,1730502,8
perm,74165231212121,11,282980,1697864,8
perm,74165231313131,11,292643,1755839,8
perm,74165232111212,11,298960,1793746,8
perm,74165232121112,11,282693,1696136,8
perm,74165232121211,11,289329,1735969,8
perm,74165233111313,11,305910,1835448,8
perm,74165233131113,11,283846,1703067,8
perm,74165233131311,11,305801,1834788,8
perm,74165233131323,11,287106,1722627,8
perm,74165233132313,11,306321,1837914,8
perm,74165233231313,11,306214,1837269,8
perm,74213652323132,11,145582,873478,6
perm,74251633111313,11,215997,1295959,8
perm,74256311321222,11,304696,1828167,8
perm,74256313111232,11,353408,2120442,8
perm,74265312333233,11,170612,1023662,6
perm,74312652333332,11,175516,1053084,8
perm,74321563311131,11,182448,1094681,7
perm,74321653233323,11,182228,1093357,7
perm,74325163131323,11,211959,1271746,8
perm,74325612221222,11,173004,1038007,7
perm,74325613121312,11,212116,1272682,7
perm,74325613131212,11,173028,1038151,7
perm,74325613133333,11,185462,1112754,7
perm,74361253112132,11,230435,1382595,7
perm,74361253211231,11,170138,1020815,7
perm,74365211121221,11,154521,927102,6
perm,74365211213111,11,139974,839824,6
perm,74365211312111,11,137040,822226,6
perm,74365211313113,11,155555,933307,6
perm,74365211333111,11,154412,926452,6
perm,74365212111311,11,139567,837380,6
perm,74365212222323,11,142375,854230,6
perm,74365212333332,11,139311,835851,6
perm,74365213111211,11,147422,884510,6
perm,74365213121333,11,140146,840861,6
perm,74512361322233,11,188545,1131257,6
perm,74512362313223,11,139439,836617,6
perm,74513263121222,11,320499,1922983,8
perm,74521632222212,11,206315,1237884,7
perm,74521633121213,11,228815,1372873,7
perm,74521633121312,11,213051,1278293,7
perm,74521633133333,11,230728,1384354,7
perm,74521633333313,11,213128,1278755,7
perm,74523611121113,11,146602,879599,7
perm,74523611131112,11,153882,923291,7
perm,74523611213111,11,151375,908239,7
perm,74523611312111,11,142774,856630,7
perm,74523612111311,11,146549,879285,7
perm,74523613111211,11,142193,853149,7
perm,74532163123223,11,213597,1281572,8
perm,74561231111222,11,147983,887884,6
perm,74561232111113,11,152867,917177,6
perm,74561232221111,11,167093,1002537,6
perm,74561233111112,11,162721,976316,6
perm,74561233131233,11,149332,895976,6
perm,74561233233323,11,179431,1076574,6
perm,74561233311233,11,142107,852616,6
perm,74561233321133,11,140025,840133,6
perm,74561233321313,11,183079,1098455,6
perm,74563211232332,11,184420,1106517,7
perm,74653213133222,11,223121,1338711,7
perm,75132463233233,11,190740,1144428,8
perm,75143263231313,11,230942,1385644,8
perm,75146321323331,11,211709,1270241,8
perm,75213642223133,11,187896,1127360,8
perm,75231463211123,11,253063,1518374,8
perm,75234161322233,11,158547,951270,6
perm,75234162221111,11,203265,1219575,6
perm,75236143213232,11,176870,1061195,7
perm,75241632222323,11,182418,1094493,7
perm,75243162211322,11,340076,2040443,9
perm,75243611113232,11,165288,991705,7
perm,75243613213232,11,161816,970887,7
perm,75246131333312,11,230212,1381264,8
perm,75246311111111,11,311794,1870751,7
perm,75246313212311,11,169179,1015069,7
perm,75246313312211,11,172781,1036670,7
perm,75246313332332,11,175088,1050512,7
perm,75261432123233,11,179533,1077185,7
perm,75264132121232,11,177288,1063715,7
perm,75264132223331,11,154606,927611,7
perm,75264132321212,11,187595,1125551,7
perm,75264133121333,11,156573,939418,7
perm,75264133331213,11,159018,954092,7
perm,75264311223122,11,204883,1229284,8
perm,75264313231112,11,217193,1303149,8
perm,75312463333133,11,216946,1301660,7
perm,75314621133221,11,138193,829136,6
perm,75314621313212,11,308809,1852838,6
perm,75314623113122,11,155964,935765,6
perm,75316241231231,11,245381,1472266,8
perm,75321461311112,11,165190,991128,6
perm,75321463132121,11,158204,949209,6
perm,75346122133133,11,207638,1245815,7
perm,75346211133122,11,165726,994338,6
perm,75346211211311,11,210670,1264014,6
perm,75346211311211,11,150686,904095,6
perm,75346212323333,11,183919,1103490,6
perm,75346213112132,11,154003,923995,6
perm,75346213132121,11,158517,951085,6
perm,75346213132322,11,146638,879807,6
perm,75346213332122,11,169288,1015709,6
perm,75412631223332,11,139712,838251,6
perm,75416323232213,11,176456,1058723,7
perm,75431263133213,11,218284,1309691,7
perm,75462132123212,11,300554,1803315,8
perm,75613243131332,11,219386,1316298,7
perm,75613243133213,11,180302,1081797,7
perm,75634123323122,11,184268,1105592,7
perm,75641323232111,11,157196,943157,6
perm,75642132213311,11,142458,854733,6
perm,76123453233323,11,148683,892075,7
perm,76125343333133,11,221868,1331193,8
perm,76143252131312,11,178362,1070160,7
perm,76143252221222,11,181649,1089877,7
perm,76143253131212,11,183566,1101385,7
perm,76143253331333,11,174795,1048756,7
perm,76143253333313,11,238696,1432167,7
perm,76145231121113,11,140359,842136,6
perm,76145231122112,11,245424,1472528,6
perm,76145231131112,11,148560,891348,6
perm,76145231221112,11,246291,1477730,6
perm,76145231311331,11,142467,854779,6
perm,76145232123332,11,140057,840324,6
perm,76145232233213,11,170914,1025467,6
perm,76145232331313,11,140765,844569,6
perm,76145232332213,11,178846,1073056,6
perm,76145233133213,11,149025,894141,6
perm,76145233232333,11,140420,842504,6
perm,76154323333112,11,216971,1301814,8
perm,76213543213133,11,208374,1250236,8
perm,76213543311332,11,196054,1176312,8
perm,76215341231231,11,202151,1212888,7
perm,76215433333133,11,215982,1295880,8
perm,76231451123111,11,166294,997752,6
perm,76245311121131,11,158352,950098,6
perm,76245311131121,11,150661,903942,6
perm,76245311213312,11,157658,945930,6
perm,76245312132131,11,162300,973779,6
perm,76245313122122,11,154590,927524,6
perm,76245313123121,11,161017,966079,6
perm,76253141123132,11,145549,873276,6
perm,76253141211332,11,142659,855936,6
perm,76253413322312,11,227176,1363037,7
perm,76254133311323,11,309484,1856895,8
perm,76254313211111,11,293614,1761673,7
perm,76312452212111,11,269011,1614051,6
perm,76312453211111,11,155657,933924,6
perm,76312453311311,11,169223,1015319,6
perm,76312542321212,11,164110,984647,7
perm,76312542322121,11,177927,1067551,7
perm,76312543322222,11,223913,1343470,7
perm,76315241112113,11,176204,1057206,6
perm,76315241113112,11,160185,961093,6
perm,76315241223113,11,151988,911902,6
perm,76315241322122,11,159297,955765,6
perm,76315241323313,11,169228,1015353,6
perm,76315241332112,11,157840,947026,6
perm,76315243211231,11,150283,901675,6
perm,76315243323323,11,168241,1009434,6
perm,76321452122123,11,279991,1679940,10
perm,76321452122321,11,289065,1734378,10
perm,76321452122333,11,273092,1638540,10
perm,76321452123323,11,318503,1911005,10
perm,76321452212231,11,274852,1649108,10
perm,76321452213122,11,281392,1688343,10
perm,76321453233131,11,292404,1754416,10
perm,76321453311233,11,334250,2005490,10
perm,76321453313312,11,317778,1906660,10
perm,76321453321133,11,278423,1670528,10
perm,76321453323311,11,326291,1957750,10
perm,76321542211112,11,219682,1318083,6
perm,76321543211111,11,153906,923418,6
perm,76321543311131,11,163824,982933,6
perm,76324151112233,11,159145,954858,7
perm,76324151112323,11,164093,984543,7
perm,76324153323122,11,169542,1017241,7
perm,76325411111213,11,152495,914945,6
perm,76325411111312,11,193358,1160141,6
perm,76325411112131,11,140086,840496,6
perm,76325411113121,11,152487,914904,6
perm,76325411122121,11,154284,925683,6
perm,76325411331311,11,171095,1026555,6
perm,76325412112121,11,194569,1167399,6
perm,76325412231212,11,159925,959534,6
perm,76325412333233,11,159827,958939,6
perm,76325413222223,11,153017,918082,6
perm,76341251111213,11,147761,886540,6
perm,76341251111312,11,188338,1130014,6
perm,76341251112131,11,162942,977645,6
perm,76341251113121,11,151131,906761,6
perm,76341251221121,11,166551,999291,6
perm,76341251311313,11,150942,905626,6
perm,76341252232313,11,145187,871105,6
perm,76341252323333,11,155558,933332,6
perm,76341253221212,11,168089,1008512,6
perm,76341253233131,11,139017,834082,6
perm,76342511111231,11,146644,879841,6
perm,76342511111321,11,177110,1062650,6
perm,76342511323112,11,153315,919864,6
perm,76342512232223,11,163296,979759,6
perm,76342513213112,11,225191,1351132,6
perm,76342513322111,11,229889,1379319,6
perm,76342513323122,11,161907,971432,6
perm,76342513323212,11,161690,970121,6
perm,76345122211112,11,209091,1254535,6
perm,76345122211121,11,170279,1021659,6
perm,76345122213311,11,152607,915628,6
perm,76345122311111,11,177661,1065949,6
perm,76345123211111,11,149219,895294,6
perm,76345123311113,11,170197,1021160,6
perm,76345123311131,11,158474,950838,6
perm,76345123312211,11,147326,883935,6
perm,76351421112323,11,182311,1093851,7
perm,76351421113322,11,155265,931583,7
perm,76351423321232,11,155747,934464,7
perm,76354121121212,11,175156,1050917,7
perm,76354121122121,11,154446,926655,7
perm,76354121311313,11,156271,937613,7
perm,76354121313131,11,162361,974148,7
perm,76354122111212,11,188212,1129256,7
perm,76354122112121,11,167789,1006716,7
perm,76354122212222,11,158632,951776,7
perm,76354123211123,11,172175,1033040,7
perm,76354123211132,11,160412,962458,7
perm,76354123313333,11,174416,1046483,7
perm,76354212213323,11,157139,942819,6
perm,76354212312233,11,161240,967412,6
perm,76354212313322,11,174728,1048355,6
perm,76354212333332,11,164450,986683,6
perm,76354213222223,11,160992,965932,6
perm,76354213312223,11,147923,887513,6
perm,76421351131121,11,140289,841718,6
perm,76512343213313,11,286628,1719759,8
perm,76512343332311,11,286641,1719837,8
perm,76514321112323,11,147101,882596,6
perm,76514321232113,11,151512,909053,6
perm,76521433232333,11,146697,880167,7
perm,76523413223231,11,193180,1159062,7
perm,76524313331222,11,232573,1395421,7
perm,76541232131213,11,276156,1656921,7
perm,76541232221222,11,173818,1042894,7
perm,76541233121213,11,176735,1060395,7
perm,76541233331333,11,188286,1129714,7
perm,76541233333313,11,224121,1344712,7
perm,76543211111111,11,288485,1730889,6
perm,76543211212112,11,172063,1032363,6
perm,76543211223221,11,155884,935296,6
perm,76543211332331,11,155004,930013,6
perm,76543211333333,11,161410,968451,6
perm,76543212132323,11,148959,893737,6
perm,76543212222221,11,154287,925699,6
perm,76543212323213,11,147154,882910,6
perm,76543213113131,11,154118,924691,6
orient,12345672121232,11,490526,2943149,8
orient,12345672123212,11,471683,2830084,8
orient,12345672321212,11,489823,2938921,8
orient,12345673131323,11,470426,2822546,8
orient,12345673132313,11,572838,3437022,8
orient,12345673231313,11,546046,3276267,8
orient,12345761111111,11,835902,5015421,12
orient,12346571111231,11,396339,2378021,7
orient,12346751113133,11,503138,3018816,8
orient,12347561112212,11,473451,2840696,8
orient,12347651111111,11,1209668,7258014,12
orient,12347651122112,11,509647,3057873,8
orient,12347651133311,11,503304,3019810,9
orient,12347652111221,11,419838,2519018,8
orient,12347652123233,11,528016,3168084,9
orient,12347652123332,11,647220,3883317,9
orient,12347652223232,11,466838,2801010,7
orient,12347653111133,11,556247,3337480,9
orient,12347653132223,11,416703,2500212,8
orient,12347653132322,11,413586,2481500,8
orient,12347653332323,11,470184,2821092,8
orient,12354671111111,11,912746,5476479,12
orient,12354761112323,11,878773,5272634,11
orient,12354762121112,11,524346,3146060,8
orient,12354762121211,11,560715,3364286,8
orient,12354762311123,11,438375,2630237,7
orient,12354763131131,11,448536,2691198,8
orient,12354763133111,11,414135,2484802,8
orient,12354763211123,11,573335,3440006,10
orient,12356471113133,11,456266,2737590,8
orient,12356741133131,11,404502,2427001,8
orient,12356741313131,11,469209,2815242,8
orient,12356743113131,11,422005,2532024,8
orient,12357461111222,11,526907,3161438,8
orient,12357461113331,11,518214,3109277,8
orient,12357462211112,11,551563,3309366,9
orient,12357641113331,11,454274,2725632,8
orient,12364571112212,11,502716,3016288,8
orient,12364751112212,11,470269,2821608,8
orient,12364751113133,11,497872,2987220,8
orient,12364753311131,11,493192,2959138,9
orient,12365471111111,11,910725,5464352,12
orient,12365471211122,11,523122,3138727,9
orient,12365471313113,11,415531,2493172,8
orient,12365472223232,11,466024,2796131,7
orient,12365472321233,11,544999,3269991,8
orient,12365473232312,11,405641,2433830,7
orient,12365473332323,11,432320,2593911,8
orient,12365741113331,11,486498,2918978,8
orient,12367451123333,11,464854,2789105,7
orient,12367451132222,11,387377,2324246,7
orient,12367451213333,11,405147,2430866,7
orient,12367451312222,11,564037,3384215,7
orient,12367452113333,11,505727,3034348,7
orient,12367453112222,11,413627,2481744,7
orient,12367541112212,11,548386,3290315,8
orient,12367541113331,11,638244,3829458,8
orient,12367541331131,11,397360,2384154,7
orient,12374561121212,11,469377,2816243,8
orient,12374561211212,11,408740,2452426,8
orient,12374562111212,11,564488,3386916,8
orient,12374651111222,11,507820,3046907,8
orient,12375461111222,11,501390,3008327,8
orient,12375641113112,11,498011,2988056,7
orient,12376451111222,11,536010,3216049,8
orient,12376451113133,11,504838,3029025,8
orient,12376451221211,11,410800,2464784,7
orient,12376541112323,11,687391,4124346,11
orient,12376541232233,11,668180,4009074,7
orient,12376541322233,11,437226,2623345,7
orient,12376542121232,11,505462,3032754,8
orient,12376542123212,11,464949,2789681,8
orient,12376543133132,11,322978,1937857,6
orient,12376543133231,11,321614,1929663,6
orient,12456731132321,11,738450,4430688,8
orient,12456731233223,11,412028,2472158,7
orient,12456733223321,11,432016,2592091,8
orient,12463751231231,11,343660,2061938,6
orient,12467351131121,11,465315,2791870,7
orient,12467351231321,11,441431,2648572,9
orient,12473561132123,11,460648,2763885,8
orient,12536741112323,11,634955,3809732,11
orient,12537461332112,11,350155,2100911,6
orient,12543671111111,11,905227,5431370,12
orient,12543671211212,11,447650,2685886,8
orient,12543671331113,11,411327,2467948,8
orient,12543672121121,11,422304,2533816,8
orient,12543672321332,11,441360,2648150,8
orient,12543672322232,11,450870,2705211,8
orient,12543672331232,11,403459,2420738,8
orient,12543673111331,11,415852,2495098,8
orient,12543673221323,11,431732,2590378,8
orient,12543673231223,11,418180,2509069,8
orient,12543673233323,11,546995,3281959,8
orient,12546371221331,11,365742,2194438,6
orient,12563472131213,11,564964,3389772,8
orient,12563473131212,11,509037,3054208,8
orient,12564733323122,11,333729,2002352,6
orient,12567433232333,11,440038,2640205,7
orient,12576343212221,11,429636,2577806,8
orient,12637451132111,11,517818,3106897,7
orient,12637451332112,11,337135,2022782,6
orient,12643571321321,11,333804,2002803,6
orient,12645371131121,11,465316,2791878,7
orient,12673542331133,11,483893,2903346,7
orient,12734561112323,11,634936,3809615,11
orient,12734561322233,11,406184,2437090,7
orient,12734562313223,11,391941,2351629,7
orient,12745631111111,11,1830710,10984262,12
orient,12745632111122,11,497803,2986806,9
orient,12745632212213,11,529939,3179623,7
orient,12745632222221,11,423738,2542410,7
orient,12745632232211,11,507027,3042142,7
orient,12745633131131,11,481847,2891077,8
orient,12745633313312,11,397496,2384962,7
orient,12745633313333,11,508789,3052727,8
orient,12745633323311,11,400196,2401162,7
orient,12753462231323,11,451768,2710596,8
orient,12763452322232,11,450869,2705203,8
orient,12765432121313,11,491657,2949937,8
orient,12765432222212,11,702265,4213584,8
orient,12765433121213,11,575550,3453293,9
orient,12765433331333,11,491078,2946466,8
orient,13245671321111,11,491003,2946008,7
orient,13246571111111,11,872081,5232489,12
orient,13246571112233,11,409348,2456074,7
orient,13246571113232,11,632797,3796782,9
orient,13246572321332,11,447241,2683429,8
orient,13246572331232,11,403458,2420731,8
orient,13246573221233,11,401991,2411917,7
orient,13246573321223,11,407265,2443574,7
orient,13246752133211,11,503161,3018960,7
orient,13247563212131,11,397214,2383277,7
orient,13254761322233,11,495360,2972152,7
orient,13254761323322,11,382749,2296473,7
orient,13254762321233,11,587542,3525246,8
orient,13254763323122,11,446171,2677013,6
orient,13257641112233,11,405730,2434370,7
orient,13265741112323,11,761049,4566295,11
orient,13265742131312,11,613339,3680023,9
orient,13267451122211,11,562009,3372050,9
orient,13267451311133,11,467117,2802691,9
orient,13267541111132,11,442307,2653824,7
orient,13267541232212,11,385933,2315584,7
orient,13274651112323,11,705556,4233338,11
orient,13275461112233,11,454272,2725614,7
orient,13275463213211,11,422495,2534957,7
orient,13275641112233,11,453293,2719735,7
orient,13275641112323,11,685006,4110028,11
orient,13275642131333,11,443682,2662084,8
orient,13275643212221,11,424981,2549872,8
orient,13276451113211,11,479777,2878645,7
orient,13276451233133,11,451861,2711146,7
orient,13276541133122,11,438232,2629378,8
orient,13276541213312,11,583527,3501147,8
orient,13276541321123,11,445932,2675575,7
orient,13276541322311,11,561002,3365992,7
orient,13276541323112,11,400113,2400664,8
orient,13276541323322,11,371268,2227594,7
orient,13276542323312,11,465063,2790368,8
orient,13276543323122,11,407170,2443007,6
orient,13462571111111,11,839636,5037818,12
orient,13462572213311,11,400525,2403145,7
orient,13527461211113,11,496830,2980968,7
orient,13542671231231,11,324767,1948583,6
orient,13546271213213,11,390327,2341950,7
orient,13546271231231,11,448879,2693253,6
orient,13546271321321,11,393736,2362400,6
orient,13572641122133,11,637668,3826006,10
orient,13576241312213,11,543944,3263667,10
orient,13576241321321,11,326455,1958711,6
orient,13627451332112,11,343734,2062392,6
orient,13642571221223,11,325028,1950153,6
orient,13642571223221,11,325711,1954246,6
orient,13642573221221,11,380817,2284887,6
orient,13645271221331,11,338166,2028978,6
orient,13647521111111,11,822427,4934558,12
orient,13675241112323,11,659297,3955781,11
orient,13675242331313,11,442415,2654475,7
orient,13725642332132,11,453150,2718888,6
orient,13754262123323,11,704822,4228918,7
orient,13762451321321,11,319551,1917285,6
orient,13764251211311,11,379919,2279490,7
orient,13764252323231,11,422812,2536858,7
orient,13765422121211,11,480824,2884932,8
orient,14263751131121,11,441963,2651769,7
orient,14267351321321,11,333598,2001569,6
orient,14275633323122,11,441575,2649435,6
orient,14325671111111,11,2138739,12832437,12
orient,14325672112121,11,440705,2644224,8
orient,14325672231323,11,476748,2860483,8
orient,14325672323222,11,456740,2740427,8
orient,14325673123232,11,437395,2624358,7
orient,14325673232333,11,432738,2596407,7
orient,14325673311131,11,534774,3208642,9
orient,14327652131213,11,496331,2977979,8
orient,14327653121213,11,543080,3258481,9
orient,14352672212111,11,453155,2718917,8
orient,14356721112323,11,655984,3935906,11
orient,14356721322233,11,551629,3309764,7
orient,14367252322232,11,460574,2763429,8
orient,14367523311113,11,722140,4332836,9
orient,14523672121313,11,491655,2949922,8
orient,14523673121312,11,576874,3461245,8
orient,14527631121311,11,474367,2846187,7
orient,14527631131211,11,452483,2714884,7
orient,14527631133311,11,464354,2786102,9
orient,14527631211131,11,501888,3011318,7
orient,14527631311121,11,485204,2911206,7
orient,14527632122213,11,549148,3294875,8
orient,14527632212111,11,524398,3146377,8
orient,14527632333332,11,568188,3409122,8
orient,14527633132322,11,448635,2691799,8
orient,14527633312133,11,443294,2659749,7
orient,14536273311311,11,473122,2838723,8
orient,14537622231323,11,451760,2710545,8
orient,14563272323222,11,428382,2570280,8
orient,14567231312213,11,635002,3810011,10
orient,14567231321123,11,472117,2832689,7
orient,14573261333111,11,432863,2597165,8
orient,14625731111111,11,923592,5541553,12
orient,14625731131121,11,473418,2840495,7
orient,14625731322233,11,448211,2689245,7
orient,14625732112121,11,463991,2783938,8
orient,14625732113321,11,586675,3520050,10
orient,14625732213323,11,501201,3007197,10
orient,14625732233111,11,536145,3216863,10
orient,14625733133111,11,435032,2610181,8
orient,14632571111111,11,1080331,6481989,12
orient,14632571321132,11,459636,2757808,8
orient,14652733321331,11,353269,2119596,7
orient,14673251111111,11,934200,5605203,12
orient,14723651111213,11,455723,2734332,8
orient,14723651111312,11,567692,3406149,8
orient,14723651112131,11,461631,2769783,8
orient,14723651113121,11,436673,2620026,8
orient,14723651211212,11,402787,2416709,8
orient,14723652322121,11,328798,1972770,6
orient,14723652331232,11,450084,2700493,8
orient,14723653232222,11,414770,2488609,8
orient,14723653313111,11,455875,2735238,9
orient,14723653321313,11,538497,3230975,7
orient,14725361111111,11,821072,4926436,12
orient,14725361111123,11,416284,2497693,7
orient,14725361322332,11,427919,2567504,8
orient,14725362211121,11,553476,3320850,9
orient,14725363211213,11,408381,2450274,7
orient,14725363213121,11,396603,2379600,7
orient,14725363223213,11,368102,2208599,7
orient,14725363311113,11,558884,3353287,9
orient,14726531223122,11,438209,2629244,7
orient,14726531232122,11,484044,2904254,7
orient,14726531233313,11,421770,2530611,7
orient,14726531333312,11,351915,2111481,7
orient,14726532232313,11,534663,3207976,9
orient,14726533323122,11,374757,2248522,6
orient,14735621221112,11,426278,2557661,8
orient,14735621223113,11,341919,2051498,6
orient,14735621223332,11,587093,3522549,7
orient,14735621233112,11,474373,2846221,7
orient,14735621323112,11,503800,3022786,8
orient,14735621332112,11,335526,2013134,6
orient,14735621333111,11,411949,2471678,8
orient,14735621333222,11,354839,2129020,7
orient,14736251111132,11,435089,2610519,7
orient,14736251112332,11,380469,2282800,7
orient,14736253222223,11,430325,2581949,8
orient,14736521132222,11,406940,2441617,7
orient,14736521133131,11,419404,2516409,8
orient,14736521211212,11,402786,2416702,8
orient,14736521213333,11,399981,2399865,7
orient,14736521221313,11,402626,2415748,7
orient,14736521321231,11,609042,3654255,9
orient,14736521322233,11,413808,2482834,7
orient,14736521332121,11,477761,2866551,7
orient,14736523112222,11,410518,2463092,7
orient,14736523113131,11,403383,2420282,8
orient,14752363222121,11,354967,2129784,7
orient,14752363232222,11,475978,2855851,8
orient,14752363233131,11,401641,2409819,7
orient,14752631111111,11,919826,5518961,12
orient,14752631112311,11,479384,2876287,7
orient,14752631323223,11,418790,2512725,8
orient,14752632332132,11,374375,2246232,6
orient,14752633213223,11,393101,2358597,7
orient,14752633222223,11,456309,2737845,8
orient,14752633223123,11,388736,2332398,6
orient,14752633223231,11,439350,2636085,7
orient,14753261221112,11,419681,2518074,8
orient,14753261323112,11,530821,3184923,8
orient,14753261333111,11,421906,2531423,8
orient,14762351221331,11,424497,2546967,6
orient,14762351321231,11,522762,3136570,9
orient,14762351331221,11,352648,2115862,6
orient,14763251221223,11,437247,2623466,6
orient,14763251222312,11,400185,2401092,6
orient,14763251332331,11,357922,2147515,6
orient,14763251333123,11,338659,2031938,6
orient,14763252322121,11,330944,1985641,6
orient,14763253132232,11,319587,1917505,6
orient,14763253133132,11,321495,1928949,6
orient,14763253133222,11,353219,2119303,6
orient,14763253133231,11,343103,2058594,6
orient,14763253221221,11,325594,1953545,6
orient,14763253222112,11,388299,2329780,6
orient,14763521113211,11,434390,2606319,7
orient,14763521113223,11,388431,2330573,7
orient,14763523222331,11,315394,1892344,6
orient,14765231111213,11,490916,2945481,8
orient,14765231111312,11,499245,2995459,8
orient,14765231112131,11,483963,2903766,8
orient,14765231113121,11,436671,2620012,8
orient,14765231133131,11,419403,2516402,8
orient,14765232211211,11,460640,2763835,9
orient,14765232232322,11,461062,2766361,9
orient,14765232331313,11,438927,2633545,7
orient,14765233113131,11,403382,2420275,8
orient,14765233323332,11,423708,2542250,8
orient,15236471111111,11,910726,5464359,12
orient,15236473231121,11,401977,2411855,8
orient,15243671331221,11,367008,2202029,6
orient,15246371331332,11,343396,2060359,6
orient,15246371332331,11,326938,1961608,6
orient,15246372331331,11,322631,1935769,6
orient,15267431223113,11,339406,2036414,6
orient,15273641112323,11,686596,4119567,11
orient,15324673113311,11,704420,4226514,8
orient,15342671211311,11,379921,2279505,7
orient,15346271321321,11,326002,1955993,6
orient,15367421211113,11,541535,3249202,7
orient,15367421223113,11,351360,2108141,6
orient,15367423211123,11,539378,3236260,10
orient,15426371111111,11,839625,5037752,12
orient,15426371112233,11,427516,2565088,7
orient,15463271313113,11,419445,2516657,8
orient,15624732123212,11,562950,3377693,8
orient,15624732133313,11,507106,3042617,8
orient,15624732333332,11,430037,2580210,8
orient,15627431223113,11,344472,2066813,6
orient,15627431322113,11,485858,2915133,7
orient,15627431332112,11,350156,2100918,6
orient,15634722123332,11,678159,4068947,9
orient,15634722321233,11,469868,2819199,8
orient,15637423211123,11,513150,3078896,10
orient,15642371111111,11,1285701,7714214,12
orient,15642372213311,11,426777,2560643,7
orient,15642372231332,11,399836,2398995,7
orient,15642372331322,11,372431,2234568,7
orient,15642373212311,11,432949,2597689,9
orient,15642373221323,11,415809,2494848,8
orient,15642373231223,11,473318,2839900,8
orient,15643271221331,11,365743,2194445,6
orient,15643271331221,11,400200,2401187,6
orient,15643273223111,11,370209,2221234,7
orient,15647233213232,11,316728,1900352,6
orient,15672341113232,11,526236,3157411,9
orient,15672341323112,11,421674,2530038,8
orient,15672342323312,11,465105,2790619,8
orient,15672343213232,11,355864,2135158,6
orient,15672433312133,11,433686,2602101,7
orient,15724362212132,11,416983,2501888,7
orient,15724631111111,11,822854,4937119,12
orient,15724631211311,11,402226,2413348,7
orient,15724631322233,11,465206,2791223,7
orient,15724632123233,11,624925,3749548,9
orient,15724632313223,11,422524,2535139,7
orient,15724632323231,11,458544,2751247,7
orient,15724632323333,11,507374,3044235,9
orient,15724633132322,11,411981,2471871,8
orient,15734622331223,11,353350,2120077,7
orient,15746321111111,11,982857,5897142,12
orient,15746321323211,11,406654,2439912,8
orient,15746322313112,11,387853,2327109,8
orient,15762342122213,11,509251,3055493,8
orient,15763241111111,11,917079,5502477,12
orient,15763242323132,11,415392,2492334,7
orient,16243571132132,11,378899,2273381,7
orient,16243571231231,11,371031,2226157,6
orient,16243571321321,11,364380,2186268,6
orient,16245371231231,11,357238,2143412,6
orient,16254733312223,11,750384,4502297,10
orient,16257431132111,11,473776,2842638,7
orient,16257433223123,11,355136,2130807,6
orient,16273541122133,11,594241,3565434,10
orient,16273541321321,11,398270,2389600,6
orient,16275341312213,11,570545,3423272,10
orient,16275343122221,11,378398,2270375,7
orient,16327453232333,11,435668,2613992,7
orient,16342571331221,11,372212,2233260,6
orient,16345271111111,11,1420168,8521014,12
orient,16345271133131,11,433709,2602240,8
orient,16345271222111,11,473557,2841336,8
orient,16345272322232,11,490967,2945796,8
orient,16345272333212,11,460721,2764321,9
orient,16345273122323,11,558104,3348615,9
orient,16345273233323,11,574149,3444884,8
orient,16347252131312,11,620725,3724338,9
orient,16347253121312,11,572260,3433548,8
orient,16357421223113,11,355515,2133084,6
orient,16374521112323,11,655966,3935801,11
orient,16374523211123,11,519903,3119409,10
orient,16423572112121,11,440914,2645472,8
orient,16427531211311,11,398502,2390995,7
orient,16427531231321,11,458877,2753256,9
orient,16427532333233,11,721690,4330126,8
orient,16453271111111,11,955317,5731897,12
orient,16453271211113,11,418611,2511644,7
orient,16453272111131,11,424808,2548828,7
orient,16475233132313,11,505947,3035671,8
orient,16523473332323,11,432318,2593897,8
orient,16523741112212,11,448598,2691572,8
orient,16524731112212,11,570599,3423591,8
orient,16524731112233,11,490900,2945392,7
orient,16524731113133,11,483869,2903200,8
orient,16527341111111,11,839719,5038311,12
orient,16527431123333,11,466836,2801002,7
orient,16527431222132,11,460940,2765626,7
orient,16527431312222,11,534196,3205157,7
orient,16527431333213,11,377935,2267591,7
orient,16527432113333,11,415004,2490009,7
orient,16527432211322,11,478545,2871248,7
orient,16527432231122,11,426905,2561419,7
orient,16527432231332,11,372503,2235000,7
orient,16527432331322,11,403014,2418066,7
orient,16527432333113,11,392079,2352452,7
orient,16527433312133,11,412415,2474466,7
orient,16532471111222,11,487686,2926100,8
orient,16534271111111,11,912783,5476699,12
orient,16534271111132,11,397936,2387593,7
orient,16534273211111,11,504720,3028312,7
orient,16534723211123,11,661436,3968613,10
orient,16537421111222,11,458881,2753268,8
orient,16537421113322,11,431802,2590798,7
orient,16537421113331,11,480198,2881178,8
orient,16537421223113,11,339407,2036421,6
orient,16537421233112,11,488799,2932782,7
orient,16537421332112,11,340428,2042543,6
orient,16542371221331,11,319479,1916853,6
orient,16542371331221,11,367009,2202036,6
orient,16542372112331,11,543920,3263508,7
orient,16543271221223,11,458664,2751959,6
orient,16543271223221,11,319957,1919726,6
orient,16543271331332,11,351788,2110712,6
orient,16543271332331,11,356548,2139269,6
orient,16543272331331,11,323471,1940798,6
orient,16543273221221,11,354413,2126456,6
orient,16543721111111,11,839616,5037694,12
orient,16543721113211,11,402241,2413431,7
orient,16547233332323,11,470004,2820015,8
orient,16547321113331,11,525333,3151990,8
orient,16572431111111,11,918117,5508708,12
orient,16572433213223,11,374924,2249525,7
orient,16573241123123,11,433510,2601042,7
orient,16573241312312,11,383936,2303596,7
orient,16574231113133,11,456156,2736929,8
orient,16723451122133,11,515013,3090076,10
orient,16723451322311,11,372538,2235217,7
orient,16725431121311,11,434294,2605749,7
orient,16725431131211,11,452484,2714892,7
orient,16725431211122,11,479248,2875490,9
orient,16725431211131,11,557697,3346170,7
orient,16725431311121,11,428497,2570964,7
orient,16725432211121,11,514093,3084551,9
orient,16725432232223,11,464995,2789959,9
orient,16725433113311,11,462370,2774207,8
orient,16725433122212,11,399759,2398541,7
orient,16725433333232,11,392735,2356393,7
orient,16735242122213,11,477672,2866017,8
orient,16742352232313,11,500255,3001520,9
orient,16743252323222,11,432933,2597582,8
orient,16745232121313,11,499806,2998831,8
orient,16745232122222,11,489072,2934420,9
orient,16745233121213,11,489066,2934384,9
orient,16745233333313,11,736875,4421250,9
orient,16753241221112,11,437552,2625303,8
orient,17246351111111,11,819333,4915994,12
orient,17265433111313,11,609814,3658866,8
orient,17324561211323,11,510548,3063273,8
orient,17324561232332,11,348908,2093436,7
orient,17326452212111,11,738938,4433616,8
orient,17356241212313,11,398582,2391473,8
orient,17356242211331,11,559677,3358046,8
orient,17362451211311,11,381252,2287501,7
orient,17362451231321,11,439694,2638161,9
orient,17362452213311,11,606783,3640687,7
orient,17364251231231,11,369598,2217574,6
orient,17423653213232,11,363765,2182571,6
orient,17425631122112,11,442349,2654081,8
orient,17425631223113,11,347826,2086940,6
orient,17425631313113,11,428433,2570585,8
orient,17425631322113,11,456337,2738005,7
orient,17425631322332,11,560814,3364870,8
orient,17425631323112,11,519051,3114298,8
orient,17425631323223,11,396894,2381356,8
orient,17425631332112,11,354658,2127926,6
orient,17426531112233,11,432820,2596912,7
orient,17426531121212,11,509935,3059598,8
orient,17426531132312,11,452756,2716519,7
orient,17426531213123,11,507219,3043299,7
orient,17426531223221,11,318852,1913082,6
orient,17426531232233,11,644740,3868428,7
orient,17426531313131,11,499097,2994568,8
orient,17426531331332,11,336798,2020774,6
orient,17426532121211,11,461801,2770787,8
orient,17426532331331,11,365089,2190505,6
orient,17435622211133,11,485987,2915910,7
orient,17435623211123,11,570053,3420315,10
orient,17436521323232,11,395580,2373473,7
orient,17452363213232,11,363766,2182578,6
orient,17452363322132,11,386244,2317441,7
orient,17452633213232,11,347094,2082556,6
orient,17453262211133,11,428378,2570246,7
orient,17462352213311,11,426776,2560635,7
orient,17463251122112,11,432507,2595030,8
orient,17463251221331,11,319276,1915634,6
orient,17463251313113,11,424520,2547104,8
orient,17463251321231,11,458434,2750593,9
orient,17463251323112,11,528054,3168318,8
orient,17463251331221,11,340409,2042436,6
orient,17526431131121,11,403756,2422532,7
orient,17526431231321,11,457700,2746188,9
orient,17526432123233,11,624926,3749556,9
orient,17543261111111,11,975210,5851258,12
orient,17543261132111,11,399119,2394692,7
orient,17642531111111,11,819345,4916066,12
orient,17642531112233,11,554087,3324509,7
orient,17642533312211,11,397335,2383999,7
orient,17643251122112,11,421661,2529957,8
orient,21345671111111,11,929222,5575326,12
orient,21345762223322,11,592336,3554005,7
orient,21345762312323,11,467189,2803121,7
orient,21345762313223,11,417057,2502326,7
orient,21345763332233,11,451551,2709290,7
orient,21346752313322,11,624752,3748508,10
orient,21347562312323,11,737178,4423051,7
orient,21354671122112,11,413640,2481820,8
orient,21354671131313,11,536936,3221613,8
orient,21354671221112,11,419893,2519347,8
orient,21354672311123,11,508995,3053965,7
orient,21354672311132,11,618126,3708752,10
orient,21354672313211,11,1997101,11982608,11
orient,21354673131113,11,532397,3194369,8
orient,21354761112233,11,465159,2790935,7
orient,21354761112311,11,419860,2519146,7
orient,21354761113211,11,458613,2751664,7
orient,21354761113322,11,430431,2582571,7
orient,21354761122211,11,604179,3625063,9
orient,21354761133311,11,509365,3056180,9
orient,21354762213311,11,405959,2435737,7
orient,21354763312211,11,420890,2525326,7
orient,21357462311111,11,477499,2864976,7
orient,21357463213331,11,400176,2401039,7
orient,21357642221132,11,526983,3161887,8
orient,21364752311111,11,407827,2446951,7
orient,21364753212212,11,356268,2137588,7
orient,21365742221312,11,399858,2399133,7
orient,21365742312323,11,514953,3089708,7
orient,21367451311331,11,406447,2438666,7
orient,21367452112112,11,394948,2369669,7
orient,21374653333121,11,376303,2257803,7
orient,21375462312233,11,497639,2985831,10
orient,21375463333211,11,466097,2796572,7
orient,21376541111123,11,419614,2517664,7
orient,21376541112311,11,419878,2519256,7
orient,21376541122211,11,604180,3625071,9
orient,21376541131133,11,467126,2802739,8
orient,21457631321123,11,585363,3512168,7
orient,21473563331312,11,428306,2569833,8
orient,21536742222131,11,420487,2522910,7
orient,21654372231323,11,500387,3002321,8
orient,21654372233321,11,440284,2641695,7
orient,21654373332122,11,393136,2358792,6
orient,21654373332221,11,398918,2393495,7
orient,21734652123131,11,506755,3040522,10
orient,23147562123131,11,614684,3688104,10
orient,23147651112323,11,655296,3931777,11
orient,23147652312323,11,428732,2572374,7
orient,23156471222132,11,432824,2596924,7
orient,23156471333132,11,351029,2106150,7
orient,23156473323332,11,409837,2459011,8
orient,23157461231333,11,390497,2342967,7
orient,23157462131123,11,493407,2960430,7
orient,23164573213133,11,381020,2286094,7
orient,23164752131312,11,503063,3018373,9
orient,23164753333313,11,486660,2919948,9
orient,23165471111111,11,834664,5007981,12
orient,23165471311133,11,497330,2983969,9
orient,23165471312132,11,422470,2534804,7
orient,23165472111122,11,519225,3115347,9
orient,23165472111332,11,402995,2417949,7
orient,23165472132332,11,418673,2512017,7
orient,23165472311111,11,428750,2572489,7
orient,23165473233221,11,491328,2947957,8
orient,23165741112323,11,643664,3861983,11
orient,23165741231312,11,441295,2647762,8
orient,23165742123131,11,526620,3159720,10
orient,23165742131321,11,552106,3312628,8
orient,23165742131333,11,690319,4141911,8
orient,23165742312323,11,475472,2852807,7
orient,23165743331312,11,689807,4138836,8
orient,23167541233322,11,437884,2627297,7
orient,23167542131222,11,465524,2793131,7
orient,23174652123131,11,511723,3070330,10
orient,23175463211222,11,395678,2374060,7
orient,23176452132221,11,381819,2290894,7
orient,23176453332233,11,457228,2743354,7
orient,23416752121211,11,544973,3269832,8
orient,23417563232123,11,436032,2616180,7
orient,23456173212332,11,329110,1974647,6
orient,23456173233122,11,449376,2696242,7
orient,23456713212332,11,323120,1938695,6
orient,23475162121112,11,465954,2795706,8
orient,23517462131333,11,499079,2994467,8
orient,23576412233321,11,416563,2499365,7
orient,23576412312323,11,393643,2361842,7
orient,23657142121112,11,550488,3302914,8
orient,23671452122333,11,688391,4130335,7
orient,23674153232321,11,397009,2382035,7
orient,23751461132123,11,402398,2414372,8
orient,23751463112321,11,402386,2414301,8
orient,23756143222331,11,387863,2327171,6
orient,23756411222312,11,328585,1971486,6
orient,23756413222112,11,345020,2070102,6
orient,23756413223312,11,328745,1972449,6
orient,23756413322312,11,344825,2068935,6
orient,24153672321233,11,445187,2671109,8
orient,24157361313212,11,442513,2655066,8
orient,24157362323111,11,442454,2654717,8
orient,24167353132232,11,445054,2670315,6
orient,24173652323231,11,399204,2395209,7
orient,24315673311311,11,729527,4377162,8
orient,24315761122322,11,492057,2952332,7
orient,24315762213323,11,508727,3052354,10
orient,24351671212211,11,602149,3612893,8
orient,24351673111133,11,665477,3992866,9
orient,24351673311311,11,720363,4322169,8
orient,24351761111123,11,642859,3857140,7
orient,24351761212232,11,388187,2329113,7
orient,24367511323112,11,579164,3474977,8
orient,24367513111121,11,411761,2470548,7
orient,24376512222122,11,501091,3006536,8
orient,24516732233111,11,512741,3076437,10
orient,24531673123121,11,435216,2611283,6
orient,24536713231232,11,356414,2138472,7
orient,24537613231322,11,600667,3603990,8
orient,24561372111131,11,488322,2929915,7
orient,24563711121212,11,477991,2867937,8
orient,24563712121232,11,480832,2884983,8
orient,24563713121222,11,617685,3706104,8
orient,24571362221213,11,424070,2544401,8
orient,24571631121212,11,475969,2855796,8
orient,24615371112332,11,402091,2412531,7
orient,24615372213311,11,749152,4494899,7
orient,24615731122313,11,489454,2936719,7
orient,24615731132333,11,695118,4170703,7
orient,24615732111323,11,594577,3567460,7
orient,24615732213311,11,402080,2412464,7
orient,24615732233321,11,478923,2873525,7
orient,24615733113323,11,713968,4283800,7
orient,24615733311122,11,443169,2658999,7
orient,24617532233321,11,646166,3876973,7
orient,24637512311132,11,611135,3666798,10
orient,24651731113223,11,408811,2452859,7
orient,24651731333333,11,398910,2393451,7
orient,24715363311332,11,398257,2389533,7
orient,24715631111111,11,843450,5060710,12
orient,24715631122121,11,516690,3100125,8
orient,24715631122133,11,499514,2997075,10
orient,24715632313223,11,397071,2382408,7
orient,24715633112111,11,382683,2296081,7
orient,24715633131131,11,497056,2982322,8
orient,24716532323231,11,480110,2880643,7
orient,24731561111111,11,1079191,6475152,12
orient,24731562311231,11,439813,2638868,8
orient,24736512222332,11,495662,2973960,7
orient,24751362221231,11,597233,3583383,7
orient,24751362321113,11,729786,4378701,7
orient,24761531221223,11,436644,2619849,6
orient,24763151111111,11,832181,4993086,12
orient,24765313222112,11,345229,2071354,6
orient,25134672233321,11,423665,2541972,7
orient,25134672312323,11,407336,2444004,7
orient,25134672313211,11,776111,4656668,11
orient,25137461111111,11,901619,5409714,12
orient,25137461211323,11,394307,2365821,8
orient,25163741112323,11,639236,3835407,11
orient,25314673111313,11,713920,4283503,8
orient,25314673111331,11,607756,3646525,8
orient,25314673131311,11,694775,4168642,8
orient,25341673113311,11,826488,4958922,8
orient,25341762313223,11,630032,3780175,7
orient,25364172311231,11,815647,4893872,8
orient,25364173223231,11,352146,2112857,7
orient,25367411211122,11,489863,2939163,9
orient,25413672323111,11,819952,4919705,8
orient,25413763121222,11,420858,2525132,8
orient,25436711311313,11,466090,2796531,8
orient,25436712123122,11,421708,2530236,7
orient,25436712123332,11,518063,3108366,9
orient,25436712132122,11,420433,2522591,7
orient,25436712323231,11,410832,2464975,7
orient,25436713232321,11,466830,2800961,7
orient,25436713332122,11,385401,2312395,6
orient,25463713212332,11,329096,1974561,6
orient,25471362323132,11,473716,2842282,7
orient,25471631312213,11,596246,3577471,10
orient,25631741212121,11,691961,4151754,8
orient,25634713321232,11,505683,3034082,8
orient,25641371213132,11,403546,2421264,7
orient,25714632123131,11,618026,3708149,10
orient,25714632223331,11,494691,2968135,7
orient,25714632313211,11,1808655,10851933,11
orient,25714633121333,11,558047,3348271,8
orient,25716431212223,11,460592,2763538,7
orient,25716433223213,11,382126,2292736,7
orient,25731642232211,11,684520,4107101,7
orient,25734162221111,11,450903,2705400,8
orient,25734613113323,11,593759,3562545,7
orient,25736141111123,11,513288,3079718,7
orient,25736141233232,11,451363,2708171,6
orient,25736411133113,11,470726,2824343,8
orient,25736411231321,11,470038,2820228,9
orient,25736411321312,11,353091,2118528,7
orient,25736411331113,11,452121,2712713,8
orient,25736413123112,11,366871,2201214,7
orient,25741361232113,11,584766,3508592,10
orient,25741632222323,11,503745,3022463,8
orient,25741632312323,11,440290,2641731,7
orient,25743611233232,11,345665,2073974,6
orient,25763142223133,11,513769,3082600,7
orient,25763411332322,11,400685,2404096,7
orient,26135742132221,11,443261,2659562,7
orient,26135742213323,11,506237,3037408,10
orient,26135742332312,11,419666,2517980,7
orient,26153471122121,11,482248,2893476,8
orient,26153473131131,11,438226,2629343,8
orient,26153473132121,11,430682,2584073,8
orient,26154372332213,11,766585,4599495,7
orient,26175432331133,11,420481,2522871,7
orient,26317451212211,11,742483,4454895,8
orient,26345711223113,11,340268,2041587,6
orient,26371453112111,11,428895,2573357,7
orient,26415731322323,11,379861,2279154,7
orient,26415732121223,11,402963,2417769,7
orient,26415732233321,11,516582,3099476,7
orient,26435712222122,11,635592,3813541,8
orient,26435712233321,11,469569,2817401,7
orient,26435712311132,11,504845,3029058,10
orient,26435712322322,11,554271,3325621,8
orient,26435713311122,11,466459,2798736,7
orient,26435713333133,11,549550,3297287,8
orient,26437512122312,11,463479,2780864,7
orient,26453172211133,11,493655,2961916,7
orient,26453711333333,11,435477,2612845,7
orient,26513471122121,11,449475,2696838,8
orient,26517343333313,11,520876,3125243,9
orient,26534713333313,11,711982,4271879,9
orient,26543171111111,11,832077,4992457,12
orient,26543171123111,11,401259,2407530,7
orient,26547313131323,11,547622,3285726,8
orient,26573413331312,11,425643,2553835,8
orient,26714531212133,11,476485,2858898,8
orient,26714532121133,11,523676,3142045,8
orient,26715433231322,11,470007,2820035,8
orient,26741351232113,11,504073,3024424,10
orient,26743512121232,11,562555,3375324,8
orient,27134561131133,11,461141,2766830,8
orient,27154632311132,11,523370,3140212,10
orient,27314652313211,11,773839,4643036,11
orient,27365412321212,11,546992,3281943,8
orient,27415363131113,11,471985,2831893,8
orient,27415632323231,11,421553,2529301,7
orient,27415633321322,11,506509,3039041,7
orient,27416532133232,11,410863,2465165,7
orient,27416533321232,11,537262,3223558,8
orient,27435612122222,11,486658,2919946,9
orient,27453161123111,11,402485,2414897,7
orient,27453161132111,11,458167,2749003,7
orient,27456133132223,11,425867,2555195,8
orient,27516341111111,11,819141,4914831,12
orient,27534161111111,11,819325,4915945,12
orient,27534161111123,11,590075,3540436,7
orient,27534162311111,11,421592,2529543,7
orient,27534612311132,11,538814,3232876,10
orient,27536412332312,11,382091,2292532,7
orient,27543611111123,11,553250,3319493,7
orient,27543611111132,11,409172,2455010,7
orient,27546312231122,11,665452,3992696,7
orient,27613543333133,11,492931,2957566,8
orient,27614353311332,11,410987,2465909,7
orient,27615431312333,11,519570,3117409,7
orient,27615432113321,11,624666,3747983,10
orient,27615433313213,11,391375,2348222,7
orient,27634511131133,11,505776,3034643,8
orient,27634512233321,11,428453,2570703,7
orient,27643513311233,11,563357,3380135,7
orient,31246753312211,11,542481,3254874,7
orient,31247651113232,11,432965,2597790,9
orient,31247651323232,11,486053,2916306,7
orient,31256471231222,11,354379,2126259,7
orient,31257462222221,11,541293,3247748,7
orient,31257462312311,11,422507,2535035,7
orient,31257643311122,11,460605,2763617,7
orient,31264572122213,11,510579,3063462,8
orient,31264573132313,11,463516,2781088,8
orient,31264573222223,11,456245,2737460,8
orient,31264752132122,11,382074,2292425,7
orient,31264752313121,11,467252,2803502,7
orient,31265471111111,11,926516,5559102,12
orient,31265471122112,11,432503,2595007,8
orient,31265471122133,11,562417,3374493,10
orient,31265471312213,11,506247,3037480,10
orient,31265471313113,11,412889,2477323,8
orient,31265471321111,11,382903,2297404,7
orient,31265472233321,11,628607,3771633,7
orient,31265472312233,11,506247,3037477,10
orient,31265741233331,11,467398,2804368,7
orient,31267542222233,11,510208,3061234,8
orient,31267542313133,11,555651,3333888,8
orient,31275461112233,11,498801,2992787,7
orient,31275461322233,11,503216,3019289,7
orient,31275462133211,11,431714,2590265,7
orient,31275462223211,11,432134,2592791,7
orient,31275462311213,11,459089,2754533,7
orient,31275462312212,11,458599,2751578,7
orient,31275463311122,11,501253,3007500,7
orient,31276452133322,11,400434,2402590,7
orient,31276452313313,11,478830,2872967,7
orient,31452671323211,11,394511,2367057,8
orient,31452671332232,11,395091,2370534,8
orient,31452672322331,11,373955,2243720,7
orient,31456722111221,11,429298,2575775,8
orient,31462751111111,11,852526,5115161,12
orient,31462751113322,11,425076,2550446,7
orient,31475261322233,11,456824,2740935,7
orient,31475262331313,11,541393,3248348,7
orient,31475262333221,11,422544,2535257,7
orient,31524673332122,11,529096,3174566,6
orient,31527643332122,11,344238,2065405,6
orient,31564272212111,11,714072,4284424,8
orient,31564272213311,11,410106,2460622,7
orient,31564273113311,11,466760,2800546,8
orient,31572461122133,11,507371,3044216,10
orient,31624751112233,11,406189,2437123,7
orient,31624753312211,11,394656,2367916,7
orient,31627452221333,11,446547,2679270,7
orient,31654272313322,11,580520,3483110,10
orient,31754621331122,11,560323,3361928,8
orient,31765242322121,11,404313,2425861,6
orient,32145671111111,11,1211940,7271646,12
orient,32145671123333,11,469997,2819968,7
orient,32145671132222,11,417713,2506270,7
orient,32145671221112,11,493291,2959734,8
orient,32145671333333,11,457127,2742750,7
orient,32145672113333,11,443729,2662362,7
orient,32145672212222,11,511082,3066481,8
orient,32145673112222,11,380290,2281725,7
orient,32145673311113,11,506004,3036013,9
orient,32146751232323,11,440587,2643510,7
orient,32146752232223,11,601752,3610499,9
orient,32147562313223,11,397142,2382835,7
orient,32147562333233,11,702091,4212531,8
orient,32147651123333,11,461364,2768169,7
orient,32147651132222,11,378449,2270676,7
orient,32147651213333,11,430449,2582675,7
orient,32147651312222,11,431321,2587915,7
orient,32147652113333,11,415006,2490024,7
orient,32147652231332,11,372505,2235015,7
orient,32147652233213,11,573073,3438428,7
orient,32147652331322,11,410034,2460184,7
orient,32147652332213,11,549828,3298961,7
orient,32147653112222,11,389367,2336190,7
orient,32156471111111,11,855000,5130009,12
orient,32156471113211,11,409551,2457289,7
orient,32156471232332,11,359327,2155944,7
orient,32156472312332,11,374937,2249606,7
orient,32156472332132,11,353857,2123125,6
orient,32156472332321,11,426151,2556902,8
orient,32156472333332,11,462196,2773167,8
orient,32156473223123,11,334191,2005123,6
orient,32156741112323,11,876283,5257688,11
orient,32156742311123,11,417279,2503661,7
orient,32156742313223,11,460713,2764268,7
orient,32156742333131,11,392028,2352145,7
orient,32157641232323,11,439154,2634910,7
orient,32157642231323,11,472068,2832395,8
orient,32164571111111,11,906403,5438423,12
orient,32164571111231,11,406908,2441431,7
orient,32164571232323,11,407456,2444716,7
orient,32164572232223,11,553138,3318825,9
orient,32164572232313,11,557992,3347945,9
orient,32164572233321,11,486725,2920336,7
orient,32164572312323,11,473334,2839984,7
orient,32164573323212,11,450984,2705887,8
orient,32165741111111,11,978310,5869872,12
orient,32165741111132,11,423933,2543592,7
orient,32165741233223,11,380195,2281155,7
orient,32165742211112,11,582994,3497961,9
orient,32165742331112,11,399867,2399178,7
orient,32165743311131,11,465651,2793886,9
orient,32167451111111,11,901618,5409707,12
orient,32167451213333,11,423150,2538890,7
orient,32167451222222,11,433346,2600066,7
orient,32167451312222,11,426003,2556001,7
orient,32167451333111,11,430256,2581522,8
orient,32167452211121,11,491292,2947744,9
orient,32167453222313,11,390384,2342282,7
orient,32167453313333,11,506894,3041357,8
orient,32167453321232,11,476937,2861605,8
orient,32174561112323,11,690302,4141812,11
orient,32174561232113,11,648043,3888253,10
orient,32174561232233,11,522286,3133707,7
orient,32174562231212,11,489263,2935557,8
orient,32174652312332,11,353271,2119616,7
orient,32174652332132,11,353858,2123133,6
orient,32175461111111,11,902859,5417154,12
orient,32175461113112,11,397509,2385037,7
orient,32175461221112,11,419677,2518051,8
orient,32175461333111,11,427328,2563951,8
orient,32175462233111,11,520047,3120271,10
orient,32175462312323,11,620937,3725599,7
orient,32416753121222,11,573341,3440042,8
orient,32417562113321,11,587347,3524084,10
orient,32417652132131,11,380876,2285247,6
orient,32417653132121,11,391616,2349678,8
orient,32451762331121,11,356216,2137277,7
orient,32456173212332,11,334319,2005896,6
orient,32456711233133,11,755356,4532121,7
orient,32465172112121,11,462116,2772678,8
orient,32465172132131,11,335179,2011051,6
orient,32465172133121,11,358779,2152664,7
orient,32465172332321,11,425305,2551826,8
orient,32465173123121,11,365127,2190744,6
orient,32465173132121,11,428670,2572005,8
orient,32465173133111,11,466090,2796525,8
orient,32465173233221,11,481275,2887644,8
orient,32475161232323,11,406510,2439040,7
orient,32475163331222,11,393369,2360194,7
orient,32476513232231,11,413897,2483369,7
orient,32517463131311,11,612179,3673071,8
orient,32546713323212,11,432308,2593838,8
orient,32547611121113,11,454553,2727316,8
orient,32547611131112,11,431833,2590975,8
orient,32547611213111,11,439524,2637131,8
orient,32547611312111,11,454843,2729045,8
orient,32547612111311,11,458992,2753938,8
orient,32547613111211,11,432079,2592460,8
orient,32561471113133,11,520874,3125226,8
orient,32561471121311,11,454918,2729494,7
orient,32561471122211,11,523717,3142290,9
orient,32561471131211,11,466710,2800248,7
orient,32561471211131,11,580601,3483590,7
orient,32561471311121,11,466793,2800733,7
orient,32561472133313,11,493029,2958160,8
orient,32561472213122,11,419103,2514597,7
orient,32561473222223,11,413537,2481213,8
orient,32561473323212,11,420279,2521661,8
orient,32567412122222,11,493273,2959620,9
orient,32567412131312,11,592374,3554237,9
orient,32567412222212,11,683421,4100505,8
orient,32567413131212,11,470508,2823037,8
orient,32567413133333,11,557063,3342368,8
orient,32576142313223,11,441281,2647678,7
orient,32615473332122,11,452935,2717598,6
orient,32647152133121,11,498070,2988407,7
orient,32647153132121,11,402692,2416145,8
orient,32647512333233,11,746726,4480344,8
orient,32657143121213,11,484407,2906433,9
orient,32657412111212,11,464867,2789181,8
orient,32671453123313,11,455494,2732962,8
orient,32674152113333,11,578698,3472181,7
orient,32714652332132,11,336092,2016530,6
orient,32716452123212,11,547024,3282141,8
orient,32741651121311,11,599996,3599959,7
orient,32741651131211,11,474165,2844973,7
orient,32741651211131,11,451311,2707853,7
orient,32741651311121,11,457664,2745974,7
orient,32741652111113,11,482330,2893965,7
orient,32741653111112,11,474212,2845263,7
orient,32745611223332,11,355876,2135244,7
orient,32745612313322,11,507065,3042393,10
orient,32745612322331,11,347612,2085659,7
orient,32751643321232,11,473620,2841713,8
orient,32754163211123,11,515374,3092236,10
orient,32756141233121,11,413389,2480326,8
orient,32761452121313,11,473803,2842810,8
orient,32761452122222,11,537013,3222067,9
orient,32761452222212,11,496175,2977046,8
orient,32761453121312,11,697851,4187097,8
orient,32761453133333,11,492688,2956113,8
orient,32765411112221,11,499977,2999853,9
orient,32765411121113,11,433308,2599834,8
orient,32765411131112,11,429120,2574715,8
orient,32765411133113,11,434855,2609107,8
orient,32765411331113,11,437801,2626789,8
orient,32765412221312,11,428599,2571584,7
orient,32765412323222,11,457365,2744187,8
orient,32765413122212,11,408948,2453675,7
orient,32765413223312,11,347305,2083813,6
orient,32765413231223,11,468892,2813341,8
orient,32765413322312,11,345650,2073874,6
orient,34125672131213,11,470038,2820218,8
orient,34125672131312,11,537019,3222112,9
orient,34125672221222,11,472636,2835811,8
orient,34125673133333,11,513503,3081010,8
orient,34127651121113,11,433465,2600779,8
orient,34127651131112,11,426771,2560606,8
orient,34127651213111,11,439525,2637139,8
orient,34127651312111,11,454844,2729053,8
orient,34127652111311,11,437178,2623061,8
orient,34127653111211,11,432078,2592452,8
orient,34162752132212,11,712082,4272481,8
orient,34165271112212,11,544526,3267147,8
orient,34165271121311,11,503765,3022586,7
orient,34165271131211,11,463632,2781779,7
orient,34165271211131,11,570803,3424810,7
orient,34165271311121,11,441603,2649601,7
orient,34165271311133,11,497372,2984221,9
orient,34165272323333,11,474431,2846575,9
orient,34165273133312,11,534062,3204359,7
orient,34165273222322,11,391610,2349643,7
orient,34165273311131,11,469402,2816401,9
orient,34167252213323,11,510177,3061050,10
orient,34172562132332,11,383010,2298050,7
orient,34172562313331,11,466568,2799389,7
orient,34175263321232,11,499616,2997683,8
orient,34216572213122,11,578236,3469409,7
orient,34261572132131,11,335180,2011059,6
orient,34261572133121,11,357831,2146974,7
orient,34261573123121,11,358704,2152205,6
orient,34265712212132,11,498860,2993140,7
orient,34275161312213,11,494455,2966718,10
orient,34275162112322,11,421394,2528347,7
orient,34275162213221,11,463140,2778824,7
orient,34516271111111,11,845320,5071928,12
orient,34516272312332,11,494897,2969363,7
orient,34516722313223,11,543285,3259698,7
orient,34517622231323,11,506234,3037394,8
orient,34521672223232,11,479612,2877657,7
orient,34526713232312,11,395129,2370751,7
orient,34527612211322,11,455929,2735555,7
orient,34527612231122,11,444171,2665013,7
orient,34527612231332,11,453430,2720575,7
orient,34527612331322,11,408693,2452142,7
orient,34527613312133,11,453182,2719083,7
orient,34561272122123,11,387057,2322330,7
orient,34561272122321,11,411194,2467147,7
orient,34561272212213,11,573078,3438461,7
orient,34561272213122,11,435004,2610009,7
orient,34561272232211,11,549823,3298928,7
orient,34561273221233,11,381119,2286699,7
orient,34561273233131,11,380891,2285330,7
orient,34561273311233,11,434141,2604835,7
orient,34561273313321,11,516772,3100620,7
orient,34561273321133,11,453484,2720881,7
orient,34561273321223,11,386066,2316378,7
orient,34561721111111,11,875421,5252531,12
orient,34562171321111,11,404974,2429826,7
orient,34562171321231,11,424324,2545929,9
orient,34562172232313,11,601825,3610943,9
orient,34567212223232,11,542018,3252097,7
orient,34617252111212,11,464868,2789189,8
orient,34617252123212,11,460975,2765835,8
orient,34617252132212,11,470509,2823042,8
orient,34617522221333,11,420742,2524432,7
orient,34621572132131,11,350591,2103530,6
orient,34625172111212,11,543021,3258111,8
orient,34627512232313,11,491457,2948729,9
orient,34651271123111,11,463153,2778903,7
orient,34651272332132,11,380288,2281713,6
orient,34675212222122,11,516596,3099571,8
orient,34715262221123,11,462978,2777853,7
orient,34716522223211,11,500244,3001455,7
orient,34721652121313,11,595579,3573469,8
orient,34721652131213,11,558636,3351806,8
orient,34721652221222,11,595573,3573430,8
orient,34721652222212,11,575226,3451346,8
orient,34721653333313,11,560611,3363654,9
orient,34725611212211,11,524998,3149980,8
orient,34725612111113,11,437596,2625565,7
orient,34725612121322,11,549546,3297270,8
orient,34725612231212,11,548387,3290312,8
orient,34725612231332,11,395222,2371329,7
orient,34725612322232,11,472801,2836787,8
orient,34725612331322,11,419701,2518195,7
orient,34725613111112,11,474467,2846793,7
orient,34725613111133,11,493117,2958697,9
orient,34725613132223,11,459365,2756173,8
orient,34725613311113,11,484125,2904743,9
orient,34761252323222,11,428344,2570045,8
orient,35126741232212,11,445463,2672768,7
orient,35126742231233,11,445975,2675843,7
orient,35127462331331,11,387013,2322064,6
orient,35162472122231,11,410337,2462010,7
orient,35162472123233,11,561598,3369582,9
orient,35162473122221,11,363413,2180469,7
orient,35162473323131,11,411986,2471900,7
orient,35162473332122,11,406399,2438371,6
orient,35162473332131,11,362901,2177391,7
orient,35162742213323,11,506225,3037341,10
orient,35167242132212,11,423728,2542356,8
orient,35172461232323,11,407894,2447356,7
orient,35174262213131,11,573712,3442263,8
orient,35174262231113,11,510737,3064408,8
orient,35246171111111,11,819324,4915937,12
orient,35246171113322,11,403010,2418045,7
orient,35246172213311,11,441638,2649820,7
orient,35267141223233,11,386579,2319464,8
orient,35267141321132,11,834922,5009522,8
orient,35271461322233,11,405740,2434430,7
orient,35416721113112,11,408031,2448174,7
orient,35416723232213,11,609403,3656420,9
orient,35417622223133,11,537341,3224024,7
orient,35426712131132,11,446419,2678498,7
orient,35426712311312,11,396722,2380311,7
orient,35426713111313,11,495011,2970048,8
orient,35426713131113,11,461839,2771018,8
orient,35426713312211,11,456768,2740592,7
orient,35461271111231,11,485550,2913288,7
orient,35461271321231,11,432920,2597511,9
orient,35461272222323,11,449467,2696783,8
orient,35462171131313,11,466722,2800327,8
orient,35462171212121,11,484684,2908089,8
orient,35462171221223,11,320402,1922397,6
orient,35462171332331,11,361583,2169476,6
orient,35462172213311,11,456261,2737550,7
orient,35462172223331,11,435105,2610614,7
orient,35462172312131,11,403982,2423874,7
orient,35462173123211,11,413246,2479458,7
orient,35462173131311,11,498102,2988597,8
orient,35462173221221,11,390706,2344219,6
orient,35462712322322,11,432027,2592147,8
orient,35472163222313,11,408364,2450167,7
orient,35472163231322,11,490200,2941188,8
orient,35476122221111,11,459634,2757788,8
orient,35614722321233,11,502696,3016165,8
orient,35617423131332,11,438883,2633291,7
orient,35624712121232,11,469804,2818811,8
orient,35624712321212,11,562490,3374937,8
orient,35624712321332,11,410678,2464047,8
orient,35624712331232,11,410986,2465905,8
orient,35714623111322,11,497135,2982803,8
orient,35721642221213,11,725459,4352742,8
orient,35762142222113,11,445941,2675642,7
orient,36125471111333,11,480873,2885236,9
orient,36125471212112,11,597172,3583013,8
orient,36125471213111,11,432729,2596359,8
orient,36125471222111,11,604711,3628253,8
orient,36125471312111,11,451594,2709561,8
orient,36125472111311,11,433896,2603361,8
orient,36125472121223,11,405712,2434256,7
orient,36125473111211,11,457365,2744187,8
orient,36125473232222,11,472255,2833516,8
orient,36125473323233,11,502623,3015729,9
orient,36125743222331,11,616937,3701613,6
orient,36127451333222,11,347523,2085124,7
orient,36145272122222,11,572289,3433721,9
orient,36145272131213,11,684082,4104474,8
orient,36145272131312,11,511231,3067377,9
orient,36145273333313,11,566493,3398953,9
orient,36147251121311,11,474169,2845006,7
orient,36147251131211,11,485318,2911889,7
orient,36147251211131,11,521282,3127683,7
orient,36147251311121,11,435006,2610025,7
orient,36147252111113,11,541593,3249541,7
orient,36147253111112,11,456310,2737840,7
orient,36152741231312,11,475586,2853517,8
orient,36152742131321,11,432273,2593626,8
orient,36172452133133,11,498872,2993215,7
orient,36217452131333,11,498887,2993308,8
orient,36217541223311,11,372533,2235180,8
orient,36217543213112,11,373140,2238821,7
orient,36241573212332,11,322457,1934727,6
orient,36241753212311,11,524460,3146746,9
orient,36415272123212,11,477931,2867568,8
orient,36417522123311,11,470739,2824422,8
orient,36514272212111,11,689832,4138982,8
orient,36521472113321,11,522790,3136737,10
orient,36521472331121,11,359367,2156186,7
orient,36527411131133,11,457560,2745357,8
orient,36527412111113,11,437597,2625573,7
orient,36527412131222,11,483295,2899760,7
orient,36527412211322,11,477420,2864510,7
orient,36527412221312,11,423214,2539274,7
orient,36527412231122,11,421827,2530950,7
orient,36527412322232,11,464196,2785168,8
orient,36527413111112,11,456311,2737848,7
orient,36527413311311,11,444905,2669408,8
orient,36541272323222,11,428345,2570053,8
orient,36542712121322,11,512704,3076212,8
orient,36547212121313,11,535809,3214849,8
orient,36547212122222,11,622051,3732291,9
orient,36547212131312,11,622057,3732330,9
orient,36547212221222,11,541157,3246924,8
orient,36547213331333,11,508431,3050575,8
orient,36712542121112,11,477934,2867593,8
orient,36712542121121,11,400880,2405269,8
orient,36712542121211,11,543404,3260406,8
orient,36712542122111,11,422362,2534158,8
orient,36714252232223,11,464603,2787605,9
orient,36714521232113,11,671181,4027093,10
orient,36714522121322,11,632205,3793224,8
orient,36714522122213,11,513446,3080667,8
orient,36714523132223,11,452147,2712866,8
orient,36714523132322,11,445054,2670304,8
orient,36721451131331,11,422750,2536492,7
orient,36721452121322,11,551700,3310191,8
orient,36721452122123,11,374132,2244774,7
orient,36721452122213,11,548277,3289646,8
orient,36721452122321,11,419422,2516521,7
orient,36721452131111,11,473382,2840279,8
orient,36721452223232,11,452420,2714503,7
orient,36721453113113,11,461464,2768769,7
orient,36721453121111,11,587248,3523484,8
orient,36725411121212,11,469562,2817362,8
orient,36725411131313,11,472220,2833310,8
orient,36725411212121,11,467183,2803085,8
orient,36725411313131,11,466636,2799804,8
orient,36725412111212,11,498382,2990270,8
orient,36725412121112,11,465785,2794691,8
orient,36725412121211,11,495907,2975426,8
orient,36725412121232,11,468536,2811194,8
orient,36725412123212,11,499264,2995565,8
orient,36725412321212,11,495025,2970137,8
orient,36725413111313,11,541374,3248232,8
orient,36725413131113,11,486018,2916098,8
orient,36725413131311,11,566506,3399036,8
orient,36741252122123,11,437445,2624650,7
orient,36741252122321,11,408347,2450060,7
orient,36741252122333,11,422656,2535920,7
orient,36741252123323,11,454918,2729489,7
orient,36741253233131,11,403728,2422352,7
orient,36745211211221,11,393511,2361046,7
orient,36745212121223,11,399449,2396678,7
orient,36745212122312,11,502295,3013766,7
orient,36745212122333,11,419284,2515693,7
orient,36745212123323,11,476241,2857433,7
orient,36745212131111,11,437686,2626102,8
orient,36745212223232,11,452421,2714511,7
orient,36745213121111,11,549375,3296236,8
orient,36745213131131,11,412484,2474887,8
orient,36745213133111,11,448744,2692444,8
orient,36745213232213,11,468093,2808547,9
orient,36751243222322,11,409643,2457853,7
orient,36752142122132,11,445869,2675198,7
orient,36752142123221,11,413675,2482038,7
orient,36752143132232,11,317912,1907454,6
orient,36752143133222,11,388208,2329234,6
orient,36752143211132,11,448513,2691064,7
orient,36754123232222,11,495706,2974227,8
orient,37246511112233,11,535429,3212570,7
orient,37256142321233,11,473169,2839001,8
orient,37415622333221,11,534608,3207636,7
orient,37426513132313,11,469105,2814618,8
orient,37452162323312,11,414010,2484047,8
orient,37516422333311,11,412073,2472425,7
orient,37561241311112,11,463384,2780289,7
orient,37612453122233,11,407672,2446019,7
orient,37612542221111,11,502429,3014560,8
orient,37614252221123,11,420424,2522521,7
orient,37614521111111,11,923279,5539676,12
orient,37614521323232,11,403859,2423140,7
orient,37614522111221,11,451012,2706063,8
orient,37614522113321,11,591311,3547868,10
orient,37614522313322,11,605937,3635615,10
orient,37614522323312,11,451294,2707749,8
orient,37614523232213,11,555421,3332520,9
orient,37615421113322,11,440346,2642062,7
orient,37615422211133,11,463664,2781970,7
orient,37615422223133,11,464089,2784523,7
orient,37615422313121,11,425430,2552563,7
orient,37615422313331,11,451237,2707411,7
orient,37615423121132,11,467329,2803963,7
orient,37624152311213,11,503155,3018915,7
orient,37624511232233,11,517490,3104928,7
orient,37624512121322,11,628841,3773037,8
orient,37624512231212,11,486494,2918955,8
orient,37624513131323,11,481866,2891187,8
orient,37624513231313,11,467847,2807075,8
orient,37641252222323,11,505266,3031583,8
orient,37642152213311,11,539662,3237951,7
orient,37642513122221,11,388722,2332322,7
orient,37645122312221,11,394000,2363978,7
orient,37651242211133,11,537870,3227201,7
orient,37651422312311,11,531380,3188268,7
orient,37652141113232,11,427803,2566809,9
orient,37652143231322,11,480775,2884636,8
orient,37654212311222,11,497566,2985384,8
orient,41236753232321,11,463314,2779872,7
orient,41237561313131,11,533502,3201003,8
orient,41263751312222,11,563819,3382907,7
orient,41325671212211,11,479413,2876468,8
orient,41325762313223,11,419141,2514831,7
orient,41325763131233,11,394949,2369676,7
orient,41352671212112,11,407689,2446122,8
orient,41352671212121,11,475521,2853117,8
orient,41352671222111,11,426511,2559060,8
orient,41357622313112,11,411666,2469984,8
orient,41367253111133,11,590288,3541715,9
orient,41532672313211,11,1151848,6911094,11
orient,41532761233133,11,410750,2464489,7
orient,41563273113311,11,453819,2722899,8
orient,41576322212222,11,501430,3008572,8
orient,41625372313211,11,1532322,9193938,11
orient,41625373121213,11,487050,2922293,9
orient,41625731222231,11,394994,2369958,7
orient,41635721212121,11,618822,3712926,8
orient,41657321222312,11,328798,1972771,6
orient,41673252212222,11,508523,3051125,8
orient,41673521111111,11,852603,5115624,12
orient,41723562313211,11,643362,3860174,11
orient,41725361232113,11,514712,3088263,10
orient,41725361321213,11,523449,3140681,8
orient,41725362221213,11,490365,2942188,8
orient,41725362313211,11,635701,3814199,11
orient,41725362313223,11,528659,3171938,7
orient,41725363121222,11,465603,2793607,8
orient,41725363121231,11,390896,2345363,8
orient,41725631111111,11,936705,5620238,12
orient,41725631211122,11,512879,3077269,9
orient,41725632322331,11,384200,2305187,7
orient,41725633111133,11,526504,3159016,9
orient,41725633121123,11,430672,2584013,7
orient,41725633211111,11,499345,2996062,7
orient,41726352313322,11,507961,3047759,10
orient,41726532312233,11,543815,3262884,10
orient,41735261323313,11,499678,2998058,7
orient,41735262312233,11,573851,3443108,10
orient,41735263123223,11,375086,2250509,7
orient,41735621233232,11,315684,1894080,6
orient,41735622313322,11,507988,3047923,10
orient,41736521233232,11,451362,2708163,6
orient,41736522332231,11,390300,2341788,7
orient,41752631222123,11,391670,2349999,7
orient,41752632311123,11,467401,2804391,7
orient,41752632312323,11,401579,2409464,7
orient,41752632313211,11,1994557,11967338,11
orient,41756231321213,11,536131,3216780,8
orient,41756233121231,11,417617,2505690,8
orient,41762532221333,11,452900,2717391,7
orient,41762533123331,11,415835,2494993,7
orient,41765231233232,11,359566,2157383,6
orient,41765322221312,11,407294,2443754,7
orient,41765322313211,11,1229478,7376866,11
orient,41765323122212,11,424373,2546231,7
orient,42136752131312,11,504233,3025389,9
orient,42137561123333,11,464975,2789834,7
orient,42137653122131,11,394689,2368121,7
orient,42137653132121,11,394090,2364523,8
orient,42157633231322,11,512851,3077101,8
orient,42163751121212,11,562327,3373950,8
orient,42165373223123,11,342227,2053344,6
orient,42167532131333,11,489153,2934909,8
orient,42315673112111,11,390328,2341956,7
orient,42351671212211,11,539790,3238730,8
orient,42351763231133,11,708638,4251816,8
orient,42367153111121,11,411689,2470114,7
orient,42367153211123,11,512973,3077832,10
orient,42516372233111,11,570456,3422738,10
orient,42561733323122,11,336995,2021950,6
orient,42573612323231,11,433985,2603891,7
orient,42573613322231,11,388477,2330849,7
orient,42613572313211,11,644502,3867011,11
orient,42615371313332,11,613967,3683794,8
orient,42615372213311,11,528720,3172307,7
orient,42615372221213,11,493282,2959678,8
orient,42615372313211,11,661626,3969761,11
orient,42651372213311,11,398542,2391240,7
orient,42651733311122,11,505387,3032309,7
orient,42673512232133,11,572373,3434220,7
orient,42751632321233,11,550056,3300330,8
orient,42751632323231,11,426435,2558592,7
orient,43126572133313,11,480905,2885414,8
orient,43167251232212,11,392323,2353919,7
orient,43176252123131,11,516656,3099924,10
orient,43176252311132,11,543351,3260097,10
orient,43216573132121,11,395933,2375588,8
orient,43216573132223,11,425502,2553002,8
orient,43216573212311,11,436815,2620884,9
orient,43216573212332,11,506216,3037282,6
orient,43512671313332,11,394423,2366524,8
orient,43527612312323,11,409897,2459362,7
orient,43561271111111,11,825414,4952486,12
orient,43571262122222,11,487657,2925933,9
orient,43572161111111,11,872598,5235590,12
orient,43572612312323,11,446754,2680514,7
orient,43576211123222,11,420239,2521428,8
orient,43576212112232,11,536427,3218562,8
orient,43615271333312,11,354722,2128317,7
orient,43615272113321,11,505009,3030040,10
orient,43617521223221,11,444205,2665218,6
orient,43621752213323,11,528890,3173328,10
orient,43651722323132,11,473150,2838877,7
orient,43675122222122,11,523074,3138433,8
orient,43675211221331,11,329997,1979956,6
orient,43721653231313,11,468614,2811668,8
orient,43751623123313,11,426150,2556893,8
orient,43765212222122,11,553819,3322912,8
orient,45167323322231,11,406022,2436113,7
orient,45176231131313,11,689950,4139680,8
orient,45176231133113,11,621900,3731380,8
orient,45176231331113,11,607756,3646519,8
orient,45176233131113,11,709511,4257049,8
orient,45176321131133,11,828147,4968876,8
orient,45213672221123,11,435695,2614149,7
orient,45273162222122,11,489005,2934015,8
orient,45276131131133,11,725591,4353546,8
orient,45312671222312,11,332464,1994760,6
orient,45312672223331,11,467727,2806347,7
orient,45312672233321,11,418370,2510204,7
orient,45312672313211,11,1805670,10834023,11
orient,45312673132313,11,758663,4551967,8
orient,45312673222112,11,333147,1998865,6
orient,45312673231313,11,755486,4532902,8
orient,45312761113211,11,446066,2676386,7
orient,45312761133311,11,473160,2838950,9
orient,45312762221111,11,529183,3175086,8
orient,45312762311111,11,413386,2480301,7
orient,45321671212211,11,488577,2931461,8
orient,45321671221121,11,447551,2685286,7
orient,45321673113311,11,794887,4769310,8
orient,45327612222323,11,470036,2820200,8
orient,45362712122222,11,520157,3120932,9
orient,45367122223133,11,494029,2964160,7
orient,45367211111132,11,448966,2693789,7
orient,45367211211122,11,524698,3148185,9
orient,45367213111133,11,573597,3441574,9
orient,45376121131133,11,777273,4663629,8
orient,45376121331311,11,528119,3168706,7
orient,45376211333123,11,385052,2310300,6
orient,45376213131323,11,759220,4555315,8
orient,45376213333322,11,412540,2475225,7
orient,45612371133221,11,449306,2695819,7
orient,45612372331121,11,383813,2302856,7
orient,45612373112231,11,419221,2515314,8
orient,45612373132121,11,417632,2505785,8
orient,45612373132223,11,452211,2713254,8
orient,45612373322111,11,378643,2271840,8
orient,45612373332122,11,378646,2271861,6
orient,45612373332221,11,393109,2358642,7
orient,45613271331221,11,326077,1956439,6
orient,45613272233111,11,543421,3260523,10
orient,45621373123331,11,397282,2383683,7
orient,45621373211111,11,529949,3179680,7
orient,45621732212123,11,491498,2948982,8
orient,45621732233333,11,472648,2835885,8
orient,45623712332123,11,395188,2371123,8
orient,45623713322321,11,359776,2158636,7
orient,45637123132121,11,450022,2700124,8
orient,45637123332122,11,340779,2044655,6
orient,45671231132231,11,383563,2301374,8
orient,45671233112132,11,396611,2379641,7
orient,45673212212132,11,397048,2382278,7
orient,45673213211222,11,404569,2427405,7
orient,45713623223132,11,398624,2391737,8
orient,45721363321313,11,429099,2574568,7
orient,45721363322231,11,394700,2368188,7
orient,45732612233321,11,398353,2390107,7
orient,45736121122211,11,625712,3754271,9
orient,46123571111111,11,832155,4992927,12
orient,46123573232123,11,625575,3753443,7
orient,46125731333123,11,333941,2003627,6
orient,46127351131313,11,468352,2810093,8
orient,46127352131333,11,505070,3030409,8
orient,46127353131323,11,567221,3403312,8
orient,46135272133313,11,474875,2849233,8
orient,46153273131131,11,579710,3478258,8
orient,46157233333232,11,391679,2350065,7
orient,46157321331233,11,385942,2315640,7
orient,46215372121223,11,427327,2563949,7
orient,46215372313211,11,1106572,6639427,11
orient,46257132211133,11,512687,3076111,7
orient,46257313312211,11,748161,4488953,7
orient,46273512122312,11,424310,2545850,7
orient,46273513221212,11,406419,2438498,7
orient,46275311123222,11,390977,2345852,8
orient,46275312112232,11,504794,3028757,8
orient,46275312132212,11,493342,2960041,8
orient,46275312232133,11,446612,2679654,7
orient,46275312313211,11,635276,3811655,11
orient,46275313121222,11,468902,2813407,8
orient,46275313312211,11,506545,3039251,7
orient,46321752111131,11,488924,2933530,7
orient,46352171211233,11,393131,2358774,8
orient,46352172113231,11,390206,2341224,8
orient,46372511221331,11,357196,2143156,6
orient,46375211211332,11,358878,2153251,7
orient,46375212113111,11,413465,2480781,6
orient,46375212132131,11,337230,2023363,6
orient,46375212132221,11,371066,2226386,7
orient,46375212332222,11,408311,2449851,7
orient,46375213112111,11,503283,3019683,7
orient,46375213123121,11,408499,2450979,6
orient,46375213333121,11,347321,2083911,7
orient,46512371331221,11,342579,2055463,6
orient,46512372113321,11,505008,3030033,10
orient,46513272332111,11,377538,2265210,7
orient,46513273113221,11,375266,2251582,7
orient,46523711331332,11,323833,1942981,6
orient,46527133111121,11,411791,2470728,7
orient,46572311223122,11,436638,2619812,7
orient,46572312132122,11,347867,2087185,7
orient,46721533123313,11,425990,2555923,8
orient,47123562232133,11,577441,3464628,7
orient,47123651233232,11,373022,2238109,6
orient,47126351233232,11,407988,2447915,6
orient,47126532133133,11,416564,2499374,7
orient,47132562311111,11,433948,2603667,7
orient,47132563222331,11,523134,3138789,6
orient,47132652233321,11,446654,2679911,7
orient,47135622132332,11,368557,2211334,7
orient,47136252133112,11,533442,3200640,8
orient,47152361233232,11,327817,1966892,6
orient,47152631322131,11,421796,2530756,8
orient,47156231332313,11,489308,2935843,7
orient,47156233211132,11,503620,3021706,7
orient,47156233223312,11,342939,2057622,6
orient,47156233233113,11,473874,2843233,7
orient,47156233322312,11,330425,1982538,6
orient,47156321111111,11,840549,5043298,12
orient,47156321133311,11,541477,3248851,9
orient,47156322132311,11,424035,2544201,7
orient,47156322313232,11,393233,2359374,6
orient,47156322332132,11,336095,2016546,6
orient,47156322332312,11,353026,2118146,7
orient,47156323223123,11,376761,2260539,6
orient,47162351322122,11,361541,2169233,7
orient,47163522131222,11,404496,2426960,7
orient,47165321232113,11,530553,3183306,10
orient,47165321322131,11,650908,3905436,8
orient,47165322132212,11,490305,2941819,8
orient,47165322133112,11,504713,3028265,8
orient,47165322232133,11,426624,2559723,7
orient,47165322313211,11,661193,3967157,11
orient,47216352131333,11,553819,3322909,8
orient,47251363131113,11,532262,3193556,8
orient,47251632131312,11,495875,2975237,9
orient,47256133212311,11,453312,2719862,9
orient,47256133321232,11,447823,2686920,8
orient,47265312122222,11,483008,2898041,9
orient,47265312131312,11,507863,3047180,9
orient,47265312313211,11,1536124,9216744,11
orient,47321651311133,11,463770,2782610,9
orient,47352612123131,11,509194,3055157,10
orient,47352612311132,11,530344,3182063,10
orient,47352612313211,11,1156881,6941289,11
orient,47512632312323,11,401143,2406847,7
orient,47621532232331,11,382733,2296384,8
orient,47621533231121,11,419536,2517195,8
orient,47632152233321,11,397772,2386618,7
orient,47632153212311,11,544121,3264715,9
orient,47632153232321,11,462545,2775253,7
orient,47632513212332,11,545589,3273519,6
orient,47652132231323,11,455020,2730113,8
orient,47653213211231,11,585304,3511811,7
orient,47653213232111,11,387495,2324954,8
orient,51264731113322,11,405956,2435720,7
orient,51264732213311,11,392899,2357378,7
orient,51267342312233,11,598634,3591805,10
orient,51324671211122,11,477390,2864333,9
orient,51324672212111,11,585538,3513221,8
orient,51324673113311,11,694105,4164618,8
orient,51324761111123,11,410829,2464956,7
orient,51324763113332,11,366461,2198750,7
orient,51342672212111,11,553937,3323609,8
orient,51342763312223,11,1113808,6682842,10
orient,51367241211113,11,420991,2525935,7
orient,51423671221331,11,338159,2028936,6
orient,51426731111111,11,839615,5037686,12
orient,51426733312211,11,438325,2629936,7
orient,51472361131313,11,496899,2981382,8
orient,51472633331312,11,428283,2569686,8
orient,51623471321111,11,384034,2304183,7
orient,51623743313321,11,429236,2575400,7
orient,51624731312123,11,465027,2790141,7
orient,51624733323113,11,429216,2575294,7
orient,51632741323232,11,413791,2482729,7
orient,51642371122313,11,483795,2902755,7
orient,51642731113322,11,530035,3180202,7
orient,51647231113232,11,432963,2597776,9
orient,51723643131311,11,470881,2825269,8
orient,51724362122222,11,521380,3128272,9
orient,51724363121213,11,518833,3112993,9
orient,51726433123313,11,445218,2671300,8
orient,51732643121213,11,517610,3105650,9
orient,51742632323231,11,445241,2671435,7
orient,51742632323333,11,528359,3170148,9
orient,52134761232113,11,531541,3189245,10
orient,52147631121311,11,474171,2845020,7
orient,52147631131211,11,482874,2897235,7
orient,52147631211131,11,429070,2574400,7
orient,52147631311121,11,435008,2610039,7
orient,52147632111113,11,471246,2827453,7
orient,52147633111112,11,603245,3619465,7
orient,52163471112122,11,506482,3038877,9
orient,52163471213111,11,433801,2602797,8
orient,52163471312111,11,425808,2554840,8
orient,52163471333123,11,330432,1982575,6
orient,52163472111311,11,431099,2586583,8
orient,52163472131222,11,413607,2481617,7
orient,52163473111211,11,449108,2694637,8
orient,52163473111331,11,432840,2597028,8
orient,52163473221323,11,404338,2426011,8
orient,52163473323332,11,662646,3975860,8
orient,52167342121232,11,479215,2875281,8
orient,52167432121313,11,511795,3070756,8
orient,52167432122222,11,666901,4001404,9
orient,52167432131213,11,578987,3473907,8
orient,52167433133333,11,603276,3619647,8
orient,52167433331333,11,532021,3192118,8
orient,52174633223123,11,412720,2476304,6
orient,52314673311311,11,843099,5058594,8
orient,52314761322122,11,386073,2316426,7
orient,52341671111111,11,1839796,11038784,12
orient,52341671122211,11,546998,3281981,9
orient,52341671311313,11,417306,2503816,8
orient,52341672211112,11,547072,3282434,9
orient,52341672232313,11,512414,3074475,9
orient,52341672323222,11,537671,3226008,8
orient,52341672323312,11,645530,3873170,8
orient,52341673133111,11,440555,2643313,8
orient,52341673232213,11,509237,3055410,9
orient,52341673232333,11,427835,2566996,7
orient,52341673323212,11,639277,3835643,8
orient,52361472121313,11,595581,3573484,8
orient,52361472131312,11,534924,3209544,9
orient,52367142211121,11,502748,3016476,9
orient,52367412322232,11,460573,2763421,8
orient,52374161112323,11,634943,3809657,11
orient,52376413222223,11,429682,2578073,8
orient,52463173212332,11,512869,3077202,6
orient,52463713212332,11,506879,3041250,6
orient,52471631223113,11,401059,2406335,6
orient,52471631323112,11,488004,2928011,8
orient,52614372313211,11,849872,5099236,11
orient,52641733212311,11,436100,2616596,9
orient,52641733232321,11,417840,2507020,7
orient,52673413232123,11,406330,2437968,7
orient,52713461232323,11,404374,2426220,7
orient,52714361232113,11,662937,3977620,10
orient,52714633213223,11,397225,2383334,7
orient,52714633223123,11,388398,2330368,6
orient,52731641233112,11,361834,2170995,7
orient,52731641323112,11,402378,2414256,8
orient,52736141322233,11,402056,2412322,7
orient,52741362313211,11,651452,3908713,11
orient,52741362313223,11,539334,3236000,7
orient,52741632122333,11,422485,2534895,7
orient,52741632123323,11,524053,3144306,7
orient,52741632212213,11,439672,2638024,7
orient,52741632212231,11,417124,2502727,7
orient,52741632232211,11,424102,2544595,7
orient,52741633221233,11,384667,2307985,7
orient,52741633313312,11,377687,2266107,7
orient,52741633313321,11,447965,2687768,7
orient,52741633321223,11,462143,2772847,7
orient,52741633323311,11,392866,2357184,7
orient,52743611111213,11,455722,2734324,8
orient,52743611111312,11,567691,3406141,8
orient,52743611112131,11,461630,2769775,8
orient,52743611113121,11,566644,3399853,8
orient,52743612131111,11,433736,2602399,8
orient,52743613121111,11,514947,3089670,8
orient,52761431111213,11,460961,2765763,8
orient,52761431111312,11,448061,2688364,8
orient,52761431112131,11,483703,2902203,8
orient,52761431113121,11,480249,2881479,8
orient,52761432131111,11,465701,2794199,8
orient,52761433121111,11,437436,2624606,8
orient,52763143222331,11,571622,3429726,6
orient,52763411222312,11,515103,3090598,6
orient,52763411333123,11,338658,2031930,6
orient,52763413222112,11,531183,3187084,6
orient,52763413223312,11,531378,3188251,6
orient,52763413322312,11,514943,3089635,6
orient,53126471231231,11,448880,2693261,6
orient,53126471231321,11,432961,2597757,9
orient,53126471321321,11,393686,2362092,6
orient,53146272123233,11,599167,3594986,9
orient,53147262123131,11,514781,3088683,10
orient,53162743312223,11,1111318,6667896,10
orient,53274163211222,11,420369,2522194,7
orient,53421671321111,11,602460,3614749,7
orient,53421671321231,11,432918,2597497,9
orient,53426171112233,11,401827,2410948,7
orient,53462711113322,11,507132,3042781,7
orient,53467211321111,11,384494,2306946,7
orient,53476121323112,11,506041,3036243,8
orient,53476121323322,11,449058,2694339,7
orient,53614721212121,11,501818,3010893,8
orient,53621471331221,11,319038,1914212,6
orient,53642171111111,11,832078,4992464,12
orient,53672142221213,11,692256,4153525,8
orient,53714622233111,11,578460,3470758,10
orient,53721463223312,11,345908,2075423,6
orient,53724612121112,11,499185,2995098,8
orient,53726143333121,11,355812,2134849,7
orient,53741621323112,11,474674,2848031,8
orient,53741621332112,11,415603,2493611,6
orient,53742612323333,11,502338,3014022,9
orient,53761242121211,11,461339,2768015,8
orient,53761242221213,11,473918,2843493,8
orient,53761242321212,11,461856,2771111,8
orient,53762143222331,11,341091,2046536,6
orient,53762413322123,11,489865,2939185,7
orient,54123673233323,11,495934,2975586,8
orient,54126371331221,11,327120,1962701,6
orient,54127632131213,11,576881,3461273,8
orient,54127632222212,11,560675,3364043,8
orient,54127633131212,11,576694,3460153,8
orient,54127633133333,11,601557,3609336,8
orient,54127633333313,11,580325,3481947,9
orient,54163271133221,11,390917,2345487,7
orient,54163272233111,11,612979,3677863,10
orient,54167231121113,11,433467,2600793,8
orient,54167231131112,11,429092,2574544,8
orient,54167231221211,11,441091,2646537,7
orient,54167231333213,11,379788,2278708,7
orient,54167232112112,11,437741,2626428,7
orient,54167232133313,11,527822,3166923,8
orient,54167232333113,11,378945,2273650,7
orient,54167233232333,11,537435,3224595,7
orient,54167233331213,11,527136,3162801,8
orient,54172633132313,11,483385,2900291,8
orient,54217362233213,11,745901,4475388,7
orient,54217632132212,11,703724,4222329,8
orient,54231671123111,11,463151,2778889,7
orient,54231673123121,11,342994,2057942,6
orient,54261373123121,11,335631,2013764,6
orient,54261732231233,11,395442,2372645,7
orient,54276132233312,11,441621,2649710,7
orient,54312671131331,11,398394,2390344,7
orient,54312672212111,11,463470,2780813,8
orient,54312673311311,11,780740,4684431,8
orient,54317261113112,11,399281,2395674,7
orient,54317621111222,11,471908,2831438,8
orient,54321672212213,11,451195,2707149,7
orient,54321672212231,11,377934,2267589,7
orient,54321672232211,11,432050,2592288,7
orient,54321673313312,11,607529,3645160,7
orient,54321673313321,11,689160,4134949,7
orient,54321673323311,11,626351,3758098,7
orient,54321761211221,11,388794,2332749,7
orient,54321763113113,11,507945,3047656,7
orient,54326171111231,11,598155,3588916,7
orient,54326171112233,11,413116,2478686,7
orient,54326171321231,11,449432,2696585,9
orient,54326711112212,11,476025,2856137,8
orient,54327612223232,11,471576,2829433,7
orient,54361272223232,11,485356,2912120,7
orient,54362171113133,11,445603,2673605,8
orient,54362711111231,11,417265,2503576,7
orient,54362711323112,11,511951,3071700,8
orient,54367121112212,11,547663,3285972,8
orient,54367121113211,11,429803,2578800,7
orient,54367121113331,11,638245,3829466,8
orient,54367122211121,11,530383,3182289,9
orient,54367122311111,11,445281,2671675,7
orient,54367123311113,11,495118,2970692,9
orient,54367211132222,11,387378,2324254,7
orient,54367211213333,11,491363,2948172,7
orient,54367211222132,11,382474,2294831,7
orient,54367211333213,11,420396,2522359,7
orient,54367212211322,11,524019,3144096,7
orient,54367212231122,11,444000,2663991,7
orient,54367212233213,11,424161,2544952,7
orient,54367212332213,11,439701,2638195,7
orient,54367212333113,11,418051,2508289,7
orient,54367213112222,11,459787,2758708,7
orient,54367213312133,11,483640,2901814,7
orient,54371261113331,11,454267,2725587,8
orient,54371621113112,11,619615,3717676,7
orient,54371621113322,11,399783,2398689,7
orient,54376121322233,11,429129,2574763,7
orient,54376211111132,11,442057,2652330,7
orient,54376211111222,11,449910,2699454,8
orient,54376211113133,11,504839,3029033,8
orient,54612371112311,11,622260,3733549,7
orient,54612372222131,11,398602,2391594,7
orient,54612732112223,11,442370,2654210,7
orient,54612733322213,11,444567,2667389,7
orient,54621371133311,11,500616,3003697,9
orient,54621372211121,11,534127,3204748,9
orient,54637211132111,11,402759,2416540,7
orient,54671232221213,11,424071,2544408,8
orient,54712361323313,11,390256,2341527,7
orient,54712362223322,11,473016,2838076,7
orient,54716232222113,11,410581,2463470,7
orient,54716321112323,11,671858,4031147,11
orient,54716322313223,11,414092,2484539,7
orient,54721631111111,11,2140981,12845886,12
orient,54721631122121,11,480856,2885126,8
orient,54721631311133,11,492041,2952238,9
orient,54721632133232,11,437546,2625264,7
orient,54721632212222,11,527236,3163404,8
orient,54721632212231,11,382274,2293630,7
orient,54721633231322,11,461566,2769386,8
orient,54721633313321,11,459410,2756445,7
orient,54721633333331,11,403237,2419400,7
orient,54723612131312,11,672962,4037770,9
orient,54723612221222,11,512191,3073135,8
orient,54723612222212,11,565403,3392412,8
orient,54723613121312,11,614930,3689570,8
orient,54723613333313,11,616837,3701024,9
orient,54761233322321,11,381014,2286079,7
orient,54763212322232,11,443276,2659652,8
orient,56123471222312,11,348981,2093873,6
orient,56123471223221,11,319930,1919560,6
orient,56123471331332,11,427800,2566794,6
orient,56123471333123,11,362570,2175397,6
orient,56123472322121,11,343907,2063424,6
orient,56123472331331,11,323175,1939026,6
orient,56123473133132,11,393846,2363065,6
orient,56123473133231,11,322682,1936078,6
orient,56123473222112,11,331856,1991120,6
orient,56123473223312,11,327159,1962933,6
orient,56123473322312,11,343161,2058951,6
orient,56124371111231,11,396707,2380219,7
orient,56124371232323,11,534630,3207765,7
orient,56127433332323,11,470003,2820007,8
orient,56132472333332,11,476677,2860050,8
orient,56132473211111,11,434644,2607857,7
orient,56132473213211,11,416326,2497948,7
orient,56143273332323,11,580081,3480481,8
orient,56147231222132,11,626566,3759385,7
orient,56147231333213,11,377934,2267583,7
orient,56147232233213,11,427225,2563326,7
orient,56147232332213,11,446786,2680695,7
orient,56147232333113,11,392078,2352444,7
orient,56147322333233,11,587197,3523175,8
orient,56173421113112,11,399741,2398437,7
orient,56174232323333,11,549063,3294370,9
orient,56174321232113,11,639895,3839374,10
orient,56213471111111,11,855576,5133463,12
orient,56213743313333,11,481702,2890190,8
orient,56243173133111,11,481414,2888474,8
orient,56243713121333,11,481430,2888570,8
orient,56247132333233,11,484641,2907845,8
orient,56271433111313,11,494979,2969859,8
orient,56271433123313,11,456506,2739024,8
orient,56271433132313,11,506209,3037248,8
orient,56274132331133,11,383544,2301252,7
orient,56274312313211,11,853674,5122042,11
orient,56321473233323,11,443167,2658991,8
orient,56321742211112,11,603543,3621254,9
orient,56324171221331,11,324933,1949579,6
orient,56327411211332,11,359293,2155743,7
orient,56327413213112,11,358127,2148742,7
orient,56341273121213,11,642769,3856605,9
orient,56341273131212,11,541086,3246501,8
orient,56347122333233,11,536323,3217928,8
orient,56347211213111,11,443780,2662664,8
orient,56347211222132,11,413913,2483457,7
orient,56347211312111,11,426118,2556693,8
orient,56347211331131,11,391031,2346164,7
orient,56347212111221,11,686847,4121075,8
orient,56347212111311,11,555365,3332181,8
orient,56347212123233,11,545608,3273638,9
orient,56347212232223,11,512971,3077823,9
orient,56347213111211,11,535269,3211602,8
orient,56347213131332,11,437851,2627094,7
orient,56423171231231,11,326706,1960223,6
orient,56423171231321,11,463919,2783511,9
orient,56423171321321,11,364381,2186276,6
orient,56423172112121,11,476674,2860035,8
orient,56423173132121,11,431508,2589038,8
orient,56423173133111,11,465832,2794972,8
orient,56432713122122,11,399172,2395016,7
orient,56712341232113,11,515331,3091973,10
orient,56712343211123,11,555296,3331762,10
orient,56721343123331,11,387516,2325079,7
orient,56721432312233,11,615556,3693326,10
orient,56723411113313,11,462056,2772326,9
orient,56723411121113,11,449483,2696892,8
orient,56723411131112,11,429981,2579877,8
orient,56723411222312,11,352688,2116110,6
orient,56723412122312,11,401579,2409458,7
orient,56723412323222,11,445930,2675560,8
orient,56723413221212,11,413706,2482214,7
orient,56723413222112,11,355903,2135403,6
orient,56723413331111,11,446247,2677460,9
orient,56732143122113,11,459351,2756089,8
orient,56741231121311,11,434293,2605741,7
orient,56741231131211,11,561344,3368053,7
orient,56741231211131,11,557696,3346162,7
orient,56741231311121,11,428496,2570956,7
orient,56741232111113,11,485759,2914535,7
orient,56741233111112,11,474210,2845249,7
orient,56743212122222,11,535271,3211620,9
orient,56743212221222,11,595575,3573445,8
orient,56743213121213,11,641148,3846882,9
orient,56743213121312,11,551568,3309399,8
orient,56743213331333,11,579019,3474106,8
orient,57123461111111,11,835285,5011705,12
orient,57164322131312,11,496576,2979442,9
orient,57214361323232,11,399968,2399797,7
orient,57214632212213,11,687978,4127843,7
orient,57236141113232,11,451734,2710403,9
orient,57236141322233,11,409574,2457425,7
orient,57236141323232,11,617430,3704566,7
orient,57241631322113,11,352549,2115279,7
orient,57241631323112,11,396480,2378862,8
orient,57246131112233,11,429199,2575183,7
orient,57264132111323,11,472769,2836588,7
orient,57321641311112,11,463382,2780275,7
orient,57321642311132,11,519807,3118835,10
orient,57364212213311,11,536201,3217199,7
orient,57364212313211,11,633247,3799474,11
orient,57364213332122,11,338685,2032094,6
orient,57642311113322,11,420778,2524656,7
orient,61234572231323,11,500385,3002307,8
orient,61234573232213,11,467701,2806196,9
orient,61235741313131,11,574150,3444886,8
orient,61257343232123,11,436001,2615994,7
orient,61274351313131,11,484630,2907767,8
orient,61274532231323,11,455095,2730558,8
orient,61352472233321,11,405144,2430844,7
orient,61352472313211,11,1157346,6944076,11
orient,61452731311313,11,493412,2960465,8
orient,61453721111111,11,852525,5115154,12
orient,61453721311112,11,421428,2528559,7
orient,61453723111121,11,419525,2517142,7
orient,61472532123332,11,491483,2948892,9
orient,61472533112111,11,379187,2275099,7
orient,61527431111111,11,901903,5411415,12
orient,61534272311132,11,557462,3344759,10
orient,61534721112311,11,451760,2710553,7
orient,61534721113211,11,422348,2534068,7
orient,61543271111111,11,929253,5575513,12
orient,61543271112311,11,486915,2921479,7
orient,61572432312323,11,399922,2399518,7
orient,61734523222331,11,499153,2994899,6
orient,62134572321323,11,414747,2488471,7
orient,62135471122121,11,451894,2711358,8
orient,62135472132131,11,350640,2103831,6
orient,62135473122131,11,348780,2092663,7
orient,62135473123121,11,420619,2523700,6
orient,62135473131131,11,454491,2726939,8
orient,62135473132121,11,440508,2643037,8
orient,62135473232231,11,382915,2297475,7
orient,62135473322321,11,411275,2467643,7
orient,62135743222331,11,326502,1958994,6
orient,62135743312223,11,874271,5245615,10
orient,62147353123121,11,387229,2323360,6
orient,62147353132121,11,391646,2349864,8
orient,62154733321121,11,391421,2348513,8
orient,62157342132212,11,423727,2542349,8
orient,62173543232132,11,419016,2514078,8
orient,62174351122133,11,507374,3044238,10
orient,62174533311212,11,492782,2956677,8
orient,62317453112111,11,399519,2397103,7
orient,62317453312211,11,587284,3523690,7
orient,62351743112123,11,736821,4420920,8
orient,62371453311311,11,479528,2877158,8
orient,62374511322311,11,358104,2148611,7
orient,62374513112321,11,489268,2935602,8
orient,62374513312112,11,365238,2191419,8
orient,62435172211133,11,544457,3266727,7
orient,62435172311132,11,629265,3775587,10
orient,62435711222222,11,409318,2455883,7
orient,62453713311122,11,532491,3194930,7
orient,62471532232133,11,423232,2539371,7
orient,62475131322323,11,394122,2364722,7
orient,62531472321233,11,476473,2858834,8
orient,62543711211113,11,457601,2745601,7
orient,62543711311112,11,397833,2386980,7
orient,62571432321233,11,550779,3304673,8
orient,62735143223213,11,442751,2656490,7
orient,63125741112323,11,876271,5257621,11
orient,63125743131233,11,406509,2439026,7
orient,63125743133312,11,417675,2506035,7
orient,63142571111111,11,836832,5020985,12
orient,63142571132321,11,708593,4251548,8
orient,63142573112123,11,695202,4171196,8
orient,63172452312323,11,391916,2351473,7
orient,63172452313211,11,1148239,6889431,11
orient,63174522332132,11,342448,2054669,6
orient,63247511123132,11,425036,2550214,8
orient,63251743133231,11,424505,2547018,6
orient,63452711311313,11,465814,2794867,8
orient,63452712333221,11,413142,2478841,7
orient,63471522123131,11,589817,3538895,10
orient,63471522323132,11,564873,3389227,7
orient,63471522332132,11,415871,2495213,6
orient,63472512123332,11,465773,2794622,9
orient,63512743313333,11,509406,3056424,8
orient,63541271212211,11,707710,4246247,8
orient,63542713121333,11,545571,3273412,8
orient,63574212123131,11,513476,3080851,10
orient,63574212313211,11,981294,5887757,11
orient,63712542221111,11,456818,2740895,8
orient,63714252123131,11,557376,3344249,10
orient,63714521112323,11,661058,3966341,11
orient,63714522332132,11,336091,2016523,6
orient,63721541233322,11,406597,2439575,7
orient,63724153121213,11,633804,3802822,9
orient,63725141112323,11,756706,4540232,11
orient,63725141233121,11,393177,2359054,8
orient,63725142123131,11,633224,3799347,10
orient,63725142223133,11,540048,3240273,7
orient,63725143122113,11,441256,2647531,8
orient,63725143123313,11,690285,4141710,8
orient,63741252222323,11,503743,3022449,8
orient,63741522123131,11,508005,3048018,10
orient,63742511232221,11,388029,2328165,7
orient,63745123122212,11,402736,2416401,7
orient,63751242221321,11,426859,2561149,7
orient,63751423122311,11,402010,2412045,7
orient,63752141111111,11,958417,5750508,12
orient,63752141122211,11,561450,3368685,9
orient,63752141123213,11,407670,2446008,7
orient,63752142332132,11,336141,2016831,6
orient,63752143123223,11,359297,2155764,7
orient,63752143212323,11,387236,2323393,6
orient,63752143223123,11,403135,2418795,6
orient,63752411223212,11,355844,2135052,7
orient,63752411333213,11,634695,3808145,7
orient,63752412312323,11,529143,3174845,7
orient,63752412322112,11,374817,2248890,7
orient,63752412333113,11,637641,3825827,7
orient,63754213122122,11,355039,2130223,7
orient,64125371131313,11,552946,3317663,8
orient,64157321133212,11,711050,4266285,7
orient,64231572311132,11,529030,3174165,10
orient,64257131113223,11,397499,2384982,7
orient,64271533221212,11,463473,2780825,7
orient,64275131212223,11,451475,2708837,7
orient,64275131312123,11,437786,2626705,7
orient,64275132211133,11,567191,3403134,7
orient,64275132232133,11,552040,3312222,7
orient,64275133231112,11,489398,2936377,7
orient,64275133312211,11,417060,2502344,7
orient,64275311112332,11,421651,2529889,7
orient,64275311222222,11,397664,2385972,7
orient,64275313312211,11,419147,2514870,7
orient,64321572111131,11,564694,3388153,7
orient,64321572132131,11,408889,2453309,6
orient,64321572311132,11,583879,3503258,10
orient,64325713121222,11,728006,4368024,8
orient,64351272132131,11,356714,2140271,6
orient,64357212313211,11,654676,3928060,11
orient,64357213231322,11,600669,3604004,8
orient,64357213312211,11,514026,3084149,7
orient,64531271212211,11,694769,4168600,8
orient,64531272132131,11,350590,2103523,6
orient,64531273122131,11,348810,2092845,7
orient,64531273123121,11,420620,2523708,6
orient,64531273311311,11,448882,2693281,8
orient,64531273312211,11,393960,2363740,7
orient,64572131122223,11,412165,2472986,7
orient,64713253112111,11,397279,2383656,7
orient,65123471112311,11,411010,2466044,7
orient,65123471233232,11,325091,1950531,6
orient,65123472312311,11,412932,2477572,7
orient,65132471212112,11,423335,2540001,8
orient,65132471222111,11,408410,2450454,8
orient,65132471231321,11,510424,3062533,9
orient,65132471323121,11,447937,2687611,7
orient,65132472131231,11,352947,2117667,7
orient,65132472212231,11,632680,3796066,7
orient,65132472233321,11,529102,3174596,7
orient,65132473111331,11,480235,2881391,8
orient,65132473313312,11,367350,2204077,7
orient,65132473323311,11,374889,2249317,7
orient,65132741223323,11,380177,2281052,7
orient,65132743222331,11,433178,2599058,6
orient,65134721233232,11,367230,2203360,6
orient,65147321232113,11,603886,3623306,10
orient,65172431132333,11,468960,2813739,7
orient,65174232123131,11,514042,3084251,10
orient,65174232133313,11,474773,2848617,8
orient,65174232323312,11,461364,2768173,8
orient,65174233323212,11,463720,2782309,8
orient,65174233331213,11,497214,2983266,8
orient,65174322313211,11,629962,3779758,11
orient,65174323223123,11,397674,2386032,6
orient,65213741111111,11,852592,5115558,12
orient,65241371111111,11,859951,5159703,12
orient,65243712121322,11,512549,3075279,8
orient,65271341332331,11,323701,1942188,6
orient,65271432231233,11,382501,2294989,7
orient,65274131111111,11,907517,5445109,12
orient,65274131311313,11,414407,2486425,8
orient,65274131312213,11,533322,3199916,10
orient,65274132123332,11,491482,2948884,9
orient,65274133132223,11,450347,2702065,8
orient,65274133232321,11,409636,2457798,7
orient,65274133312223,11,500110,3000647,10
orient,65314272311132,11,506124,3036733,10
orient,65314272313211,11,984339,5906036,11
orient,65321472111122,11,492306,2953835,9
orient,65417321232113,11,520166,3120988,10
orient,65417323223123,11,361225,2167332,6
orient,65417323232123,11,435960,2615746,7
orient,65423713321322,11,391248,2347473,7
orient,65432173232321,11,462546,2775261,7
orient,65471231132213,11,508157,3048919,8
orient,65714323223123,11,373608,2241630,6
orient,65723143321313,11,398521,2391108,7
orient,65732411333123,11,525016,3150079,6
orient,65742311212313,11,434437,2606609,8
orient,67132541133311,11,708978,4253866,9
orient,67145323133312,11,429159,2574931,7
orient,67154233323332,11,426726,2560347,8
orient,67215343333133,11,427606,2565627,8
orient,67231541323112,11,594483,3566891,8
orient,67231543323122,11,500676,3004046,6
orient,67234513332122,11,338686,2032101,6
orient,67245131313323,11,408551,2451299,7
orient,67245311112311,11,528958,3173734,7
orient,67245311133233,11,392130,2352771,7
orient,67254311131133,11,721004,4326021,8
orient,67254313311113,11,481161,2886958,9
orient,67312452233321,11,421997,2531968,7
orient,67312541121221,11,405366,2432173,7
orient,67312542221111,11,529868,3179195,8
orient,67321451111123,11,408684,2452089,7
orient,67321451112311,11,426212,2557254,7
orient,67321451212211,11,702121,4212708,8
orient,67321451311133,11,495759,2974550,9
orient,67321452111122,11,470811,2824863,9
orient,67321453113311,11,501533,3009194,8
orient,67321542232133,11,450499,2702976,7
orient,67341252222323,11,470191,2821125,8
orient,67342512222113,11,393665,2361971,7
orient,67345122223133,11,564467,3386790,7
orient,67345122232133,11,554913,3329463,7
orient,67345211111123,11,408685,2452097,7
orient,67345211111132,11,441936,2651607,7
orient,67345211112233,11,447723,2686323,7
orient,67345211113322,11,425166,2550990,7
orient,67345211211122,11,507407,3044430,9
orient,67345211311133,11,498042,2988243,9
orient,67345212111122,11,470810,2824855,9
orient,67345213111133,11,573753,3442509,9
orient,67354121111111,11,819116,4914678,12
orient,67354211212121,11,472889,2837322,8
orient,67354211313113,11,682445,4094654,8
orient,67354211333111,11,679423,4076525,8
orient,67354212111221,11,461210,2767252,8
orient,67354212212222,11,495813,2974869,8
orient,67354212311132,11,534992,3209939,10
orient,67354213111313,11,551159,3306944,8
orient,67354213131311,11,537848,3227084,8
orient,67354213211132,11,476833,2860986,7
orient,67354213313333,11,496298,2977776,8
orient,67412353132121,11,527552,3165305,8
orient,67412353332221,11,377825,2266934,7
orient,67412531131133,11,480740,2884425,8
orient,67435121332112,11,351241,2107428,6
orient,67435123123121,11,353308,2119836,6
orient,67452313321232,11,490481,2942864,8
orient,71234563231322,11,502450,3014694,8
orient,71263541333222,11,626701,3760190,7
orient,71263542323123,11,651416,3908483,8
orient,71264533131323,11,467142,2802838,8
orient,71264533221323,11,405452,2432700,8
orient,71264533231223,11,492269,2953602,8
orient,71264533231313,11,490313,2941875,8
orient,71326451211311,11,432258,2593541,7
orient,71326453132121,11,430915,2585477,8
orient,71326543333313,11,520032,3120179,9
orient,71345262132131,11,453163,2718969,6
orient,71362453113311,11,461171,2767007,8
orient,71365423331312,11,455750,2734498,8
orient,71423563213232,11,328074,1968427,6
orient,71423653213232,11,402079,2412458,6
orient,71426353312211,11,428567,2571384,7
orient,71426533333223,11,431882,2591288,8
orient,71432561232323,11,477833,2866985,7
orient,71432561323232,11,384360,2306146,7
orient,71432562111221,11,465534,2793194,8
orient,71432563232213,11,534386,3206308,9
orient,71432563323113,11,366134,2196792,7
orient,71432563323122,11,390244,2341447,6
orient,71432563332113,11,407800,2446791,7
orient,71435261322233,11,455597,2733562,7
orient,71435262222122,11,423745,2542459,8
orient,71435263211123,11,545051,3270298,10
orient,71435263311122,11,471221,2827309,7
orient,71435263333133,11,470083,2820490,8
orient,71435263333223,11,425374,2552233,8
orient,71435623333331,11,548300,3289793,7
orient,71436253333112,11,516436,3098609,7
orient,71452363213232,11,370075,2220432,6
orient,71452632222131,11,481163,2886963,7
orient,71453262222221,11,442934,2657598,7
orient,71453623311122,11,580197,3481172,7
orient,71456321322323,11,420323,2521920,7
orient,71456322111221,11,465584,2793502,8
orient,71462531113322,11,534061,3204361,7
orient,71462532111212,11,480768,2884601,8
orient,71462532121112,11,505234,3031389,8
orient,71462533111223,11,559970,3359809,7
orient,71462533221113,11,453271,2719621,7
orient,71463523331222,11,404464,2426769,7
orient,71523463131311,11,496413,2978460,8
orient,71523463231313,11,506662,3039966,8
orient,71523463331312,11,455828,2734950,8
orient,71532463221332,11,355764,2134567,7
orient,71534262122222,11,616590,3699532,9
orient,71542633132322,11,419571,2517413,8
orient,71543622111131,11,398093,2388543,7
orient,71543623111121,11,449540,2697219,7
orient,71546233331213,11,496984,2981887,8
orient,71546322231212,11,485580,2913470,8
orient,71562433123232,11,408531,2451172,7
orient,71563243221221,11,344821,2068908,6
orient,71625433213133,11,644516,3867082,7
orient,71643252231212,11,503111,3018654,8
orient,71643523331213,11,509422,3056525,8
orient,72134562312212,11,500238,3001416,7
orient,72136541322233,11,427513,2565067,7
orient,72143563222331,11,339375,2036234,6
orient,72143651121113,11,443273,2659630,8
orient,72143651131112,11,460891,2765350,8
orient,72143651213111,11,433800,2602789,8
orient,72143651312111,11,425807,2554832,8
orient,72143652111311,11,431100,2586591,8
orient,72143653111211,11,432546,2595257,8
orient,72145631233223,11,358920,2153507,7
orient,72145633232231,11,361743,2170445,7
orient,72145633312223,11,807769,4846614,10
orient,72146352232223,11,471819,2830898,9
orient,72163452122222,11,620757,3724536,9
orient,72163453121213,11,535320,3211920,9
orient,72163453131212,11,576696,3460168,8
orient,72163453133333,11,508786,3052701,8
orient,72163453331333,11,579018,3474097,8
orient,72164353131113,11,499306,2995827,8
orient,72165431113331,11,461546,2769256,8
orient,72165432111113,11,466635,2799795,7
orient,72165432111122,11,642789,3856722,9
orient,72165432211112,11,528126,3168750,9
orient,72165432323312,11,442697,2656172,8
orient,72165433111112,11,435512,2613058,7
orient,72165433121333,11,517144,3102850,8
orient,72165433221233,11,414491,2486929,7
orient,72165433233323,11,494202,2965195,8
orient,72165433321223,11,382792,2296737,7
orient,72165433331213,11,515396,3092365,8
orient,72345611111111,11,910260,5461565,12
orient,72345611133113,11,397949,2387683,8
orient,72345611221223,11,321626,1929736,6
orient,72345611222222,11,407377,2444255,7
orient,72345611331332,11,373152,2238902,6
orient,72345612122111,11,447120,2682706,8
orient,72345612331331,11,319066,1914370,6
orient,72345613221221,11,337881,2027269,6
orient,72345613333331,11,491848,2951081,7
orient,72356141112323,11,648395,3890363,11
orient,72356141232113,11,515325,3091940,10
orient,72356143211123,11,507412,3044465,10
orient,72361453232333,11,427836,2567004,7
orient,72361542333233,11,708076,4248440,8
orient,72365412222212,11,468740,2812424,8
orient,72365413121312,11,681533,4089192,8
orient,72365413131212,11,472593,2835550,8
orient,72365413331333,11,503942,3023650,8
orient,72435163333313,11,735956,4415741,9
orient,72513641232323,11,404375,2426228,7
orient,72513641233322,11,446056,2676321,7
orient,72516342313223,11,425995,2555946,7
orient,72531463321232,11,526908,3161447,8
orient,72534163211123,11,547393,3284355,10
orient,72541631111213,11,460960,2765755,8
orient,72541631111312,11,495346,2972067,8
orient,72541631112131,11,483702,2902195,8
orient,72541631113121,11,485340,2912024,8
orient,72541632131111,11,431687,2590108,8
orient,72541633121111,11,543570,3261415,8
orient,72543162311111,11,402825,2416936,7
orient,72543163211111,11,447524,2685128,7
orient,72543611221223,11,322024,1932124,6
orient,72543611223221,11,346021,2076111,6
orient,72543611331332,11,388975,2333831,6
orient,72543611332331,11,351846,2111058,6
orient,72543612331331,11,323452,1940685,6
orient,72543613132232,11,430079,2580455,6
orient,72543613133222,11,327453,1964699,6
orient,72543613221221,11,354221,2125309,6
orient,72543613223312,11,385467,2312785,6
orient,72543613322312,11,402653,2415910,6
orient,72546311323112,11,424030,2544165,8
orient,72546313323212,11,462818,2776891,8
orient,72561342313223,11,607273,3643633,7
orient,72561432213122,11,489425,2936539,7
orient,72561433221233,11,384679,2308058,7
orient,72561433311233,11,563567,3381389,7
orient,72561433321133,11,453654,2721908,7
orient,72561433321223,11,413984,2483892,7
orient,72563411111213,11,447322,2683919,8
orient,72563411111312,11,438988,2633908,8
orient,72563411112131,11,601742,3610447,8
orient,72563411113121,11,473357,2840128,8
orient,72563412131111,11,433737,2602407,8
orient,72563413121111,11,429731,2578372,8
orient,72643513212311,11,453532,2721186,9
orient,72643513212332,11,361830,2170964,6
orient,73125463133132,11,331216,1987281,6
orient,73146522113231,11,408795,2452767,8
orient,73246153312211,11,411375,2468240,7
orient,73456123231322,11,447223,2683325,8
orient,73516243323113,11,342245,2053455,7
orient,73516243332131,11,359062,2154355,7
orient,73541262321212,11,461855,2771103,8
orient,73542163321133,11,453546,2721260,7
orient,73542613132121,11,406144,2436855,8
orient,73542613132322,11,411973,2471818,8
orient,73564213321322,11,419543,2517240,7
orient,73614251112323,11,655962,3935778,11
orient,73615241112323,11,708481,4250876,11
orient,73615241113322,11,461081,2766470,7
orient,73615242223133,11,484300,2905785,7
orient,73615243123313,11,453775,2722639,8
orient,73615243213313,11,425580,2553469,8
orient,73615243331312,11,453832,2722981,8
orient,73615243332311,11,425630,2553772,8
orient,73615421113322,11,415891,2495336,7
orient,73615423213211,11,534143,3204840,7
orient,73615423333331,11,434886,2609304,7
orient,73624513121132,11,613029,3678165,7
orient,73624513332131,11,482369,2894211,7
orient,73625141112323,11,639954,3839722,11
orient,73625143121213,11,483408,2900437,9
orient,73625143333313,11,493910,2963454,9
orient,73625412222323,11,473129,2838762,8
orient,73642511111111,11,874850,5249106,12
orient,73642511113232,11,526193,3157152,9
orient,73642511113322,11,510038,3060211,7
orient,73642513223222,11,497420,2984521,7
orient,73645121113211,11,421630,2529769,7
orient,73645122222311,11,378575,2271439,7
orient,73645211223113,11,336766,2020582,6
orient,73645211231111,11,481653,2889906,6
orient,73645211321111,11,382337,2293999,7
orient,73645211332112,11,350148,2100865,6
orient,73645213112231,11,396835,2380999,8
orient,73645213333112,11,387533,2325192,7
orient,73651241113322,11,441713,2650269,7
orient,73652413211312,11,388400,2330385,7
orient,73652413331321,11,433415,2600482,7
orient,73654122111122,11,678159,4068944,9
orient,73654122221111,11,450337,2702004,8
orient,73654211111132,11,404241,2425431,7
orient,74123563323221,11,372312,2233852,7
orient,74123652322121,11,344241,2065430,6
orient,74123653132232,11,459755,2758508,6
orient,74123653133132,11,359989,2159916,6
orient,74123653133222,11,353253,2119493,6
orient,74123653133231,11,322709,1936238,6
orient,74125631313311,11,450412,2702452,9
orient,74125632121121,11,441656,2649932,8
orient,74125632122111,11,405807,2434835,8
orient,74125632131111,11,431688,2590116,8
orient,74125632321332,11,406729,2440360,8
orient,74125633121111,11,543571,3261423,8
orient,74125633131233,11,410668,2463995,7
orient,74125633132232,11,319143,1914838,6
orient,74125633133222,11,338407,2030434,6
orient,74125633133312,11,515785,3094694,7
orient,74125633332323,11,495350,2972090,8
orient,74126352333122,11,541227,3247347,7
orient,74132561321231,11,522719,3136308,9
orient,74132562121121,11,449527,2697151,8
orient,74132562122111,11,418727,2512357,8
orient,74132563131221,11,494066,2964382,7
orient,74132563132112,11,402143,2412844,7
orient,74136522322121,11,332361,1994148,6
orient,74152363132232,11,325067,1950390,6
orient,74152363133132,11,326385,1958292,6
orient,74152363133222,11,378403,2270400,6
orient,74152363133231,11,325711,1954243,6
orient,74156322122123,11,378381,2270259,7
orient,74156322122321,11,386680,2320068,7
orient,74156322313223,11,425996,2555954,7
orient,74156323132331,11,364097,2184570,7
orient,74156323133123,11,376023,2256122,7
orient,74163251121122,11,509785,3058711,9
orient,74163252112211,11,472761,2836558,9
orient,74163252131111,11,490957,2945730,8
orient,74163253121111,11,497509,2985041,8
orient,74163253131332,11,406166,2436982,7
orient,74163253133132,11,348624,2091732,6
orient,74163253133213,11,438924,2633524,7
orient,74163253133231,11,357569,2145400,6
orient,74163253332323,11,452707,2716234,8
orient,74165231121212,11,490919,2945507,8
orient,74165231131313,11,476996,2861958,8
orient,74165231212121,11,467174,2803028,8
orient,74165231313131,11,485260,2911541,8
orient,74165232111212,11,492314,2953870,8
orient,74165232121112,11,465776,2794634,8
orient,74165232121211,11,474182,2845087,8
orient,74165233111313,11,501032,3006180,8
orient,74165233131113,11,466499,2798985,8
orient,74165233131311,11,500970,3005802,8
orient,74165233131323,11,473099,2838585,8
orient,74165233132313,11,503633,3021786,8
orient,74165233231313,11,503532,3021177,8
orient,74213652323132,11,410719,2464303,7
orient,74251633111313,11,474339,2846011,8
orient,74256311321222,11,597314,3583872,7
orient,74256313111232,11,711131,4266777,7
orient,74265312333233,11,480054,2880320,8
orient,74312652333332,11,420712,2524260,8
orient,74321563311131,11,493709,2962253,9
orient,74321653233323,11,533206,3199228,8
orient,74325163131323,11,466635,2799802,8
orient,74325612221222,11,470500,2822986,8
orient,74325613121312,11,556447,3338671,8
orient,74325613131212,11,470506,2823022,8
orient,74325613133333,11,490912,2945457,8
orient,74361253112132,11,502441,3014631,7
orient,74361253211231,11,350045,2100257,7
orient,74365211121221,11,434723,2608317,7
orient,74365211213111,11,433774,2602630,8
orient,74365211312111,11,425818,2554900,8
orient,74365211313113,11,456808,2740831,8
orient,74365211333111,11,453786,2722702,8
orient,74365212111311,11,433954,2603708,8
orient,74365212222323,11,460860,2765146,8
orient,74365212333332,11,420046,2520267,8
orient,74365213111211,11,456707,2740226,8
orient,74365213121333,11,480544,2883255,8
orient,74512361322233,11,536523,3219128,7
orient,74512362313223,11,394614,2367670,7
orient,74513263121222,11,695506,4173025,8
orient,74521632222212,11,579092,3474549,8
orient,74521633121213,11,666895,4001359,9
orient,74521633121312,11,591493,3548948,8
orient,74521633133333,11,623975,3743839,8
orient,74521633333313,11,596944,3581657,9
orient,74523611121113,11,443272,2659622,8
orient,74523611131112,11,460890,2765342,8
orient,74523611213111,11,450745,2704462,8
orient,74523611312111,11,429722,2578321,8
orient,74523612111311,11,458343,2750052,8
orient,74523613111211,11,432117,2592696,8
orient,74532163123223,11,390377,2342249,7
orient,74561231111222,11,477216,2863288,8
orient,74561232111113,11,465770,2794598,7
orient,74561232221111,11,521703,3130203,8
orient,74561233111112,11,502348,3014081,7
orient,74561233131233,11,428705,2572217,7
orient,74561233233323,11,533208,3199242,8
orient,74561233311233,11,423743,2542435,7
orient,74561233321133,11,417499,2504980,7
orient,74561233321313,11,514331,3085970,7
orient,74563211232332,11,366733,2200395,7
orient,74653213133222,11,341648,2049870,6
orient,75132463233233,11,387959,2327739,7
orient,75143263231313,11,506032,3036184,8
orient,75146321323331,11,440487,2642906,7
orient,75213642223133,11,450231,2701367,7
orient,75231463211123,11,652536,3915218,10
orient,75234161322233,11,417493,2504949,7
orient,75234162221111,11,587882,3527283,8
orient,75236143213232,11,325231,1951358,6
orient,75241632222323,11,473136,2838804,8
orient,75243162211322,11,662213,3973259,7
orient,75243611113232,11,455132,2730775,9
orient,75243613213232,11,340881,2045274,6
orient,75246131333312,11,409602,2457601,7
orient,75246311111111,11,1289503,7737020,12
orient,75246313212311,11,450284,2701705,9
orient,75246313312211,11,428568,2571392,7
orient,75246313332332,11,382166,2292980,7
orient,75261432123233,11,562009,3372047,9
orient,75264132121232,11,524353,3146108,8
orient,75264132223331,11,414074,2484419,7
orient,75264132321212,11,544441,3266630,8
orient,75264133121333,11,475420,2852503,8
orient,75264133331213,11,487402,2924399,8
orient,75264311223122,11,382900,2297383,7
orient,75264313231112,11,484228,2905356,7
orient,75312463333133,11,429674,2578031,8
orient,75314621133221,11,349189,2095115,7
orient,75314621313212,11,837107,5022632,8
orient,75314623113122,11,414597,2487569,8
orient,75316241231231,11,400593,2403532,6
orient,75321461311112,11,465135,2790801,7
orient,75321463132121,11,430489,2582925,8
orient,75346122133133,11,401937,2411609,7
orient,75346211133122,11,395779,2374662,8
orient,75346211211311,11,522451,3134703,7
orient,75346211311211,11,393332,2359971,6
orient,75346212323333,11,535616,3213681,9
orient,75346213112132,11,359108,2154628,7
orient,75346213132121,11,406126,2436745,8
orient,75346213132322,11,412023,2472123,8
orient,75346213332122,11,376462,2258753,6
orient,75412631223332,11,350427,2102544,7
orient,75416323232213,11,472930,2837573,9
orient,75431263133213,11,541293,3247745,7
orient,75462132123212,11,545414,3272475,8
orient,75613243131332,11,556603,3339600,7
orient,75613243133213,11,440540,2643225,7
orient,75634123323122,11,365596,2193557,6
orient,75641323232111,11,436830,2620967,8
orient,75642132213311,11,402842,2417040,7
orient,76123453233323,11,446446,2678656,8
orient,76125343333133,11,464356,2786121,8
orient,76143252131312,11,512832,3076986,9
orient,76143252221222,11,499182,2995078,8
orient,76143253131212,11,502149,3012886,8
orient,76143253331333,11,477512,2865061,8
orient,76143253333313,11,717163,4302975,9
orient,76145231121113,11,432350,2594088,8
orient,76145231122112,11,687001,4121996,8
orient,76145231131112,11,452813,2716872,8
orient,76145231221112,11,689357,4136132,8
orient,76145231311331,11,398469,2390794,7
orient,76145232123332,11,472129,2832765,9
orient,76145232233213,11,507748,3046474,7
orient,76145232331313,11,400653,2403900,7
orient,76145232332213,11,530437,3182605,7
orient,76145233133213,11,424248,2545482,7
orient,76145233232333,11,432814,2596871,7
orient,76154323333112,11,389755,2338515,7
orient,76213543213133,11,437937,2627611,7
orient,76213543311332,11,410998,2465973,7
orient,76215341231231,11,317675,1906029,6
orient,76215433333133,11,443299,2659782,8
orient,76231451123111,11,465334,2791995,7
orient,76245311121131,11,425622,2553718,6
orient,76245311131121,11,387976,2327835,7
orient,76245311213312,11,390748,2344476,8
orient,76245312132131,11,373956,2243715,6
orient,76245313122122,11,372264,2233571,7
orient,76245313123121,11,364390,2186317,6
orient,76253141123132,11,409481,2456874,8
orient,76253141211332,11,357545,2145255,7
orient,76253413322312,11,348550,2091278,6
orient,76254133311323,11,708562,4251363,8
orient,76254313211111,11,642865,3857179,7
orient,76312452212111,11,720478,4322859,8
orient,76312453211111,11,410698,2464173,7
orient,76312453311311,11,497988,2987915,8
orient,76312542321212,11,483566,2901386,8
orient,76312542322121,11,368667,2211988,6
orient,76312543322222,11,557403,3344410,7
orient,76315241112113,11,462033,2772180,6
orient,76315241113112,11,398111,2388652,7
orient,76315241223113,11,339399,2036368,6
orient,76315241322122,11,365748,2194474,7
orient,76315241323313,11,387032,2322180,7
orient,76315241332112,11,349608,2097634,6
orient,76315243211231,11,354193,2125138,7
orient,76315243323323,11,450203,2701209,7
orient,76321452122123,11,387055,2322315,7
orient,76321452122321,11,403414,2420463,7
orient,76321452122333,11,422715,2536269,7
orient,76321452123323,11,491714,2950262,7
orient,76321452212231,11,377935,2267597,7
orient,76321452213122,11,435002,2609994,7
orient,76321453233131,11,403599,2421577,7
orient,76321453311233,11,535626,3213737,7
orient,76321453313312,11,450695,2704153,7
orient,76321453321133,11,427459,2564735,7
orient,76321453323311,11,466925,2801545,7
orient,76321542211112,11,628521,3771126,9
orient,76321543211111,11,404348,2426073,7
orient,76321543311131,11,488465,2930788,9
orient,76324151112233,11,421706,2530224,7
orient,76324151112323,11,674135,4044807,11
orient,76324153323122,11,387679,2326060,6
orient,76325411111213,11,473330,2839961,8
orient,76325411111312,11,586952,3521711,8
orient,76325411112131,11,434016,2604082,8
orient,76325411113121,11,466586,2799504,8
orient,76325411122121,11,455619,2733699,8
orient,76325411331311,11,480946,2885664,7
orient,76325412112121,11,565214,3391275,8
orient,76325412231212,11,549258,3295538,8
orient,76325412333233,11,524398,3146371,8
orient,76325413222223,11,459323,2755924,8
orient,76341251111213,11,461683,2770078,8
orient,76341251111312,11,573542,3441244,8
orient,76341251112131,11,515751,3094505,8
orient,76341251113121,11,462236,2773397,8
orient,76341251221121,11,457098,2742576,7
orient,76341251311313,11,447281,2683666,8
orient,76341252232313,11,492030,2952172,9
orient,76341252323333,11,514426,3086549,9
orient,76341253221212,11,480892,2885333,7
orient,76341253233131,11,372787,2236705,7
orient,76342511111231,11,380172,2281012,7
orient,76342511111321,11,483277,2899652,6
orient,76342511323112,11,412546,2475256,8
orient,76342512232223,11,531620,3189712,9
orient,76342513213112,11,553707,3322231,7
orient,76342513322111,11,568491,3410937,8
orient,76342513323122,11,387637,2325812,6
orient,76342513323212,11,462776,2776643,8
orient,76345122211112,11,628520,3771118,9
orient,76345122211121,11,507211,3043260,9
orient,76345122213311,11,402843,2417047,7
orient,76345122311111,11,458554,2751310,7
orient,76345123211111,11,404330,2425963,7
orient,76345123311113,11,509476,3056843,9
orient,76345123311131,11,489188,2935131,9
orient,76345123312211,11,393893,2363340,7
orient,76351421112323,11,713818,4282905,11
orient,76351421113322,11,399784,2398697,7
orient,76351423321232,11,459138,2754813,8
orient,76354121121212,11,520842,3125036,8
orient,76354121122121,11,412694,2476146,8
orient,76354121311313,11,414272,2485622,8
orient,76354121313131,11,479169,2874999,8
orient,76354122111212,11,547499,3284981,8
orient,76354122112121,11,442801,2656791,8
orient,76354122212222,11,487323,2923925,8
orient,76354123211123,11,547395,3284369,10
orient,76354123211132,11,430530,2583166,7
orient,76354123313333,11,521180,3127070,8
orient,76354212213323,11,520849,3125091,10
orient,76354212312233,11,535716,3214280,10
orient,76354212313322,11,581137,3486821,10
orient,76354212333332,11,463658,2781937,8
orient,76354213222223,11,454335,2725996,8
orient,76354213312223,11,496357,2978129,10
orient,76421351131121,11,380472,2282819,7
orient,76512343213313,11,582909,3497445,8
orient,76512343332311,11,582909,3497445,8
orient,76514321112323,11,655961,3935771,11
orient,76514321232113,11,531547,3189275,10
orient,76521433232333,11,439733,2638383,7
orient,76523413223231,11,391329,2347956,7
orient,76524313331222,11,423608,2541631,7
orient,76541232131213,11,701565,4209378,8
orient,76541232221222,11,470502,2823001,8
orient,76541233121213,11,493305,2959821,9
orient,76541233331333,11,491079,2946475,8
orient,76541233333313,11,581558,3489340,9
orient,76543211111111,11,1417123,8502735,12
orient,76543211212112,11,494315,2965881,8
orient,76543211223221,11,359723,2158330,6
orient,76543211332331,11,362042,2172241,6
orient,76543211333333,11,453810,2722854,7
orient,76543212132323,11,481371,2888218,9
orient,76543212222221,11,438965,2633770,7
orient,76543212323213,11,472676,2836051,9
orient,76543213113131,11,440779,2644663,8
