variant,state,distance,expanded,candidates,iterations
os{123},12345672121232,11,2575,15437,6
os{123},12345672123212,11,2520,15100,6
os{123},12345672321212,11,1253,7486,3
os{123},12345673131323,11,3101,18587,5
os{123},12345673132313,11,3611,21651,5
os{123},12345673231313,11,1360,8139,4
os{123},12345761111111,11,15010,90048,5
os{123},12346571111231,11,980,5855,3
os{123},12346751113133,11,3872,23211,5
os{123},12347561112212,11,2709,16235,5
os{123},12347651111111,11,19065,114378,6
os{123},12347651122112,11,2149,12879,6
os{123},12347651133311,11,2553,15295,6
os{123},12347652111221,11,1782,10676,6
os{123},12347652123233,11,1977,11838,5
os{123},12347652123332,11,2601,15591,5
os{123},12347652223232,11,1554,9300,5
os{123},12347653111133,11,2459,14743,6
os{123},12347653132223,11,1747,10467,5
os{123},12347653132322,11,1703,10193,5
os{123},12347653332323,11,2152,12894,6
os{123},12354671111111,11,15654,93906,5
os{123},12354761112323,11,13461,80750,7
os{123},12354762121112,11,2022,12107,5
os{123},12354762121211,11,2229,13361,5
os{123},12354762311123,11,1802,10793,5
os{123},12354763131131,11,1700,10170,4
os{123},12354763133111,11,1606,9616,4
os{123},12354763211123,11,2127,12746,6
os{123},12356471113133,11,2772,16617,5
os{123},12356741133131,11,1639,9814,5
os{123},12356741313131,11,1389,8310,4
os{123},12356743113131,11,1753,10503,5
os{123},12357461111222,11,2801,16793,5
os{123},12357461113331,11,3120,18704,5
os{123},12357462211112,11,2435,14586,5
os{123},12357641113331,11,3445,20649,5
os{123},12364571112212,11,3643,21841,5
os{123},12364751112212,11,2694,16149,5
os{123},12364751113133,11,3006,18015,5
os{123},12364753311131,11,2344,14038,5
os{123},12365471111111,11,15968,95792,6
os{123},12365471211122,11,2433,14584,6
os{123},12365471313113,11,1728,10348,6
os{123},12365472223232,11,1559,9335,5
os{123},12365472321233,11,2040,12228,5
os{123},12365473232312,11,1580,9458,5
os{123},12365473332323,11,2005,12015,6
os{123},12365741113331,11,2894,17345,5
os{123},12367451123333,11,1587,9497,5
os{123},12367451132222,11,1562,9350,5
os{123},12367451213333,11,1747,10460,5
os{123},12367451312222,11,2055,12317,5
os{123},12367452113333,11,2098,12568,5
os{123},12367453112222,11,1736,10392,5
os{123},12367541112212,11,3689,22124,5
os{123},12367541113331,11,5146,30861,5
os{123},12367541331131,11,2533,15189,6
os{123},12374561121212,11,1377,8231,4
os{123},12374561211212,11,1704,10201,5
os{123},12374562111212,11,1795,10746,4
os{123},12374651111222,11,2833,16976,5
os{123},12375461111222,11,3443,20636,5
os{123},12375641113112,11,1299,7772,3
os{123},12376451111222,11,3558,21328,5
os{123},12376451113133,11,3821,22914,5
os{123},12376451221211,11,2681,16067,6
os{123},12376541112323,11,11263,67566,7
os{123},12376541232233,11,3390,20328,5
os{123},12376541322233,11,1748,10468,4
os{123},12376542121232,11,2091,12522,6
os{123},12376542123212,11,1953,11699,6
os{123},12376543133132,11,1248,7471,4
os{123},12376543133231,11,1236,7389,4
os{123},12456731132321,11,3568,21387,5
os{123},12456731233223,11,2152,12899,6
os{123},12456733223321,11,1158,6934,5
os{123},12463751231231,11,1526,9128,4
os{123},12467351131121,11,2056,12310,5
os{123},12467351231321,11,1875,11227,6
os{123},12473561132123,11,2425,14541,6
os{123},12536741112323,11,2151,12893,6
os{123},12537461332112,11,1301,7781,4
os{123},12543671111111,11,2667,15992,6
os{123},12543671211212,11,1694,10138,4
os{123},12543671331113,11,3570,21400,6
os{123},12543672121121,11,1348,8068,4
os{123},12543672321332,11,1464,8762,4
os{123},12543672322232,11,1427,8541,4
os{123},12543672331232,11,1464,8756,4
os{123},12543673111331,11,1270,7594,4
os{123},12543673221323,11,2461,14746,6
os{123},12543673231223,11,1328,7945,4
os{123},12543673233323,11,2543,15241,6
os{123},12546371221331,11,1195,7150,4
os{123},12563472131213,11,1676,10035,5
os{123},12563473131212,11,1805,10807,5
os{123},12564733323122,11,1374,8216,4
os{123},12567433232333,11,1920,11491,5
os{123},12576343212221,11,1975,11831,5
os{123},12637451132111,11,2520,15106,6
os{123},12637451332112,11,1196,7142,4
os{123},12643571321321,11,1281,7659,4
os{123},12645371131121,11,2058,12324,5
os{123},12673542331133,11,1567,9381,4
os{123},12734561112323,11,2182,13076,6
os{123},12734561322233,11,2877,17245,6
os{123},12734562313223,11,1544,9241,5
os{123},12745631111111,11,6598,39572,6
os{123},12745632111122,11,1674,10020,5
os{123},12745632212213,11,2604,15607,5
os{123},12745632222221,11,1772,10608,5
os{123},12745632232211,11,1385,8281,4
os{123},12745633131131,11,1963,11764,5
os{123},12745633313312,11,1483,8875,4
os{123},12745633313333,11,3021,18113,6
os{123},12745633323311,11,1755,10510,5
os{123},12753462231323,11,1341,8022,4
os{123},12763452322232,11,1439,8611,4
os{123},12765432121313,11,1433,8584,5
os{123},12765432222212,11,4841,29034,6
os{123},12765433121213,11,2247,13466,6
os{123},12765433331333,11,1631,9772,4
os{123},13245671321111,11,3282,19676,5
os{123},13246571111111,11,3177,19050,7
os{123},13246571112233,11,2495,14950,5
os{123},13246571113232,11,1923,11523,4
os{123},13246572321332,11,1496,8950,5
os{123},13246572331232,11,1261,7537,4
os{123},13246573221233,11,1323,7900,4
os{123},13246573321223,11,2028,12149,6
os{123},13246752133211,11,2587,15510,5
os{123},13247563212131,11,1841,11033,5
os{123},13254761322233,11,3005,18019,6
os{123},13254761323322,11,2448,14664,6
os{123},13254762321233,11,1777,10647,5
os{123},13254763323122,11,1760,10541,4
os{123},13257641112233,11,2586,15500,5
os{123},13265741112323,11,2837,17008,6
os{123},13265742131312,11,2522,15109,5
os{123},13267451122211,11,2875,17237,6
os{123},13267451311133,11,2384,14284,6
os{123},13267541111132,11,2751,16482,5
os{123},13267541232212,11,1950,11680,5
os{123},13274651112323,11,2542,15239,6
os{123},13275461112233,11,2797,16758,5
os{123},13275463213211,11,1623,9719,5
os{123},13275641112233,11,2917,17473,5
os{123},13275641112323,11,3098,18565,6
os{123},13275642131333,11,1732,10375,5
os{123},13275643212221,11,1950,11677,5
os{123},13276451113211,11,2936,17593,5
os{123},13276451233133,11,2329,13948,5
os{123},13276541133122,11,1812,10846,4
os{123},13276541213312,11,2336,13989,4
os{123},13276541321123,11,1973,11815,5
os{123},13276541322311,11,2753,16492,5
os{123},13276541323112,11,2187,13102,6
os{123},13276541323322,11,2245,13453,6
os{123},13276542323312,11,1695,10151,5
os{123},13276543323122,11,1545,9251,4
os{123},13462571111111,11,9913,59462,6
os{123},13462572213311,11,1437,8611,5
os{123},13527461211113,11,2024,12126,5
os{123},13542671231231,11,1343,8033,4
os{123},13546271213213,11,1155,6909,4
os{123},13546271231231,11,2041,12222,5
os{123},13546271321321,11,1265,7568,4
os{123},13572641122133,11,8996,53965,7
os{123},13576241312213,11,4494,26958,7
os{123},13576241321321,11,1311,7841,4
os{123},13627451332112,11,1302,7794,4
os{123},13642571221223,11,1586,9495,4
os{123},13642571223221,11,1781,10663,5
os{123},13642573221221,11,2123,12720,5
os{123},13645271221331,11,1306,7815,5
os{123},13647521111111,11,6521,39104,6
os{123},13675241112323,11,6620,39707,7
os{123},13675242331313,11,1257,7518,4
os{123},13725642332132,11,1713,10260,4
os{123},13754262123323,11,3213,19258,5
os{123},13762451321321,11,1020,6093,4
os{123},13764251211311,11,1295,7737,4
os{123},13764252323231,11,1548,9268,5
os{123},13765422121211,11,1820,10899,5
os{123},14263751131121,11,1502,8994,4
os{123},14267351321321,11,1097,6557,4
os{123},14275633323122,11,1493,8937,4
os{123},14325671111111,11,7806,46821,6
os{123},14325672112121,11,2152,12900,6
os{123},14325672231323,11,2170,13006,5
os{123},14325672323222,11,1573,9413,4
os{123},14325673123232,11,1703,10200,5
os{123},14325673232333,11,1629,9747,5
os{123},14325673311131,11,3961,23755,6
os{123},14327652131213,11,2753,16502,5
os{123},14327653121213,11,1598,9577,5
os{123},14352672212111,11,2070,12401,6
os{123},14356721112323,11,2256,13523,6
os{123},14356721322233,11,3906,23423,6
os{123},14367252322232,11,1455,8706,5
os{123},14367523311113,11,3448,20675,6
os{123},14523672121313,11,3484,20890,6
os{123},14523673121312,11,2753,16510,5
os{123},14527631121311,11,2460,14739,5
os{123},14527631131211,11,2404,14404,5
os{123},14527631133311,11,1501,8969,4
os{123},14527631211131,11,2687,16106,5
os{123},14527631311121,11,2713,16254,5
os{123},14527632122213,11,1811,10844,5
os{123},14527632212111,11,1799,10774,5
os{123},14527632333332,11,1462,8754,4
os{123},14527633132322,11,1866,11176,5
os{123},14527633312133,11,1202,7188,4
os{123},14536273311311,11,2010,12042,5
os{123},14537622231323,11,1587,9495,4
os{123},14563272323222,11,1494,8943,5
os{123},14567231312213,11,6369,38204,7
os{123},14567231321123,11,2098,12569,5
os{123},14573261333111,11,2455,14708,5
os{123},14625731111111,11,12180,73063,6
os{123},14625731131121,11,2502,14993,5
os{123},14625731322233,11,3859,23130,6
os{123},14625732112121,11,1918,11491,5
os{123},14625732113321,11,1956,11721,5
os{123},14625732213323,11,3284,19683,6
os{123},14625732233111,11,1848,11066,5
os{123},14625733133111,11,1823,10918,5
os{123},14632571111111,11,6276,37641,6
os{123},14632571321132,11,2756,16522,6
os{123},14652733321331,11,1516,9072,5
os{123},14673251111111,11,12282,73677,6
os{123},14723651111213,11,2348,14076,6
os{123},14723651111312,11,3141,18834,5
os{123},14723651112131,11,3154,18912,5
os{123},14723651113121,11,2231,13368,6
os{123},14723651211212,11,2439,14615,6
os{123},14723652322121,11,1175,7026,4
os{123},14723652331232,11,1373,8215,4
os{123},14723653232222,11,1364,8161,4
os{123},14723653313111,11,1815,10869,6
os{123},14723653321313,11,3850,23090,6
os{123},14725361111111,11,2862,17158,6
os{123},14725361111123,11,1827,10945,5
os{123},14725361322332,11,2213,13259,5
os{123},14725362211121,11,1966,11778,5
os{123},14725363211213,11,1887,11304,5
os{123},14725363213121,11,1597,9561,6
os{123},14725363223213,11,1512,9053,5
os{123},14725363311113,11,2422,14506,6
os{123},14726531223122,11,1751,10487,4
os{123},14726531232122,11,3360,20147,6
os{123},14726531233313,11,2896,17364,6
os{123},14726531333312,11,1492,8934,4
os{123},14726532232313,11,1882,11278,5
os{123},14726533323122,11,1534,9178,4
os{123},14735621221112,11,1666,9980,5
os{123},14735621223113,11,1360,8138,4
os{123},14735621223332,11,2881,17271,5
os{123},14735621233112,11,2735,16390,6
os{123},14735621323112,11,2924,17524,6
os{123},14735621332112,11,1307,7814,4
os{123},14735621333111,11,1605,9605,5
os{123},14735621333222,11,1686,10096,5
os{123},14736251111132,11,1801,10788,6
os{123},14736251112332,11,1664,9964,5
os{123},14736253222223,11,1589,9524,5
os{123},14736521132222,11,2089,12508,6
os{123},14736521133131,11,1398,8364,5
os{123},14736521211212,11,1353,8095,5
os{123},14736521213333,11,2073,12414,6
os{123},14736521221313,11,1263,7561,4
os{123},14736521321231,11,2482,14880,4
os{123},14736521322233,11,1625,9727,4
os{123},14736521332121,11,1535,9186,4
os{123},14736523112222,11,1338,8003,4
os{123},14736523113131,11,1237,7394,4
os{123},14752363222121,11,1514,9060,5
os{123},14752363232222,11,1443,8629,4
os{123},14752363233131,11,1522,9096,4
os{123},14752631111111,11,3516,21083,6
os{123},14752631112311,11,2195,13147,5
os{123},14752631323223,11,2240,13416,5
os{123},14752632332132,11,1378,8244,4
os{123},14752633213223,11,1732,10374,4
os{123},14752633222223,11,2410,14445,6
os{123},14752633223123,11,2458,14727,5
os{123},14752633223231,11,1781,10668,6
os{123},14753261221112,11,1941,11625,5
os{123},14753261323112,11,4407,26433,6
os{123},14753261333111,11,2005,12008,5
os{123},14762351221331,11,1852,11094,5
os{123},14762351321231,11,2157,12931,6
os{123},14762351331221,11,1677,10033,5
os{123},14763251221223,11,2184,13082,4
os{123},14763251222312,11,1525,9129,5
os{123},14763251332331,11,1730,10357,4
os{123},14763251333123,11,1328,7949,5
os{123},14763252322121,11,1884,11278,5
os{123},14763253132232,11,1579,9451,4
os{123},14763253133132,11,1867,11178,5
os{123},14763253133222,11,2014,12067,4
os{123},14763253133231,11,1681,10056,4
os{123},14763253221221,11,1959,11732,5
os{123},14763253222112,11,1455,8713,5
os{123},14763521113211,11,1824,10920,6
os{123},14763521113223,11,1686,10097,5
os{123},14763523222331,11,1959,11731,5
os{123},14765231111213,11,3248,19464,5
os{123},14765231111312,11,2499,14977,6
os{123},14765231112131,11,2412,14454,6
os{123},14765231113121,11,2713,16255,5
os{123},14765231133131,11,2485,14888,6
os{123},14765232211211,11,1471,8809,5
os{123},14765232232322,11,1492,8929,5
os{123},14765232331313,11,1420,8494,4
os{123},14765233113131,11,1267,7573,4
os{123},14765233323332,11,1521,9116,4
os{123},15236471111111,11,7286,43701,6
os{123},15236473231121,11,2590,15524,5
os{123},15243671331221,11,1562,9350,5
os{123},15246371331332,11,1844,11044,5
os{123},15246371332331,11,1597,9556,4
os{123},15246372331331,11,1006,6013,4
os{123},15267431223113,11,1322,7904,4
os{123},15273641112323,11,7007,42021,7
os{123},15324673113311,11,2008,12030,4
os{123},15342671211311,11,1636,9789,5
os{123},15346271321321,11,1245,7445,4
os{123},15367421211113,11,2591,15535,6
os{123},15367421223113,11,1216,7271,4
os{123},15367423211123,11,2842,17032,6
os{123},15426371111111,11,2977,17846,6
os{123},15426371112233,11,1692,10138,5
os{123},15463271313113,11,2372,14210,5
os{123},15624732123212,11,2000,11981,4
os{123},15624732133313,11,2555,15302,5
os{123},15624732333332,11,922,5508,4
os{123},15627431223113,11,1588,9506,5
os{123},15627431322113,11,1381,8262,4
os{123},15627431332112,11,1611,9645,5
os{123},15634722123332,11,3451,20690,6
os{123},15634722321233,11,1582,9474,5
os{123},15637423211123,11,3782,22682,8
os{123},15642371111111,11,3618,21698,6
os{123},15642372213311,11,3291,19724,6
os{123},15642372231332,11,1380,8250,4
os{123},15642372331322,11,1323,7911,4
os{123},15642373212311,11,2782,16681,7
os{123},15642373221323,11,2133,12789,7
os{123},15642373231223,11,1446,8656,4
os{123},15643271221331,11,1229,7355,4
os{123},15643271331221,11,1279,7655,4
os{123},15643273223111,11,1726,10330,5
os{123},15647233213232,11,1391,8324,4
os{123},15672341113232,11,2193,13144,6
os{123},15672341323112,11,1390,8322,4
os{123},15672342323312,11,1433,8578,5
os{123},15672343213232,11,1703,10189,5
os{123},15672433312133,11,1519,9090,4
os{123},15724362212132,11,1551,9287,4
os{123},15724631111111,11,10975,65827,6
os{123},15724631211311,11,2398,14374,5
os{123},15724631322233,11,4035,24194,6
os{123},15724632123233,11,3817,22891,6
os{123},15724632313223,11,2491,14935,5
os{123},15724632323231,11,2172,13009,5
os{123},15724632323333,11,2242,13434,6
os{123},15724633132322,11,1553,9294,5
os{123},15734622331223,11,1410,8431,5
os{123},15746321111111,11,5569,33396,6
os{123},15746321323211,11,2518,15090,6
os{123},15746322313112,11,2154,12909,6
os{123},15762342122213,11,4391,26330,7
os{123},15763241111111,11,11955,71715,6
os{123},15763242323132,11,1467,8778,5
os{123},16243571132132,11,1101,6584,4
os{123},16243571231231,11,1625,9718,5
os{123},16243571321321,11,1120,6702,4
os{123},16245371231231,11,1604,9602,4
os{123},16254733312223,11,3640,21821,6
os{123},16257431132111,11,1856,11112,5
os{123},16257433223123,11,1504,9009,4
os{123},16273541122133,11,4798,28767,7
os{123},16273541321321,11,1481,8860,4
os{123},16275341312213,11,8279,49667,7
os{123},16275343122221,11,1978,11849,5
os{123},16327453232333,11,1686,10094,5
os{123},16342571331221,11,1111,6648,4
os{123},16345271111111,11,4160,24948,6
os{123},16345271133131,11,1590,9514,4
os{123},16345271222111,11,3925,23538,6
os{123},16345272322232,11,1528,9153,5
os{123},16345272333212,11,1434,8587,5
os{123},16345273122323,11,1956,11718,6
os{123},16345273233323,11,2956,17720,6
os{123},16347252131312,11,3049,18270,5
os{123},16347253121312,11,2061,12342,4
os{123},16357421223113,11,1331,7974,4
os{123},16374521112323,11,2245,13460,6
os{123},16374523211123,11,2489,14913,6
os{123},16423572112121,11,1433,8574,4
os{123},16427531211311,11,2043,12235,5
os{123},16427531231321,11,5654,33912,7
os{123},16427532333233,11,2632,15769,5
os{123},16453271111111,11,12376,74233,6
os{123},16453271211113,11,2180,13055,6
os{123},16453272111131,11,1421,8500,5
os{123},16475233132313,11,1876,11236,5
os{123},16523473332323,11,1591,9526,5
os{123},16523741112212,11,1320,7892,4
os{123},16524731112212,11,3335,20001,6
os{123},16524731112233,11,1739,10417,4
os{123},16524731113133,11,3046,18256,6
os{123},16527341111111,11,2742,16431,6
os{123},16527431123333,11,3721,22309,6
os{123},16527431222132,11,3870,23200,5
os{123},16527431312222,11,4104,24602,6
os{123},16527431333213,11,3151,18881,5
os{123},16527432113333,11,2557,15321,5
os{123},16527432211322,11,1723,10304,3
os{123},16527432231122,11,1445,8647,3
os{123},16527432231332,11,1491,8919,4
os{123},16527432331322,11,1588,9501,4
os{123},16527432333113,11,1801,10775,4
os{123},16527433312133,11,1449,8661,4
os{123},16532471111222,11,3231,19364,6
os{123},16534271111111,11,4380,26263,6
os{123},16534271111132,11,1591,9520,6
os{123},16534273211111,11,1664,9970,5
os{123},16534723211123,11,4650,27891,8
os{123},16537421111222,11,1371,8199,5
os{123},16537421113322,11,2641,15829,6
os{123},16537421113331,11,1384,8285,5
os{123},16537421223113,11,1352,8085,4
os{123},16537421233112,11,2955,17715,6
os{123},16537421332112,11,1327,7931,4
os{123},16542371221331,11,1476,8832,5
os{123},16542371331221,11,1790,10719,5
os{123},16542372112331,11,1626,9738,5
os{123},16543271221223,11,2227,13331,4
os{123},16543271223221,11,2487,14903,5
os{123},16543271331332,11,2607,15623,5
os{123},16543271332331,11,1706,10211,4
os{123},16543272331331,11,1272,7598,4
os{123},16543273221221,11,2200,13175,5
os{123},16543721111111,11,4070,24400,6
os{123},16543721113211,11,1628,9750,6
os{123},16547233332323,11,1948,11673,6
os{123},16547321113331,11,3809,22840,6
os{123},16572431111111,11,3277,19650,6
os{123},16572433213223,11,1695,10142,4
os{123},16573241123123,11,2063,12354,5
os{123},16573241312312,11,1754,10498,5
os{123},16574231113133,11,1315,7871,4
os{123},16723451122133,11,5460,32749,7
os{123},16723451322311,11,1757,10525,5
os{123},16725431121311,11,2238,13407,5
os{123},16725431131211,11,2359,14136,5
os{123},16725431211122,11,1561,9353,4
os{123},16725431211131,11,2918,17490,5
os{123},16725431311121,11,2170,12996,5
os{123},16725432211121,11,1643,9836,4
os{123},16725432232223,11,1532,9166,4
os{123},16725433113311,11,1579,9452,5
os{123},16725433122212,11,1704,10205,5
os{123},16725433333232,11,1526,9133,5
os{123},16735242122213,11,2510,15042,7
os{123},16742352232313,11,1696,10154,5
os{123},16743252323222,11,1495,8945,5
os{123},16745232121313,11,3442,20641,6
os{123},16745232122222,11,2308,13824,5
os{123},16745233121213,11,2207,13221,6
os{123},16745233333313,11,2837,17010,5
os{123},16753241221112,11,2471,14808,5
os{123},17246351111111,11,9717,58280,6
os{123},17265433111313,11,3766,22572,6
os{123},17324561211323,11,1981,11862,5
os{123},17324561232332,11,1669,9999,6
os{123},17326452212111,11,2200,13176,4
os{123},17356241212313,11,2034,12179,6
os{123},17356242211331,11,2015,12065,5
os{123},17362451211311,11,1678,10051,5
os{123},17362451231321,11,1847,11070,6
os{123},17362452213311,11,2199,13177,5
os{123},17364251231231,11,1605,9610,4
os{123},17423653213232,11,1384,8279,4
os{123},17425631122112,11,2939,17615,6
os{123},17425631223113,11,1673,10019,5
os{123},17425631313113,11,2906,17417,6
os{123},17425631322113,11,1237,7396,4
os{123},17425631322332,11,2789,16714,6
os{123},17425631323112,11,2660,15946,6
os{123},17425631323223,11,2252,13498,6
os{123},17425631332112,11,1665,9965,5
os{123},17426531112233,11,1570,9403,4
os{123},17426531121212,11,1541,9222,4
os{123},17426531132312,11,2653,15895,5
os{123},17426531213123,11,2642,15831,5
os{123},17426531223221,11,1040,6204,4
os{123},17426531232233,11,4049,24282,7
os{123},17426531313131,11,1734,10378,4
os{123},17426531331332,11,1100,6580,4
os{123},17426532121211,11,1294,7733,4
os{123},17426532331331,11,1232,7357,4
os{123},17435622211133,11,3632,21777,6
os{123},17435623211123,11,4378,26256,7
os{123},17436521323232,11,3051,18293,5
os{123},17452363213232,11,1790,10719,5
os{123},17452363322132,11,1223,7309,5
os{123},17452633213232,11,1777,10651,5
os{123},17453262211133,11,1715,10259,4
os{123},17462352213311,11,3361,20142,6
os{123},17463251122112,11,2075,12429,5
os{123},17463251221331,11,1109,6626,4
os{123},17463251313113,11,1973,11813,5
os{123},17463251321231,11,3689,22114,6
os{123},17463251323112,11,4373,26226,6
os{123},17463251331221,11,1162,6948,4
os{123},17526431131121,11,1990,11930,5
os{123},17526431231321,11,5698,34170,7
os{123},17526432123233,11,3909,23445,6
os{123},17543261111111,11,12699,76174,6
os{123},17543261132111,11,2125,12725,6
os{123},17642531111111,11,2921,17504,6
os{123},17642531112233,11,2080,12461,5
os{123},17642533312211,11,1506,9016,4
os{123},17643251122112,11,2449,14676,5
os{123},21345671111111,11,4420,26493,5
os{123},21345762223322,11,2279,13654,4
os{123},21345762312323,11,2754,16508,6
os{123},21345762313223,11,3695,22151,6
os{123},21345763332233,11,2589,15512,5
os{123},21346752313322,11,3289,19715,5
os{123},21347562312323,11,3421,20506,6
os{123},21354671122112,11,1807,10813,5
os{123},21354671131313,11,1758,10533,4
os{123},21354671221112,11,1112,6649,4
os{123},21354672311123,11,3050,18289,5
os{123},21354672311132,11,2718,16289,5
os{123},21354672313211,11,7703,46205,6
os{123},21354673131113,11,1269,7589,4
os{123},21354761112233,11,2824,16922,6
os{123},21354761112311,11,1834,10984,5
os{123},21354761113211,11,2502,14992,5
os{123},21354761113322,11,2545,15252,6
os{123},21354761122211,11,2135,12787,5
os{123},21354761133311,11,2383,14276,5
os{123},21354762213311,11,3038,18208,6
os{123},21354763312211,11,3147,18865,6
os{123},21357462311111,11,2979,17850,5
os{123},21357463213331,11,1995,11950,6
os{123},21357642221132,11,2359,14134,5
os{123},21364752311111,11,2434,14587,5
os{123},21364753212212,11,1784,10681,6
os{123},21365742221312,11,1959,11739,7
os{123},21365742312323,11,2685,16097,6
os{123},21367451311331,11,1204,7199,4
os{123},21367452112112,11,1160,6932,4
os{123},21374653333121,11,1609,9630,4
os{123},21375462312233,11,2464,14766,5
os{123},21375463333211,11,2399,14378,5
os{123},21376541111123,11,1403,8392,5
os{123},21376541112311,11,1891,11328,5
os{123},21376541122211,11,2138,12807,5
os{123},21376541131133,11,2090,12514,5
os{123},21457631321123,11,3042,18236,5
os{123},21473563331312,11,2453,14712,7
os{123},21536742222131,11,2097,12564,5
os{123},21654372231323,11,2474,14834,5
os{123},21654372233321,11,1593,9543,5
os{123},21654373332122,11,1953,11691,5
os{123},21654373332221,11,1532,9173,5
os{123},21734652123131,11,1527,9139,5
os{123},23147562123131,11,4294,25758,8
os{123},23147651112323,11,1786,10702,6
os{123},23147652312323,11,1822,10911,6
os{123},23156471222132,11,1406,8407,4
os{123},23156471333132,11,1471,8796,5
os{123},23156473323332,11,1249,7471,4
os{123},23157461231333,11,1835,10989,5
os{123},23157462131123,11,2839,17016,5
os{123},23164573213133,11,1929,11542,5
os{123},23164752131312,11,5609,33643,7
os{123},23164753333313,11,2058,12324,5
os{123},23165471111111,11,2237,13401,6
os{123},23165471311133,11,2596,15556,6
os{123},23165471312132,11,1822,10910,5
os{123},23165472111122,11,2519,15102,6
os{123},23165472111332,11,1655,9903,5
os{123},23165472132332,11,1748,10458,4
os{123},23165472311111,11,1679,10057,5
os{123},23165473233221,11,1931,11563,4
os{123},23165741112323,11,2460,14744,6
os{123},23165741231312,11,1912,11455,5
os{123},23165742123131,11,4111,24660,8
os{123},23165742131321,11,2945,17650,4
os{123},23165742131333,11,6693,40155,8
os{123},23165742312323,11,2710,16232,6
os{123},23165743331312,11,2547,15267,5
os{123},23167541233322,11,1828,10955,5
os{123},23167542131222,11,3622,21716,6
os{123},23174652123131,11,3964,23770,8
os{123},23175463211222,11,2028,12154,5
os{123},23176452132221,11,2110,12634,5
os{123},23176453332233,11,2171,13006,5
os{123},23416752121211,11,2602,15597,5
os{123},23417563232123,11,1739,10416,5
os{123},23456173212332,11,1473,8822,5
os{123},23456173233122,11,1313,7855,4
os{123},23456713212332,11,1359,8123,4
os{123},23475162121112,11,2757,16518,6
os{123},23517462131333,11,2350,14084,5
os{123},23576412233321,11,1489,8915,5
os{123},23576412312323,11,1441,8624,5
os{123},23657142121112,11,3516,21076,6
os{123},23671452122333,11,3603,21604,6
os{123},23674153232321,11,1370,8192,4
os{123},23751461132123,11,2001,11984,6
os{123},23751463112321,11,2598,15564,5
os{123},23756143222331,11,1372,8222,5
os{123},23756411222312,11,1892,11325,5
os{123},23756413222112,11,1700,10176,4
os{123},23756413223312,11,1761,10542,5
os{123},23756413322312,11,1182,7071,4
os{123},24153672321233,11,1889,11312,5
os{123},24157361313212,11,2110,12642,6
os{123},24157362323111,11,2711,16250,5
os{123},24167353132232,11,2342,14040,5
os{123},24173652323231,11,1426,8535,5
os{123},24315673311311,11,3905,23421,5
os{123},24315761122322,11,1827,10946,5
os{123},24315762213323,11,7618,45691,7
os{123},24351671212211,11,2594,15554,5
os{123},24351673111133,11,3389,20329,6
os{123},24351673311311,11,3952,23694,5
os{123},24351761111123,11,2443,14635,4
os{123},24351761212232,11,2163,12966,6
os{123},24367511323112,11,2089,12515,4
os{123},24367513111121,11,1331,7959,4
os{123},24376512222122,11,2328,13949,5
os{123},24516732233111,11,2547,15258,5
os{123},24531673123121,11,1427,8546,5
os{123},24536713231232,11,1413,8460,5
os{123},24537613231322,11,2208,13227,5
os{123},24561372111131,11,2609,15634,6
os{123},24563711121212,11,2629,15756,5
os{123},24563712121232,11,2929,17559,6
os{123},24563713121222,11,4339,26025,7
os{123},24571362221213,11,4567,27383,8
os{123},24571631121212,11,2225,13323,5
os{123},24615371112332,11,1830,10959,5
os{123},24615372213311,11,2813,16859,5
os{123},24615731122313,11,3170,19012,6
os{123},24615731132333,11,3543,21247,5
os{123},24615732111323,11,2272,13621,4
os{123},24615732213311,11,3631,21767,6
os{123},24615732233321,11,2771,16610,6
os{123},24615733113323,11,3425,20536,5
os{123},24615733311122,11,3233,19380,6
os{123},24617532233321,11,3196,19150,6
os{123},24637512311132,11,4231,25368,8
os{123},24651731113223,11,1628,9752,4
os{123},24651731333333,11,1478,8853,5
os{123},24715363311332,11,1898,11373,5
os{123},24715631111111,11,2288,13720,6
os{123},24715631122121,11,1681,10062,5
os{123},24715631122133,11,3985,23889,6
os{123},24715632313223,11,2950,17679,6
os{123},24715633112111,11,1322,7909,5
os{123},24715633131131,11,1722,10309,5
os{123},24716532323231,11,2987,17899,5
os{123},24731561111111,11,9355,56118,6
os{123},24731562311231,11,2818,16889,5
os{123},24736512222332,11,2872,17214,5
os{123},24751362221231,11,2470,14799,5
os{123},24751362321113,11,3203,19197,5
os{123},24761531221223,11,1835,10989,4
os{123},24763151111111,11,2910,17442,6
os{123},24765313222112,11,2009,12031,5
os{123},25134672233321,11,2215,13266,5
os{123},25134672312323,11,2090,12522,5
os{123},25134672313211,11,6310,37847,6
os{123},25137461111111,11,5065,30372,6
os{123},25137461211323,11,2539,15207,6
os{123},25163741112323,11,3624,21723,7
os{123},25314673111313,11,4998,29965,6
os{123},25314673111331,11,3799,22774,5
os{123},25314673131311,11,3905,23413,5
os{123},25341673113311,11,4536,27201,5
os{123},25341762313223,11,2345,14047,5
os{123},25364172311231,11,3330,19958,4
os{123},25364173223231,11,1574,9419,5
os{123},25367411211122,11,1977,11835,5
os{123},25413672323111,11,3358,20129,4
os{123},25413763121222,11,2410,14441,7
os{123},25436711311313,11,1831,10968,5
os{123},25436712123122,11,1720,10302,5
os{123},25436712123332,11,2490,14916,5
os{123},25436712132122,11,1766,10580,4
os{123},25436712323231,11,1652,9889,5
os{123},25436713232321,11,1235,7382,4
os{123},25436713332122,11,2445,14656,5
os{123},25463713212332,11,911,5442,3
os{123},25471362323132,11,2580,15463,6
os{123},25471631312213,11,2545,15250,5
os{123},25631741212121,11,2784,16683,5
os{123},25634713321232,11,1850,11072,4
os{123},25641371213132,11,1631,9768,5
os{123},25714632123131,11,2757,16520,5
os{123},25714632223331,11,2955,17713,5
os{123},25714632313211,11,6660,39948,6
os{123},25714633121333,11,3323,19924,7
os{123},25716431212223,11,3609,21640,7
os{123},25716433223213,11,1580,9451,4
os{123},25731642232211,11,4001,23984,6
os{123},25734162221111,11,1913,11451,5
os{123},25734613113323,11,2904,17409,5
os{123},25736141111123,11,2044,12251,6
os{123},25736141233232,11,2770,16610,5
os{123},25736411133113,11,1542,9227,4
os{123},25736411231321,11,1921,11511,4
os{123},25736411321312,11,1047,6255,4
os{123},25736411331113,11,1544,9242,5
os{123},25736413123112,11,1534,9186,5
os{123},25741361232113,11,3026,18137,5
os{123},25741632222323,11,2519,15098,5
os{123},25741632312323,11,1580,9465,5
os{123},25743611233232,11,1533,9179,5
os{123},25763142223133,11,4067,24382,5
os{123},25763411332322,11,1687,10102,5
os{123},26135742132221,11,1790,10727,4
os{123},26135742213323,11,4398,26365,7
os{123},26135742332312,11,1731,10361,4
os{123},26153471122121,11,1857,11121,5
os{123},26153473131131,11,2666,15974,5
os{123},26153473132121,11,1634,9776,5
os{123},26154372332213,11,4401,26388,6
os{123},26175432331133,11,2121,12705,5
os{123},26317451212211,11,4381,26274,5
os{123},26345711223113,11,1249,7467,4
os{123},26371453112111,11,1953,11699,5
os{123},26415731322323,11,1963,11760,5
os{123},26415732121223,11,1984,11895,7
os{123},26415732233321,11,2674,16025,6
os{123},26435712222122,11,6030,36169,8
os{123},26435712233321,11,2632,15776,6
os{123},26435712311132,11,3985,23892,8
os{123},26435712322322,11,2946,17659,4
os{123},26435713311122,11,3513,21057,6
os{123},26435713333133,11,2104,12602,5
os{123},26437512122312,11,3623,21725,6
os{123},26453172211133,11,3984,23884,5
os{123},26453711333333,11,1294,7738,4
os{123},26513471122121,11,2219,13293,5
os{123},26517343333313,11,3004,18008,8
os{123},26534713333313,11,3116,18671,5
os{123},26543171111111,11,2834,16981,6
os{123},26543171123111,11,1604,9594,5
os{123},26547313131323,11,2099,12579,5
os{123},26573413331312,11,2284,13678,7
os{123},26714531212133,11,3330,19962,6
os{123},26714532121133,11,2341,14026,5
os{123},26715433231322,11,1731,10367,4
os{123},26741351232113,11,1994,11935,5
os{123},26743512121232,11,3527,21150,6
os{123},27134561131133,11,2994,17942,6
os{123},27154632311132,11,1621,9703,5
os{123},27314652313211,11,11110,66647,6
os{123},27365412321212,11,2601,15588,5
os{123},27415363131113,11,2064,12358,5
os{123},27415632323231,11,2618,15685,5
os{123},27415633321322,11,2819,16895,5
os{123},27416532133232,11,1197,7160,4
os{123},27416533321232,11,2218,13282,4
os{123},27435612122222,11,5477,32854,7
os{123},27453161123111,11,1660,9941,5
os{123},27453161132111,11,1725,10342,4
os{123},27456133132223,11,2131,12770,5
os{123},27516341111111,11,2990,17907,6
os{123},27534161111111,11,4051,24283,6
os{123},27534161111123,11,2232,13375,6
os{123},27534162311111,11,1514,9069,5
os{123},27534612311132,11,4087,24508,8
os{123},27536412332312,11,2052,12292,5
os{123},27543611111123,11,2100,12587,5
os{123},27543611111132,11,1660,9932,5
os{123},27546312231122,11,3502,20993,6
os{123},27613543333133,11,2327,13939,7
os{123},27614353311332,11,1997,11963,5
os{123},27615431312333,11,2217,13285,5
os{123},27615432113321,11,3270,19592,5
os{123},27615433313213,11,1697,10148,5
os{123},27634511131133,11,1517,9080,5
os{123},27634512233321,11,1857,11124,6
os{123},27643513311233,11,2365,14177,5
os{123},31246753312211,11,3110,18642,5
os{123},31247651113232,11,1829,10959,4
os{123},31247651323232,11,1466,8775,4
os{123},31256471231222,11,1706,10218,6
os{123},31257462222221,11,2845,17060,7
os{123},31257462312311,11,2281,13673,5
os{123},31257643311122,11,2726,16340,6
os{123},31264572122213,11,3042,18237,7
os{123},31264573132313,11,1058,6328,4
os{123},31264573222223,11,1237,7400,4
os{123},31264752132122,11,1652,9884,4
os{123},31264752313121,11,3530,21170,7
os{123},31265471111111,11,2698,16176,6
os{123},31265471122112,11,1431,8566,5
os{123},31265471122133,11,2330,13956,5
os{123},31265471312213,11,2229,13357,5
os{123},31265471313113,11,1334,7984,5
os{123},31265471321111,11,1601,9586,5
os{123},31265472233321,11,4244,25452,6
os{123},31265472312233,11,4023,24121,6
os{123},31265741233331,11,2311,13843,6
os{123},31267542222233,11,2128,12745,5
os{123},31267542313133,11,3774,22620,6
os{123},31275461112233,11,2030,12152,4
os{123},31275461322233,11,3711,22256,6
os{123},31275462133211,11,2389,14309,5
os{123},31275462223211,11,1612,9650,4
os{123},31275462311213,11,2423,14531,5
os{123},31275462312212,11,3364,20165,6
os{123},31275463311122,11,3184,19083,6
os{123},31276452133322,11,1746,10456,5
os{123},31276452313313,11,2098,12569,5
os{123},31452671323211,11,1753,10500,5
os{123},31452671332232,11,1555,9309,5
os{123},31452672322331,11,1729,10358,5
os{123},31456722111221,11,2136,12794,5
os{123},31462751111111,11,5565,33377,6
os{123},31462751113322,11,1856,11120,5
os{123},31475261322233,11,2305,13815,5
os{123},31475262331313,11,1972,11816,5
os{123},31475262333221,11,1666,9980,4
os{123},31524673332122,11,2116,12680,4
os{123},31527643332122,11,1212,7243,4
os{123},31564272212111,11,3348,20071,5
os{123},31564272213311,11,1481,8866,5
os{123},31564273113311,11,1857,11119,5
os{123},31572461122133,11,4297,25763,7
os{123},31624751112233,11,1654,9907,5
os{123},31624753312211,11,2806,16813,6
os{123},31627452221333,11,2228,13350,5
os{123},31654272313322,11,2308,13823,5
os{123},31754621331122,11,2756,16520,6
os{123},31765242322121,11,1994,11941,4
os{123},32145671111111,11,10583,63486,6
os{123},32145671123333,11,1290,7717,4
os{123},32145671132222,11,1496,8959,4
os{123},32145671221112,11,2008,12027,5
os{123},32145671333333,11,1974,11826,5
os{123},32145672113333,11,1178,7047,4
os{123},32145672212222,11,1637,9802,5
os{123},32145673112222,11,1255,7506,4
os{123},32145673311113,11,1633,9772,4
os{123},32146751232323,11,3353,20103,6
os{123},32146752232223,11,3944,23642,6
os{123},32147562313223,11,1431,8560,4
os{123},32147562333233,11,4416,26475,6
os{123},32147651123333,11,1682,10068,4
os{123},32147651132222,11,1476,8829,4
os{123},32147651213333,11,1676,10028,4
os{123},32147651312222,11,1511,9046,4
os{123},32147652113333,11,1455,8709,4
os{123},32147652231332,11,1747,10458,4
os{123},32147652233213,11,3724,22328,5
os{123},32147652331322,11,3563,21352,5
os{123},32147652332213,11,4212,25262,6
os{123},32147653112222,11,1491,8925,4
os{123},32156471111111,11,7623,45729,6
os{123},32156471113211,11,1317,7879,5
os{123},32156471232332,11,1354,8097,4
os{123},32156472312332,11,1075,6425,4
os{123},32156472332132,11,1669,9994,5
os{123},32156472332321,11,2361,14156,6
os{123},32156472333332,11,3401,20391,6
os{123},32156473223123,11,1304,7795,4
os{123},32156741112323,11,8109,48632,7
os{123},32156742311123,11,2967,17789,7
os{123},32156742313223,11,1809,10835,4
os{123},32156742333131,11,2243,13429,5
os{123},32157641232323,11,3207,19225,6
os{123},32157642231323,11,1783,10676,5
os{123},32164571111111,11,7862,47159,6
os{123},32164571111231,11,1422,8506,4
os{123},32164571232323,11,3213,19255,6
os{123},32164572232223,11,3558,21336,6
os{123},32164572232313,11,2438,14612,6
os{123},32164572233321,11,3025,18130,5
os{123},32164572312323,11,3685,22087,6
os{123},32164573323212,11,1770,10594,5
os{123},32165741111111,11,8395,50364,6
os{123},32165741111132,11,1328,7956,5
os{123},32165741233223,11,1626,9732,4
os{123},32165742211112,11,1874,11229,5
os{123},32165742331112,11,2810,16833,6
os{123},32165743311131,11,1598,9556,5
os{123},32167451111111,11,8652,51893,6
os{123},32167451213333,11,1402,8393,4
os{123},32167451222222,11,1900,11384,5
os{123},32167451312222,11,1095,6544,4
os{123},32167451333111,11,1745,10447,5
os{123},32167452211121,11,1581,9463,4
os{123},32167453222313,11,1507,9014,5
os{123},32167453313333,11,1813,10862,5
os{123},32167453321232,11,1664,9958,5
os{123},32174561112323,11,7057,42330,7
os{123},32174561232113,11,3581,21472,7
os{123},32174561232233,11,4097,24573,7
os{123},32174562231212,11,2450,14670,5
os{123},32174652312332,11,1069,6395,4
os{123},32174652332132,11,1638,9810,5
os{123},32175461111111,11,7981,47868,6
os{123},32175461113112,11,1421,8500,4
os{123},32175461221112,11,1601,9586,5
os{123},32175461333111,11,1646,9850,5
os{123},32175462233111,11,3299,19771,6
os{123},32175462312323,11,4624,27718,6
os{123},32416753121222,11,2704,16211,5
os{123},32417562113321,11,2824,16934,6
os{123},32417652132131,11,1507,9027,4
os{123},32417653132121,11,1399,8364,4
os{123},32451762331121,11,1711,10244,6
os{123},32456173212332,11,1148,6864,4
os{123},32456711233133,11,2716,16272,4
os{123},32465172112121,11,2440,14616,6
os{123},32465172132131,11,2297,13756,5
os{123},32465172133121,11,1503,8999,4
os{123},32465172332321,11,2369,14201,5
os{123},32465173123121,11,1419,8493,5
os{123},32465173132121,11,1462,8745,4
os{123},32465173133111,11,1542,9228,5
os{123},32465173233221,11,1483,8880,4
os{123},32475161232323,11,2228,13342,5
os{123},32475163331222,11,1424,8515,4
os{123},32476513232231,11,1337,8003,5
os{123},32517463131311,11,3242,19440,5
os{123},32546713323212,11,1346,8054,4
os{123},32547611121113,11,1548,9274,4
os{123},32547611131112,11,2354,14092,5
os{123},32547611213111,11,2281,13667,6
os{123},32547611312111,11,1701,10184,5
os{123},32547612111311,11,1864,11164,6
os{123},32547613111211,11,1963,11758,6
os{123},32561471113133,11,1976,11826,4
os{123},32561471121311,11,2037,12202,5
os{123},32561471122211,11,2584,15483,6
os{123},32561471131211,11,1848,11070,5
os{123},32561471211131,11,3367,20180,5
os{123},32561471311121,11,1721,10295,5
os{123},32561472133313,11,3004,18004,6
os{123},32561472213122,11,2257,13515,5
os{123},32561473222223,11,1121,6705,4
os{123},32561473323212,11,2104,12605,6
os{123},32567412122222,11,2234,13377,6
os{123},32567412131312,11,2612,15653,5
os{123},32567412222212,11,4740,28413,6
os{123},32567413131212,11,2702,16195,6
os{123},32567413133333,11,1872,11213,5
os{123},32576142313223,11,1820,10906,5
os{123},32615473332122,11,1641,9828,4
os{123},32647152133121,11,2173,13016,4
os{123},32647153132121,11,1321,7907,4
os{123},32647512333233,11,2278,13644,4
os{123},32657143121213,11,3603,21606,8
os{123},32657412111212,11,1665,9960,5
os{123},32671453123313,11,3563,21373,7
os{123},32674152113333,11,1998,11972,4
os{123},32714652332132,11,1307,7814,4
os{123},32716452123212,11,3112,18663,6
os{123},32741651121311,11,2790,16717,5
os{123},32741651131211,11,1935,11587,5
os{123},32741651211131,11,2869,17195,5
os{123},32741651311121,11,1751,10490,5
os{123},32741652111113,11,2054,12303,5
os{123},32741653111112,11,2447,14667,5
os{123},32745611223332,11,2272,13617,6
os{123},32745612313322,11,5547,33276,7
os{123},32745612322331,11,1652,9893,5
os{123},32751643321232,11,1438,8609,4
os{123},32754163211123,11,2062,12352,6
os{123},32756141233121,11,1782,10675,5
os{123},32761452121313,11,1591,9526,4
os{123},32761452122222,11,1884,11284,6
os{123},32761452222212,11,1448,8675,5
os{123},32761453121312,11,3178,19050,5
os{123},32761453133333,11,1850,11079,6
os{123},32765411112221,11,1775,10629,5
os{123},32765411121113,11,1469,8788,4
os{123},32765411131112,11,2301,13792,5
os{123},32765411133113,11,1559,9319,4
os{123},32765411331113,11,1474,8815,4
os{123},32765412221312,11,1380,8261,4
os{123},32765412323222,11,2937,17610,5
os{123},32765413122212,11,2659,15938,6
os{123},32765413223312,11,988,5905,4
os{123},32765413231223,11,1439,8611,4
os{123},32765413322312,11,1372,8200,4
os{123},34125672131213,11,4568,27395,7
os{123},34125672131312,11,2920,17509,6
os{123},34125672221222,11,2179,13060,5
os{123},34125673133333,11,1737,10402,4
os{123},34127651121113,11,1655,9910,5
os{123},34127651131112,11,2172,13006,6
os{123},34127651213111,11,2378,14248,5
os{123},34127651312111,11,1481,8863,4
os{123},34127652111311,11,2502,14999,6
os{123},34127653111211,11,1415,8465,5
os{123},34162752132212,11,4811,28852,7
os{123},34165271112212,11,1919,11493,4
os{123},34165271121311,11,1924,11534,5
os{123},34165271131211,11,2837,17003,5
os{123},34165271211131,11,2516,15082,5
os{123},34165271311121,11,2034,12181,5
os{123},34165271311133,11,2328,13948,6
os{123},34165272323333,11,3620,21700,6
os{123},34165273133312,11,3025,18134,6
os{123},34165273222322,11,1540,9217,5
os{123},34165273311131,11,1097,6556,4
os{123},34167252213323,11,2815,16869,7
os{123},34172562132332,11,2213,13259,4
os{123},34172562313331,11,2101,12581,5
os{123},34175263321232,11,1370,8195,4
os{123},34216572213122,11,3857,23132,6
os{123},34261572132131,11,1637,9798,5
os{123},34261572133121,11,1345,8052,5
os{123},34261573123121,11,1480,8855,4
os{123},34265712212132,11,2899,17371,6
os{123},34275161312213,11,4240,25419,7
os{123},34275162112322,11,2693,16138,6
os{123},34275162213221,11,2769,16595,6
os{123},34516271111111,11,3074,18434,6
os{123},34516272312332,11,1933,11573,5
os{123},34516722313223,11,3167,18984,5
os{123},34517622231323,11,2011,12044,4
os{123},34521672223232,11,2149,12873,5
os{123},34526713232312,11,2604,15598,6
os{123},34527612211322,11,3821,22901,5
os{123},34527612231122,11,3493,20939,5
os{123},34527612231332,11,2376,14242,4
os{123},34527612331322,11,1926,11531,4
os{123},34527613312133,11,1587,9507,5
os{123},34561272122123,11,1645,9849,4
os{123},34561272122321,11,3099,18571,5
os{123},34561272212213,11,3267,19589,5
os{123},34561272213122,11,2580,15462,6
os{123},34561272232211,11,3157,18926,5
os{123},34561273221233,11,1616,9675,5
os{123},34561273233131,11,1746,10451,4
os{123},34561273311233,11,2228,13351,5
os{123},34561273313321,11,2141,12828,5
os{123},34561273321133,11,2771,16600,6
os{123},34561273321223,11,1622,9705,4
os{123},34561721111111,11,3197,19169,6
os{123},34562171321111,11,1689,10107,4
os{123},34562171321231,11,2196,13152,6
os{123},34562172232313,11,1817,10880,4
os{123},34567212223232,11,3569,21397,5
os{123},34617252111212,11,2007,12014,5
os{123},34617252123212,11,3968,23790,7
os{123},34617252132212,11,2853,17103,7
os{123},34617522221333,11,2054,12298,5
os{123},34621572132131,11,1500,8978,4
os{123},34625172111212,11,2179,13050,5
os{123},34627512232313,11,2346,14051,5
os{123},34651271123111,11,1730,10356,4
os{123},34651272332132,11,1080,6459,4
os{123},34675212222122,11,5093,30550,7
os{123},34715262221123,11,2345,14049,5
os{123},34716522223211,11,3951,23697,7
os{123},34721652121313,11,4676,28045,6
os{123},34721652131213,11,1990,11924,6
os{123},34721652221222,11,2969,17797,5
os{123},34721652222212,11,2004,12002,4
os{123},34721653333313,11,1631,9762,5
os{123},34725611212211,11,1936,11599,5
os{123},34725612111113,11,1467,8785,5
os{123},34725612121322,11,5583,33486,6
os{123},34725612231212,11,5263,31562,6
os{123},34725612231332,11,1683,10086,4
os{123},34725612322232,11,2294,13739,6
os{123},34725612331322,11,1763,10558,4
os{123},34725613111112,11,1691,10131,5
os{123},34725613111133,11,1942,11635,5
os{123},34725613132223,11,2076,12433,6
os{123},34725613311113,11,1893,11339,5
os{123},34761252323222,11,1575,9422,5
os{123},35126741232212,11,1487,8903,4
os{123},35126742231233,11,4177,25055,7
os{123},35127462331331,11,1651,9886,4
os{123},35162472122231,11,1951,11688,5
os{123},35162472123233,11,2809,16839,6
os{123},35162473122221,11,1527,9147,5
os{123},35162473323131,11,1635,9791,6
os{123},35162473332122,11,3020,18097,6
os{123},35162473332131,11,2229,13356,6
os{123},35162742213323,11,2984,17886,7
os{123},35167242132212,11,4106,24621,7
os{123},35172461232323,11,2273,13624,5
os{123},35174262213131,11,2587,15504,5
os{123},35174262231113,11,2500,14977,5
os{123},35246171111111,11,5339,32009,6
os{123},35246171113322,11,1790,10719,5
os{123},35246172213311,11,1977,11848,5
os{123},35267141223233,11,1623,9719,5
os{123},35267141321132,11,3379,20255,5
os{123},35271461322233,11,1874,11228,5
os{123},35416721113112,11,1273,7617,4
os{123},35416723232213,11,2208,13238,5
os{123},35417622223133,11,3114,18659,6
os{123},35426712131132,11,2160,12938,5
os{123},35426712311312,11,1920,11493,5
os{123},35426713111313,11,2142,12828,6
os{123},35426713131113,11,2027,12140,6
os{123},35426713312211,11,1917,11477,4
os{123},35461271111231,11,2151,12888,5
os{123},35461271321231,11,2408,14430,6
os{123},35461272222323,11,2602,15584,5
os{123},35462171131313,11,2135,12799,6
os{123},35462171212121,11,2232,13371,6
os{123},35462171221223,11,1886,11298,5
os{123},35462171332331,11,2086,12491,5
os{123},35462172213311,11,3158,18929,6
os{123},35462172223331,11,2543,15239,6
os{123},35462172312131,11,2415,14469,6
os{123},35462173123211,11,1335,7983,4
os{123},35462173131311,11,1527,9135,4
os{123},35462173221221,11,1415,8467,4
os{123},35462712322322,11,1738,10404,5
os{123},35472163222313,11,1295,7744,4
os{123},35472163231322,11,1356,8112,4
os{123},35476122221111,11,2817,16877,5
os{123},35614722321233,11,2142,12829,4
os{123},35617423131332,11,2300,13793,7
os{123},35624712121232,11,3796,22754,5
os{123},35624712321212,11,4445,26658,5
os{123},35624712321332,11,1976,11826,5
os{123},35624712331232,11,1926,11536,5
os{123},35714623111322,11,2074,12428,5
os{123},35721642221213,11,5396,32361,7
os{123},35762142222113,11,2479,14864,5
os{123},36125471111333,11,1681,10072,5
os{123},36125471212112,11,2216,13265,4
os{123},36125471213111,11,2420,14496,5
os{123},36125471222111,11,2042,12227,4
os{123},36125471312111,11,1459,8739,4
os{123},36125472111311,11,2512,15051,6
os{123},36125472121223,11,2875,17231,6
os{123},36125473111211,11,1500,8988,5
os{123},36125473232222,11,4129,24754,6
os{123},36125473323233,11,1923,11520,6
os{123},36125743222331,11,2586,15501,4
os{123},36127451333222,11,2247,13465,6
os{123},36145272122222,11,1676,10031,5
os{123},36145272131213,11,2730,16353,5
os{123},36145272131312,11,4331,25971,7
os{123},36145273333313,11,2213,13264,6
os{123},36147251121311,11,1905,11416,5
os{123},36147251131211,11,3028,18143,5
os{123},36147251211131,11,2363,14163,5
os{123},36147251311121,11,2064,12367,5
os{123},36147252111113,11,1994,11941,5
os{123},36147253111112,11,1846,11050,5
os{123},36152741231312,11,2035,12202,5
os{123},36152742131321,11,2652,15894,6
os{123},36172452133133,11,2269,13588,4
os{123},36217452131333,11,2716,16279,7
os{123},36217541223311,11,1798,10764,6
os{123},36217543213112,11,1591,9521,5
os{123},36241573212332,11,2033,12180,5
os{123},36241753212311,11,1579,9448,5
os{123},36415272123212,11,3921,23505,7
os{123},36417522123311,11,3168,18990,6
os{123},36514272212111,11,3397,20363,5
os{123},36521472113321,11,2952,17700,7
os{123},36521472331121,11,1108,6623,4
os{123},36527411131133,11,1776,10644,5
os{123},36527412111113,11,1473,8823,5
os{123},36527412131222,11,2229,13358,5
os{123},36527412211322,11,3588,21512,5
os{123},36527412221312,11,2249,13478,5
os{123},36527412231122,11,2882,17274,5
os{123},36527412322232,11,2254,13510,6
os{123},36527413111112,11,1631,9762,5
os{123},36527413311311,11,1731,10355,5
os{123},36541272323222,11,1577,9436,5
os{123},36542712121322,11,3622,21717,7
os{123},36547212121313,11,3301,19795,6
os{123},36547212122222,11,5093,30537,7
os{123},36547212131312,11,2522,15111,6
os{123},36547212221222,11,2161,12939,5
os{123},36547213331333,11,1526,9136,5
os{123},36712542121112,11,3138,18811,6
os{123},36712542121121,11,2254,13504,5
os{123},36712542121211,11,3123,18711,5
os{123},36712542122111,11,1987,11899,5
os{123},36714252232223,11,2031,12161,5
os{123},36714521232113,11,2554,15316,5
os{123},36714522121322,11,3637,21813,7
os{123},36714522122213,11,4714,28272,7
os{123},36714523132223,11,1924,11519,5
os{123},36714523132322,11,1223,7306,4
os{123},36721451131331,11,1495,8956,5
os{123},36721452121322,11,3424,20529,6
os{123},36721452122123,11,1411,8439,4
os{123},36721452122213,11,3061,18344,6
os{123},36721452122321,11,1757,10525,5
os{123},36721452131111,11,3776,22637,6
os{123},36721452223232,11,2003,11995,5
os{123},36721453113113,11,1824,10923,5
os{123},36721453121111,11,2119,12698,4
os{123},36725411121212,11,1670,9998,4
os{123},36725411131313,11,1193,7133,3
os{123},36725411212121,11,1173,7010,3
os{123},36725411313131,11,1641,9822,4
os{123},36725412111212,11,6267,37577,7
os{123},36725412121112,11,5756,34514,7
os{123},36725412121211,11,1782,10664,4
os{123},36725412121232,11,4016,24065,5
os{123},36725412123212,11,1823,10907,4
os{123},36725412321212,11,4139,24812,5
os{123},36725413111313,11,2829,16956,6
os{123},36725413131113,11,2552,15296,6
os{123},36725413131311,11,1417,8487,3
os{123},36741252122123,11,1857,11113,4
os{123},36741252122321,11,3073,18410,5
os{123},36741252122333,11,2458,14726,5
os{123},36741252123323,11,3506,21011,5
os{123},36741253233131,11,1807,10817,4
os{123},36745211211221,11,1382,8266,5
os{123},36745212121223,11,1665,9968,5
os{123},36745212122312,11,2383,14291,6
os{123},36745212122333,11,2343,14041,5
os{123},36745212123323,11,1291,7724,4
os{123},36745212131111,11,2420,14500,6
os{123},36745212223232,11,2860,17139,5
os{123},36745213121111,11,2101,12583,5
os{123},36745213131131,11,1130,6751,4
os{123},36745213133111,11,1893,11329,5
os{123},36745213232213,11,1581,9463,5
os{123},36751243222322,11,1355,8116,4
os{123},36752142122132,11,2662,15953,6
os{123},36752142123221,11,1291,7725,4
os{123},36752143132232,11,1831,10965,5
os{123},36752143133222,11,1447,8662,4
os{123},36752143211132,11,2607,15625,6
os{123},36754123232222,11,2639,15816,5
os{123},37246511112233,11,2220,13310,5
os{123},37256142321233,11,1582,9470,5
os{123},37415622333221,11,2596,15558,5
os{123},37426513132313,11,1402,8388,4
os{123},37452162323312,11,1379,8249,4
os{123},37516422333311,11,1880,11261,5
os{123},37561241311112,11,1748,10464,4
os{123},37612453122233,11,1620,9701,5
os{123},37612542221111,11,2629,15751,5
os{123},37614252221123,11,2049,12265,5
os{123},37614521111111,11,2565,15371,5
os{123},37614521323232,11,1780,10660,5
os{123},37614522111221,11,1407,8424,5
os{123},37614522113321,11,4569,27401,5
os{123},37614522313322,11,2602,15590,5
os{123},37614522323312,11,1385,8286,5
os{123},37614523232213,11,1863,11160,5
os{123},37615421113322,11,3276,19639,6
os{123},37615422211133,11,3582,21475,6
os{123},37615422223133,11,2837,17008,6
os{123},37615422313121,11,2829,16954,6
os{123},37615422313331,11,2250,13483,5
os{123},37615423121132,11,1792,10732,4
os{123},37624152311213,11,3833,22983,7
os{123},37624511232233,11,2113,12660,5
os{123},37624512121322,11,6102,36600,7
os{123},37624512231212,11,4726,28344,7
os{123},37624513131323,11,1903,11400,5
os{123},37624513231313,11,1821,10910,5
os{123},37641252222323,11,3000,17978,5
os{123},37642152213311,11,3755,22506,6
os{123},37642513122221,11,1439,8615,4
os{123},37645122312221,11,1526,9128,5
os{123},37651242211133,11,2469,14792,6
os{123},37651422312311,11,2391,14328,5
os{123},37652141113232,11,2222,13314,6
os{123},37652143231322,11,1332,7966,4
os{123},37654212311222,11,2524,15123,5
os{123},41236753232321,11,2296,13758,5
os{123},41237561313131,11,4319,25902,7
os{123},41263751312222,11,3632,21782,6
os{123},41325671212211,11,2667,15983,5
os{123},41325762313223,11,1382,8271,5
os{123},41325763131233,11,2076,12438,7
os{123},41352671212112,11,2289,13713,5
os{123},41352671212121,11,3145,18855,6
os{123},41352671222111,11,2043,12243,5
os{123},41357622313112,11,1608,9624,4
os{123},41367253111133,11,2397,14357,5
os{123},41532672313211,11,3534,21192,5
os{123},41532761233133,11,1622,9712,4
os{123},41563273113311,11,1910,11436,5
os{123},41576322212222,11,2564,15373,7
os{123},41625372313211,11,4520,27108,5
os{123},41625373121213,11,5284,31691,7
os{123},41625731222231,11,1697,10170,5
os{123},41635721212121,11,3063,18363,5
os{123},41657321222312,11,1796,10756,5
os{123},41673252212222,11,1660,9935,4
os{123},41673521111111,11,2952,17700,6
os{123},41723562313211,11,6755,40520,7
os{123},41725361232113,11,2122,12708,5
os{123},41725361321213,11,2414,14462,5
os{123},41725362221213,11,3195,19162,6
os{123},41725362313211,11,2261,13541,5
os{123},41725362313223,11,3913,23459,6
os{123},41725363121222,11,2832,16975,6
os{123},41725363121231,11,1693,10136,5
os{123},41725631111111,11,3189,19124,6
os{123},41725631211122,11,1915,11473,5
os{123},41725632322331,11,1484,8888,6
os{123},41725633111133,11,2302,13795,6
os{123},41725633121123,11,2112,12647,5
os{123},41725633211111,11,2126,12742,5
os{123},41726352313322,11,2603,15599,6
os{123},41726532312233,11,3228,19353,7
os{123},41735261323313,11,1268,7589,4
os{123},41735262312233,11,3001,17996,6
os{123},41735263123223,11,1604,9611,5
os{123},41735621233232,11,1296,7746,4
os{123},41735622313322,11,4424,26533,8
os{123},41736521233232,11,1405,8415,4
os{123},41736522332231,11,1796,10758,5
os{123},41752631222123,11,2312,13848,6
os{123},41752632311123,11,2674,16026,6
os{123},41752632312323,11,2667,15989,6
os{123},41752632313211,11,7780,46661,6
os{123},41756231321213,11,2640,15825,5
os{123},41756233121231,11,1801,10785,5
os{123},41762532221333,11,2464,14769,5
os{123},41762533123331,11,2254,13501,5
os{123},41765231233232,11,1149,6875,4
os{123},41765322221312,11,2567,15392,7
os{123},41765322313211,11,7048,42274,7
os{123},41765323122212,11,2339,14027,7
os{123},42136752131312,11,3660,21948,8
os{123},42137561123333,11,1611,9641,4
os{123},42137653122131,11,1887,11300,4
os{123},42137653132121,11,1285,7681,4
os{123},42157633231322,11,2380,14266,5
os{123},42163751121212,11,1943,11637,5
os{123},42165373223123,11,1105,6606,4
os{123},42167532131333,11,3970,23808,7
os{123},42315673112111,11,1676,10038,5
os{123},42351671212211,11,1442,8630,4
os{123},42351763231133,11,3531,21165,5
os{123},42367153111121,11,2121,12703,6
os{123},42367153211123,11,2642,15834,6
os{123},42516372233111,11,2777,16652,6
os{123},42561733323122,11,1524,9118,4
os{123},42573612323231,11,2123,12710,4
os{123},42573613322231,11,1696,10157,5
os{123},42613572313211,11,3613,21665,7
os{123},42615371313332,11,2507,15025,5
os{123},42615372213311,11,3299,19778,6
os{123},42615372221213,11,3470,20803,7
os{123},42615372313211,11,2360,14147,5
os{123},42651372213311,11,1791,10728,5
os{123},42651733311122,11,2778,16649,5
os{123},42673512232133,11,2098,12561,4
os{123},42751632321233,11,2953,17703,5
os{123},42751632323231,11,2288,13707,6
os{123},43126572133313,11,1595,9542,4
os{123},43167251232212,11,2429,14552,6
os{123},43176252123131,11,2490,14916,6
os{123},43176252311132,11,1790,10716,5
os{123},43216573132121,11,1494,8945,5
os{123},43216573132223,11,2652,15893,5
os{123},43216573212311,11,1478,8850,5
os{123},43216573212332,11,2770,16603,5
os{123},43512671313332,11,1569,9391,5
os{123},43527612312323,11,1636,9790,5
os{123},43561271111111,11,2966,17780,6
os{123},43571262122222,11,2830,16968,8
os{123},43572161111111,11,2857,17126,6
os{123},43572612312323,11,3428,20555,6
os{123},43576211123222,11,2479,14862,6
os{123},43576212112232,11,2248,13479,5
os{123},43615271333312,11,877,5238,4
os{123},43615272113321,11,2485,14884,6
os{123},43617521223221,11,1950,11682,4
os{123},43621752213323,11,2005,12003,5
os{123},43651722323132,11,1932,11563,5
os{123},43675122222122,11,3085,18496,7
os{123},43675211221331,11,1168,6976,4
os{123},43721653231313,11,2208,13223,5
os{123},43751623123313,11,4601,27599,8
os{123},43765212222122,11,3718,22303,7
os{123},45167323322231,11,1702,10187,5
os{123},45176231131313,11,5231,31357,5
os{123},45176231133113,11,3111,18637,5
os{123},45176231331113,11,2975,17824,5
os{123},45176233131113,11,5460,32734,5
os{123},45176321131133,11,2933,17580,4
os{123},45213672221123,11,2390,14316,6
os{123},45273162222122,11,2596,15558,7
os{123},45276131131133,11,2688,16116,4
os{123},45312671222312,11,1910,11433,5
os{123},45312672223331,11,2839,17016,6
os{123},45312672233321,11,2746,16457,6
os{123},45312672313211,11,6653,39906,6
os{123},45312673132313,11,3469,20797,6
os{123},45312673222112,11,1232,7369,4
os{123},45312673231313,11,1950,11674,4
os{123},45312761113211,11,3026,18143,6
os{123},45312761133311,11,1544,9239,4
os{123},45312762221111,11,1566,9372,4
os{123},45312762311111,11,2237,13404,6
os{123},45321671212211,11,2824,16934,5
os{123},45321671221121,11,1479,8845,4
os{123},45321673113311,11,4079,24453,5
os{123},45327612222323,11,1322,7904,4
os{123},45362712122222,11,3784,22688,7
os{123},45367122223133,11,2953,17701,6
os{123},45367211111132,11,3377,20252,6
os{123},45367211211122,11,3189,19122,6
os{123},45367213111133,11,3472,20815,6
os{123},45376121131133,11,2834,16983,4
os{123},45376121331311,11,1629,9757,4
os{123},45376211333123,11,1310,7842,4
os{123},45376213131323,11,2451,14689,4
os{123},45376213333322,11,2364,14163,5
os{123},45612371133221,11,1852,11092,6
os{123},45612372331121,11,1375,8219,4
os{123},45612373112231,11,2172,13011,5
os{123},45612373132121,11,1288,7709,4
os{123},45612373132223,11,2405,14412,6
os{123},45612373322111,11,1307,7812,4
os{123},45612373332122,11,1462,8754,5
os{123},45612373332221,11,1738,10407,4
os{123},45613271331221,11,913,5446,3
os{123},45613272233111,11,4419,26502,7
os{123},45621373123331,11,1933,11583,5
os{123},45621373211111,11,2148,12865,4
os{123},45621732212123,11,2227,13347,5
os{123},45621732233333,11,2423,14526,5
os{123},45623712332123,11,1443,8644,5
os{123},45623713322321,11,1122,6706,5
os{123},45637123132121,11,1626,9736,4
os{123},45637123332122,11,1411,8441,4
os{123},45671231132231,11,991,5933,5
os{123},45671233112132,11,2111,12638,6
os{123},45673212212132,11,1264,7565,4
os{123},45673213211222,11,3765,22581,7
os{123},45713623223132,11,1921,11513,6
os{123},45721363321313,11,2238,13402,7
os{123},45721363322231,11,1777,10644,5
os{123},45732612233321,11,1437,8605,5
os{123},45736121122211,11,3109,18641,5
os{123},46123571111111,11,7605,45609,6
os{123},46123573232123,11,4898,29378,6
os{123},46125731333123,11,1401,8381,4
os{123},46127351131313,11,2719,16289,6
os{123},46127352131333,11,3611,21652,7
os{123},46127353131323,11,3096,18553,5
os{123},46135272133313,11,3536,21196,7
os{123},46153273131131,11,1927,11548,4
os{123},46157233333232,11,2568,15396,6
os{123},46157321331233,11,1514,9066,5
os{123},46215372121223,11,1962,11753,5
os{123},46215372313211,11,9369,56197,7
os{123},46257132211133,11,2880,17266,6
os{123},46257313312211,11,4733,28379,5
os{123},46273512122312,11,2684,16094,7
os{123},46273513221212,11,2285,13694,7
os{123},46275311123222,11,2081,12464,4
os{123},46275312112232,11,2279,13658,5
os{123},46275312132212,11,1889,11314,5
os{123},46275312232133,11,3544,21243,6
os{123},46275312313211,11,2815,16874,6
os{123},46275313121222,11,5306,31831,8
os{123},46275313312211,11,3167,18977,5
os{123},46321752111131,11,1270,7597,4
os{123},46352171211233,11,1569,9393,5
os{123},46352172113231,11,1726,10335,5
os{123},46372511221331,11,1283,7672,4
os{123},46375211211332,11,1422,8506,4
os{123},46375212113111,11,1591,9531,4
os{123},46375212132131,11,1355,8107,4
os{123},46375212132221,11,1575,9431,4
os{123},46375212332222,11,2794,16746,6
os{123},46375213112111,11,2006,12015,5
os{123},46375213123121,11,1632,9771,4
os{123},46375213333121,11,1453,8694,4
os{123},46512371331221,11,1701,10192,5
os{123},46512372113321,11,3007,18018,7
os{123},46513272332111,11,1118,6681,4
os{123},46513273113221,11,1660,9940,5
os{123},46523711331332,11,1358,8125,4
os{123},46527133111121,11,1757,10518,5
os{123},46572311223122,11,1779,10649,4
os{123},46572312132122,11,1352,8086,4
os{123},46721533123313,11,4094,24544,7
os{123},47123562232133,11,4497,26961,6
os{123},47123651233232,11,1364,8155,4
os{123},47126351233232,11,1126,6734,3
os{123},47126532133133,11,3834,22994,7
os{123},47132562311111,11,2257,13518,6
os{123},47132563222331,11,2389,14316,5
os{123},47132652233321,11,3553,21302,6
os{123},47135622132332,11,1961,11752,5
os{123},47136252133112,11,2625,15729,5
os{123},47152361233232,11,1364,8168,4
os{123},47152631322131,11,1875,11221,5
os{123},47156231332313,11,2368,14197,5
os{123},47156233211132,11,2811,16846,5
os{123},47156233223312,11,1375,8232,4
os{123},47156233233113,11,2292,13735,5
os{123},47156233322312,11,1312,7854,4
os{123},47156321111111,11,2257,13525,5
os{123},47156321133311,11,2847,17059,5
os{123},47156322132311,11,1782,10677,5
os{123},47156322313232,11,1027,6132,4
os{123},47156322332132,11,2165,12963,5
os{123},47156322332312,11,1564,9365,4
os{123},47156323223123,11,1456,8703,4
os{123},47162351322122,11,1852,11093,5
os{123},47163522131222,11,1885,11288,5
os{123},47165321232113,11,4068,24390,8
os{123},47165321322131,11,2895,17349,5
os{123},47165322132212,11,5049,30283,8
os{123},47165322133112,11,3025,18125,4
os{123},47165322232133,11,3442,20628,6
os{123},47165322313211,11,2520,15104,6
os{123},47216352131333,11,2938,17620,7
os{123},47251363131113,11,2173,13013,5
os{123},47251632131312,11,2967,17786,8
os{123},47256133212311,11,1905,11405,4
os{123},47256133321232,11,1967,11775,5
os{123},47265312122222,11,5419,32501,7
os{123},47265312131312,11,2095,12560,5
os{123},47265312313211,11,6108,36633,6
os{123},47321651311133,11,1910,11438,5
os{123},47352612123131,11,2029,12155,6
os{123},47352612311132,11,1888,11312,5
os{123},47352612313211,11,3462,20757,5
os{123},47512632312323,11,1833,10981,5
os{123},47621532232331,11,970,5797,5
os{123},47621533231121,11,1730,10350,5
os{123},47632152233321,11,1611,9646,5
os{123},47632153212311,11,2124,12724,6
os{123},47632153232321,11,2220,13297,5
os{123},47632513212332,11,1788,10707,4
os{123},47652132231323,11,2768,16592,5
os{123},47653213211231,11,2025,12131,5
os{123},47653213232111,11,1998,11966,6
os{123},51264731113322,11,1589,9509,4
os{123},51264732213311,11,1497,8957,4
os{123},51267342312233,11,3049,18283,6
os{123},51324671211122,11,2455,14714,6
os{123},51324672212111,11,3290,19724,5
os{123},51324673113311,11,3064,18363,5
os{123},51324761111123,11,1694,10137,4
os{123},51324763113332,11,1959,11735,6
os{123},51342672212111,11,2666,15974,5
os{123},51342763312223,11,16200,97185,7
os{123},51367241211113,11,1340,8020,4
os{123},51423671221331,11,1444,8643,5
os{123},51426731111111,11,2967,17780,6
os{123},51426733312211,11,1724,10321,4
os{123},51472361131313,11,1886,11295,5
os{123},51472633331312,11,5155,30918,8
os{123},51623471321111,11,1404,8394,4
os{123},51623743313321,11,1873,11216,5
os{123},51624731312123,11,2161,12939,5
os{123},51624733323113,11,2324,13933,4
os{123},51632741323232,11,1624,9724,6
os{123},51642371122313,11,3823,22923,7
os{123},51642731113322,11,3785,22699,6
os{123},51647231113232,11,1807,10831,6
os{123},51723643131311,11,2638,15805,6
os{123},51724362122222,11,1899,11371,4
os{123},51724363121213,11,5367,32191,7
os{123},51726433123313,11,2941,17635,7
os{123},51732643121213,11,3725,22337,8
os{123},51742632323231,11,2901,17392,6
os{123},51742632323333,11,1865,11169,4
os{123},52134761232113,11,1932,11576,5
os{123},52147631121311,11,2021,12114,5
os{123},52147631131211,11,2651,15891,5
os{123},52147631211131,11,1751,10480,5
os{123},52147631311121,11,1721,10311,5
os{123},52147632111113,11,2198,13159,5
os{123},52147633111112,11,2464,14773,5
os{123},52163471112122,11,1810,10833,5
os{123},52163471213111,11,1379,8256,5
os{123},52163471312111,11,2462,14758,6
os{123},52163471333123,11,1000,5977,4
os{123},52163472111311,11,1421,8503,4
os{123},52163472131222,11,2666,15968,6
os{123},52163473111211,11,2523,15118,5
os{123},52163473111331,11,1598,9564,4
os{123},52163473221323,11,1471,8797,4
os{123},52163473323332,11,2203,13190,4
os{123},52167342121232,11,2854,17109,6
os{123},52167432121313,11,1581,9460,4
os{123},52167432122222,11,2316,13885,6
os{123},52167432131213,11,2597,15558,5
os{123},52167433133333,11,2311,13851,6
os{123},52167433331333,11,4313,25864,6
os{123},52174633223123,11,1602,9590,4
os{123},52314673311311,11,3788,22722,6
os{123},52314761322122,11,1286,7695,4
os{123},52341671111111,11,6627,39752,6
os{123},52341671122211,11,1780,10661,5
os{123},52341671311313,11,2092,12526,6
os{123},52341672211112,11,4280,25673,6
os{123},52341672232313,11,2423,14520,6
os{123},52341672323222,11,2011,12039,5
os{123},52341672323312,11,1831,10964,4
os{123},52341673133111,11,1750,10474,5
os{123},52341673232213,11,1164,6957,4
os{123},52341673232333,11,1731,10366,5
os{123},52341673323212,11,2780,16652,5
os{123},52361472121313,11,1892,11341,5
os{123},52361472131312,11,1863,11169,6
os{123},52367142211121,11,2582,15471,6
os{123},52367412322232,11,2044,12241,6
os{123},52374161112323,11,2194,13148,6
os{123},52376413222223,11,1347,8051,4
os{123},52463173212332,11,2159,12939,5
os{123},52463713212332,11,2008,12018,4
os{123},52471631223113,11,1208,7223,4
os{123},52471631323112,11,2264,13562,5
os{123},52614372313211,11,2412,14458,5
os{123},52641733212311,11,2368,14195,6
os{123},52641733232321,11,2140,12814,5
os{123},52673413232123,11,1378,8250,5
os{123},52713461232323,11,1629,9747,6
os{123},52714361232113,11,2405,14413,5
os{123},52714633213223,11,1470,8798,5
os{123},52714633223123,11,2058,12325,5
os{123},52731641233112,11,1345,8055,5
os{123},52731641323112,11,1283,7674,4
os{123},52736141322233,11,2882,17275,6
os{123},52741362313211,11,2932,17581,7
os{123},52741362313223,11,1467,8792,5
os{123},52741632122333,11,2745,16449,5
os{123},52741632123323,11,3506,21018,5
os{123},52741632212213,11,2610,15649,6
os{123},52741632212231,11,1728,10345,5
os{123},52741632232211,11,2148,12865,5
os{123},52741633221233,11,1584,9478,4
os{123},52741633313312,11,1585,9486,4
os{123},52741633313321,11,2258,13520,5
os{123},52741633321223,11,3072,18415,5
os{123},52741633323311,11,1674,10026,5
os{123},52743611111213,11,1588,9511,5
os{123},52743611111312,11,2099,12580,5
os{123},52743611112131,11,1621,9709,4
os{123},52743611113121,11,2080,12457,4
os{123},52743612131111,11,1433,8569,4
os{123},52743613121111,11,1731,10362,4
os{123},52761431111213,11,1633,9786,5
os{123},52761431111312,11,1695,10159,5
os{123},52761431112131,11,1883,11274,5
os{123},52761431113121,11,1718,10284,5
os{123},52761432131111,11,1682,10076,5
os{123},52761433121111,11,1557,9323,5
os{123},52763143222331,11,2316,13887,5
os{123},52763411222312,11,3194,19141,5
os{123},52763411333123,11,1354,8100,4
os{123},52763413222112,11,2017,12082,4
os{123},52763413223312,11,2616,15673,4
os{123},52763413322312,11,3036,18190,5
os{123},53126471231231,11,2264,13562,5
os{123},53126471231321,11,1553,9297,5
os{123},53126471321321,11,2426,14529,5
os{123},53146272123233,11,2966,17771,6
os{123},53147262123131,11,2633,15783,6
os{123},53162743312223,11,9431,56565,7
os{123},53274163211222,11,2473,14815,6
os{123},53421671321111,11,2657,15925,5
os{123},53421671321231,11,1352,8089,5
os{123},53426171112233,11,2864,17167,6
os{123},53462711113322,11,3823,22924,6
os{123},53467211321111,11,1565,9369,6
os{123},53476121323112,11,1843,11043,4
os{123},53476121323322,11,1675,10035,5
os{123},53614721212121,11,2339,14010,5
os{123},53621471331221,11,2107,12623,5
os{123},53642171111111,11,2940,17618,6
os{123},53672142221213,11,4764,28570,7
os{123},53714622233111,11,2166,12979,5
os{123},53721463223312,11,1517,9071,4
os{123},53724612121112,11,1907,11421,5
os{123},53726143333121,11,1552,9283,5
os{123},53741621323112,11,3192,19133,6
os{123},53741621332112,11,1950,11690,5
os{123},53742612323333,11,1748,10470,5
os{123},53761242121211,11,2032,12164,5
os{123},53761242221213,11,2867,17184,7
os{123},53761242321212,11,4042,24224,7
os{123},53762143222331,11,1173,7022,4
os{123},53762413322123,11,1528,9157,5
os{123},54123673233323,11,1849,11067,5
os{123},54126371331221,11,1474,8822,5
os{123},54127632131213,11,2839,17012,5
os{123},54127632222212,11,1904,11408,5
os{123},54127633131212,11,3809,22837,6
os{123},54127633133333,11,5856,35127,7
os{123},54127633333313,11,2956,17724,6
os{123},54163271133221,11,2494,14946,6
os{123},54163272233111,11,6165,36970,7
os{123},54167231121113,11,2047,12267,6
os{123},54167231131112,11,2016,12082,6
os{123},54167231221211,11,1687,10107,5
os{123},54167231333213,11,1566,9367,4
os{123},54167232112112,11,1685,10086,5
os{123},54167232133313,11,5607,33627,6
os{123},54167232333113,11,1532,9163,4
os{123},54167233232333,11,1937,11601,5
os{123},54167233331213,11,5485,32889,6
os{123},54172633132313,11,1873,11210,5
os{123},54217362233213,11,3183,19074,5
os{123},54217632132212,11,3867,23184,7
os{123},54231671123111,11,1817,10879,5
os{123},54231673123121,11,1172,7004,4
os{123},54261373123121,11,1135,6785,5
os{123},54261732231233,11,1888,11315,5
os{123},54276132233312,11,2138,12806,5
os{123},54312671131331,11,1350,8071,4
os{123},54312672212111,11,1327,7943,4
os{123},54312673311311,11,2203,13197,4
os{123},54317261113112,11,1622,9717,6
os{123},54317621111222,11,1570,9401,5
os{123},54321672212213,11,3499,20967,5
os{123},54321672212231,11,2595,15549,5
os{123},54321672232211,11,2547,15264,5
os{123},54321673313312,11,3731,22366,5
os{123},54321673313321,11,4715,28273,5
os{123},54321673323311,11,2914,17467,4
os{123},54321761211221,11,1287,7698,4
os{123},54321763113113,11,2059,12331,4
os{123},54326171111231,11,2632,15772,5
os{123},54326171112233,11,1063,6362,5
os{123},54326171321231,11,1396,8357,5
os{123},54326711112212,11,2123,12716,5
os{123},54327612223232,11,2406,14407,5
os{123},54361272223232,11,1954,11702,5
os{123},54362171113133,11,1500,8978,5
os{123},54362711111231,11,1610,9643,6
os{123},54362711323112,11,1734,10386,4
os{123},54367121112212,11,2642,15837,5
os{123},54367121113211,11,1452,8688,5
os{123},54367121113331,11,2958,17735,5
os{123},54367122211121,11,1894,11343,5
os{123},54367122311111,11,1992,11935,5
os{123},54367123311113,11,1797,10754,5
os{123},54367211132222,11,3132,18772,5
os{123},54367211213333,11,2327,13947,4
os{123},54367211222132,11,1479,8852,4
os{123},54367211333213,11,1775,10624,4
os{123},54367212211322,11,3147,18858,5
os{123},54367212231122,11,3435,20598,6
os{123},54367212233213,11,1425,8524,3
os{123},54367212332213,11,1536,9193,3
os{123},54367212333113,11,1800,10774,4
os{123},54367213112222,11,2029,12151,4
os{123},54367213312133,11,2789,16702,5
os{123},54371261113331,11,2032,12168,5
os{123},54371621113112,11,2511,15046,5
os{123},54371621113322,11,1002,5997,5
os{123},54376121322233,11,2537,15205,5
os{123},54376211111132,11,3156,18921,6
os{123},54376211111222,11,1729,10359,5
os{123},54376211113133,11,1945,11660,5
os{123},54612371112311,11,3191,19129,5
os{123},54612372222131,11,1447,8655,4
os{123},54612732112223,11,2733,16385,6
os{123},54612733322213,11,2739,16418,6
os{123},54621371133311,11,2232,13381,5
os{123},54621372211121,11,2725,16327,6
os{123},54637211132111,11,1268,7585,4
os{123},54671232221213,11,4185,25089,7
os{123},54712361323313,11,2153,12900,4
os{123},54712362223322,11,2227,13336,5
os{123},54716232222113,11,2458,14729,6
os{123},54716321112323,11,2555,15314,6
os{123},54716322313223,11,2868,17192,6
os{123},54721631111111,11,7847,47064,6
os{123},54721631122121,11,1982,11873,5
os{123},54721631311133,11,3743,22441,6
os{123},54721632133232,11,1582,9474,5
os{123},54721632212222,11,3272,19614,6
os{123},54721632212231,11,1575,9430,5
os{123},54721633231322,11,2181,13067,5
os{123},54721633313321,11,1261,7542,4
os{123},54721633333331,11,1685,10082,5
os{123},54723612131312,11,3676,22045,6
os{123},54723612221222,11,2365,14170,5
os{123},54723612222212,11,4081,24474,6
os{123},54723613121312,11,5550,33287,7
os{123},54723613333313,11,2737,16412,5
os{123},54761233322321,11,1330,7966,4
os{123},54763212322232,11,2264,13574,6
os{123},56123471222312,11,1718,10289,4
os{123},56123471223221,11,1214,7261,5
os{123},56123471331332,11,2057,12333,5
os{123},56123471333123,11,1847,11053,4
os{123},56123472322121,11,2097,12561,5
os{123},56123472331331,11,1663,9951,5
os{123},56123473133132,11,2390,14326,5
os{123},56123473133231,11,1626,9736,4
os{123},56123473222112,11,1752,10490,4
os{123},56123473223312,11,1850,11076,5
os{123},56123473322312,11,1619,9693,4
os{123},56124371111231,11,1473,8806,4
os{123},56124371232323,11,2100,12579,5
os{123},56127433332323,11,2575,15433,6
os{123},56132472333332,11,1478,8847,5
os{123},56132473211111,11,2274,13634,6
os{123},56132473213211,11,1306,7819,4
os{123},56143273332323,11,3234,19390,5
os{123},56147231222132,11,2557,15325,5
os{123},56147231333213,11,1796,10746,4
os{123},56147232233213,11,3359,20124,5
os{123},56147232332213,11,3559,21327,5
os{123},56147232333113,11,1939,11601,4
os{123},56147322333233,11,2018,12092,5
os{123},56173421113112,11,1465,8772,4
os{123},56174232323333,11,2602,15592,5
os{123},56174321232113,11,4738,28426,8
os{123},56213471111111,11,3585,21499,6
os{123},56213743313333,11,5495,32948,8
os{123},56243173133111,11,2220,13301,5
os{123},56243713121333,11,2512,15059,7
os{123},56247132333233,11,1702,10199,4
os{123},56271433111313,11,4278,25650,7
os{123},56271433123313,11,2762,16557,7
os{123},56271433132313,11,2161,12951,5
os{123},56274132331133,11,1902,11394,5
os{123},56274312313211,11,3502,20995,6
os{123},56321473233323,11,1640,9820,5
os{123},56321742211112,11,2851,17090,5
os{123},56324171221331,11,2063,12356,5
os{123},56327411211332,11,1090,6516,4
os{123},56327413213112,11,1205,7201,4
os{123},56341273121213,11,2609,15636,6
os{123},56341273131212,11,3318,19887,6
os{123},56347122333233,11,1923,11516,4
os{123},56347211213111,11,2080,12455,5
os{123},56347211222132,11,1445,8640,4
os{123},56347211312111,11,2033,12174,5
os{123},56347211331131,11,1536,9188,5
os{123},56347212111221,11,1622,9713,4
os{123},56347212111311,11,2546,15258,5
os{123},56347212123233,11,1874,11219,4
os{123},56347212232223,11,1705,10212,4
os{123},56347213111211,11,2490,14919,5
os{123},56347213131332,11,1808,10830,5
os{123},56423171231231,11,2020,12104,5
os{123},56423171231321,11,1672,10017,5
os{123},56423171321321,11,1782,10679,5
os{123},56423172112121,11,2959,17736,5
os{123},56423173132121,11,1773,10619,5
os{123},56423173133111,11,1844,11035,5
os{123},56432713122122,11,2351,14084,5
os{123},56712341232113,11,2098,12563,6
os{123},56712343211123,11,2191,13117,5
os{123},56721343123331,11,1830,10957,5
os{123},56721432312233,11,3428,20549,7
os{123},56723411113313,11,1451,8684,5
os{123},56723411121113,11,1427,8547,5
os{123},56723411131112,11,2410,14445,6
os{123},56723411222312,11,1448,8664,4
os{123},56723412122312,11,1758,10526,5
os{123},56723412323222,11,2698,16159,5
os{123},56723413221212,11,3007,18017,6
os{123},56723413222112,11,1038,6207,4
os{123},56723413331111,11,1528,9134,5
os{123},56732143122113,11,1972,11806,5
os{123},56741231121311,11,1764,10561,5
os{123},56741231131211,11,2051,12289,5
os{123},56741231211131,11,2456,14716,5
os{123},56741231311121,11,2246,13450,5
os{123},56741232111113,11,3011,18041,5
os{123},56741233111112,11,1953,11701,5
os{123},56743212122222,11,2755,16515,6
os{123},56743212221222,11,5435,32602,7
os{123},56743213121213,11,3150,18882,5
os{123},56743213121312,11,1846,11055,4
os{123},56743213331333,11,3649,21880,6
os{123},57123461111111,11,7715,46267,6
os{123},57164322131312,11,5501,32986,7
os{123},57214361323232,11,1464,8764,4
os{123},57214632212213,11,5195,31142,6
os{123},57236141113232,11,1477,8849,5
os{123},57236141322233,11,1015,6065,5
os{123},57236141323232,11,2381,14266,5
os{123},57241631322113,11,1353,8097,5
os{123},57241631323112,11,1297,7752,4
os{123},57246131112233,11,2594,15547,5
os{123},57264132111323,11,3989,23908,7
os{123},57321641311112,11,1073,6412,4
os{123},57321642311132,11,3834,22985,6
os{123},57364212213311,11,3737,22409,5
os{123},57364212313211,11,6488,38908,7
os{123},57364213332122,11,1539,9215,5
os{123},57642311113322,11,2228,13350,5
os{123},61234572231323,11,2657,15930,5
os{123},61234573232213,11,2394,14345,6
os{123},61235741313131,11,4832,28975,7
os{123},61257343232123,11,1429,8553,4
os{123},61274351313131,11,2984,17885,6
os{123},61274532231323,11,2289,13713,5
os{123},61352472233321,11,1479,8845,4
os{123},61352472313211,11,18844,113049,6
os{123},61452731311313,11,1786,10697,4
os{123},61453721111111,11,2796,16762,6
os{123},61453721311112,11,1486,8898,4
os{123},61453723111121,11,1724,10330,5
os{123},61472532123332,11,1635,9789,4
os{123},61472533112111,11,1638,9796,4
os{123},61527431111111,11,2839,17013,6
os{123},61534272311132,11,2109,12626,5
os{123},61534721112311,11,1805,10817,5
os{123},61534721113211,11,1517,9076,5
os{123},61543271111111,11,4335,25987,6
os{123},61543271112311,11,1622,9715,5
os{123},61572432312323,11,2732,16375,6
os{123},61734523222331,11,2572,15410,5
os{123},62134572321323,11,1771,10609,5
os{123},62135471122121,11,2298,13776,6
os{123},62135472132131,11,1306,7824,5
os{123},62135473122131,11,1490,8914,4
os{123},62135473123121,11,2728,16351,5
os{123},62135473131131,11,1626,9740,5
os{123},62135473132121,11,1460,8737,4
os{123},62135473232231,11,1273,7614,4
os{123},62135473322321,11,1701,10196,6
os{123},62135743222331,11,1372,8211,5
os{123},62135743312223,11,4938,29608,7
os{123},62147353123121,11,1643,9838,4
os{123},62147353132121,11,1379,8250,4
os{123},62154733321121,11,1043,6236,5
os{123},62157342132212,11,1932,11570,5
os{123},62173543232132,11,1619,9687,5
os{123},62174351122133,11,2498,14970,6
os{123},62174533311212,11,2206,13212,5
os{123},62317453112111,11,1697,10165,5
os{123},62317453312211,11,2192,13132,5
os{123},62351743112123,11,3564,21369,5
os{123},62371453311311,11,1427,8540,4
os{123},62374511322311,11,1157,6923,5
os{123},62374513112321,11,2397,14370,6
os{123},62374513312112,11,1354,8106,5
os{123},62435172211133,11,3892,23337,7
os{123},62435172311132,11,2655,15912,5
os{123},62435711222222,11,1932,11561,5
os{123},62453713311122,11,4470,26801,6
os{123},62471532232133,11,2072,12408,6
os{123},62475131322323,11,1805,10814,5
os{123},62531472321233,11,2620,15707,5
os{123},62543711211113,11,1661,9955,5
os{123},62543711311112,11,3028,18147,6
os{123},62571432321233,11,3006,18026,5
os{123},62735143223213,11,1831,10964,5
os{123},63125741112323,11,4867,29185,7
os{123},63125743131233,11,2267,13574,7
os{123},63125743133312,11,2625,15735,7
os{123},63142571111111,11,4679,28049,6
os{123},63142571132321,11,4245,25454,6
os{123},63142573112123,11,4923,29516,6
os{123},63172452312323,11,2006,12007,5
os{123},63172452313211,11,9856,59118,6
os{123},63174522332132,11,1177,7040,5
os{123},63247511123132,11,2360,14152,6
os{123},63251743133231,11,2331,13971,5
os{123},63452711311313,11,1346,8050,5
os{123},63452712333221,11,1285,7690,4
os{123},63471522123131,11,2360,14138,5
os{123},63471522323132,11,2295,13753,5
os{123},63471522332132,11,1515,9071,4
os{123},63472512123332,11,1631,9758,5
os{123},63512743313333,11,3793,22743,7
os{123},63541271212211,11,3402,20390,5
os{123},63542713121333,11,4322,25918,8
os{123},63574212123131,11,2058,12331,6
os{123},63574212313211,11,2801,16781,5
os{123},63712542221111,11,2078,12449,6
os{123},63714252123131,11,2035,12188,5
os{123},63714521112323,11,3005,18008,6
os{123},63714522332132,11,1360,8131,4
os{123},63721541233322,11,1588,9512,4
os{123},63724153121213,11,6225,37342,7
os{123},63725141112323,11,2538,15206,5
os{123},63725141233121,11,1836,10999,5
os{123},63725142123131,11,2670,16008,5
os{123},63725142223133,11,4137,24807,7
os{123},63725143122113,11,1889,11320,5
os{123},63725143123313,11,3981,23880,6
os{123},63741252222323,11,2155,12912,5
os{123},63741522123131,11,2435,14583,5
os{123},63742511232221,11,1415,8475,5
os{123},63745123122212,11,2172,13017,7
os{123},63751242221321,11,2320,13912,6
os{123},63751423122311,11,1707,10221,5
os{123},63752141111111,11,3247,19467,5
os{123},63752141122211,11,2760,16533,5
os{123},63752141123213,11,1916,11478,5
os{123},63752142332132,11,2255,13512,5
os{123},63752143123223,11,1495,8946,5
os{123},63752143212323,11,1249,7465,4
os{123},63752143223123,11,1606,9615,4
os{123},63752411223212,11,1416,8475,4
os{123},63752411333213,11,2298,13754,4
os{123},63752412312323,11,3828,22952,6
os{123},63752412322112,11,1610,9642,5
os{123},63752412333113,11,2237,13394,4
os{123},63754213122122,11,1921,11506,4
os{123},64125371131313,11,3030,18161,6
os{123},64157321133212,11,4269,25593,5
os{123},64231572311132,11,1778,10638,5
os{123},64257131113223,11,2044,12246,5
os{123},64271533221212,11,2379,14261,7
os{123},64275131212223,11,3018,18092,6
os{123},64275131312123,11,2182,13075,5
os{123},64275132211133,11,3216,19281,6
os{123},64275132232133,11,4239,25413,6
os{123},64275133231112,11,2652,15895,5
os{123},64275133312211,11,1626,9731,4
os{123},64275311112332,11,1720,10297,5
os{123},64275311222222,11,3017,18087,6
os{123},64275313312211,11,2615,15672,5
os{123},64321572111131,11,1410,8440,4
os{123},64321572132131,11,1981,11855,4
os{123},64321572311132,11,4079,24446,6
os{123},64325713121222,11,5482,32877,7
os{123},64351272132131,11,1485,8891,4
os{123},64357212313211,11,6646,39868,7
os{123},64357213231322,11,3892,23336,6
os{123},64357213312211,11,3576,21443,5
os{123},64531271212211,11,3233,19375,5
os{123},64531272132131,11,1759,10534,5
os{123},64531273122131,11,1329,7953,5
os{123},64531273123121,11,1665,9972,4
os{123},64531273311311,11,1802,10792,5
os{123},64531273312211,11,1399,8368,5
os{123},64572131122223,11,1659,9944,5
os{123},64713253112111,11,1349,8067,4
os{123},65123471112311,11,1977,11837,4
os{123},65123471233232,11,1161,6945,4
os{123},65123472312311,11,1833,10972,5
os{123},65132471212112,11,2123,12726,7
os{123},65132471222111,11,1222,7314,4
os{123},65132471231321,11,3095,18553,7
os{123},65132471323121,11,1821,10909,5
os{123},65132472131231,11,1391,8322,4
os{123},65132472212231,11,2340,14017,4
os{123},65132472233321,11,4195,25151,6
os{123},65132473111331,11,2274,13622,7
os{123},65132473313312,11,1314,7852,4
os{123},65132473323311,11,1257,7516,4
os{123},65132741223323,11,1189,7118,5
os{123},65132743222331,11,1978,11855,5
os{123},65134721233232,11,1160,6934,4
os{123},65147321232113,11,4259,25538,8
os{123},65172431132333,11,3600,21579,7
os{123},65174232123131,11,1973,11825,6
os{123},65174232133313,11,4708,28224,7
os{123},65174232323312,11,1936,11593,4
os{123},65174233323212,11,1955,11707,4
os{123},65174233331213,11,5178,31047,7
os{123},65174322313211,11,1726,10327,6
os{123},65174323223123,11,1522,9114,4
os{123},65213741111111,11,3622,21720,6
os{123},65241371111111,11,6885,41289,6
os{123},65243712121322,11,1675,10023,4
os{123},65271341332331,11,1766,10575,5
os{123},65271432231233,11,1822,10909,5
os{123},65274131111111,11,2784,16690,5
os{123},65274131311313,11,1349,8068,5
os{123},65274131312213,11,2367,14171,5
os{123},65274132123332,11,2148,12868,5
os{123},65274133132223,11,1380,8254,5
os{123},65274133232321,11,1355,8106,5
os{123},65274133312223,11,4130,24752,5
os{123},65314272311132,11,1834,10978,5
os{123},65314272313211,11,2825,16934,5
os{123},65321472111122,11,2215,13277,5
os{123},65417321232113,11,2655,15910,6
os{123},65417323223123,11,1299,7770,4
os{123},65417323232123,11,2120,12703,6
os{123},65423713321322,11,3580,21465,7
os{123},65432173232321,11,2126,12735,5
os{123},65471231132213,11,2490,14908,5
os{123},65714323223123,11,1406,8412,4
os{123},65723143321313,11,2203,13200,7
os{123},65732411333123,11,1946,11653,4
os{123},65742311212313,11,2326,13937,6
os{123},67132541133311,11,2551,15292,5
os{123},67145323133312,11,3228,19342,6
os{123},67154233323332,11,1766,10578,5
os{123},67215343333133,11,3076,18444,7
os{123},67231541323112,11,3898,23375,6
os{123},67231543323122,11,2250,13487,5
os{123},67234513332122,11,1185,7092,5
os{123},67245131313323,11,1882,11279,5
os{123},67245311112311,11,3468,20788,5
os{123},67245311133233,11,1564,9369,5
os{123},67254311131133,11,2579,15462,5
os{123},67254313311113,11,2426,14539,6
os{123},67312452233321,11,2842,17035,6
os{123},67312541121221,11,1380,8248,4
os{123},67312542221111,11,1563,9353,4
os{123},67321451111123,11,2916,17475,5
os{123},67321451112311,11,2323,13917,6
os{123},67321451212211,11,4155,24903,5
os{123},67321451311133,11,2192,13136,5
os{123},67321452111122,11,2190,13125,5
os{123},67321453113311,11,2889,17321,5
os{123},67321542232133,11,2378,14244,5
os{123},67341252222323,11,1283,7665,4
os{123},67342512222113,11,1414,8456,4
os{123},67345122223133,11,3279,19659,6
os{123},67345122232133,11,3782,22674,6
os{123},67345211111123,11,1967,11783,5
os{123},67345211111132,11,3361,20154,6
os{123},67345211112233,11,2607,15621,5
os{123},67345211113322,11,2571,15414,5
os{123},67345211211122,11,3057,18321,6
os{123},67345211311133,11,2140,12822,6
os{123},67345212111122,11,2068,12394,6
os{123},67345213111133,11,3531,21168,6
os{123},67354121111111,11,3895,23337,7
os{123},67354211212121,11,1415,8466,4
os{123},67354211313113,11,1581,9458,4
os{123},67354211333111,11,1530,9155,4
os{123},67354212111221,11,1040,6220,4
os{123},67354212212222,11,2449,14676,5
os{123},67354212311132,11,3076,18434,7
os{123},67354213111313,11,1664,9962,4
os{123},67354213131311,11,1539,9218,4
os{123},67354213211132,11,3860,23148,7
os{123},67354213313333,11,2579,15453,5
os{123},67412353132121,11,1654,9905,4
os{123},67412353332221,11,1686,10091,4
os{123},67412531131133,11,1670,9996,5
os{123},67435121332112,11,1202,7188,4
os{123},67435123123121,11,1325,7932,4
os{123},67452313321232,11,3197,19154,6
os{123},71234563231322,11,2684,16089,5
os{123},71263541333222,11,2614,15662,5
os{123},71263542323123,11,3035,18191,6
os{123},71264533131323,11,2452,14689,5
os{123},71264533221323,11,1931,11565,5
os{123},71264533231223,11,2692,16131,5
os{123},71264533231313,11,3099,18585,6
os{123},71326451211311,11,1933,11585,5
os{123},71326453132121,11,1525,9125,4
os{123},71326543333313,11,3068,18389,7
os{123},71345262132131,11,1408,8433,4
os{123},71362453113311,11,2788,16700,5
os{123},71365423331312,11,2232,13387,7
os{123},71423563213232,11,1283,7675,4
os{123},71423653213232,11,1358,8126,4
os{123},71426353312211,11,3059,18333,6
os{123},71426533333223,11,2567,15392,6
os{123},71432561232323,11,2092,12533,5
os{123},71432561323232,11,1558,9328,5
os{123},71432562111221,11,1619,9695,5
os{123},71432563232213,11,1940,11620,5
os{123},71432563323113,11,2337,14004,5
os{123},71432563323122,11,3053,18298,5
os{123},71432563332113,11,1591,9531,5
os{123},71435261322233,11,3232,19369,6
os{123},71435262222122,11,2696,16159,6
os{123},71435263211123,11,2253,13495,5
os{123},71435263311122,11,3755,22513,7
os{123},71435263333133,11,3179,19063,7
os{123},71435263333223,11,1924,11524,5
os{123},71435623333331,11,1688,10112,4
os{123},71436253333112,11,1266,7580,4
os{123},71452363213232,11,1116,6672,4
os{123},71452632222131,11,2708,16227,5
os{123},71453262222221,11,2867,17196,7
os{123},71453623311122,11,4059,24338,5
os{123},71456321322323,11,1876,11232,5
os{123},71456322111221,11,1666,9985,5
os{123},71462531113322,11,3684,22096,6
os{123},71462532111212,11,1299,7775,4
os{123},71462532121112,11,2199,13173,6
os{123},71462533111223,11,1835,10990,4
os{123},71462533221113,11,2583,15490,6
os{123},71463523331222,11,2246,13458,6
os{123},71523463131311,11,2794,16740,6
os{123},71523463231313,11,2749,16479,5
os{123},71523463331312,11,3161,18945,7
os{123},71532463221332,11,1517,9079,5
os{123},71534262122222,11,2160,12937,4
os{123},71542633132322,11,1384,8279,4
os{123},71543622111131,11,1610,9636,4
os{123},71543623111121,11,1783,10671,5
os{123},71546233331213,11,3544,21244,7
os{123},71546322231212,11,1621,9704,4
os{123},71562433123232,11,1461,8743,4
os{123},71563243221221,11,1859,11133,5
os{123},71625433213133,11,2429,14551,4
os{123},71643252231212,11,2642,15837,7
os{123},71643523331213,11,5868,35201,8
os{123},72134562312212,11,2521,15108,5
os{123},72136541322233,11,1519,9094,4
os{123},72143563222331,11,1501,8984,4
os{123},72143651121113,11,1942,11638,6
os{123},72143651131112,11,2103,12616,6
os{123},72143651213111,11,1368,8188,5
os{123},72143651312111,11,2414,14468,6
os{123},72143652111311,11,1426,8535,4
os{123},72143653111211,11,2383,14270,5
os{123},72145631233223,11,1131,6764,4
os{123},72145633232231,11,1193,7136,4
os{123},72145633312223,11,4539,27225,7
os{123},72146352232223,11,1945,11642,5
os{123},72163452122222,11,2939,17619,6
os{123},72163453121213,11,2183,13086,5
os{123},72163453131212,11,3595,21556,6
os{123},72163453133333,11,1508,9024,5
os{123},72163453331333,11,2121,12706,5
os{123},72164353131113,11,2549,15276,5
os{123},72165431113331,11,1582,9460,4
os{123},72165432111113,11,2134,12783,5
os{123},72165432111122,11,3103,18597,6
os{123},72165432211112,11,1262,7551,4
os{123},72165432323312,11,1750,10481,5
os{123},72165433111112,11,1797,10762,5
os{123},72165433121333,11,3029,18154,6
os{123},72165433221233,11,1639,9808,4
os{123},72165433233323,11,3855,23107,6
os{123},72165433321223,11,1601,9585,5
os{123},72165433331213,11,3212,19255,6
os{123},72345611111111,11,2607,15629,6
os{123},72345611133113,11,1256,7513,4
os{123},72345611221223,11,1098,6562,4
os{123},72345611222222,11,2646,15866,6
os{123},72345611331332,11,1164,6968,4
os{123},72345612122111,11,1375,8224,4
os{123},72345612331331,11,1253,7486,4
os{123},72345613221221,11,921,5503,4
os{123},72345613333331,11,2083,12485,5
os{123},72356141112323,11,2236,13394,6
os{123},72356141232113,11,1563,9353,5
os{123},72356143211123,11,2417,14483,6
os{123},72361453232333,11,1774,10626,5
os{123},72361542333233,11,3272,19607,5
os{123},72365412222212,11,2711,16244,6
os{123},72365413121312,11,2131,12771,5
os{123},72365413131212,11,1636,9799,5
os{123},72365413331333,11,3607,21634,6
os{123},72435163333313,11,2643,15848,4
os{123},72513641232323,11,1689,10109,6
os{123},72513641233322,11,1973,11817,5
os{123},72516342313223,11,2969,17787,6
os{123},72531463321232,11,2845,17060,5
os{123},72534163211123,11,2150,12882,5
os{123},72541631111213,11,1663,9964,5
os{123},72541631111312,11,1980,11862,5
os{123},72541631112131,11,1917,11476,5
os{123},72541631113121,11,1798,10763,5
os{123},72541632131111,11,1551,9283,5
os{123},72541633121111,11,2114,12670,5
os{123},72543162311111,11,1611,9646,5
os{123},72543163211111,11,1611,9644,5
os{123},72543611221223,11,1830,10957,5
os{123},72543611223221,11,1727,10341,4
os{123},72543611331332,11,2051,12281,4
os{123},72543611332331,11,1660,9936,4
os{123},72543612331331,11,1587,9489,4
os{123},72543613132232,11,2089,12512,5
os{123},72543613133222,11,1677,10040,5
os{123},72543613221221,11,1752,10489,4
os{123},72543613223312,11,1827,10939,4
os{123},72543613322312,11,2296,13765,5
os{123},72546311323112,11,1550,9276,5
os{123},72546313323212,11,2950,17674,5
os{123},72561342313223,11,1645,9859,5
os{123},72561432213122,11,3012,18055,5
os{123},72561433221233,11,1629,9749,4
os{123},72561433311233,11,4049,24275,5
os{123},72561433321133,11,2621,15704,5
os{123},72561433321223,11,2785,16692,5
os{123},72563411111213,11,1579,9452,5
os{123},72563411111312,11,1571,9397,5
os{123},72563411112131,11,2224,13327,4
os{123},72563411113121,11,1659,9928,4
os{123},72563412131111,11,1455,8703,4
os{123},72563413121111,11,1432,8566,4
os{123},72643513212311,11,3600,21588,7
os{123},72643513212332,11,1231,7364,4
os{123},73125463133132,11,1820,10902,5
os{123},73146522113231,11,2090,12531,6
os{123},73246153312211,11,1579,9458,5
os{123},73456123231322,11,2619,15692,5
os{123},73516243323113,11,828,4944,4
os{123},73516243332131,11,1538,9205,5
os{123},73541262321212,11,3881,23256,7
os{123},73542163321133,11,1547,9257,4
os{123},73542613132121,11,1269,7593,4
os{123},73542613132322,11,1218,7279,5
os{123},73564213321322,11,1656,9909,4
os{123},73614251112323,11,1930,11568,5
os{123},73615241112323,11,2644,15836,5
os{123},73615241113322,11,3116,18677,6
os{123},73615242223133,11,3683,22083,7
os{123},73615243123313,11,3106,18622,7
os{123},73615243213313,11,1894,11344,5
os{123},73615243331312,11,3096,18562,7
os{123},73615243332311,11,1881,11269,5
os{123},73615421113322,11,1877,11246,5
os{123},73615423213211,11,1930,11553,4
os{123},73615423333331,11,1644,9846,5
os{123},73624513121132,11,4248,25479,7
os{123},73624513332131,11,1963,11766,4
os{123},73625141112323,11,1915,11470,5
os{123},73625143121213,11,5333,31981,7
os{123},73625143333313,11,1768,10587,4
os{123},73625412222323,11,2106,12618,6
os{123},73642511111111,11,2307,13830,6
os{123},73642511113232,11,3138,18816,7
os{123},73642511113322,11,3799,22774,6
os{123},73642513223222,11,1880,11272,4
os{123},73645121113211,11,1686,10096,4
os{123},73645122222311,11,2011,12052,6
os{123},73645211223113,11,1223,7318,4
os{123},73645211231111,11,1609,9636,4
os{123},73645211321111,11,1568,9382,6
os{123},73645211332112,11,2704,16201,6
os{123},73645213112231,11,1443,8635,4
os{123},73645213333112,11,2451,14697,6
os{123},73651241113322,11,1479,8859,5
os{123},73652413211312,11,1456,8715,5
os{123},73652413331321,11,1690,10126,5
os{123},73654122111122,11,2971,17804,5
os{123},73654122221111,11,1838,11001,5
os{123},73654211111132,11,2183,13077,5
os{123},74123563323221,11,1750,10474,5
os{123},74123652322121,11,2063,12359,5
os{123},74123653132232,11,2223,13310,4
os{123},74123653133132,11,2267,13581,5
os{123},74123653133222,11,2626,15728,5
os{123},74123653133231,11,1589,9512,4
os{123},74125631313311,11,1507,9010,5
os{123},74125632121121,11,2546,15266,6
os{123},74125632122111,11,1314,7865,4
os{123},74125632131111,11,2699,16173,5
os{123},74125632321332,11,1264,7558,4
os{123},74125633121111,11,2627,15753,6
os{123},74125633131233,11,2948,17672,6
os{123},74125633132232,11,974,5818,4
os{123},74125633133222,11,1292,7738,4
os{123},74125633133312,11,2349,14072,5
os{123},74125633332323,11,2637,15806,6
os{123},74126352333122,11,2578,15447,5
os{123},74132561321231,11,3134,18792,7
os{123},74132562121121,11,2235,13396,7
os{123},74132562122111,11,1272,7615,4
os{123},74132563131221,11,1878,11245,4
os{123},74132563132112,11,1777,10642,5
os{123},74136522322121,11,1889,11313,5
os{123},74152363132232,11,1578,9450,4
os{123},74152363133132,11,1061,6342,4
os{123},74152363133222,11,2110,12639,5
os{123},74152363133231,11,1780,10654,5
os{123},74156322122123,11,1968,11778,6
os{123},74156322122321,11,1233,7377,4
os{123},74156322313223,11,1746,10445,4
os{123},74156323132331,11,1522,9114,5
os{123},74156323133123,11,1099,6569,4
os{123},74163251121122,11,1985,11902,6
os{123},74163252112211,11,1565,9370,5
os{123},74163252131111,11,3247,19461,5
os{123},74163253121111,11,2461,14747,6
os{123},74163253131332,11,2670,16003,6
os{123},74163253133132,11,1256,7518,4
os{123},74163253133213,11,1465,8761,4
os{123},74163253133231,11,898,5368,4
os{123},74163253332323,11,2380,14263,5
os{123},74165231121212,11,3132,18776,5
os{123},74165231131313,11,4004,23997,5
os{123},74165231212121,11,1585,9482,4
os{123},74165231313131,11,1089,6503,4
os{123},74165232111212,11,1130,6754,4
os{123},74165232121112,11,2956,17705,5
os{123},74165232121211,11,1094,6547,4
os{123},74165233111313,11,1705,10206,4
os{123},74165233131113,11,4006,24018,5
os{123},74165233131311,11,1732,10362,4
os{123},74165233131323,11,1780,10659,4
os{123},74165233132313,11,6037,36207,7
os{123},74165233231313,11,6085,36492,7
os{123},74213652323132,11,1400,8380,4
os{123},74251633111313,11,3903,23392,7
os{123},74256311321222,11,3337,20004,5
os{123},74256313111232,11,3227,19347,5
os{123},74265312333233,11,1726,10340,4
os{123},74312652333332,11,1428,8544,4
os{123},74321563311131,11,2030,12167,5
os{123},74321653233323,11,2175,13033,5
os{123},74325163131323,11,2144,12847,5
os{123},74325612221222,11,2272,13609,5
os{123},74325613121312,11,2154,12907,6
os{123},74325613131212,11,3922,23512,6
os{123},74325613133333,11,2787,16698,5
os{123},74361253112132,11,1540,9216,4
os{123},74361253211231,11,1185,7088,4
os{123},74365211121221,11,1711,10239,5
os{123},74365211213111,11,2064,12361,5
os{123},74365211312111,11,2036,12199,5
os{123},74365211313113,11,959,5725,4
os{123},74365211333111,11,915,5464,4
os{123},74365212111311,11,2081,12461,5
os{123},74365212222323,11,1617,9679,5
os{123},74365212333332,11,1711,10248,5
os{123},74365213111211,11,2192,13127,5
os{123},74365213121333,11,1621,9708,5
os{123},74512361322233,11,2035,12194,5
os{123},74512362313223,11,1509,9031,4
os{123},74513263121222,11,3866,23182,7
os{123},74521632222212,11,4842,29043,6
os{123},74521633121213,11,2187,13099,5
os{123},74521633121312,11,3066,18377,5
os{123},74521633133333,11,2237,13402,5
os{123},74521633333313,11,4851,29093,7
os{123},74523611121113,11,1399,8375,5
os{123},74523611131112,11,2546,15272,6
os{123},74523611213111,11,1812,10858,6
os{123},74523611312111,11,1949,11677,6
os{123},74523612111311,11,2476,14844,6
os{123},74523613111211,11,1615,9675,5
os{123},74532163123223,11,1408,8426,4
os{123},74561231111222,11,2193,13141,5
os{123},74561232111113,11,2882,17264,5
os{123},74561232221111,11,1768,10581,4
os{123},74561233111112,11,1926,11543,5
os{123},74561233131233,11,1806,10817,5
os{123},74561233233323,11,2810,16848,6
os{123},74561233311233,11,1130,6748,4
os{123},74561233321133,11,2223,13318,5
os{123},74561233321313,11,2934,17585,6
os{123},74563211232332,11,2469,14808,6
os{123},74653213133222,11,1407,8418,4
os{123},75132463233233,11,1417,8481,5
os{123},75143263231313,11,1872,11215,5
os{123},75146321323331,11,2029,12152,5
os{123},75213642223133,11,3233,19373,5
os{123},75231463211123,11,2198,13175,5
os{123},75234161322233,11,1055,6315,5
os{123},75234162221111,11,2243,13440,5
os{123},75236143213232,11,2095,12539,5
os{123},75241632222323,11,2636,15795,5
os{123},75243162211322,11,4131,24764,6
os{123},75243611113232,11,1598,9559,5
os{123},75243613213232,11,1652,9897,5
os{123},75246131333312,11,1746,10456,4
os{123},75246311111111,11,5155,30917,7
os{123},75246313212311,11,1238,7414,4
os{123},75246313312211,11,2571,15404,5
os{123},75246313332332,11,1579,9452,5
os{123},75261432123233,11,2472,14813,5
os{123},75264132121232,11,1671,10004,4
os{123},75264132223331,11,2172,12998,4
os{123},75264132321212,11,1356,8108,4
os{123},75264133121333,11,4412,26452,7
os{123},75264133331213,11,2994,17948,7
os{123},75264311223122,11,2089,12511,5
os{123},75264313231112,11,2248,13470,5
os{123},75312463333133,11,5170,31004,7
os{123},75314621133221,11,1610,9635,5
os{123},75314621313212,11,3493,20939,5
os{123},75314623113122,11,1674,10022,5
os{123},75316241231231,11,1771,10597,5
os{123},75321461311112,11,1094,6546,4
os{123},75321463132121,11,1910,11442,5
os{123},75346122133133,11,1889,11315,5
os{123},75346211133122,11,2093,12540,6
os{123},75346211211311,11,2099,12585,5
os{123},75346211311211,11,1498,8961,4
os{123},75346212323333,11,1844,11037,5
os{123},75346213112132,11,1402,8383,4
os{123},75346213132121,11,2144,12847,6
os{123},75346213132322,11,2738,16407,6
os{123},75346213332122,11,1624,9722,5
os{123},75412631223332,11,1647,9858,5
os{123},75416323232213,11,2445,14654,6
os{123},75431263133213,11,1976,11837,5
os{123},75462132123212,11,3103,18600,5
os{123},75613243131332,11,2492,14928,5
os{123},75613243133213,11,1264,7560,4
os{123},75634123323122,11,1430,8555,4
os{123},75641323232111,11,2034,12185,6
os{123},75642132213311,11,1532,9171,4
os{123},76123453233323,11,1627,9733,5
os{123},76125343333133,11,2577,15444,7
os{123},76143252131312,11,2354,14109,6
os{123},76143252221222,11,1699,10168,4
os{123},76143253131212,11,3472,20818,6
os{123},76143253331333,11,2674,16027,6
os{123},76143253333313,11,2736,16401,5
os{123},76145231121113,11,2067,12384,6
os{123},76145231122112,11,2944,17645,5
os{123},76145231131112,11,2145,12858,6
os{123},76145231221112,11,2957,17723,5
os{123},76145231311331,11,1631,9760,5
os{123},76145232123332,11,2197,13164,6
os{123},76145232233213,11,3510,21040,5
os{123},76145232331313,11,2044,12240,5
os{123},76145232332213,11,3698,22165,5
os{123},76145233133213,11,2112,12660,5
os{123},76145233232333,11,1487,8903,5
os{123},76154323333112,11,2213,13257,5
os{123},76213543213133,11,2404,14410,6
os{123},76213543311332,11,2250,13482,6
os{123},76215341231231,11,884,5274,3
os{123},76215433333133,11,2562,15357,7
os{123},76231451123111,11,1879,11259,5
os{123},76245311121131,11,1121,6706,4
os{123},76245311131121,11,1056,6306,4
os{123},76245311213312,11,1568,9384,4
os{123},76245312132131,11,2323,13914,5
os{123},76245313122122,11,1512,9050,4
os{123},76245313123121,11,2289,13708,5
os{123},76253141123132,11,1474,8820,4
os{123},76253141211332,11,1551,9285,5
os{123},76253413322312,11,1889,11309,5
os{123},76254133311323,11,4704,28209,6
os{123},76254313211111,11,3851,23089,5
os{123},76312452212111,11,2190,13119,4
os{123},76312453211111,11,2275,13632,6
os{123},76312453311311,11,1409,8429,4
os{123},76312542321212,11,1301,7784,4
os{123},76312542322121,11,1388,8308,4
os{123},76312543322222,11,1830,10963,4
os{123},76315241112113,11,1523,9114,4
os{123},76315241113112,11,1642,9835,6
os{123},76315241223113,11,2638,15802,6
os{123},76315241322122,11,1572,9412,5
os{123},76315241323313,11,2392,14337,6
os{123},76315241332112,11,1259,7534,4
os{123},76315243211231,11,1185,7081,4
os{123},76315243323323,11,1655,9918,6
os{123},76321452122123,11,1667,9978,4
os{123},76321452122321,11,1746,10449,5
os{123},76321452122333,11,2065,12363,5
os{123},76321452123323,11,2708,16223,6
os{123},76321452212231,11,2582,15473,5
os{123},76321452213122,11,1912,11448,5
os{123},76321453233131,11,1659,9928,4
os{123},76321453311233,11,2321,13901,5
os{123},76321453313312,11,2900,17377,5
os{123},76321453321133,11,1854,11099,5
os{123},76321453323311,11,1918,11494,4
os{123},76321542211112,11,3696,22164,5
os{123},76321543211111,11,2932,17571,5
os{123},76321543311131,11,2135,12796,5
os{123},76324151112233,11,1105,6612,5
os{123},76324151112323,11,2935,17595,7
os{123},76324153323122,11,1645,9850,4
os{123},76325411111213,11,1579,9443,4
os{123},76325411111312,11,5067,30395,6
os{123},76325411112131,11,1599,9571,5
os{123},76325411113121,11,2390,14322,6
os{123},76325411122121,11,1217,7275,4
os{123},76325411331311,11,1729,10356,5
os{123},76325412112121,11,2186,13098,5
os{123},76325412231212,11,3354,20108,6
os{123},76325412333233,11,2441,14620,5
os{123},76325413222223,11,2334,13984,6
os{123},76341251111213,11,2526,15130,6
os{123},76341251111312,11,2194,13147,5
os{123},76341251112131,11,3954,23717,6
os{123},76341251113121,11,1673,10007,4
os{123},76341251221121,11,1714,10266,5
os{123},76341251311313,11,1871,11197,5
os{123},76341252232313,11,1676,10036,5
os{123},76341252323333,11,1215,7268,4
os{123},76341253221212,11,2298,13766,6
os{123},76341253233131,11,1346,8050,4
os{123},76342511111231,11,1541,9223,6
os{123},76342511111321,11,1597,9566,4
os{123},76342511323112,11,1373,8206,4
os{123},76342512232223,11,2006,12016,5
os{123},76342513213112,11,1996,11956,4
os{123},76342513322111,11,1921,11505,4
os{123},76342513323122,11,1427,8549,5
os{123},76342513323212,11,1662,9950,5
os{123},76345122211112,11,2808,16834,5
os{123},76345122211121,11,1776,10638,5
os{123},76345122213311,11,2331,13972,6
os{123},76345122311111,11,2054,12304,5
os{123},76345123211111,11,2189,13111,5
os{123},76345123311113,11,1824,10919,5
os{123},76345123311131,11,2163,12969,5
os{123},76345123312211,11,2323,13917,6
os{123},76351421112323,11,3169,18999,7
os{123},76351421113322,11,1038,6215,5
os{123},76351423321232,11,1813,10854,5
os{123},76354121121212,11,1165,6962,4
os{123},76354121122121,11,1098,6558,4
os{123},76354121311313,11,1809,10835,5
os{123},76354121313131,11,1586,9489,4
os{123},76354122111212,11,2004,11999,4
os{123},76354122112121,11,1924,11520,5
os{123},76354122212222,11,4779,28658,7
os{123},76354123211123,11,2162,12956,5
os{123},76354123211132,11,2227,13339,4
os{123},76354123313333,11,4860,29147,7
os{123},76354212213323,11,1794,10746,5
os{123},76354212312233,11,3481,20858,6
os{123},76354212313322,11,3695,22157,6
os{123},76354212333332,11,1801,10786,5
os{123},76354213222223,11,1839,11011,5
os{123},76354213312223,11,1689,10106,5
os{123},76421351131121,11,1690,10121,5
os{123},76512343213313,11,3489,20919,6
os{123},76512343332311,11,2408,14430,5
os{123},76514321112323,11,2312,13862,6
os{123},76514321232113,11,2524,15125,6
os{123},76521433232333,11,1679,10053,5
os{123},76523413223231,11,1884,11280,5
os{123},76524313331222,11,2180,13057,5
os{123},76541232131213,11,2767,16581,5
os{123},76541232221222,11,2668,15988,5
os{123},76541233121213,11,4103,24603,7
os{123},76541233331333,11,3151,18901,6
os{123},76541233333313,11,2329,13957,6
os{123},76543211111111,11,4135,24789,6
os{123},76543211212112,11,4006,24021,6
os{123},76543211223221,11,1456,8722,4
os{123},76543211332331,11,1025,6133,4
os{123},76543211333333,11,1582,9477,4
os{123},76543212132323,11,1564,9364,5
os{123},76543212222221,11,1869,11188,5
os{123},76543212323213,11,1505,9013,5
os{123},76543213113131,11,1405,8407,4
